--
-- PostgreSQL database dump
--


-- Dumped from database version 18.3
-- Dumped by pg_dump version 18.3

SET statement_timeout = 0;
SET lock_timeout = 0;
SET idle_in_transaction_session_timeout = 0;
SET client_encoding = 'UTF8';
SET standard_conforming_strings = on;
SELECT pg_catalog.set_config('search_path', '', false);
SET check_function_bodies = false;
SET xmloption = content;
SET client_min_messages = warning;
SET row_security = off;

-- Compatibility replacement for pgcrypto.gen_random_uuid() on the target host.
CREATE OR REPLACE FUNCTION public.gen_random_uuid() RETURNS uuid
LANGUAGE SQL VOLATILE
AS $$
    SELECT (substr(md5(random()::text || clock_timestamp()::text), 1, 8) || '-' ||
            substr(md5(random()::text || clock_timestamp()::text), 1, 4) || '-' ||
            '4' || substr(md5(random()::text || clock_timestamp()::text), 1, 3) || '-' ||
            substr('89ab', floor(random() * 4)::int + 1, 1) || substr(md5(random()::text || clock_timestamp()::text), 1, 3) || '-' ||
            substr(md5(random()::text || clock_timestamp()::text), 1, 12))::uuid;
$$;

ALTER TABLE IF EXISTS ONLY stl.settlements DROP CONSTRAINT IF EXISTS settlements_transport_plan_id_fkey;
ALTER TABLE IF EXISTS ONLY stl.settlements DROP CONSTRAINT IF EXISTS settlements_tenant_id_fkey;
ALTER TABLE IF EXISTS ONLY stl.settlements DROP CONSTRAINT IF EXISTS settlements_settlement_batch_id_fkey;
ALTER TABLE IF EXISTS ONLY stl.settlements DROP CONSTRAINT IF EXISTS settlements_partner_id_fkey;
ALTER TABLE IF EXISTS ONLY stl.settlements DROP CONSTRAINT IF EXISTS settlements_order_id_fkey;
ALTER TABLE IF EXISTS ONLY stl.settlements DROP CONSTRAINT IF EXISTS settlements_execution_result_id_fkey;
ALTER TABLE IF EXISTS ONLY stl.settlements DROP CONSTRAINT IF EXISTS settlements_dispatch_id_fkey;
ALTER TABLE IF EXISTS ONLY stl.settlements DROP CONSTRAINT IF EXISTS settlements_created_by_fkey;
ALTER TABLE IF EXISTS ONLY stl.settlements DROP CONSTRAINT IF EXISTS settlements_contract_id_fkey;
ALTER TABLE IF EXISTS ONLY stl.settlements DROP CONSTRAINT IF EXISTS settlements_approved_by_fkey;
ALTER TABLE IF EXISTS ONLY stl.settlement_lines DROP CONSTRAINT IF EXISTS settlement_lines_tenant_id_fkey;
ALTER TABLE IF EXISTS ONLY stl.settlement_lines DROP CONSTRAINT IF EXISTS settlement_lines_settlement_id_fkey;
ALTER TABLE IF EXISTS ONLY stl.settlement_lines DROP CONSTRAINT IF EXISTS settlement_lines_created_by_fkey;
ALTER TABLE IF EXISTS ONLY stl.settlement_closings DROP CONSTRAINT IF EXISTS settlement_closings_tenant_id_fkey;
ALTER TABLE IF EXISTS ONLY stl.settlement_closings DROP CONSTRAINT IF EXISTS settlement_closings_reopened_by_fkey;
ALTER TABLE IF EXISTS ONLY stl.settlement_closings DROP CONSTRAINT IF EXISTS settlement_closings_closed_by_fkey;
ALTER TABLE IF EXISTS ONLY stl.settlement_batches DROP CONSTRAINT IF EXISTS settlement_batches_tenant_id_fkey;
ALTER TABLE IF EXISTS ONLY stl.settlement_batches DROP CONSTRAINT IF EXISTS settlement_batches_partner_id_fkey;
ALTER TABLE IF EXISTS ONLY stl.settlement_batches DROP CONSTRAINT IF EXISTS settlement_batches_created_by_fkey;
ALTER TABLE IF EXISTS ONLY stl.settlement_batches DROP CONSTRAINT IF EXISTS settlement_batches_closed_by_fkey;
ALTER TABLE IF EXISTS ONLY stl.settlement_adjustments DROP CONSTRAINT IF EXISTS settlement_adjustments_tenant_id_fkey;
ALTER TABLE IF EXISTS ONLY stl.settlement_adjustments DROP CONSTRAINT IF EXISTS settlement_adjustments_settlement_id_fkey;
ALTER TABLE IF EXISTS ONLY stl.settlement_adjustments DROP CONSTRAINT IF EXISTS settlement_adjustments_requested_by_fkey;
ALTER TABLE IF EXISTS ONLY stl.settlement_adjustments DROP CONSTRAINT IF EXISTS settlement_adjustments_approved_by_fkey;
ALTER TABLE IF EXISTS ONLY stl.settlements DROP CONSTRAINT IF EXISTS fk_stl_settlements_updated_by;
ALTER TABLE IF EXISTS ONLY stl.settlements DROP CONSTRAINT IF EXISTS fk_stl_settlements_deleted_by;
ALTER TABLE IF EXISTS ONLY stl.settlement_lines DROP CONSTRAINT IF EXISTS fk_stl_settlement_lines_updated_by;
ALTER TABLE IF EXISTS ONLY stl.settlement_lines DROP CONSTRAINT IF EXISTS fk_stl_settlement_lines_deleted_by;
ALTER TABLE IF EXISTS ONLY stl.settlement_closings DROP CONSTRAINT IF EXISTS fk_stl_settlement_closings_updated_by;
ALTER TABLE IF EXISTS ONLY stl.settlement_closings DROP CONSTRAINT IF EXISTS fk_stl_settlement_closings_deleted_by;
ALTER TABLE IF EXISTS ONLY stl.settlement_closings DROP CONSTRAINT IF EXISTS fk_stl_settlement_closings_created_by;
ALTER TABLE IF EXISTS ONLY stl.settlement_batches DROP CONSTRAINT IF EXISTS fk_stl_settlement_batches_updated_by;
ALTER TABLE IF EXISTS ONLY stl.settlement_batches DROP CONSTRAINT IF EXISTS fk_stl_settlement_batches_deleted_by;
ALTER TABLE IF EXISTS ONLY stl.settlement_adjustments DROP CONSTRAINT IF EXISTS fk_stl_settlement_adjustments_updated_by;
ALTER TABLE IF EXISTS ONLY stl.settlement_adjustments DROP CONSTRAINT IF EXISTS fk_stl_settlement_adjustments_deleted_by;
ALTER TABLE IF EXISTS ONLY stl.settlement_adjustments DROP CONSTRAINT IF EXISTS fk_stl_settlement_adjustments_created_by;
ALTER TABLE IF EXISTS ONLY plan.transport_plans DROP CONSTRAINT IF EXISTS transport_plans_tenant_id_fkey;
ALTER TABLE IF EXISTS ONLY plan.transport_plans DROP CONSTRAINT IF EXISTS transport_plans_created_by_fkey;
ALTER TABLE IF EXISTS ONLY plan.transport_plans DROP CONSTRAINT IF EXISTS transport_plans_confirmed_by_fkey;
ALTER TABLE IF EXISTS ONLY plan.plan_stops DROP CONSTRAINT IF EXISTS plan_stops_transport_plan_id_fkey;
ALTER TABLE IF EXISTS ONLY plan.plan_stops DROP CONSTRAINT IF EXISTS plan_stops_tenant_id_fkey;
ALTER TABLE IF EXISTS ONLY plan.plan_stops DROP CONSTRAINT IF EXISTS plan_stops_location_id_fkey;
ALTER TABLE IF EXISTS ONLY plan.plan_orders DROP CONSTRAINT IF EXISTS plan_orders_transport_plan_id_fkey;
ALTER TABLE IF EXISTS ONLY plan.plan_orders DROP CONSTRAINT IF EXISTS plan_orders_tenant_id_fkey;
ALTER TABLE IF EXISTS ONLY plan.plan_orders DROP CONSTRAINT IF EXISTS plan_orders_order_id_fkey;
ALTER TABLE IF EXISTS ONLY plan.transport_plans DROP CONSTRAINT IF EXISTS fk_plan_transport_plans_updated_by;
ALTER TABLE IF EXISTS ONLY plan.transport_plans DROP CONSTRAINT IF EXISTS fk_plan_transport_plans_deleted_by;
ALTER TABLE IF EXISTS ONLY plan.plan_stops DROP CONSTRAINT IF EXISTS fk_plan_plan_stops_updated_by;
ALTER TABLE IF EXISTS ONLY plan.plan_stops DROP CONSTRAINT IF EXISTS fk_plan_plan_stops_deleted_by;
ALTER TABLE IF EXISTS ONLY plan.plan_stops DROP CONSTRAINT IF EXISTS fk_plan_plan_stops_created_by;
ALTER TABLE IF EXISTS ONLY plan.plan_orders DROP CONSTRAINT IF EXISTS fk_plan_plan_orders_updated_by;
ALTER TABLE IF EXISTS ONLY plan.plan_orders DROP CONSTRAINT IF EXISTS fk_plan_plan_orders_deleted_by;
ALTER TABLE IF EXISTS ONLY plan.plan_orders DROP CONSTRAINT IF EXISTS fk_plan_plan_orders_created_by;
ALTER TABLE IF EXISTS ONLY ord.orders DROP CONSTRAINT IF EXISTS orders_tenant_id_fkey;
ALTER TABLE IF EXISTS ONLY ord.orders DROP CONSTRAINT IF EXISTS orders_customer_id_fkey;
ALTER TABLE IF EXISTS ONLY ord.orders DROP CONSTRAINT IF EXISTS orders_created_by_fkey;
ALTER TABLE IF EXISTS ONLY ord.orders DROP CONSTRAINT IF EXISTS orders_billing_partner_id_fkey;
ALTER TABLE IF EXISTS ONLY ord.orders DROP CONSTRAINT IF EXISTS orders_accepted_by_fkey;
ALTER TABLE IF EXISTS ONLY ord.order_stops DROP CONSTRAINT IF EXISTS order_stops_tenant_id_fkey;
ALTER TABLE IF EXISTS ONLY ord.order_stops DROP CONSTRAINT IF EXISTS order_stops_order_id_fkey;
ALTER TABLE IF EXISTS ONLY ord.order_stops DROP CONSTRAINT IF EXISTS order_stops_location_id_fkey;
ALTER TABLE IF EXISTS ONLY ord.order_status_history DROP CONSTRAINT IF EXISTS order_status_history_tenant_id_fkey;
ALTER TABLE IF EXISTS ONLY ord.order_status_history DROP CONSTRAINT IF EXISTS order_status_history_order_id_fkey;
ALTER TABLE IF EXISTS ONLY ord.order_status_history DROP CONSTRAINT IF EXISTS order_status_history_changed_by_fkey;
ALTER TABLE IF EXISTS ONLY ord.order_items DROP CONSTRAINT IF EXISTS order_items_tenant_id_fkey;
ALTER TABLE IF EXISTS ONLY ord.order_items DROP CONSTRAINT IF EXISTS order_items_order_id_fkey;
ALTER TABLE IF EXISTS ONLY ord.order_attachments DROP CONSTRAINT IF EXISTS order_attachments_uploaded_by_fkey;
ALTER TABLE IF EXISTS ONLY ord.order_attachments DROP CONSTRAINT IF EXISTS order_attachments_tenant_id_fkey;
ALTER TABLE IF EXISTS ONLY ord.order_attachments DROP CONSTRAINT IF EXISTS order_attachments_order_id_fkey;
ALTER TABLE IF EXISTS ONLY ord.orders DROP CONSTRAINT IF EXISTS fk_ord_orders_updated_by;
ALTER TABLE IF EXISTS ONLY ord.orders DROP CONSTRAINT IF EXISTS fk_ord_orders_deleted_by;
ALTER TABLE IF EXISTS ONLY ord.order_stops DROP CONSTRAINT IF EXISTS fk_ord_order_stops_updated_by;
ALTER TABLE IF EXISTS ONLY ord.order_stops DROP CONSTRAINT IF EXISTS fk_ord_order_stops_deleted_by;
ALTER TABLE IF EXISTS ONLY ord.order_stops DROP CONSTRAINT IF EXISTS fk_ord_order_stops_created_by;
ALTER TABLE IF EXISTS ONLY ord.order_status_history DROP CONSTRAINT IF EXISTS fk_ord_order_status_history_updated_by;
ALTER TABLE IF EXISTS ONLY ord.order_status_history DROP CONSTRAINT IF EXISTS fk_ord_order_status_history_deleted_by;
ALTER TABLE IF EXISTS ONLY ord.order_status_history DROP CONSTRAINT IF EXISTS fk_ord_order_status_history_created_by;
ALTER TABLE IF EXISTS ONLY ord.order_items DROP CONSTRAINT IF EXISTS fk_ord_order_items_updated_by;
ALTER TABLE IF EXISTS ONLY ord.order_items DROP CONSTRAINT IF EXISTS fk_ord_order_items_deleted_by;
ALTER TABLE IF EXISTS ONLY ord.order_items DROP CONSTRAINT IF EXISTS fk_ord_order_items_created_by;
ALTER TABLE IF EXISTS ONLY ord.order_attachments DROP CONSTRAINT IF EXISTS fk_ord_order_attachments_updated_by;
ALTER TABLE IF EXISTS ONLY ord.order_attachments DROP CONSTRAINT IF EXISTS fk_ord_order_attachments_deleted_by;
ALTER TABLE IF EXISTS ONLY ord.order_attachments DROP CONSTRAINT IF EXISTS fk_ord_order_attachments_created_by;
ALTER TABLE IF EXISTS ONLY mdm.vehicles DROP CONSTRAINT IF EXISTS vehicles_tenant_id_fkey;
ALTER TABLE IF EXISTS ONLY mdm.vehicles DROP CONSTRAINT IF EXISTS vehicles_carrier_id_fkey;
ALTER TABLE IF EXISTS ONLY mdm.locations DROP CONSTRAINT IF EXISTS locations_tenant_id_fkey;
ALTER TABLE IF EXISTS ONLY mdm.locations DROP CONSTRAINT IF EXISTS locations_partner_id_fkey;
ALTER TABLE IF EXISTS ONLY mdm.vehicles DROP CONSTRAINT IF EXISTS fk_mdm_vehicles_updated_by;
ALTER TABLE IF EXISTS ONLY mdm.vehicles DROP CONSTRAINT IF EXISTS fk_mdm_vehicles_deleted_by;
ALTER TABLE IF EXISTS ONLY mdm.vehicles DROP CONSTRAINT IF EXISTS fk_mdm_vehicles_created_by;
ALTER TABLE IF EXISTS ONLY mdm.locations DROP CONSTRAINT IF EXISTS fk_mdm_locations_updated_by;
ALTER TABLE IF EXISTS ONLY mdm.locations DROP CONSTRAINT IF EXISTS fk_mdm_locations_deleted_by;
ALTER TABLE IF EXISTS ONLY mdm.locations DROP CONSTRAINT IF EXISTS fk_mdm_locations_created_by;
ALTER TABLE IF EXISTS ONLY mdm.drivers DROP CONSTRAINT IF EXISTS fk_mdm_drivers_updated_by;
ALTER TABLE IF EXISTS ONLY mdm.drivers DROP CONSTRAINT IF EXISTS fk_mdm_drivers_deleted_by;
ALTER TABLE IF EXISTS ONLY mdm.drivers DROP CONSTRAINT IF EXISTS fk_mdm_drivers_created_by;
ALTER TABLE IF EXISTS ONLY mdm.customers DROP CONSTRAINT IF EXISTS fk_mdm_customers_updated_by;
ALTER TABLE IF EXISTS ONLY mdm.customers DROP CONSTRAINT IF EXISTS fk_mdm_customers_deleted_by;
ALTER TABLE IF EXISTS ONLY mdm.customers DROP CONSTRAINT IF EXISTS fk_mdm_customers_created_by;
ALTER TABLE IF EXISTS ONLY mdm.contracts DROP CONSTRAINT IF EXISTS fk_mdm_contracts_updated_by;
ALTER TABLE IF EXISTS ONLY mdm.contracts DROP CONSTRAINT IF EXISTS fk_mdm_contracts_deleted_by;
ALTER TABLE IF EXISTS ONLY mdm.contracts DROP CONSTRAINT IF EXISTS fk_mdm_contracts_created_by;
ALTER TABLE IF EXISTS ONLY mdm.contract_rates DROP CONSTRAINT IF EXISTS fk_mdm_contract_rates_updated_by;
ALTER TABLE IF EXISTS ONLY mdm.contract_rates DROP CONSTRAINT IF EXISTS fk_mdm_contract_rates_deleted_by;
ALTER TABLE IF EXISTS ONLY mdm.contract_rates DROP CONSTRAINT IF EXISTS fk_mdm_contract_rates_created_by;
ALTER TABLE IF EXISTS ONLY mdm.carriers DROP CONSTRAINT IF EXISTS fk_mdm_carriers_updated_by;
ALTER TABLE IF EXISTS ONLY mdm.carriers DROP CONSTRAINT IF EXISTS fk_mdm_carriers_deleted_by;
ALTER TABLE IF EXISTS ONLY mdm.carriers DROP CONSTRAINT IF EXISTS fk_mdm_carriers_created_by;
ALTER TABLE IF EXISTS ONLY mdm.business_partners DROP CONSTRAINT IF EXISTS fk_mdm_business_partners_updated_by;
ALTER TABLE IF EXISTS ONLY mdm.business_partners DROP CONSTRAINT IF EXISTS fk_mdm_business_partners_deleted_by;
ALTER TABLE IF EXISTS ONLY mdm.business_partners DROP CONSTRAINT IF EXISTS fk_mdm_business_partners_created_by;
ALTER TABLE IF EXISTS ONLY mdm.drivers DROP CONSTRAINT IF EXISTS drivers_user_id_fkey;
ALTER TABLE IF EXISTS ONLY mdm.drivers DROP CONSTRAINT IF EXISTS drivers_tenant_id_fkey;
ALTER TABLE IF EXISTS ONLY mdm.drivers DROP CONSTRAINT IF EXISTS drivers_carrier_id_fkey;
ALTER TABLE IF EXISTS ONLY mdm.customers DROP CONSTRAINT IF EXISTS customers_tenant_id_fkey;
ALTER TABLE IF EXISTS ONLY mdm.customers DROP CONSTRAINT IF EXISTS customers_partner_id_fkey;
ALTER TABLE IF EXISTS ONLY mdm.customers DROP CONSTRAINT IF EXISTS customers_billing_partner_id_fkey;
ALTER TABLE IF EXISTS ONLY mdm.contracts DROP CONSTRAINT IF EXISTS contracts_tenant_id_fkey;
ALTER TABLE IF EXISTS ONLY mdm.contracts DROP CONSTRAINT IF EXISTS contracts_customer_id_fkey;
ALTER TABLE IF EXISTS ONLY mdm.contracts DROP CONSTRAINT IF EXISTS contracts_carrier_id_fkey;
ALTER TABLE IF EXISTS ONLY mdm.contract_rates DROP CONSTRAINT IF EXISTS contract_rates_tenant_id_fkey;
ALTER TABLE IF EXISTS ONLY mdm.contract_rates DROP CONSTRAINT IF EXISTS contract_rates_contract_id_fkey;
ALTER TABLE IF EXISTS ONLY mdm.carriers DROP CONSTRAINT IF EXISTS carriers_tenant_id_fkey;
ALTER TABLE IF EXISTS ONLY mdm.carriers DROP CONSTRAINT IF EXISTS carriers_settlement_partner_id_fkey;
ALTER TABLE IF EXISTS ONLY mdm.carriers DROP CONSTRAINT IF EXISTS carriers_partner_id_fkey;
ALTER TABLE IF EXISTS ONLY mdm.business_partners DROP CONSTRAINT IF EXISTS business_partners_tenant_id_fkey;
ALTER TABLE IF EXISTS ONLY exec.stop_results DROP CONSTRAINT IF EXISTS stop_results_tenant_id_fkey;
ALTER TABLE IF EXISTS ONLY exec.stop_results DROP CONSTRAINT IF EXISTS stop_results_plan_stop_id_fkey;
ALTER TABLE IF EXISTS ONLY exec.stop_results DROP CONSTRAINT IF EXISTS stop_results_execution_result_id_fkey;
ALTER TABLE IF EXISTS ONLY exec.pod_documents DROP CONSTRAINT IF EXISTS pod_documents_tenant_id_fkey;
ALTER TABLE IF EXISTS ONLY exec.pod_documents DROP CONSTRAINT IF EXISTS pod_documents_submitted_by_fkey;
ALTER TABLE IF EXISTS ONLY exec.pod_documents DROP CONSTRAINT IF EXISTS pod_documents_stop_result_id_fkey;
ALTER TABLE IF EXISTS ONLY exec.pod_documents DROP CONSTRAINT IF EXISTS pod_documents_reviewed_by_fkey;
ALTER TABLE IF EXISTS ONLY exec.pod_documents DROP CONSTRAINT IF EXISTS pod_documents_execution_result_id_fkey;
ALTER TABLE IF EXISTS ONLY exec.incidents DROP CONSTRAINT IF EXISTS incidents_tenant_id_fkey;
ALTER TABLE IF EXISTS ONLY exec.incidents DROP CONSTRAINT IF EXISTS incidents_resolved_by_fkey;
ALTER TABLE IF EXISTS ONLY exec.incidents DROP CONSTRAINT IF EXISTS incidents_execution_result_id_fkey;
ALTER TABLE IF EXISTS ONLY exec.incidents DROP CONSTRAINT IF EXISTS incidents_dispatch_id_fkey;
ALTER TABLE IF EXISTS ONLY exec.incidents DROP CONSTRAINT IF EXISTS incidents_created_by_fkey;
ALTER TABLE IF EXISTS ONLY exec.gps_positions DROP CONSTRAINT IF EXISTS gps_positions_vehicle_id_fkey;
ALTER TABLE IF EXISTS ONLY exec.gps_positions DROP CONSTRAINT IF EXISTS gps_positions_tenant_id_fkey;
ALTER TABLE IF EXISTS ONLY exec.gps_positions DROP CONSTRAINT IF EXISTS gps_positions_driver_id_fkey;
ALTER TABLE IF EXISTS ONLY exec.gps_positions DROP CONSTRAINT IF EXISTS gps_positions_dispatch_id_fkey;
ALTER TABLE IF EXISTS ONLY exec.stop_results DROP CONSTRAINT IF EXISTS fk_exec_stop_results_updated_by;
ALTER TABLE IF EXISTS ONLY exec.stop_results DROP CONSTRAINT IF EXISTS fk_exec_stop_results_deleted_by;
ALTER TABLE IF EXISTS ONLY exec.stop_results DROP CONSTRAINT IF EXISTS fk_exec_stop_results_created_by;
ALTER TABLE IF EXISTS ONLY exec.pod_documents DROP CONSTRAINT IF EXISTS fk_exec_pod_documents_updated_by;
ALTER TABLE IF EXISTS ONLY exec.pod_documents DROP CONSTRAINT IF EXISTS fk_exec_pod_documents_deleted_by;
ALTER TABLE IF EXISTS ONLY exec.pod_documents DROP CONSTRAINT IF EXISTS fk_exec_pod_documents_created_by;
ALTER TABLE IF EXISTS ONLY exec.incidents DROP CONSTRAINT IF EXISTS fk_exec_incidents_updated_by;
ALTER TABLE IF EXISTS ONLY exec.incidents DROP CONSTRAINT IF EXISTS fk_exec_incidents_deleted_by;
ALTER TABLE IF EXISTS ONLY exec.gps_positions DROP CONSTRAINT IF EXISTS fk_exec_gps_positions_updated_by;
ALTER TABLE IF EXISTS ONLY exec.gps_positions DROP CONSTRAINT IF EXISTS fk_exec_gps_positions_deleted_by;
ALTER TABLE IF EXISTS ONLY exec.gps_positions DROP CONSTRAINT IF EXISTS fk_exec_gps_positions_created_by;
ALTER TABLE IF EXISTS ONLY exec.execution_results DROP CONSTRAINT IF EXISTS fk_exec_execution_results_updated_by;
ALTER TABLE IF EXISTS ONLY exec.execution_results DROP CONSTRAINT IF EXISTS fk_exec_execution_results_deleted_by;
ALTER TABLE IF EXISTS ONLY exec.execution_results DROP CONSTRAINT IF EXISTS fk_exec_execution_results_created_by;
ALTER TABLE IF EXISTS ONLY exec.execution_results DROP CONSTRAINT IF EXISTS execution_results_transport_plan_id_fkey;
ALTER TABLE IF EXISTS ONLY exec.execution_results DROP CONSTRAINT IF EXISTS execution_results_tenant_id_fkey;
ALTER TABLE IF EXISTS ONLY exec.execution_results DROP CONSTRAINT IF EXISTS execution_results_dispatch_id_fkey;
ALTER TABLE IF EXISTS ONLY exec.execution_results DROP CONSTRAINT IF EXISTS execution_results_confirmed_by_fkey;
ALTER TABLE IF EXISTS ONLY dsp.dispatches DROP CONSTRAINT IF EXISTS fk_dsp_dispatches_updated_by;
ALTER TABLE IF EXISTS ONLY dsp.dispatches DROP CONSTRAINT IF EXISTS fk_dsp_dispatches_deleted_by;
ALTER TABLE IF EXISTS ONLY dsp.dispatch_events DROP CONSTRAINT IF EXISTS fk_dsp_dispatch_events_updated_by;
ALTER TABLE IF EXISTS ONLY dsp.dispatch_events DROP CONSTRAINT IF EXISTS fk_dsp_dispatch_events_deleted_by;
ALTER TABLE IF EXISTS ONLY dsp.assignments DROP CONSTRAINT IF EXISTS fk_dsp_assignments_updated_by;
ALTER TABLE IF EXISTS ONLY dsp.assignments DROP CONSTRAINT IF EXISTS fk_dsp_assignments_deleted_by;
ALTER TABLE IF EXISTS ONLY dsp.assignment_candidates DROP CONSTRAINT IF EXISTS fk_dsp_assignment_candidates_updated_by;
ALTER TABLE IF EXISTS ONLY dsp.assignment_candidates DROP CONSTRAINT IF EXISTS fk_dsp_assignment_candidates_deleted_by;
ALTER TABLE IF EXISTS ONLY dsp.assignment_candidates DROP CONSTRAINT IF EXISTS fk_dsp_assignment_candidates_created_by;
ALTER TABLE IF EXISTS ONLY dsp.dispatches DROP CONSTRAINT IF EXISTS dispatches_vehicle_id_fkey;
ALTER TABLE IF EXISTS ONLY dsp.dispatches DROP CONSTRAINT IF EXISTS dispatches_transport_plan_id_fkey;
ALTER TABLE IF EXISTS ONLY dsp.dispatches DROP CONSTRAINT IF EXISTS dispatches_tenant_id_fkey;
ALTER TABLE IF EXISTS ONLY dsp.dispatches DROP CONSTRAINT IF EXISTS dispatches_driver_id_fkey;
ALTER TABLE IF EXISTS ONLY dsp.dispatches DROP CONSTRAINT IF EXISTS dispatches_created_by_fkey;
ALTER TABLE IF EXISTS ONLY dsp.dispatches DROP CONSTRAINT IF EXISTS dispatches_carrier_id_fkey;
ALTER TABLE IF EXISTS ONLY dsp.dispatches DROP CONSTRAINT IF EXISTS dispatches_assignment_id_fkey;
ALTER TABLE IF EXISTS ONLY dsp.dispatch_events DROP CONSTRAINT IF EXISTS dispatch_events_tenant_id_fkey;
ALTER TABLE IF EXISTS ONLY dsp.dispatch_events DROP CONSTRAINT IF EXISTS dispatch_events_plan_stop_id_fkey;
ALTER TABLE IF EXISTS ONLY dsp.dispatch_events DROP CONSTRAINT IF EXISTS dispatch_events_dispatch_id_fkey;
ALTER TABLE IF EXISTS ONLY dsp.dispatch_events DROP CONSTRAINT IF EXISTS dispatch_events_created_by_fkey;
ALTER TABLE IF EXISTS ONLY dsp.assignments DROP CONSTRAINT IF EXISTS assignments_vehicle_id_fkey;
ALTER TABLE IF EXISTS ONLY dsp.assignments DROP CONSTRAINT IF EXISTS assignments_transport_plan_id_fkey;
ALTER TABLE IF EXISTS ONLY dsp.assignments DROP CONSTRAINT IF EXISTS assignments_tenant_id_fkey;
ALTER TABLE IF EXISTS ONLY dsp.assignments DROP CONSTRAINT IF EXISTS assignments_driver_id_fkey;
ALTER TABLE IF EXISTS ONLY dsp.assignments DROP CONSTRAINT IF EXISTS assignments_created_by_fkey;
ALTER TABLE IF EXISTS ONLY dsp.assignments DROP CONSTRAINT IF EXISTS assignments_confirmed_by_fkey;
ALTER TABLE IF EXISTS ONLY dsp.assignments DROP CONSTRAINT IF EXISTS assignments_carrier_id_fkey;
ALTER TABLE IF EXISTS ONLY dsp.assignment_candidates DROP CONSTRAINT IF EXISTS assignment_candidates_vehicle_id_fkey;
ALTER TABLE IF EXISTS ONLY dsp.assignment_candidates DROP CONSTRAINT IF EXISTS assignment_candidates_transport_plan_id_fkey;
ALTER TABLE IF EXISTS ONLY dsp.assignment_candidates DROP CONSTRAINT IF EXISTS assignment_candidates_tenant_id_fkey;
ALTER TABLE IF EXISTS ONLY dsp.assignment_candidates DROP CONSTRAINT IF EXISTS assignment_candidates_driver_id_fkey;
ALTER TABLE IF EXISTS ONLY dsp.assignment_candidates DROP CONSTRAINT IF EXISTS assignment_candidates_carrier_id_fkey;
ALTER TABLE IF EXISTS ONLY core.users DROP CONSTRAINT IF EXISTS users_tenant_id_fkey;
ALTER TABLE IF EXISTS ONLY core.users DROP CONSTRAINT IF EXISTS users_company_id_fkey;
ALTER TABLE IF EXISTS ONLY core.users DROP CONSTRAINT IF EXISTS users_branch_id_fkey;
ALTER TABLE IF EXISTS ONLY core.user_roles DROP CONSTRAINT IF EXISTS user_roles_user_id_fkey;
ALTER TABLE IF EXISTS ONLY core.user_roles DROP CONSTRAINT IF EXISTS user_roles_role_id_fkey;
ALTER TABLE IF EXISTS ONLY core.user_roles DROP CONSTRAINT IF EXISTS user_roles_granted_by_fkey;
ALTER TABLE IF EXISTS ONLY core.user_data_scopes DROP CONSTRAINT IF EXISTS user_data_scopes_user_id_fkey;
ALTER TABLE IF EXISTS ONLY core.user_data_scopes DROP CONSTRAINT IF EXISTS user_data_scopes_tenant_id_fkey;
ALTER TABLE IF EXISTS ONLY core.roles DROP CONSTRAINT IF EXISTS roles_tenant_id_fkey;
ALTER TABLE IF EXISTS ONLY core.role_permissions DROP CONSTRAINT IF EXISTS role_permissions_role_id_fkey;
ALTER TABLE IF EXISTS ONLY core.role_permissions DROP CONSTRAINT IF EXISTS role_permissions_permission_id_fkey;
ALTER TABLE IF EXISTS ONLY core.users DROP CONSTRAINT IF EXISTS fk_core_users_updated_by;
ALTER TABLE IF EXISTS ONLY core.users DROP CONSTRAINT IF EXISTS fk_core_users_deleted_by;
ALTER TABLE IF EXISTS ONLY core.users DROP CONSTRAINT IF EXISTS fk_core_users_created_by;
ALTER TABLE IF EXISTS ONLY core.user_roles DROP CONSTRAINT IF EXISTS fk_core_user_roles_updated_by;
ALTER TABLE IF EXISTS ONLY core.user_roles DROP CONSTRAINT IF EXISTS fk_core_user_roles_deleted_by;
ALTER TABLE IF EXISTS ONLY core.user_roles DROP CONSTRAINT IF EXISTS fk_core_user_roles_created_by;
ALTER TABLE IF EXISTS ONLY core.user_data_scopes DROP CONSTRAINT IF EXISTS fk_core_user_data_scopes_updated_by;
ALTER TABLE IF EXISTS ONLY core.user_data_scopes DROP CONSTRAINT IF EXISTS fk_core_user_data_scopes_deleted_by;
ALTER TABLE IF EXISTS ONLY core.user_data_scopes DROP CONSTRAINT IF EXISTS fk_core_user_data_scopes_created_by;
ALTER TABLE IF EXISTS ONLY core.tenants DROP CONSTRAINT IF EXISTS fk_core_tenants_updated_by;
ALTER TABLE IF EXISTS ONLY core.tenants DROP CONSTRAINT IF EXISTS fk_core_tenants_deleted_by;
ALTER TABLE IF EXISTS ONLY core.tenants DROP CONSTRAINT IF EXISTS fk_core_tenants_created_by;
ALTER TABLE IF EXISTS ONLY core.roles DROP CONSTRAINT IF EXISTS fk_core_roles_updated_by;
ALTER TABLE IF EXISTS ONLY core.roles DROP CONSTRAINT IF EXISTS fk_core_roles_deleted_by;
ALTER TABLE IF EXISTS ONLY core.roles DROP CONSTRAINT IF EXISTS fk_core_roles_created_by;
ALTER TABLE IF EXISTS ONLY core.role_permissions DROP CONSTRAINT IF EXISTS fk_core_role_permissions_updated_by;
ALTER TABLE IF EXISTS ONLY core.role_permissions DROP CONSTRAINT IF EXISTS fk_core_role_permissions_deleted_by;
ALTER TABLE IF EXISTS ONLY core.role_permissions DROP CONSTRAINT IF EXISTS fk_core_role_permissions_created_by;
ALTER TABLE IF EXISTS ONLY core.permissions DROP CONSTRAINT IF EXISTS fk_core_permissions_updated_by;
ALTER TABLE IF EXISTS ONLY core.permissions DROP CONSTRAINT IF EXISTS fk_core_permissions_deleted_by;
ALTER TABLE IF EXISTS ONLY core.permissions DROP CONSTRAINT IF EXISTS fk_core_permissions_created_by;
ALTER TABLE IF EXISTS ONLY core.companies DROP CONSTRAINT IF EXISTS fk_core_companies_updated_by;
ALTER TABLE IF EXISTS ONLY core.companies DROP CONSTRAINT IF EXISTS fk_core_companies_deleted_by;
ALTER TABLE IF EXISTS ONLY core.companies DROP CONSTRAINT IF EXISTS fk_core_companies_created_by;
ALTER TABLE IF EXISTS ONLY core.common_codes DROP CONSTRAINT IF EXISTS fk_core_common_codes_updated_by;
ALTER TABLE IF EXISTS ONLY core.common_codes DROP CONSTRAINT IF EXISTS fk_core_common_codes_deleted_by;
ALTER TABLE IF EXISTS ONLY core.common_codes DROP CONSTRAINT IF EXISTS fk_core_common_codes_created_by;
ALTER TABLE IF EXISTS ONLY core.common_code_groups DROP CONSTRAINT IF EXISTS fk_core_common_code_groups_updated_by;
ALTER TABLE IF EXISTS ONLY core.common_code_groups DROP CONSTRAINT IF EXISTS fk_core_common_code_groups_deleted_by;
ALTER TABLE IF EXISTS ONLY core.common_code_groups DROP CONSTRAINT IF EXISTS fk_core_common_code_groups_created_by;
ALTER TABLE IF EXISTS ONLY core.branches DROP CONSTRAINT IF EXISTS fk_core_branches_updated_by;
ALTER TABLE IF EXISTS ONLY core.branches DROP CONSTRAINT IF EXISTS fk_core_branches_deleted_by;
ALTER TABLE IF EXISTS ONLY core.branches DROP CONSTRAINT IF EXISTS fk_core_branches_created_by;
ALTER TABLE IF EXISTS ONLY core.companies DROP CONSTRAINT IF EXISTS companies_tenant_id_fkey;
ALTER TABLE IF EXISTS ONLY core.common_codes DROP CONSTRAINT IF EXISTS common_codes_code_group_id_fkey;
ALTER TABLE IF EXISTS ONLY core.common_code_groups DROP CONSTRAINT IF EXISTS common_code_groups_tenant_id_fkey;
ALTER TABLE IF EXISTS ONLY core.branches DROP CONSTRAINT IF EXISTS branches_tenant_id_fkey;
ALTER TABLE IF EXISTS ONLY core.branches DROP CONSTRAINT IF EXISTS branches_parent_branch_id_fkey;
ALTER TABLE IF EXISTS ONLY core.branches DROP CONSTRAINT IF EXISTS branches_company_id_fkey;
ALTER TABLE IF EXISTS ONLY audit.notifications DROP CONSTRAINT IF EXISTS notifications_tenant_id_fkey;
ALTER TABLE IF EXISTS ONLY audit.notifications DROP CONSTRAINT IF EXISTS notifications_recipient_user_id_fkey;
ALTER TABLE IF EXISTS ONLY audit.notifications DROP CONSTRAINT IF EXISTS fk_audit_notifications_updated_by;
ALTER TABLE IF EXISTS ONLY audit.notifications DROP CONSTRAINT IF EXISTS fk_audit_notifications_deleted_by;
ALTER TABLE IF EXISTS ONLY audit.notifications DROP CONSTRAINT IF EXISTS fk_audit_notifications_created_by;
ALTER TABLE IF EXISTS ONLY audit.audit_logs DROP CONSTRAINT IF EXISTS fk_audit_audit_logs_updated_by;
ALTER TABLE IF EXISTS ONLY audit.audit_logs DROP CONSTRAINT IF EXISTS fk_audit_audit_logs_deleted_by;
ALTER TABLE IF EXISTS ONLY audit.audit_logs DROP CONSTRAINT IF EXISTS fk_audit_audit_logs_created_by;
ALTER TABLE IF EXISTS ONLY audit.audit_logs DROP CONSTRAINT IF EXISTS audit_logs_tenant_id_fkey;
ALTER TABLE IF EXISTS ONLY audit.audit_logs DROP CONSTRAINT IF EXISTS audit_logs_actor_user_id_fkey;
DROP TRIGGER IF EXISTS trg_settlements_updated_at ON stl.settlements;
DROP TRIGGER IF EXISTS trg_settlement_lines_updated_at ON stl.settlement_lines;
DROP TRIGGER IF EXISTS trg_settlement_closings_updated_at ON stl.settlement_closings;
DROP TRIGGER IF EXISTS trg_settlement_batches_updated_at ON stl.settlement_batches;
DROP TRIGGER IF EXISTS trg_settlement_adjustments_updated_at ON stl.settlement_adjustments;
DROP TRIGGER IF EXISTS trg_transport_plans_updated_at ON plan.transport_plans;
DROP TRIGGER IF EXISTS trg_plan_stops_updated_at ON plan.plan_stops;
DROP TRIGGER IF EXISTS trg_plan_orders_updated_at ON plan.plan_orders;
DROP TRIGGER IF EXISTS trg_orders_updated_at ON ord.orders;
DROP TRIGGER IF EXISTS trg_order_stops_updated_at ON ord.order_stops;
DROP TRIGGER IF EXISTS trg_order_status_history_updated_at ON ord.order_status_history;
DROP TRIGGER IF EXISTS trg_order_items_updated_at ON ord.order_items;
DROP TRIGGER IF EXISTS trg_order_attachments_updated_at ON ord.order_attachments;
DROP TRIGGER IF EXISTS trg_vehicles_updated_at ON mdm.vehicles;
DROP TRIGGER IF EXISTS trg_locations_updated_at ON mdm.locations;
DROP TRIGGER IF EXISTS trg_drivers_updated_at ON mdm.drivers;
DROP TRIGGER IF EXISTS trg_customers_updated_at ON mdm.customers;
DROP TRIGGER IF EXISTS trg_contracts_updated_at ON mdm.contracts;
DROP TRIGGER IF EXISTS trg_contract_rates_updated_at ON mdm.contract_rates;
DROP TRIGGER IF EXISTS trg_carriers_updated_at ON mdm.carriers;
DROP TRIGGER IF EXISTS trg_business_partners_updated_at ON mdm.business_partners;
DROP TRIGGER IF EXISTS trg_stop_results_updated_at ON exec.stop_results;
DROP TRIGGER IF EXISTS trg_pod_documents_updated_at ON exec.pod_documents;
DROP TRIGGER IF EXISTS trg_incidents_updated_at ON exec.incidents;
DROP TRIGGER IF EXISTS trg_gps_positions_updated_at ON exec.gps_positions;
DROP TRIGGER IF EXISTS trg_execution_results_updated_at ON exec.execution_results;
DROP TRIGGER IF EXISTS trg_dispatches_updated_at ON dsp.dispatches;
DROP TRIGGER IF EXISTS trg_dispatch_events_updated_at ON dsp.dispatch_events;
DROP TRIGGER IF EXISTS trg_assignments_updated_at ON dsp.assignments;
DROP TRIGGER IF EXISTS trg_assignment_candidates_updated_at ON dsp.assignment_candidates;
DROP TRIGGER IF EXISTS trg_users_updated_at ON core.users;
DROP TRIGGER IF EXISTS trg_user_roles_updated_at ON core.user_roles;
DROP TRIGGER IF EXISTS trg_user_data_scopes_updated_at ON core.user_data_scopes;
DROP TRIGGER IF EXISTS trg_tenants_updated_at ON core.tenants;
DROP TRIGGER IF EXISTS trg_roles_updated_at ON core.roles;
DROP TRIGGER IF EXISTS trg_role_permissions_updated_at ON core.role_permissions;
DROP TRIGGER IF EXISTS trg_permissions_updated_at ON core.permissions;
DROP TRIGGER IF EXISTS trg_companies_updated_at ON core.companies;
DROP TRIGGER IF EXISTS trg_common_codes_updated_at ON core.common_codes;
DROP TRIGGER IF EXISTS trg_common_code_groups_updated_at ON core.common_code_groups;
DROP TRIGGER IF EXISTS trg_branches_updated_at ON core.branches;
DROP TRIGGER IF EXISTS trg_notifications_updated_at ON audit.notifications;
DROP TRIGGER IF EXISTS trg_audit_logs_updated_at ON audit.audit_logs;
DROP INDEX IF EXISTS stl.idx_settlements_status_date;
DROP INDEX IF EXISTS stl.idx_settlements_partner_date;
DROP INDEX IF EXISTS stl.idx_settlement_lines_settlement;
DROP INDEX IF EXISTS stl.idx_settlement_batches_period;
DROP INDEX IF EXISTS plan.idx_plans_status_date;
DROP INDEX IF EXISTS plan.idx_plan_stops_plan_seq;
DROP INDEX IF EXISTS plan.idx_plan_orders_order;
DROP INDEX IF EXISTS ord.idx_orders_status_pickup;
DROP INDEX IF EXISTS ord.idx_orders_customer_order_no;
DROP INDEX IF EXISTS ord.idx_orders_customer_date;
DROP INDEX IF EXISTS ord.idx_order_stops_order_seq;
DROP INDEX IF EXISTS ord.idx_order_status_history_order;
DROP INDEX IF EXISTS mdm.idx_vehicles_carrier_status;
DROP INDEX IF EXISTS mdm.idx_partners_tenant_type;
DROP INDEX IF EXISTS mdm.idx_locations_tenant_name;
DROP INDEX IF EXISTS mdm.idx_drivers_carrier_status;
DROP INDEX IF EXISTS mdm.idx_contracts_sales;
DROP INDEX IF EXISTS mdm.idx_contracts_purchase;
DROP INDEX IF EXISTS exec.idx_stop_results_execution;
DROP INDEX IF EXISTS exec.idx_pod_execution;
DROP INDEX IF EXISTS exec.idx_incidents_status;
DROP INDEX IF EXISTS exec.idx_gps_dispatch_time;
DROP INDEX IF EXISTS exec.idx_execution_results_status;
DROP INDEX IF EXISTS dsp.idx_dispatches_vehicle_schedule;
DROP INDEX IF EXISTS dsp.idx_dispatches_driver_schedule;
DROP INDEX IF EXISTS dsp.idx_dispatches_date_status;
DROP INDEX IF EXISTS dsp.idx_dispatches_carrier_date;
DROP INDEX IF EXISTS dsp.idx_dispatch_events_dispatch_time;
DROP INDEX IF EXISTS dsp.idx_assignments_plan_status;
DROP INDEX IF EXISTS dsp.idx_assignment_candidates_plan_score;
DROP INDEX IF EXISTS core.idx_users_tenant_company;
DROP INDEX IF EXISTS core.idx_user_data_scopes_user;
DROP INDEX IF EXISTS core.idx_companies_tenant;
DROP INDEX IF EXISTS core.idx_branches_company;
DROP INDEX IF EXISTS audit.idx_notifications_recipient;
DROP INDEX IF EXISTS audit.idx_audit_logs_entity;
DROP INDEX IF EXISTS audit.idx_audit_logs_actor;
ALTER TABLE IF EXISTS ONLY stl.settlements DROP CONSTRAINT IF EXISTS settlements_tenant_id_settlement_no_key;
ALTER TABLE IF EXISTS ONLY stl.settlements DROP CONSTRAINT IF EXISTS settlements_settlement_uid_key;
ALTER TABLE IF EXISTS ONLY stl.settlements DROP CONSTRAINT IF EXISTS settlements_pkey;
ALTER TABLE IF EXISTS ONLY stl.settlement_lines DROP CONSTRAINT IF EXISTS settlement_lines_settlement_line_uid_key;
ALTER TABLE IF EXISTS ONLY stl.settlement_lines DROP CONSTRAINT IF EXISTS settlement_lines_settlement_id_line_seq_key;
ALTER TABLE IF EXISTS ONLY stl.settlement_lines DROP CONSTRAINT IF EXISTS settlement_lines_pkey;
ALTER TABLE IF EXISTS ONLY stl.settlement_closings DROP CONSTRAINT IF EXISTS settlement_closings_tenant_id_closing_no_key;
ALTER TABLE IF EXISTS ONLY stl.settlement_closings DROP CONSTRAINT IF EXISTS settlement_closings_settlement_closing_uid_key;
ALTER TABLE IF EXISTS ONLY stl.settlement_closings DROP CONSTRAINT IF EXISTS settlement_closings_pkey;
ALTER TABLE IF EXISTS ONLY stl.settlement_batches DROP CONSTRAINT IF EXISTS settlement_batches_tenant_id_batch_no_key;
ALTER TABLE IF EXISTS ONLY stl.settlement_batches DROP CONSTRAINT IF EXISTS settlement_batches_settlement_batch_uid_key;
ALTER TABLE IF EXISTS ONLY stl.settlement_batches DROP CONSTRAINT IF EXISTS settlement_batches_pkey;
ALTER TABLE IF EXISTS ONLY stl.settlement_adjustments DROP CONSTRAINT IF EXISTS settlement_adjustments_tenant_id_adjustment_no_key;
ALTER TABLE IF EXISTS ONLY stl.settlement_adjustments DROP CONSTRAINT IF EXISTS settlement_adjustments_settlement_adjustment_uid_key;
ALTER TABLE IF EXISTS ONLY stl.settlement_adjustments DROP CONSTRAINT IF EXISTS settlement_adjustments_pkey;
ALTER TABLE IF EXISTS ONLY public.alembic_version DROP CONSTRAINT IF EXISTS alembic_version_pkc;
ALTER TABLE IF EXISTS ONLY plan.transport_plans DROP CONSTRAINT IF EXISTS transport_plans_transport_plan_uid_key;
ALTER TABLE IF EXISTS ONLY plan.transport_plans DROP CONSTRAINT IF EXISTS transport_plans_tenant_id_plan_no_key;
ALTER TABLE IF EXISTS ONLY plan.transport_plans DROP CONSTRAINT IF EXISTS transport_plans_pkey;
ALTER TABLE IF EXISTS ONLY plan.plan_stops DROP CONSTRAINT IF EXISTS plan_stops_transport_plan_id_stop_seq_key;
ALTER TABLE IF EXISTS ONLY plan.plan_stops DROP CONSTRAINT IF EXISTS plan_stops_plan_stop_uid_key;
ALTER TABLE IF EXISTS ONLY plan.plan_stops DROP CONSTRAINT IF EXISTS plan_stops_pkey;
ALTER TABLE IF EXISTS ONLY plan.plan_orders DROP CONSTRAINT IF EXISTS plan_orders_transport_plan_id_order_id_split_seq_key;
ALTER TABLE IF EXISTS ONLY plan.plan_orders DROP CONSTRAINT IF EXISTS plan_orders_plan_order_uid_key;
ALTER TABLE IF EXISTS ONLY plan.plan_orders DROP CONSTRAINT IF EXISTS plan_orders_pkey;
ALTER TABLE IF EXISTS ONLY ord.orders DROP CONSTRAINT IF EXISTS orders_tenant_id_order_no_key;
ALTER TABLE IF EXISTS ONLY ord.orders DROP CONSTRAINT IF EXISTS orders_pkey;
ALTER TABLE IF EXISTS ONLY ord.orders DROP CONSTRAINT IF EXISTS orders_order_uid_key;
ALTER TABLE IF EXISTS ONLY ord.order_stops DROP CONSTRAINT IF EXISTS order_stops_pkey;
ALTER TABLE IF EXISTS ONLY ord.order_stops DROP CONSTRAINT IF EXISTS order_stops_order_stop_uid_key;
ALTER TABLE IF EXISTS ONLY ord.order_stops DROP CONSTRAINT IF EXISTS order_stops_order_id_stop_seq_key;
ALTER TABLE IF EXISTS ONLY ord.order_status_history DROP CONSTRAINT IF EXISTS order_status_history_pkey;
ALTER TABLE IF EXISTS ONLY ord.order_status_history DROP CONSTRAINT IF EXISTS order_status_history_order_status_history_uid_key;
ALTER TABLE IF EXISTS ONLY ord.order_items DROP CONSTRAINT IF EXISTS order_items_pkey;
ALTER TABLE IF EXISTS ONLY ord.order_items DROP CONSTRAINT IF EXISTS order_items_order_item_uid_key;
ALTER TABLE IF EXISTS ONLY ord.order_items DROP CONSTRAINT IF EXISTS order_items_order_id_item_seq_key;
ALTER TABLE IF EXISTS ONLY ord.order_attachments DROP CONSTRAINT IF EXISTS order_attachments_pkey;
ALTER TABLE IF EXISTS ONLY ord.order_attachments DROP CONSTRAINT IF EXISTS order_attachments_order_attachment_uid_key;
ALTER TABLE IF EXISTS ONLY mdm.vehicles DROP CONSTRAINT IF EXISTS vehicles_vehicle_uid_key;
ALTER TABLE IF EXISTS ONLY mdm.vehicles DROP CONSTRAINT IF EXISTS vehicles_tenant_id_vehicle_no_key;
ALTER TABLE IF EXISTS ONLY mdm.vehicles DROP CONSTRAINT IF EXISTS vehicles_pkey;
ALTER TABLE IF EXISTS ONLY mdm.locations DROP CONSTRAINT IF EXISTS locations_tenant_id_location_code_key;
ALTER TABLE IF EXISTS ONLY mdm.locations DROP CONSTRAINT IF EXISTS locations_pkey;
ALTER TABLE IF EXISTS ONLY mdm.locations DROP CONSTRAINT IF EXISTS locations_location_uid_key;
ALTER TABLE IF EXISTS ONLY mdm.drivers DROP CONSTRAINT IF EXISTS drivers_tenant_id_driver_code_key;
ALTER TABLE IF EXISTS ONLY mdm.drivers DROP CONSTRAINT IF EXISTS drivers_pkey;
ALTER TABLE IF EXISTS ONLY mdm.drivers DROP CONSTRAINT IF EXISTS drivers_driver_uid_key;
ALTER TABLE IF EXISTS ONLY mdm.customers DROP CONSTRAINT IF EXISTS customers_tenant_id_customer_code_key;
ALTER TABLE IF EXISTS ONLY mdm.customers DROP CONSTRAINT IF EXISTS customers_pkey;
ALTER TABLE IF EXISTS ONLY mdm.customers DROP CONSTRAINT IF EXISTS customers_customer_uid_key;
ALTER TABLE IF EXISTS ONLY mdm.contracts DROP CONSTRAINT IF EXISTS contracts_tenant_id_contract_no_key;
ALTER TABLE IF EXISTS ONLY mdm.contracts DROP CONSTRAINT IF EXISTS contracts_pkey;
ALTER TABLE IF EXISTS ONLY mdm.contracts DROP CONSTRAINT IF EXISTS contracts_contract_uid_key;
ALTER TABLE IF EXISTS ONLY mdm.contract_rates DROP CONSTRAINT IF EXISTS contract_rates_tenant_id_contract_id_rate_code_key;
ALTER TABLE IF EXISTS ONLY mdm.contract_rates DROP CONSTRAINT IF EXISTS contract_rates_pkey;
ALTER TABLE IF EXISTS ONLY mdm.contract_rates DROP CONSTRAINT IF EXISTS contract_rates_contract_rate_uid_key;
ALTER TABLE IF EXISTS ONLY mdm.carriers DROP CONSTRAINT IF EXISTS carriers_tenant_id_carrier_code_key;
ALTER TABLE IF EXISTS ONLY mdm.carriers DROP CONSTRAINT IF EXISTS carriers_pkey;
ALTER TABLE IF EXISTS ONLY mdm.carriers DROP CONSTRAINT IF EXISTS carriers_carrier_uid_key;
ALTER TABLE IF EXISTS ONLY mdm.business_partners DROP CONSTRAINT IF EXISTS business_partners_tenant_id_partner_code_key;
ALTER TABLE IF EXISTS ONLY mdm.business_partners DROP CONSTRAINT IF EXISTS business_partners_pkey;
ALTER TABLE IF EXISTS ONLY mdm.business_partners DROP CONSTRAINT IF EXISTS business_partners_partner_uid_key;
ALTER TABLE IF EXISTS ONLY exec.stop_results DROP CONSTRAINT IF EXISTS stop_results_stop_result_uid_key;
ALTER TABLE IF EXISTS ONLY exec.stop_results DROP CONSTRAINT IF EXISTS stop_results_pkey;
ALTER TABLE IF EXISTS ONLY exec.pod_documents DROP CONSTRAINT IF EXISTS pod_documents_pod_document_uid_key;
ALTER TABLE IF EXISTS ONLY exec.pod_documents DROP CONSTRAINT IF EXISTS pod_documents_pkey;
ALTER TABLE IF EXISTS ONLY exec.incidents DROP CONSTRAINT IF EXISTS incidents_tenant_id_incident_no_key;
ALTER TABLE IF EXISTS ONLY exec.incidents DROP CONSTRAINT IF EXISTS incidents_pkey;
ALTER TABLE IF EXISTS ONLY exec.incidents DROP CONSTRAINT IF EXISTS incidents_incident_uid_key;
ALTER TABLE IF EXISTS ONLY exec.gps_positions DROP CONSTRAINT IF EXISTS gps_positions_pkey;
ALTER TABLE IF EXISTS ONLY exec.gps_positions DROP CONSTRAINT IF EXISTS gps_positions_gps_position_uid_key;
ALTER TABLE IF EXISTS ONLY exec.execution_results DROP CONSTRAINT IF EXISTS execution_results_tenant_id_dispatch_id_key;
ALTER TABLE IF EXISTS ONLY exec.execution_results DROP CONSTRAINT IF EXISTS execution_results_pkey;
ALTER TABLE IF EXISTS ONLY exec.execution_results DROP CONSTRAINT IF EXISTS execution_results_execution_result_uid_key;
ALTER TABLE IF EXISTS ONLY dsp.dispatches DROP CONSTRAINT IF EXISTS dispatches_tenant_id_dispatch_no_key;
ALTER TABLE IF EXISTS ONLY dsp.dispatches DROP CONSTRAINT IF EXISTS dispatches_pkey;
ALTER TABLE IF EXISTS ONLY dsp.dispatches DROP CONSTRAINT IF EXISTS dispatches_dispatch_uid_key;
ALTER TABLE IF EXISTS ONLY dsp.dispatches DROP CONSTRAINT IF EXISTS dispatch_vehicle_no_overlap;
ALTER TABLE IF EXISTS ONLY dsp.dispatch_events DROP CONSTRAINT IF EXISTS dispatch_events_pkey;
ALTER TABLE IF EXISTS ONLY dsp.dispatch_events DROP CONSTRAINT IF EXISTS dispatch_events_dispatch_event_uid_key;
ALTER TABLE IF EXISTS ONLY dsp.dispatches DROP CONSTRAINT IF EXISTS dispatch_driver_no_overlap;
ALTER TABLE IF EXISTS ONLY dsp.assignments DROP CONSTRAINT IF EXISTS assignments_tenant_id_assignment_no_key;
ALTER TABLE IF EXISTS ONLY dsp.assignments DROP CONSTRAINT IF EXISTS assignments_pkey;
ALTER TABLE IF EXISTS ONLY dsp.assignments DROP CONSTRAINT IF EXISTS assignments_assignment_uid_key;
ALTER TABLE IF EXISTS ONLY dsp.assignment_candidates DROP CONSTRAINT IF EXISTS assignment_candidates_pkey;
ALTER TABLE IF EXISTS ONLY dsp.assignment_candidates DROP CONSTRAINT IF EXISTS assignment_candidates_assignment_candidate_uid_key;
ALTER TABLE IF EXISTS ONLY core.users DROP CONSTRAINT IF EXISTS users_user_uid_key;
ALTER TABLE IF EXISTS ONLY core.users DROP CONSTRAINT IF EXISTS users_tenant_id_login_id_key;
ALTER TABLE IF EXISTS ONLY core.users DROP CONSTRAINT IF EXISTS users_pkey;
ALTER TABLE IF EXISTS ONLY core.user_roles DROP CONSTRAINT IF EXISTS user_roles_pkey;
ALTER TABLE IF EXISTS ONLY core.user_data_scopes DROP CONSTRAINT IF EXISTS user_data_scopes_user_data_scope_uid_key;
ALTER TABLE IF EXISTS ONLY core.user_data_scopes DROP CONSTRAINT IF EXISTS user_data_scopes_pkey;
ALTER TABLE IF EXISTS ONLY core.tenants DROP CONSTRAINT IF EXISTS tenants_tenant_uid_key;
ALTER TABLE IF EXISTS ONLY core.tenants DROP CONSTRAINT IF EXISTS tenants_tenant_code_key;
ALTER TABLE IF EXISTS ONLY core.tenants DROP CONSTRAINT IF EXISTS tenants_pkey;
ALTER TABLE IF EXISTS ONLY core.roles DROP CONSTRAINT IF EXISTS roles_tenant_id_role_code_key;
ALTER TABLE IF EXISTS ONLY core.roles DROP CONSTRAINT IF EXISTS roles_role_uid_key;
ALTER TABLE IF EXISTS ONLY core.roles DROP CONSTRAINT IF EXISTS roles_pkey;
ALTER TABLE IF EXISTS ONLY core.role_permissions DROP CONSTRAINT IF EXISTS role_permissions_pkey;
ALTER TABLE IF EXISTS ONLY core.permissions DROP CONSTRAINT IF EXISTS permissions_pkey;
ALTER TABLE IF EXISTS ONLY core.permissions DROP CONSTRAINT IF EXISTS permissions_permission_uid_key;
ALTER TABLE IF EXISTS ONLY core.permissions DROP CONSTRAINT IF EXISTS permissions_permission_code_key;
ALTER TABLE IF EXISTS ONLY core.companies DROP CONSTRAINT IF EXISTS companies_tenant_id_company_code_key;
ALTER TABLE IF EXISTS ONLY core.companies DROP CONSTRAINT IF EXISTS companies_pkey;
ALTER TABLE IF EXISTS ONLY core.companies DROP CONSTRAINT IF EXISTS companies_company_uid_key;
ALTER TABLE IF EXISTS ONLY core.common_codes DROP CONSTRAINT IF EXISTS common_codes_pkey;
ALTER TABLE IF EXISTS ONLY core.common_codes DROP CONSTRAINT IF EXISTS common_codes_code_uid_key;
ALTER TABLE IF EXISTS ONLY core.common_codes DROP CONSTRAINT IF EXISTS common_codes_code_group_id_code_key;
ALTER TABLE IF EXISTS ONLY core.common_code_groups DROP CONSTRAINT IF EXISTS common_code_groups_tenant_id_group_code_key;
ALTER TABLE IF EXISTS ONLY core.common_code_groups DROP CONSTRAINT IF EXISTS common_code_groups_pkey;
ALTER TABLE IF EXISTS ONLY core.common_code_groups DROP CONSTRAINT IF EXISTS common_code_groups_code_group_uid_key;
ALTER TABLE IF EXISTS ONLY core.branches DROP CONSTRAINT IF EXISTS branches_tenant_id_company_id_branch_code_key;
ALTER TABLE IF EXISTS ONLY core.branches DROP CONSTRAINT IF EXISTS branches_pkey;
ALTER TABLE IF EXISTS ONLY core.branches DROP CONSTRAINT IF EXISTS branches_branch_uid_key;
ALTER TABLE IF EXISTS ONLY audit.notifications DROP CONSTRAINT IF EXISTS notifications_pkey;
ALTER TABLE IF EXISTS ONLY audit.notifications DROP CONSTRAINT IF EXISTS notifications_notification_uid_key;
ALTER TABLE IF EXISTS ONLY audit.audit_logs DROP CONSTRAINT IF EXISTS audit_logs_pkey;
ALTER TABLE IF EXISTS ONLY audit.audit_logs DROP CONSTRAINT IF EXISTS audit_logs_audit_log_uid_key;
DROP TABLE IF EXISTS stl.settlements;
DROP TABLE IF EXISTS stl.settlement_lines;
DROP TABLE IF EXISTS stl.settlement_closings;
DROP TABLE IF EXISTS stl.settlement_batches;
DROP TABLE IF EXISTS stl.settlement_adjustments;
DROP TABLE IF EXISTS public.alembic_version;
DROP TABLE IF EXISTS plan.transport_plans;
DROP TABLE IF EXISTS plan.plan_stops;
DROP TABLE IF EXISTS plan.plan_orders;
DROP TABLE IF EXISTS ord.orders;
DROP TABLE IF EXISTS ord.order_stops;
DROP TABLE IF EXISTS ord.order_status_history;
DROP TABLE IF EXISTS ord.order_items;
DROP TABLE IF EXISTS ord.order_attachments;
DROP TABLE IF EXISTS mdm.vehicles;
DROP TABLE IF EXISTS mdm.locations;
DROP TABLE IF EXISTS mdm.drivers;
DROP TABLE IF EXISTS mdm.customers;
DROP TABLE IF EXISTS mdm.contracts;
DROP TABLE IF EXISTS mdm.contract_rates;
DROP TABLE IF EXISTS mdm.carriers;
DROP TABLE IF EXISTS mdm.business_partners;
DROP TABLE IF EXISTS exec.stop_results;
DROP TABLE IF EXISTS exec.pod_documents;
DROP TABLE IF EXISTS exec.incidents;
DROP TABLE IF EXISTS exec.gps_positions;
DROP TABLE IF EXISTS exec.execution_results;
DROP TABLE IF EXISTS dsp.dispatches;
DROP TABLE IF EXISTS dsp.dispatch_events;
DROP TABLE IF EXISTS dsp.assignments;
DROP TABLE IF EXISTS dsp.assignment_candidates;
DROP TABLE IF EXISTS core.users;
DROP TABLE IF EXISTS core.user_roles;
DROP TABLE IF EXISTS core.user_data_scopes;
DROP TABLE IF EXISTS core.tenants;
DROP TABLE IF EXISTS core.roles;
DROP TABLE IF EXISTS core.role_permissions;
DROP TABLE IF EXISTS core.permissions;
DROP TABLE IF EXISTS core.companies;
DROP TABLE IF EXISTS core.common_codes;
DROP TABLE IF EXISTS core.common_code_groups;
DROP TABLE IF EXISTS core.branches;
DROP TABLE IF EXISTS audit.notifications;
DROP TABLE IF EXISTS audit.audit_logs;
DROP FUNCTION IF EXISTS core.touch_updated_at();
DROP SCHEMA IF EXISTS stl;
DROP SCHEMA IF EXISTS plan;
DROP SCHEMA IF EXISTS ord;
DROP SCHEMA IF EXISTS mdm;
DROP SCHEMA IF EXISTS exec;
DROP SCHEMA IF EXISTS dsp;
DROP SCHEMA IF EXISTS core;
DROP SCHEMA IF EXISTS audit;
--
-- Name: audit; Type: SCHEMA; Schema: -; Owner: -
--

CREATE SCHEMA audit;


--
-- Name: core; Type: SCHEMA; Schema: -; Owner: -
--

CREATE SCHEMA core;


--
-- Name: dsp; Type: SCHEMA; Schema: -; Owner: -
--

CREATE SCHEMA dsp;


--
-- Name: exec; Type: SCHEMA; Schema: -; Owner: -
--

CREATE SCHEMA exec;


--
-- Name: mdm; Type: SCHEMA; Schema: -; Owner: -
--

CREATE SCHEMA mdm;


--
-- Name: ord; Type: SCHEMA; Schema: -; Owner: -
--

CREATE SCHEMA ord;


--
-- Name: plan; Type: SCHEMA; Schema: -; Owner: -
--

CREATE SCHEMA plan;


--
-- Name: stl; Type: SCHEMA; Schema: -; Owner: -
--

CREATE SCHEMA stl;


--
-- Name: btree_gist; Type: EXTENSION; Schema: -; Owner: -
--



--
-- Name: EXTENSION btree_gist; Type: COMMENT; Schema: -; Owner: -
--



--
-- Name: pgcrypto; Type: EXTENSION; Schema: -; Owner: -
--



--
-- Name: EXTENSION pgcrypto; Type: COMMENT; Schema: -; Owner: -
--



--
-- Name: touch_updated_at(); Type: FUNCTION; Schema: core; Owner: -
--

CREATE FUNCTION core.touch_updated_at() RETURNS trigger
    LANGUAGE plpgsql
    AS $$
BEGIN
    NEW.updated_at = now();
    RETURN NEW;
END;
$$;


SET default_tablespace = '';


--
-- Name: audit_logs; Type: TABLE; Schema: audit; Owner: -
--

CREATE TABLE audit.audit_logs (
    audit_log_id bigint NOT NULL,
    audit_log_uid uuid DEFAULT public.gen_random_uuid() NOT NULL,
    tenant_id bigint,
    actor_user_id bigint,
    action_code character varying(80) NOT NULL,
    entity_schema character varying(80) NOT NULL,
    entity_name character varying(120) NOT NULL,
    entity_id bigint,
    entity_uid uuid,
    before_data jsonb,
    after_data jsonb,
    reason_text text,
    ip_address inet,
    user_agent text,
    created_at timestamp with time zone DEFAULT now() NOT NULL,
    is_active boolean DEFAULT true NOT NULL,
    created_by bigint,
    updated_at timestamp with time zone DEFAULT now() NOT NULL,
    updated_by bigint,
    deleted_at timestamp with time zone,
    deleted_by bigint
);


--
-- Name: audit_logs_audit_log_id_seq; Type: SEQUENCE; Schema: audit; Owner: -
--

ALTER TABLE audit.audit_logs ALTER COLUMN audit_log_id ADD GENERATED ALWAYS AS IDENTITY (
    SEQUENCE NAME audit.audit_logs_audit_log_id_seq
    START WITH 1
    INCREMENT BY 1
    NO MINVALUE
    NO MAXVALUE
    CACHE 1
);


--
-- Name: notifications; Type: TABLE; Schema: audit; Owner: -
--

CREATE TABLE audit.notifications (
    notification_id bigint NOT NULL,
    notification_uid uuid DEFAULT public.gen_random_uuid() NOT NULL,
    tenant_id bigint NOT NULL,
    recipient_user_id bigint,
    channel character varying(30) NOT NULL,
    template_code character varying(80),
    title character varying(300),
    message text NOT NULL,
    payload jsonb DEFAULT '{}'::jsonb NOT NULL,
    status_code character varying(40) DEFAULT 'PENDING'::character varying NOT NULL,
    sent_at timestamp with time zone,
    error_message text,
    created_at timestamp with time zone DEFAULT now() NOT NULL,
    is_active boolean DEFAULT true NOT NULL,
    created_by bigint,
    updated_at timestamp with time zone DEFAULT now() NOT NULL,
    updated_by bigint,
    deleted_at timestamp with time zone,
    deleted_by bigint
);


--
-- Name: notifications_notification_id_seq; Type: SEQUENCE; Schema: audit; Owner: -
--

ALTER TABLE audit.notifications ALTER COLUMN notification_id ADD GENERATED ALWAYS AS IDENTITY (
    SEQUENCE NAME audit.notifications_notification_id_seq
    START WITH 1
    INCREMENT BY 1
    NO MINVALUE
    NO MAXVALUE
    CACHE 1
);


--
-- Name: branches; Type: TABLE; Schema: core; Owner: -
--

CREATE TABLE core.branches (
    branch_id bigint NOT NULL,
    branch_uid uuid DEFAULT public.gen_random_uuid() NOT NULL,
    tenant_id bigint NOT NULL,
    company_id bigint NOT NULL,
    parent_branch_id bigint,
    branch_code character varying(50) NOT NULL,
    branch_name character varying(200) NOT NULL,
    is_active boolean DEFAULT true NOT NULL,
    created_at timestamp with time zone DEFAULT now() NOT NULL,
    updated_at timestamp with time zone DEFAULT now() NOT NULL,
    created_by bigint,
    updated_by bigint,
    deleted_at timestamp with time zone,
    deleted_by bigint
);


--
-- Name: branches_branch_id_seq; Type: SEQUENCE; Schema: core; Owner: -
--

ALTER TABLE core.branches ALTER COLUMN branch_id ADD GENERATED ALWAYS AS IDENTITY (
    SEQUENCE NAME core.branches_branch_id_seq
    START WITH 1
    INCREMENT BY 1
    NO MINVALUE
    NO MAXVALUE
    CACHE 1
);


--
-- Name: common_code_groups; Type: TABLE; Schema: core; Owner: -
--

CREATE TABLE core.common_code_groups (
    code_group_id bigint NOT NULL,
    code_group_uid uuid DEFAULT public.gen_random_uuid() NOT NULL,
    tenant_id bigint,
    group_code character varying(80) NOT NULL,
    group_name character varying(200) NOT NULL,
    is_system boolean DEFAULT false NOT NULL,
    is_active boolean DEFAULT true NOT NULL,
    created_at timestamp with time zone DEFAULT now() NOT NULL,
    updated_at timestamp with time zone DEFAULT now() NOT NULL,
    created_by bigint,
    updated_by bigint,
    deleted_at timestamp with time zone,
    deleted_by bigint
);


--
-- Name: common_code_groups_code_group_id_seq; Type: SEQUENCE; Schema: core; Owner: -
--

ALTER TABLE core.common_code_groups ALTER COLUMN code_group_id ADD GENERATED ALWAYS AS IDENTITY (
    SEQUENCE NAME core.common_code_groups_code_group_id_seq
    START WITH 1
    INCREMENT BY 1
    NO MINVALUE
    NO MAXVALUE
    CACHE 1
);


--
-- Name: common_codes; Type: TABLE; Schema: core; Owner: -
--

CREATE TABLE core.common_codes (
    code_id bigint NOT NULL,
    code_uid uuid DEFAULT public.gen_random_uuid() NOT NULL,
    code_group_id bigint NOT NULL,
    code character varying(80) NOT NULL,
    code_name character varying(200) NOT NULL,
    sort_order integer DEFAULT 0 NOT NULL,
    properties jsonb DEFAULT '{}'::jsonb NOT NULL,
    is_active boolean DEFAULT true NOT NULL,
    created_at timestamp with time zone DEFAULT now() NOT NULL,
    updated_at timestamp with time zone DEFAULT now() NOT NULL,
    created_by bigint,
    updated_by bigint,
    deleted_at timestamp with time zone,
    deleted_by bigint
);


--
-- Name: common_codes_code_id_seq; Type: SEQUENCE; Schema: core; Owner: -
--

ALTER TABLE core.common_codes ALTER COLUMN code_id ADD GENERATED ALWAYS AS IDENTITY (
    SEQUENCE NAME core.common_codes_code_id_seq
    START WITH 1
    INCREMENT BY 1
    NO MINVALUE
    NO MAXVALUE
    CACHE 1
);


--
-- Name: companies; Type: TABLE; Schema: core; Owner: -
--

CREATE TABLE core.companies (
    company_id bigint NOT NULL,
    company_uid uuid DEFAULT public.gen_random_uuid() NOT NULL,
    tenant_id bigint NOT NULL,
    company_code character varying(50) NOT NULL,
    company_name character varying(200) NOT NULL,
    company_type character varying(30) NOT NULL,
    business_no character varying(30),
    phone character varying(50),
    email character varying(200),
    is_active boolean DEFAULT true NOT NULL,
    created_at timestamp with time zone DEFAULT now() NOT NULL,
    updated_at timestamp with time zone DEFAULT now() NOT NULL,
    created_by bigint,
    updated_by bigint,
    deleted_at timestamp with time zone,
    deleted_by bigint
);


--
-- Name: companies_company_id_seq; Type: SEQUENCE; Schema: core; Owner: -
--

ALTER TABLE core.companies ALTER COLUMN company_id ADD GENERATED ALWAYS AS IDENTITY (
    SEQUENCE NAME core.companies_company_id_seq
    START WITH 1
    INCREMENT BY 1
    NO MINVALUE
    NO MAXVALUE
    CACHE 1
);


--
-- Name: permissions; Type: TABLE; Schema: core; Owner: -
--

CREATE TABLE core.permissions (
    permission_id bigint NOT NULL,
    permission_uid uuid DEFAULT public.gen_random_uuid() NOT NULL,
    permission_code character varying(120) NOT NULL,
    permission_name character varying(200) NOT NULL,
    resource_type character varying(50) NOT NULL,
    action_code character varying(50) NOT NULL,
    created_at timestamp with time zone DEFAULT now() NOT NULL,
    is_active boolean DEFAULT true NOT NULL,
    created_by bigint,
    updated_at timestamp with time zone DEFAULT now() NOT NULL,
    updated_by bigint,
    deleted_at timestamp with time zone,
    deleted_by bigint
);


--
-- Name: permissions_permission_id_seq; Type: SEQUENCE; Schema: core; Owner: -
--

ALTER TABLE core.permissions ALTER COLUMN permission_id ADD GENERATED ALWAYS AS IDENTITY (
    SEQUENCE NAME core.permissions_permission_id_seq
    START WITH 1
    INCREMENT BY 1
    NO MINVALUE
    NO MAXVALUE
    CACHE 1
);


--
-- Name: role_permissions; Type: TABLE; Schema: core; Owner: -
--

CREATE TABLE core.role_permissions (
    role_id bigint NOT NULL,
    permission_id bigint NOT NULL,
    is_active boolean DEFAULT true NOT NULL,
    created_at timestamp with time zone DEFAULT now() NOT NULL,
    created_by bigint,
    updated_at timestamp with time zone DEFAULT now() NOT NULL,
    updated_by bigint,
    deleted_at timestamp with time zone,
    deleted_by bigint
);


--
-- Name: roles; Type: TABLE; Schema: core; Owner: -
--

CREATE TABLE core.roles (
    role_id bigint NOT NULL,
    role_uid uuid DEFAULT public.gen_random_uuid() NOT NULL,
    tenant_id bigint NOT NULL,
    role_code character varying(80) NOT NULL,
    role_name character varying(200) NOT NULL,
    is_system boolean DEFAULT false NOT NULL,
    is_active boolean DEFAULT true NOT NULL,
    created_at timestamp with time zone DEFAULT now() NOT NULL,
    updated_at timestamp with time zone DEFAULT now() NOT NULL,
    created_by bigint,
    updated_by bigint,
    deleted_at timestamp with time zone,
    deleted_by bigint
);


--
-- Name: roles_role_id_seq; Type: SEQUENCE; Schema: core; Owner: -
--

ALTER TABLE core.roles ALTER COLUMN role_id ADD GENERATED ALWAYS AS IDENTITY (
    SEQUENCE NAME core.roles_role_id_seq
    START WITH 1
    INCREMENT BY 1
    NO MINVALUE
    NO MAXVALUE
    CACHE 1
);


--
-- Name: tenants; Type: TABLE; Schema: core; Owner: -
--

CREATE TABLE core.tenants (
    tenant_id bigint NOT NULL,
    tenant_uid uuid DEFAULT public.gen_random_uuid() NOT NULL,
    tenant_code character varying(50) NOT NULL,
    tenant_name character varying(200) NOT NULL,
    timezone character varying(50) DEFAULT 'Asia/Seoul'::character varying NOT NULL,
    locale character varying(20) DEFAULT 'ko-KR'::character varying NOT NULL,
    is_active boolean DEFAULT true NOT NULL,
    created_at timestamp with time zone DEFAULT now() NOT NULL,
    updated_at timestamp with time zone DEFAULT now() NOT NULL,
    created_by bigint,
    updated_by bigint,
    deleted_at timestamp with time zone,
    deleted_by bigint
);


--
-- Name: tenants_tenant_id_seq; Type: SEQUENCE; Schema: core; Owner: -
--

ALTER TABLE core.tenants ALTER COLUMN tenant_id ADD GENERATED ALWAYS AS IDENTITY (
    SEQUENCE NAME core.tenants_tenant_id_seq
    START WITH 1
    INCREMENT BY 1
    NO MINVALUE
    NO MAXVALUE
    CACHE 1
);


--
-- Name: user_data_scopes; Type: TABLE; Schema: core; Owner: -
--

CREATE TABLE core.user_data_scopes (
    user_data_scope_id bigint NOT NULL,
    user_data_scope_uid uuid DEFAULT public.gen_random_uuid() NOT NULL,
    tenant_id bigint NOT NULL,
    user_id bigint NOT NULL,
    scope_type character varying(30) NOT NULL,
    scope_id bigint,
    created_at timestamp with time zone DEFAULT now() NOT NULL,
    is_active boolean DEFAULT true NOT NULL,
    created_by bigint,
    updated_at timestamp with time zone DEFAULT now() NOT NULL,
    updated_by bigint,
    deleted_at timestamp with time zone,
    deleted_by bigint
);


--
-- Name: user_data_scopes_user_data_scope_id_seq; Type: SEQUENCE; Schema: core; Owner: -
--

ALTER TABLE core.user_data_scopes ALTER COLUMN user_data_scope_id ADD GENERATED ALWAYS AS IDENTITY (
    SEQUENCE NAME core.user_data_scopes_user_data_scope_id_seq
    START WITH 1
    INCREMENT BY 1
    NO MINVALUE
    NO MAXVALUE
    CACHE 1
);


--
-- Name: user_roles; Type: TABLE; Schema: core; Owner: -
--

CREATE TABLE core.user_roles (
    user_id bigint NOT NULL,
    role_id bigint NOT NULL,
    granted_by bigint,
    granted_at timestamp with time zone DEFAULT now() NOT NULL,
    is_active boolean DEFAULT true NOT NULL,
    created_at timestamp with time zone DEFAULT now() NOT NULL,
    created_by bigint,
    updated_at timestamp with time zone DEFAULT now() NOT NULL,
    updated_by bigint,
    deleted_at timestamp with time zone,
    deleted_by bigint
);


--
-- Name: users; Type: TABLE; Schema: core; Owner: -
--

CREATE TABLE core.users (
    user_id bigint NOT NULL,
    user_uid uuid DEFAULT public.gen_random_uuid() NOT NULL,
    tenant_id bigint NOT NULL,
    company_id bigint,
    branch_id bigint,
    login_id character varying(100) NOT NULL,
    password_hash text,
    user_name character varying(100) NOT NULL,
    email character varying(200),
    phone character varying(50),
    user_type character varying(30) NOT NULL,
    auth_provider character varying(30) DEFAULT 'LOCAL'::character varying NOT NULL,
    mfa_enabled boolean DEFAULT false NOT NULL,
    locked_at timestamp with time zone,
    last_login_at timestamp with time zone,
    is_active boolean DEFAULT true NOT NULL,
    deleted_at timestamp with time zone,
    created_at timestamp with time zone DEFAULT now() NOT NULL,
    updated_at timestamp with time zone DEFAULT now() NOT NULL,
    created_by bigint,
    updated_by bigint,
    deleted_by bigint
);


--
-- Name: users_user_id_seq; Type: SEQUENCE; Schema: core; Owner: -
--

ALTER TABLE core.users ALTER COLUMN user_id ADD GENERATED ALWAYS AS IDENTITY (
    SEQUENCE NAME core.users_user_id_seq
    START WITH 1
    INCREMENT BY 1
    NO MINVALUE
    NO MAXVALUE
    CACHE 1
);


--
-- Name: assignment_candidates; Type: TABLE; Schema: dsp; Owner: -
--

CREATE TABLE dsp.assignment_candidates (
    assignment_candidate_id bigint NOT NULL,
    assignment_candidate_uid uuid DEFAULT public.gen_random_uuid() NOT NULL,
    tenant_id bigint NOT NULL,
    transport_plan_id bigint NOT NULL,
    carrier_id bigint,
    vehicle_id bigint,
    driver_id bigint,
    score numeric(8,3) DEFAULT 0 NOT NULL,
    estimated_amount numeric(18,2),
    candidate_reason jsonb DEFAULT '{}'::jsonb NOT NULL,
    violation_reason jsonb DEFAULT '[]'::jsonb NOT NULL,
    status_code character varying(40) DEFAULT 'CANDIDATE'::character varying NOT NULL,
    created_at timestamp with time zone DEFAULT now() NOT NULL,
    is_active boolean DEFAULT true NOT NULL,
    created_by bigint,
    updated_at timestamp with time zone DEFAULT now() NOT NULL,
    updated_by bigint,
    deleted_at timestamp with time zone,
    deleted_by bigint
);


--
-- Name: assignment_candidates_assignment_candidate_id_seq; Type: SEQUENCE; Schema: dsp; Owner: -
--

ALTER TABLE dsp.assignment_candidates ALTER COLUMN assignment_candidate_id ADD GENERATED ALWAYS AS IDENTITY (
    SEQUENCE NAME dsp.assignment_candidates_assignment_candidate_id_seq
    START WITH 1
    INCREMENT BY 1
    NO MINVALUE
    NO MAXVALUE
    CACHE 1
);


--
-- Name: assignments; Type: TABLE; Schema: dsp; Owner: -
--

CREATE TABLE dsp.assignments (
    assignment_id bigint NOT NULL,
    assignment_uid uuid DEFAULT public.gen_random_uuid() NOT NULL,
    tenant_id bigint NOT NULL,
    transport_plan_id bigint NOT NULL,
    assignment_no character varying(80) NOT NULL,
    assignment_type character varying(30) NOT NULL,
    status_code character varying(40) DEFAULT 'CANDIDATE'::character varying NOT NULL,
    carrier_id bigint,
    vehicle_id bigint,
    driver_id bigint,
    offered_at timestamp with time zone,
    offer_expires_at timestamp with time zone,
    accepted_at timestamp with time zone,
    confirmed_by bigint,
    confirmed_at timestamp with time zone,
    estimated_purchase_amount numeric(18,2),
    created_by bigint,
    created_at timestamp with time zone DEFAULT now() NOT NULL,
    updated_at timestamp with time zone DEFAULT now() NOT NULL,
    is_active boolean DEFAULT true NOT NULL,
    updated_by bigint,
    deleted_at timestamp with time zone,
    deleted_by bigint
);


--
-- Name: assignments_assignment_id_seq; Type: SEQUENCE; Schema: dsp; Owner: -
--

ALTER TABLE dsp.assignments ALTER COLUMN assignment_id ADD GENERATED ALWAYS AS IDENTITY (
    SEQUENCE NAME dsp.assignments_assignment_id_seq
    START WITH 1
    INCREMENT BY 1
    NO MINVALUE
    NO MAXVALUE
    CACHE 1
);


--
-- Name: dispatch_events; Type: TABLE; Schema: dsp; Owner: -
--

CREATE TABLE dsp.dispatch_events (
    dispatch_event_id bigint NOT NULL,
    dispatch_event_uid uuid DEFAULT public.gen_random_uuid() NOT NULL,
    tenant_id bigint NOT NULL,
    dispatch_id bigint NOT NULL,
    plan_stop_id bigint,
    event_code character varying(60) NOT NULL,
    event_at timestamp with time zone DEFAULT now() NOT NULL,
    latitude numeric(10,7),
    longitude numeric(10,7),
    event_source character varying(30) DEFAULT 'WEB'::character varying NOT NULL,
    note text,
    created_by bigint,
    created_at timestamp with time zone DEFAULT now() NOT NULL,
    is_active boolean DEFAULT true NOT NULL,
    updated_at timestamp with time zone DEFAULT now() NOT NULL,
    updated_by bigint,
    deleted_at timestamp with time zone,
    deleted_by bigint
);


--
-- Name: dispatch_events_dispatch_event_id_seq; Type: SEQUENCE; Schema: dsp; Owner: -
--

ALTER TABLE dsp.dispatch_events ALTER COLUMN dispatch_event_id ADD GENERATED ALWAYS AS IDENTITY (
    SEQUENCE NAME dsp.dispatch_events_dispatch_event_id_seq
    START WITH 1
    INCREMENT BY 1
    NO MINVALUE
    NO MAXVALUE
    CACHE 1
);


--
-- Name: dispatches; Type: TABLE; Schema: dsp; Owner: -
--

CREATE TABLE dsp.dispatches (
    dispatch_id bigint NOT NULL,
    dispatch_uid uuid DEFAULT public.gen_random_uuid() NOT NULL,
    tenant_id bigint NOT NULL,
    dispatch_no character varying(80) NOT NULL,
    transport_plan_id bigint NOT NULL,
    assignment_id bigint,
    carrier_id bigint,
    vehicle_id bigint,
    driver_id bigint,
    dispatch_date date DEFAULT CURRENT_DATE NOT NULL,
    status_code character varying(40) DEFAULT 'READY'::character varying NOT NULL,
    scheduled_start_at timestamp with time zone,
    scheduled_end_at timestamp with time zone,
    sent_at timestamp with time zone,
    driver_accepted_at timestamp with time zone,
    cancelled_at timestamp with time zone,
    cancel_reason text,
    dispatch_note text,
    created_by bigint,
    created_at timestamp with time zone DEFAULT now() NOT NULL,
    updated_at timestamp with time zone DEFAULT now() NOT NULL,
    is_active boolean DEFAULT true NOT NULL,
    updated_by bigint,
    deleted_at timestamp with time zone,
    deleted_by bigint
);


--
-- Name: dispatches_dispatch_id_seq; Type: SEQUENCE; Schema: dsp; Owner: -
--

ALTER TABLE dsp.dispatches ALTER COLUMN dispatch_id ADD GENERATED ALWAYS AS IDENTITY (
    SEQUENCE NAME dsp.dispatches_dispatch_id_seq
    START WITH 1
    INCREMENT BY 1
    NO MINVALUE
    NO MAXVALUE
    CACHE 1
);


--
-- Name: execution_results; Type: TABLE; Schema: exec; Owner: -
--

CREATE TABLE exec.execution_results (
    execution_result_id bigint NOT NULL,
    execution_result_uid uuid DEFAULT public.gen_random_uuid() NOT NULL,
    tenant_id bigint NOT NULL,
    dispatch_id bigint NOT NULL,
    transport_plan_id bigint NOT NULL,
    status_code character varying(40) DEFAULT 'PENDING'::character varying NOT NULL,
    actual_start_at timestamp with time zone,
    actual_end_at timestamp with time zone,
    actual_distance_km numeric(12,3),
    actual_weight_kg numeric(18,3),
    actual_volume_cbm numeric(18,3),
    actual_pallets numeric(18,3),
    delay_minutes integer DEFAULT 0 NOT NULL,
    delay_reason_code character varying(80),
    confirmed_by bigint,
    confirmed_at timestamp with time zone,
    result_note text,
    created_at timestamp with time zone DEFAULT now() NOT NULL,
    updated_at timestamp with time zone DEFAULT now() NOT NULL,
    is_active boolean DEFAULT true NOT NULL,
    created_by bigint,
    updated_by bigint,
    deleted_at timestamp with time zone,
    deleted_by bigint
);


--
-- Name: execution_results_execution_result_id_seq; Type: SEQUENCE; Schema: exec; Owner: -
--

ALTER TABLE exec.execution_results ALTER COLUMN execution_result_id ADD GENERATED ALWAYS AS IDENTITY (
    SEQUENCE NAME exec.execution_results_execution_result_id_seq
    START WITH 1
    INCREMENT BY 1
    NO MINVALUE
    NO MAXVALUE
    CACHE 1
);


--
-- Name: gps_positions; Type: TABLE; Schema: exec; Owner: -
--

CREATE TABLE exec.gps_positions (
    gps_position_id bigint NOT NULL,
    gps_position_uid uuid DEFAULT public.gen_random_uuid() NOT NULL,
    tenant_id bigint NOT NULL,
    dispatch_id bigint,
    vehicle_id bigint,
    driver_id bigint,
    latitude numeric(10,7) NOT NULL,
    longitude numeric(10,7) NOT NULL,
    speed_kph numeric(8,2),
    temperature_c numeric(6,2),
    position_at timestamp with time zone NOT NULL,
    source character varying(30) DEFAULT 'MOBILE'::character varying NOT NULL,
    created_at timestamp with time zone DEFAULT now() NOT NULL,
    is_active boolean DEFAULT true NOT NULL,
    created_by bigint,
    updated_at timestamp with time zone DEFAULT now() NOT NULL,
    updated_by bigint,
    deleted_at timestamp with time zone,
    deleted_by bigint
);


--
-- Name: gps_positions_gps_position_id_seq; Type: SEQUENCE; Schema: exec; Owner: -
--

ALTER TABLE exec.gps_positions ALTER COLUMN gps_position_id ADD GENERATED ALWAYS AS IDENTITY (
    SEQUENCE NAME exec.gps_positions_gps_position_id_seq
    START WITH 1
    INCREMENT BY 1
    NO MINVALUE
    NO MAXVALUE
    CACHE 1
);


--
-- Name: incidents; Type: TABLE; Schema: exec; Owner: -
--

CREATE TABLE exec.incidents (
    incident_id bigint NOT NULL,
    incident_uid uuid DEFAULT public.gen_random_uuid() NOT NULL,
    tenant_id bigint NOT NULL,
    dispatch_id bigint,
    execution_result_id bigint,
    incident_no character varying(80) NOT NULL,
    incident_type character varying(40) NOT NULL,
    severity character varying(20) DEFAULT 'NORMAL'::character varying NOT NULL,
    status_code character varying(40) DEFAULT 'OPEN'::character varying NOT NULL,
    occurred_at timestamp with time zone DEFAULT now() NOT NULL,
    description text NOT NULL,
    responsibility_type character varying(40),
    estimated_claim_amount numeric(18,2),
    resolved_at timestamp with time zone,
    resolved_by bigint,
    created_by bigint,
    created_at timestamp with time zone DEFAULT now() NOT NULL,
    updated_at timestamp with time zone DEFAULT now() NOT NULL,
    is_active boolean DEFAULT true NOT NULL,
    updated_by bigint,
    deleted_at timestamp with time zone,
    deleted_by bigint
);


--
-- Name: incidents_incident_id_seq; Type: SEQUENCE; Schema: exec; Owner: -
--

ALTER TABLE exec.incidents ALTER COLUMN incident_id ADD GENERATED ALWAYS AS IDENTITY (
    SEQUENCE NAME exec.incidents_incident_id_seq
    START WITH 1
    INCREMENT BY 1
    NO MINVALUE
    NO MAXVALUE
    CACHE 1
);


--
-- Name: pod_documents; Type: TABLE; Schema: exec; Owner: -
--

CREATE TABLE exec.pod_documents (
    pod_document_id bigint NOT NULL,
    pod_document_uid uuid DEFAULT public.gen_random_uuid() NOT NULL,
    tenant_id bigint NOT NULL,
    execution_result_id bigint NOT NULL,
    stop_result_id bigint,
    document_type character varying(40) NOT NULL,
    file_name character varying(300) NOT NULL,
    file_url text NOT NULL,
    submitted_by bigint,
    submitted_at timestamp with time zone DEFAULT now() NOT NULL,
    reviewed_by bigint,
    reviewed_at timestamp with time zone,
    review_status character varying(40) DEFAULT 'SUBMITTED'::character varying NOT NULL,
    is_active boolean DEFAULT true NOT NULL,
    created_at timestamp with time zone DEFAULT now() NOT NULL,
    created_by bigint,
    updated_at timestamp with time zone DEFAULT now() NOT NULL,
    updated_by bigint,
    deleted_at timestamp with time zone,
    deleted_by bigint
);


--
-- Name: pod_documents_pod_document_id_seq; Type: SEQUENCE; Schema: exec; Owner: -
--

ALTER TABLE exec.pod_documents ALTER COLUMN pod_document_id ADD GENERATED ALWAYS AS IDENTITY (
    SEQUENCE NAME exec.pod_documents_pod_document_id_seq
    START WITH 1
    INCREMENT BY 1
    NO MINVALUE
    NO MAXVALUE
    CACHE 1
);


--
-- Name: stop_results; Type: TABLE; Schema: exec; Owner: -
--

CREATE TABLE exec.stop_results (
    stop_result_id bigint NOT NULL,
    stop_result_uid uuid DEFAULT public.gen_random_uuid() NOT NULL,
    tenant_id bigint NOT NULL,
    execution_result_id bigint NOT NULL,
    plan_stop_id bigint NOT NULL,
    actual_arrival_at timestamp with time zone,
    actual_departure_at timestamp with time zone,
    actual_qty numeric(18,3),
    damaged_qty numeric(18,3) DEFAULT 0 NOT NULL,
    shortage_qty numeric(18,3) DEFAULT 0 NOT NULL,
    waiting_minutes integer DEFAULT 0 NOT NULL,
    signed_by character varying(100),
    result_code character varying(40) DEFAULT 'NORMAL'::character varying NOT NULL,
    note text,
    created_at timestamp with time zone DEFAULT now() NOT NULL,
    updated_at timestamp with time zone DEFAULT now() NOT NULL,
    is_active boolean DEFAULT true NOT NULL,
    created_by bigint,
    updated_by bigint,
    deleted_at timestamp with time zone,
    deleted_by bigint
);


--
-- Name: stop_results_stop_result_id_seq; Type: SEQUENCE; Schema: exec; Owner: -
--

ALTER TABLE exec.stop_results ALTER COLUMN stop_result_id ADD GENERATED ALWAYS AS IDENTITY (
    SEQUENCE NAME exec.stop_results_stop_result_id_seq
    START WITH 1
    INCREMENT BY 1
    NO MINVALUE
    NO MAXVALUE
    CACHE 1
);


--
-- Name: business_partners; Type: TABLE; Schema: mdm; Owner: -
--

CREATE TABLE mdm.business_partners (
    partner_id bigint NOT NULL,
    partner_uid uuid DEFAULT public.gen_random_uuid() NOT NULL,
    tenant_id bigint NOT NULL,
    partner_code character varying(50) NOT NULL,
    partner_name character varying(200) NOT NULL,
    partner_type character varying(30) NOT NULL,
    business_no character varying(30),
    phone character varying(50),
    email character varying(200),
    payment_terms character varying(80),
    is_active boolean DEFAULT true NOT NULL,
    created_at timestamp with time zone DEFAULT now() NOT NULL,
    updated_at timestamp with time zone DEFAULT now() NOT NULL,
    created_by bigint,
    updated_by bigint,
    deleted_at timestamp with time zone,
    deleted_by bigint
);


--
-- Name: business_partners_partner_id_seq; Type: SEQUENCE; Schema: mdm; Owner: -
--

ALTER TABLE mdm.business_partners ALTER COLUMN partner_id ADD GENERATED ALWAYS AS IDENTITY (
    SEQUENCE NAME mdm.business_partners_partner_id_seq
    START WITH 1
    INCREMENT BY 1
    NO MINVALUE
    NO MAXVALUE
    CACHE 1
);


--
-- Name: carriers; Type: TABLE; Schema: mdm; Owner: -
--

CREATE TABLE mdm.carriers (
    carrier_id bigint NOT NULL,
    carrier_uid uuid DEFAULT public.gen_random_uuid() NOT NULL,
    tenant_id bigint NOT NULL,
    partner_id bigint NOT NULL,
    carrier_code character varying(50) NOT NULL,
    carrier_name character varying(200) NOT NULL,
    settlement_partner_id bigint,
    carrier_grade character varying(20),
    allow_spot boolean DEFAULT true NOT NULL,
    is_active boolean DEFAULT true NOT NULL,
    created_at timestamp with time zone DEFAULT now() NOT NULL,
    updated_at timestamp with time zone DEFAULT now() NOT NULL,
    created_by bigint,
    updated_by bigint,
    deleted_at timestamp with time zone,
    deleted_by bigint
);


--
-- Name: carriers_carrier_id_seq; Type: SEQUENCE; Schema: mdm; Owner: -
--

ALTER TABLE mdm.carriers ALTER COLUMN carrier_id ADD GENERATED ALWAYS AS IDENTITY (
    SEQUENCE NAME mdm.carriers_carrier_id_seq
    START WITH 1
    INCREMENT BY 1
    NO MINVALUE
    NO MAXVALUE
    CACHE 1
);


--
-- Name: contract_rates; Type: TABLE; Schema: mdm; Owner: -
--

CREATE TABLE mdm.contract_rates (
    contract_rate_id bigint NOT NULL,
    contract_rate_uid uuid DEFAULT public.gen_random_uuid() NOT NULL,
    tenant_id bigint NOT NULL,
    contract_id bigint NOT NULL,
    rate_code character varying(80) NOT NULL,
    rate_name character varying(200) NOT NULL,
    order_type character varying(30),
    service_level character varying(30),
    origin_zone character varying(80),
    destination_zone character varying(80),
    vehicle_type character varying(40),
    ton_class numeric(6,2),
    rate_method character varying(30) NOT NULL,
    base_amount numeric(18,2) DEFAULT 0 NOT NULL,
    unit_price numeric(18,4),
    formula jsonb DEFAULT '{}'::jsonb NOT NULL,
    surcharge_rules jsonb DEFAULT '[]'::jsonb NOT NULL,
    priority integer DEFAULT 100 NOT NULL,
    is_active boolean DEFAULT true NOT NULL,
    created_at timestamp with time zone DEFAULT now() NOT NULL,
    updated_at timestamp with time zone DEFAULT now() NOT NULL,
    created_by bigint,
    updated_by bigint,
    deleted_at timestamp with time zone,
    deleted_by bigint
);


--
-- Name: contract_rates_contract_rate_id_seq; Type: SEQUENCE; Schema: mdm; Owner: -
--

ALTER TABLE mdm.contract_rates ALTER COLUMN contract_rate_id ADD GENERATED ALWAYS AS IDENTITY (
    SEQUENCE NAME mdm.contract_rates_contract_rate_id_seq
    START WITH 1
    INCREMENT BY 1
    NO MINVALUE
    NO MAXVALUE
    CACHE 1
);


--
-- Name: contracts; Type: TABLE; Schema: mdm; Owner: -
--

CREATE TABLE mdm.contracts (
    contract_id bigint NOT NULL,
    contract_uid uuid DEFAULT public.gen_random_uuid() NOT NULL,
    tenant_id bigint NOT NULL,
    contract_no character varying(80) NOT NULL,
    contract_type character varying(30) NOT NULL,
    customer_id bigint,
    carrier_id bigint,
    contract_name character varying(200) NOT NULL,
    effective_from date NOT NULL,
    effective_to date NOT NULL,
    currency_code character(3) DEFAULT 'KRW'::bpchar NOT NULL,
    vat_rate numeric(5,2) DEFAULT 10.00 NOT NULL,
    status_code character varying(30) DEFAULT 'ACTIVE'::character varying NOT NULL,
    terms jsonb DEFAULT '{}'::jsonb NOT NULL,
    created_at timestamp with time zone DEFAULT now() NOT NULL,
    updated_at timestamp with time zone DEFAULT now() NOT NULL,
    is_active boolean DEFAULT true NOT NULL,
    created_by bigint,
    updated_by bigint,
    deleted_at timestamp with time zone,
    deleted_by bigint,
    CONSTRAINT contracts_check CHECK ((effective_from <= effective_to))
);


--
-- Name: contracts_contract_id_seq; Type: SEQUENCE; Schema: mdm; Owner: -
--

ALTER TABLE mdm.contracts ALTER COLUMN contract_id ADD GENERATED ALWAYS AS IDENTITY (
    SEQUENCE NAME mdm.contracts_contract_id_seq
    START WITH 1
    INCREMENT BY 1
    NO MINVALUE
    NO MAXVALUE
    CACHE 1
);


--
-- Name: customers; Type: TABLE; Schema: mdm; Owner: -
--

CREATE TABLE mdm.customers (
    customer_id bigint NOT NULL,
    customer_uid uuid DEFAULT public.gen_random_uuid() NOT NULL,
    tenant_id bigint NOT NULL,
    partner_id bigint NOT NULL,
    customer_code character varying(50) NOT NULL,
    customer_name character varying(200) NOT NULL,
    billing_partner_id bigint,
    default_service_level character varying(30),
    is_active boolean DEFAULT true NOT NULL,
    created_at timestamp with time zone DEFAULT now() NOT NULL,
    updated_at timestamp with time zone DEFAULT now() NOT NULL,
    created_by bigint,
    updated_by bigint,
    deleted_at timestamp with time zone,
    deleted_by bigint
);


--
-- Name: customers_customer_id_seq; Type: SEQUENCE; Schema: mdm; Owner: -
--

ALTER TABLE mdm.customers ALTER COLUMN customer_id ADD GENERATED ALWAYS AS IDENTITY (
    SEQUENCE NAME mdm.customers_customer_id_seq
    START WITH 1
    INCREMENT BY 1
    NO MINVALUE
    NO MAXVALUE
    CACHE 1
);


--
-- Name: drivers; Type: TABLE; Schema: mdm; Owner: -
--

CREATE TABLE mdm.drivers (
    driver_id bigint NOT NULL,
    driver_uid uuid DEFAULT public.gen_random_uuid() NOT NULL,
    tenant_id bigint NOT NULL,
    carrier_id bigint,
    user_id bigint,
    driver_code character varying(50),
    driver_name character varying(100) NOT NULL,
    phone character varying(50) NOT NULL,
    license_no character varying(80),
    license_type character varying(50),
    license_expired_on date,
    status_code character varying(30) DEFAULT 'AVAILABLE'::character varying NOT NULL,
    qualifications jsonb DEFAULT '[]'::jsonb NOT NULL,
    is_active boolean DEFAULT true NOT NULL,
    created_at timestamp with time zone DEFAULT now() NOT NULL,
    updated_at timestamp with time zone DEFAULT now() NOT NULL,
    created_by bigint,
    updated_by bigint,
    deleted_at timestamp with time zone,
    deleted_by bigint
);


--
-- Name: drivers_driver_id_seq; Type: SEQUENCE; Schema: mdm; Owner: -
--

ALTER TABLE mdm.drivers ALTER COLUMN driver_id ADD GENERATED ALWAYS AS IDENTITY (
    SEQUENCE NAME mdm.drivers_driver_id_seq
    START WITH 1
    INCREMENT BY 1
    NO MINVALUE
    NO MAXVALUE
    CACHE 1
);


--
-- Name: locations; Type: TABLE; Schema: mdm; Owner: -
--

CREATE TABLE mdm.locations (
    location_id bigint NOT NULL,
    location_uid uuid DEFAULT public.gen_random_uuid() NOT NULL,
    tenant_id bigint NOT NULL,
    location_code character varying(80),
    location_name character varying(200) NOT NULL,
    location_type character varying(30) NOT NULL,
    partner_id bigint,
    address1 character varying(500) NOT NULL,
    address2 character varying(500),
    latitude numeric(10,7),
    longitude numeric(10,7),
    contact_name character varying(100),
    contact_phone character varying(50),
    operation_hours jsonb DEFAULT '{}'::jsonb NOT NULL,
    vehicle_restrictions jsonb DEFAULT '{}'::jsonb NOT NULL,
    is_active boolean DEFAULT true NOT NULL,
    created_at timestamp with time zone DEFAULT now() NOT NULL,
    updated_at timestamp with time zone DEFAULT now() NOT NULL,
    created_by bigint,
    updated_by bigint,
    deleted_at timestamp with time zone,
    deleted_by bigint
);


--
-- Name: locations_location_id_seq; Type: SEQUENCE; Schema: mdm; Owner: -
--

ALTER TABLE mdm.locations ALTER COLUMN location_id ADD GENERATED ALWAYS AS IDENTITY (
    SEQUENCE NAME mdm.locations_location_id_seq
    START WITH 1
    INCREMENT BY 1
    NO MINVALUE
    NO MAXVALUE
    CACHE 1
);


--
-- Name: vehicles; Type: TABLE; Schema: mdm; Owner: -
--

CREATE TABLE mdm.vehicles (
    vehicle_id bigint NOT NULL,
    vehicle_uid uuid DEFAULT public.gen_random_uuid() NOT NULL,
    tenant_id bigint NOT NULL,
    carrier_id bigint,
    vehicle_no character varying(30) NOT NULL,
    vehicle_type character varying(40) NOT NULL,
    ton_class numeric(6,2),
    max_weight_kg numeric(12,3),
    max_volume_cbm numeric(12,3),
    pallet_capacity integer,
    has_lift boolean DEFAULT false NOT NULL,
    temperature_min_c numeric(5,2),
    temperature_max_c numeric(5,2),
    status_code character varying(30) DEFAULT 'AVAILABLE'::character varying NOT NULL,
    insurance_expired_on date,
    is_active boolean DEFAULT true NOT NULL,
    created_at timestamp with time zone DEFAULT now() NOT NULL,
    updated_at timestamp with time zone DEFAULT now() NOT NULL,
    created_by bigint,
    updated_by bigint,
    deleted_at timestamp with time zone,
    deleted_by bigint
);


--
-- Name: vehicles_vehicle_id_seq; Type: SEQUENCE; Schema: mdm; Owner: -
--

ALTER TABLE mdm.vehicles ALTER COLUMN vehicle_id ADD GENERATED ALWAYS AS IDENTITY (
    SEQUENCE NAME mdm.vehicles_vehicle_id_seq
    START WITH 1
    INCREMENT BY 1
    NO MINVALUE
    NO MAXVALUE
    CACHE 1
);


--
-- Name: order_attachments; Type: TABLE; Schema: ord; Owner: -
--

CREATE TABLE ord.order_attachments (
    order_attachment_id bigint NOT NULL,
    order_attachment_uid uuid DEFAULT public.gen_random_uuid() NOT NULL,
    tenant_id bigint NOT NULL,
    order_id bigint NOT NULL,
    file_name character varying(300) NOT NULL,
    file_url text NOT NULL,
    file_type character varying(80),
    uploaded_by bigint,
    uploaded_at timestamp with time zone DEFAULT now() NOT NULL,
    is_active boolean DEFAULT true NOT NULL,
    created_at timestamp with time zone DEFAULT now() NOT NULL,
    created_by bigint,
    updated_at timestamp with time zone DEFAULT now() NOT NULL,
    updated_by bigint,
    deleted_at timestamp with time zone,
    deleted_by bigint
);


--
-- Name: order_attachments_order_attachment_id_seq; Type: SEQUENCE; Schema: ord; Owner: -
--

ALTER TABLE ord.order_attachments ALTER COLUMN order_attachment_id ADD GENERATED ALWAYS AS IDENTITY (
    SEQUENCE NAME ord.order_attachments_order_attachment_id_seq
    START WITH 1
    INCREMENT BY 1
    NO MINVALUE
    NO MAXVALUE
    CACHE 1
);


--
-- Name: order_items; Type: TABLE; Schema: ord; Owner: -
--

CREATE TABLE ord.order_items (
    order_item_id bigint NOT NULL,
    order_item_uid uuid DEFAULT public.gen_random_uuid() NOT NULL,
    tenant_id bigint NOT NULL,
    order_id bigint NOT NULL,
    item_seq integer NOT NULL,
    item_code character varying(80),
    item_name character varying(200) NOT NULL,
    package_type character varying(40),
    qty numeric(18,3) DEFAULT 0 NOT NULL,
    weight_kg numeric(18,3) DEFAULT 0 NOT NULL,
    volume_cbm numeric(18,3) DEFAULT 0 NOT NULL,
    pallets numeric(18,3) DEFAULT 0 NOT NULL,
    temperature_type character varying(30),
    is_hazardous boolean DEFAULT false NOT NULL,
    handling_note text,
    created_at timestamp with time zone DEFAULT now() NOT NULL,
    updated_at timestamp with time zone DEFAULT now() NOT NULL,
    is_active boolean DEFAULT true NOT NULL,
    created_by bigint,
    updated_by bigint,
    deleted_at timestamp with time zone,
    deleted_by bigint
);


--
-- Name: order_items_order_item_id_seq; Type: SEQUENCE; Schema: ord; Owner: -
--

ALTER TABLE ord.order_items ALTER COLUMN order_item_id ADD GENERATED ALWAYS AS IDENTITY (
    SEQUENCE NAME ord.order_items_order_item_id_seq
    START WITH 1
    INCREMENT BY 1
    NO MINVALUE
    NO MAXVALUE
    CACHE 1
);


--
-- Name: order_status_history; Type: TABLE; Schema: ord; Owner: -
--

CREATE TABLE ord.order_status_history (
    order_status_history_id bigint NOT NULL,
    order_status_history_uid uuid DEFAULT public.gen_random_uuid() NOT NULL,
    tenant_id bigint NOT NULL,
    order_id bigint NOT NULL,
    from_status_code character varying(40),
    to_status_code character varying(40) NOT NULL,
    reason_text text,
    changed_by bigint,
    changed_at timestamp with time zone DEFAULT now() NOT NULL,
    is_active boolean DEFAULT true NOT NULL,
    created_at timestamp with time zone DEFAULT now() NOT NULL,
    created_by bigint,
    updated_at timestamp with time zone DEFAULT now() NOT NULL,
    updated_by bigint,
    deleted_at timestamp with time zone,
    deleted_by bigint
);


--
-- Name: order_status_history_order_status_history_id_seq; Type: SEQUENCE; Schema: ord; Owner: -
--

ALTER TABLE ord.order_status_history ALTER COLUMN order_status_history_id ADD GENERATED ALWAYS AS IDENTITY (
    SEQUENCE NAME ord.order_status_history_order_status_history_id_seq
    START WITH 1
    INCREMENT BY 1
    NO MINVALUE
    NO MAXVALUE
    CACHE 1
);


--
-- Name: order_stops; Type: TABLE; Schema: ord; Owner: -
--

CREATE TABLE ord.order_stops (
    order_stop_id bigint NOT NULL,
    order_stop_uid uuid DEFAULT public.gen_random_uuid() NOT NULL,
    tenant_id bigint NOT NULL,
    order_id bigint NOT NULL,
    stop_seq integer NOT NULL,
    stop_type character varying(30) NOT NULL,
    location_id bigint,
    location_name character varying(200) NOT NULL,
    address1 character varying(500) NOT NULL,
    address2 character varying(500),
    latitude numeric(10,7),
    longitude numeric(10,7),
    requested_arrival_from timestamp with time zone,
    requested_arrival_to timestamp with time zone,
    contact_name character varying(100),
    contact_phone character varying(50),
    work_note text,
    created_at timestamp with time zone DEFAULT now() NOT NULL,
    updated_at timestamp with time zone DEFAULT now() NOT NULL,
    is_active boolean DEFAULT true NOT NULL,
    created_by bigint,
    updated_by bigint,
    deleted_at timestamp with time zone,
    deleted_by bigint
);


--
-- Name: order_stops_order_stop_id_seq; Type: SEQUENCE; Schema: ord; Owner: -
--

ALTER TABLE ord.order_stops ALTER COLUMN order_stop_id ADD GENERATED ALWAYS AS IDENTITY (
    SEQUENCE NAME ord.order_stops_order_stop_id_seq
    START WITH 1
    INCREMENT BY 1
    NO MINVALUE
    NO MAXVALUE
    CACHE 1
);


--
-- Name: orders; Type: TABLE; Schema: ord; Owner: -
--

CREATE TABLE ord.orders (
    order_id bigint NOT NULL,
    order_uid uuid DEFAULT public.gen_random_uuid() NOT NULL,
    tenant_id bigint NOT NULL,
    order_no character varying(80) NOT NULL,
    customer_id bigint NOT NULL,
    customer_order_no character varying(100),
    billing_partner_id bigint,
    order_type character varying(30) DEFAULT 'ONE_WAY'::character varying NOT NULL,
    service_level character varying(30),
    status_code character varying(40) DEFAULT 'DRAFT'::character varying NOT NULL,
    order_date date DEFAULT CURRENT_DATE NOT NULL,
    requested_pickup_at timestamp with time zone,
    requested_delivery_at timestamp with time zone,
    required_vehicle_type character varying(40),
    required_ton_class numeric(6,2),
    temperature_type character varying(30),
    is_exclusive boolean DEFAULT false NOT NULL,
    is_emergency boolean DEFAULT false NOT NULL,
    total_qty numeric(18,3) DEFAULT 0 NOT NULL,
    total_weight_kg numeric(18,3) DEFAULT 0 NOT NULL,
    total_volume_cbm numeric(18,3) DEFAULT 0 NOT NULL,
    total_pallets numeric(18,3) DEFAULT 0 NOT NULL,
    special_instructions text,
    created_by bigint,
    accepted_by bigint,
    accepted_at timestamp with time zone,
    cancelled_at timestamp with time zone,
    cancel_reason text,
    created_at timestamp with time zone DEFAULT now() NOT NULL,
    updated_at timestamp with time zone DEFAULT now() NOT NULL,
    deleted_at timestamp with time zone,
    is_active boolean DEFAULT true NOT NULL,
    updated_by bigint,
    deleted_by bigint
);


--
-- Name: orders_order_id_seq; Type: SEQUENCE; Schema: ord; Owner: -
--

ALTER TABLE ord.orders ALTER COLUMN order_id ADD GENERATED ALWAYS AS IDENTITY (
    SEQUENCE NAME ord.orders_order_id_seq
    START WITH 1
    INCREMENT BY 1
    NO MINVALUE
    NO MAXVALUE
    CACHE 1
);


--
-- Name: plan_orders; Type: TABLE; Schema: plan; Owner: -
--

CREATE TABLE plan.plan_orders (
    plan_order_id bigint NOT NULL,
    plan_order_uid uuid DEFAULT public.gen_random_uuid() NOT NULL,
    tenant_id bigint NOT NULL,
    transport_plan_id bigint NOT NULL,
    order_id bigint NOT NULL,
    split_seq integer DEFAULT 1 NOT NULL,
    allocated_qty numeric(18,3),
    allocated_weight_kg numeric(18,3),
    allocated_volume_cbm numeric(18,3),
    allocated_pallets numeric(18,3),
    created_at timestamp with time zone DEFAULT now() NOT NULL,
    is_active boolean DEFAULT true NOT NULL,
    created_by bigint,
    updated_at timestamp with time zone DEFAULT now() NOT NULL,
    updated_by bigint,
    deleted_at timestamp with time zone,
    deleted_by bigint
);


--
-- Name: plan_orders_plan_order_id_seq; Type: SEQUENCE; Schema: plan; Owner: -
--

ALTER TABLE plan.plan_orders ALTER COLUMN plan_order_id ADD GENERATED ALWAYS AS IDENTITY (
    SEQUENCE NAME plan.plan_orders_plan_order_id_seq
    START WITH 1
    INCREMENT BY 1
    NO MINVALUE
    NO MAXVALUE
    CACHE 1
);


--
-- Name: plan_stops; Type: TABLE; Schema: plan; Owner: -
--

CREATE TABLE plan.plan_stops (
    plan_stop_id bigint NOT NULL,
    plan_stop_uid uuid DEFAULT public.gen_random_uuid() NOT NULL,
    tenant_id bigint NOT NULL,
    transport_plan_id bigint NOT NULL,
    stop_seq integer NOT NULL,
    stop_type character varying(30) NOT NULL,
    location_id bigint,
    location_name character varying(200) NOT NULL,
    address1 character varying(500) NOT NULL,
    address2 character varying(500),
    latitude numeric(10,7),
    longitude numeric(10,7),
    planned_arrival_at timestamp with time zone,
    planned_departure_at timestamp with time zone,
    work_duration_min integer,
    created_at timestamp with time zone DEFAULT now() NOT NULL,
    updated_at timestamp with time zone DEFAULT now() NOT NULL,
    is_active boolean DEFAULT true NOT NULL,
    created_by bigint,
    updated_by bigint,
    deleted_at timestamp with time zone,
    deleted_by bigint
);


--
-- Name: plan_stops_plan_stop_id_seq; Type: SEQUENCE; Schema: plan; Owner: -
--

ALTER TABLE plan.plan_stops ALTER COLUMN plan_stop_id ADD GENERATED ALWAYS AS IDENTITY (
    SEQUENCE NAME plan.plan_stops_plan_stop_id_seq
    START WITH 1
    INCREMENT BY 1
    NO MINVALUE
    NO MAXVALUE
    CACHE 1
);


--
-- Name: transport_plans; Type: TABLE; Schema: plan; Owner: -
--

CREATE TABLE plan.transport_plans (
    transport_plan_id bigint NOT NULL,
    transport_plan_uid uuid DEFAULT public.gen_random_uuid() NOT NULL,
    tenant_id bigint NOT NULL,
    plan_no character varying(80) NOT NULL,
    plan_date date DEFAULT CURRENT_DATE NOT NULL,
    plan_type character varying(30) DEFAULT 'NORMAL'::character varying NOT NULL,
    status_code character varying(40) DEFAULT 'DRAFT'::character varying NOT NULL,
    scheduled_start_at timestamp with time zone,
    scheduled_end_at timestamp with time zone,
    planned_distance_km numeric(12,3),
    planned_duration_min integer,
    required_vehicle_type character varying(40),
    required_ton_class numeric(6,2),
    planned_weight_kg numeric(18,3) DEFAULT 0 NOT NULL,
    planned_volume_cbm numeric(18,3) DEFAULT 0 NOT NULL,
    planned_pallets numeric(18,3) DEFAULT 0 NOT NULL,
    estimated_sales_amount numeric(18,2),
    estimated_purchase_amount numeric(18,2),
    created_by bigint,
    confirmed_by bigint,
    confirmed_at timestamp with time zone,
    created_at timestamp with time zone DEFAULT now() NOT NULL,
    updated_at timestamp with time zone DEFAULT now() NOT NULL,
    is_active boolean DEFAULT true NOT NULL,
    updated_by bigint,
    deleted_at timestamp with time zone,
    deleted_by bigint
);


--
-- Name: transport_plans_transport_plan_id_seq; Type: SEQUENCE; Schema: plan; Owner: -
--

ALTER TABLE plan.transport_plans ALTER COLUMN transport_plan_id ADD GENERATED ALWAYS AS IDENTITY (
    SEQUENCE NAME plan.transport_plans_transport_plan_id_seq
    START WITH 1
    INCREMENT BY 1
    NO MINVALUE
    NO MAXVALUE
    CACHE 1
);


--
-- Name: alembic_version; Type: TABLE; Schema: public; Owner: -
--

CREATE TABLE public.alembic_version (
    version_num character varying(32) NOT NULL
);


--
-- Name: settlement_adjustments; Type: TABLE; Schema: stl; Owner: -
--

CREATE TABLE stl.settlement_adjustments (
    settlement_adjustment_id bigint NOT NULL,
    settlement_adjustment_uid uuid DEFAULT public.gen_random_uuid() NOT NULL,
    tenant_id bigint NOT NULL,
    settlement_id bigint NOT NULL,
    adjustment_no character varying(80) NOT NULL,
    adjustment_type character varying(40) NOT NULL,
    requested_amount numeric(18,2) NOT NULL,
    approved_amount numeric(18,2),
    reason_code character varying(80),
    reason_text text NOT NULL,
    status_code character varying(40) DEFAULT 'REQUESTED'::character varying NOT NULL,
    requested_by bigint,
    requested_at timestamp with time zone DEFAULT now() NOT NULL,
    approved_by bigint,
    approved_at timestamp with time zone,
    is_active boolean DEFAULT true NOT NULL,
    created_at timestamp with time zone DEFAULT now() NOT NULL,
    created_by bigint,
    updated_at timestamp with time zone DEFAULT now() NOT NULL,
    updated_by bigint,
    deleted_at timestamp with time zone,
    deleted_by bigint
);


--
-- Name: settlement_adjustments_settlement_adjustment_id_seq; Type: SEQUENCE; Schema: stl; Owner: -
--

ALTER TABLE stl.settlement_adjustments ALTER COLUMN settlement_adjustment_id ADD GENERATED ALWAYS AS IDENTITY (
    SEQUENCE NAME stl.settlement_adjustments_settlement_adjustment_id_seq
    START WITH 1
    INCREMENT BY 1
    NO MINVALUE
    NO MAXVALUE
    CACHE 1
);


--
-- Name: settlement_batches; Type: TABLE; Schema: stl; Owner: -
--

CREATE TABLE stl.settlement_batches (
    settlement_batch_id bigint NOT NULL,
    settlement_batch_uid uuid DEFAULT public.gen_random_uuid() NOT NULL,
    tenant_id bigint NOT NULL,
    batch_no character varying(80) NOT NULL,
    settlement_type character varying(30) NOT NULL,
    period_from date NOT NULL,
    period_to date NOT NULL,
    partner_id bigint,
    status_code character varying(40) DEFAULT 'DRAFT'::character varying NOT NULL,
    total_supply_amount numeric(18,2) DEFAULT 0 NOT NULL,
    total_vat_amount numeric(18,2) DEFAULT 0 NOT NULL,
    total_amount numeric(18,2) DEFAULT 0 NOT NULL,
    closed_by bigint,
    closed_at timestamp with time zone,
    created_by bigint,
    created_at timestamp with time zone DEFAULT now() NOT NULL,
    updated_at timestamp with time zone DEFAULT now() NOT NULL,
    is_active boolean DEFAULT true NOT NULL,
    updated_by bigint,
    deleted_at timestamp with time zone,
    deleted_by bigint,
    CONSTRAINT settlement_batches_check CHECK ((period_from <= period_to))
);


--
-- Name: settlement_batches_settlement_batch_id_seq; Type: SEQUENCE; Schema: stl; Owner: -
--

ALTER TABLE stl.settlement_batches ALTER COLUMN settlement_batch_id ADD GENERATED ALWAYS AS IDENTITY (
    SEQUENCE NAME stl.settlement_batches_settlement_batch_id_seq
    START WITH 1
    INCREMENT BY 1
    NO MINVALUE
    NO MAXVALUE
    CACHE 1
);


--
-- Name: settlement_closings; Type: TABLE; Schema: stl; Owner: -
--

CREATE TABLE stl.settlement_closings (
    settlement_closing_id bigint NOT NULL,
    settlement_closing_uid uuid DEFAULT public.gen_random_uuid() NOT NULL,
    tenant_id bigint NOT NULL,
    closing_no character varying(80) NOT NULL,
    closing_type character varying(30) NOT NULL,
    period_from date NOT NULL,
    period_to date NOT NULL,
    status_code character varying(40) DEFAULT 'CLOSED'::character varying NOT NULL,
    closed_by bigint NOT NULL,
    closed_at timestamp with time zone DEFAULT now() NOT NULL,
    reopened_by bigint,
    reopened_at timestamp with time zone,
    reopen_reason text,
    is_active boolean DEFAULT true NOT NULL,
    created_at timestamp with time zone DEFAULT now() NOT NULL,
    created_by bigint,
    updated_at timestamp with time zone DEFAULT now() NOT NULL,
    updated_by bigint,
    deleted_at timestamp with time zone,
    deleted_by bigint,
    CONSTRAINT settlement_closings_check CHECK ((period_from <= period_to))
);


--
-- Name: settlement_closings_settlement_closing_id_seq; Type: SEQUENCE; Schema: stl; Owner: -
--

ALTER TABLE stl.settlement_closings ALTER COLUMN settlement_closing_id ADD GENERATED ALWAYS AS IDENTITY (
    SEQUENCE NAME stl.settlement_closings_settlement_closing_id_seq
    START WITH 1
    INCREMENT BY 1
    NO MINVALUE
    NO MAXVALUE
    CACHE 1
);


--
-- Name: settlement_lines; Type: TABLE; Schema: stl; Owner: -
--

CREATE TABLE stl.settlement_lines (
    settlement_line_id bigint NOT NULL,
    settlement_line_uid uuid DEFAULT public.gen_random_uuid() NOT NULL,
    tenant_id bigint NOT NULL,
    settlement_id bigint NOT NULL,
    line_seq integer NOT NULL,
    line_type character varying(50) NOT NULL,
    line_name character varying(200) NOT NULL,
    quantity numeric(18,3) DEFAULT 1 NOT NULL,
    unit_price numeric(18,4) DEFAULT 0 NOT NULL,
    supply_amount numeric(18,2) DEFAULT 0 NOT NULL,
    vat_amount numeric(18,2) DEFAULT 0 NOT NULL,
    total_amount numeric(18,2) DEFAULT 0 NOT NULL,
    rate_source jsonb DEFAULT '{}'::jsonb NOT NULL,
    adjustment_reason text,
    created_by bigint,
    created_at timestamp with time zone DEFAULT now() NOT NULL,
    updated_at timestamp with time zone DEFAULT now() NOT NULL,
    is_active boolean DEFAULT true NOT NULL,
    updated_by bigint,
    deleted_at timestamp with time zone,
    deleted_by bigint
);


--
-- Name: settlement_lines_settlement_line_id_seq; Type: SEQUENCE; Schema: stl; Owner: -
--

ALTER TABLE stl.settlement_lines ALTER COLUMN settlement_line_id ADD GENERATED ALWAYS AS IDENTITY (
    SEQUENCE NAME stl.settlement_lines_settlement_line_id_seq
    START WITH 1
    INCREMENT BY 1
    NO MINVALUE
    NO MAXVALUE
    CACHE 1
);


--
-- Name: settlements; Type: TABLE; Schema: stl; Owner: -
--

CREATE TABLE stl.settlements (
    settlement_id bigint NOT NULL,
    settlement_uid uuid DEFAULT public.gen_random_uuid() NOT NULL,
    tenant_id bigint NOT NULL,
    settlement_no character varying(80) NOT NULL,
    settlement_batch_id bigint,
    settlement_type character varying(30) NOT NULL,
    execution_result_id bigint NOT NULL,
    dispatch_id bigint NOT NULL,
    order_id bigint,
    transport_plan_id bigint NOT NULL,
    partner_id bigint NOT NULL,
    contract_id bigint,
    contract_snapshot jsonb DEFAULT '{}'::jsonb NOT NULL,
    settlement_date date DEFAULT CURRENT_DATE NOT NULL,
    status_code character varying(40) DEFAULT 'READY'::character varying NOT NULL,
    currency_code character(3) DEFAULT 'KRW'::bpchar NOT NULL,
    supply_amount numeric(18,2) DEFAULT 0 NOT NULL,
    vat_amount numeric(18,2) DEFAULT 0 NOT NULL,
    total_amount numeric(18,2) DEFAULT 0 NOT NULL,
    hold_reason text,
    approved_by bigint,
    approved_at timestamp with time zone,
    created_by bigint,
    created_at timestamp with time zone DEFAULT now() NOT NULL,
    updated_at timestamp with time zone DEFAULT now() NOT NULL,
    is_active boolean DEFAULT true NOT NULL,
    updated_by bigint,
    deleted_at timestamp with time zone,
    deleted_by bigint
);


--
-- Name: settlements_settlement_id_seq; Type: SEQUENCE; Schema: stl; Owner: -
--

ALTER TABLE stl.settlements ALTER COLUMN settlement_id ADD GENERATED ALWAYS AS IDENTITY (
    SEQUENCE NAME stl.settlements_settlement_id_seq
    START WITH 1
    INCREMENT BY 1
    NO MINVALUE
    NO MAXVALUE
    CACHE 1
);


--
-- Data for Name: audit_logs; Type: TABLE DATA; Schema: audit; Owner: -
--

COPY audit.audit_logs (audit_log_id, audit_log_uid, tenant_id, actor_user_id, action_code, entity_schema, entity_name, entity_id, entity_uid, before_data, after_data, reason_text, ip_address, user_agent, created_at, is_active, created_by, updated_at, updated_by, deleted_at, deleted_by) FROM stdin;
7	83a6da89-70f9-49ef-9c33-2c718fcc44f7	107	107	TEST_SEED	ord	orders	7	1b74c579-5d01-4e33-85a6-ec58a475ac00	{"status": "PERFORMANCE_CONFIRMED"}	{"status": "SETTLEMENT_READY"}	Test audit log 7	127.0.0.1	Codex Seed Script	2026-04-16 16:18:07.069522+09	t	107	2026-04-17 11:46:50.051974+09	107	\N	\N
8	d9f94694-12e9-4de1-9e4d-48a3e448153f	108	108	TEST_SEED	ord	orders	8	f4867c97-7429-44e1-86ce-b825718ca536	{"status": "PERFORMANCE_CONFIRMED"}	{"status": "SETTLEMENT_READY"}	Test audit log 8	127.0.0.1	Codex Seed Script	2026-04-16 16:18:07.069522+09	t	108	2026-04-17 11:46:50.051974+09	108	\N	\N
9	9adc88d4-ace9-4948-9a0a-c003c5a455eb	109	109	TEST_SEED	ord	orders	9	3afe43ad-87d1-49ef-92b6-464e2f0b0015	{"status": "PERFORMANCE_CONFIRMED"}	{"status": "SETTLEMENT_READY"}	Test audit log 9	127.0.0.1	Codex Seed Script	2026-04-16 16:18:07.069522+09	t	109	2026-04-17 11:46:50.051974+09	109	\N	\N
10	183adbc6-be57-4b8e-a14c-019d8ca5830f	110	110	TEST_SEED	ord	orders	10	cbda1be6-c35a-4a3b-b453-f0f17d9bff68	{"status": "PERFORMANCE_CONFIRMED"}	{"status": "SETTLEMENT_READY"}	Test audit log 10	127.0.0.1	Codex Seed Script	2026-04-16 16:18:07.069522+09	t	110	2026-04-17 11:46:50.051974+09	110	\N	\N
11	efbc38f6-9758-4129-972e-0eab6c12bfad	111	111	TEST_SEED	ord	orders	11	db2a50fb-2cc6-4346-984b-8b60d1bfbe69	{"status": "PERFORMANCE_CONFIRMED"}	{"status": "SETTLEMENT_READY"}	Test audit log 11	127.0.0.1	Codex Seed Script	2026-04-16 16:18:07.069522+09	t	111	2026-04-17 11:46:50.051974+09	111	\N	\N
12	46ca4d2b-065a-42b7-9759-dc23ba7227a8	112	112	TEST_SEED	ord	orders	12	8864588d-9e24-4aa8-984b-fc0ef4a29e02	{"status": "PERFORMANCE_CONFIRMED"}	{"status": "SETTLEMENT_READY"}	Test audit log 12	127.0.0.1	Codex Seed Script	2026-04-16 16:18:07.069522+09	t	112	2026-04-17 11:46:50.051974+09	112	\N	\N
13	be402064-b229-4e24-83a8-7454d8a007e4	113	113	TEST_SEED	ord	orders	13	f9595b12-ceba-47e0-a9d6-d9fb53c31681	{"status": "PERFORMANCE_CONFIRMED"}	{"status": "SETTLEMENT_READY"}	Test audit log 13	127.0.0.1	Codex Seed Script	2026-04-16 16:18:07.069522+09	t	113	2026-04-17 11:46:50.051974+09	113	\N	\N
14	2035f59a-dcc2-4bf2-9704-be3734fdae9e	114	114	TEST_SEED	ord	orders	14	c27bb0be-e14c-4a95-9124-5cb20fc05dee	{"status": "PERFORMANCE_CONFIRMED"}	{"status": "SETTLEMENT_READY"}	Test audit log 14	127.0.0.1	Codex Seed Script	2026-04-16 16:18:07.069522+09	t	114	2026-04-17 11:46:50.051974+09	114	\N	\N
15	02baacd0-0bc0-4e53-816b-608225851cf6	115	115	TEST_SEED	ord	orders	15	16209928-5849-4ff1-9281-6151ea3b6b11	{"status": "PERFORMANCE_CONFIRMED"}	{"status": "SETTLEMENT_READY"}	Test audit log 15	127.0.0.1	Codex Seed Script	2026-04-16 16:18:07.069522+09	t	115	2026-04-17 11:46:50.051974+09	115	\N	\N
16	43f2d73e-5fa2-431d-b944-78324964b405	116	116	TEST_SEED	ord	orders	16	b9612f9a-06a8-4f29-99e3-16086478f7f5	{"status": "PERFORMANCE_CONFIRMED"}	{"status": "SETTLEMENT_READY"}	Test audit log 16	127.0.0.1	Codex Seed Script	2026-04-16 16:18:07.069522+09	t	116	2026-04-17 11:46:50.051974+09	116	\N	\N
17	db39f6db-6531-4c9a-bba4-bfa2ccb410b1	117	117	TEST_SEED	ord	orders	17	f9a0f234-a085-4e6f-a269-6ebc484ad9a2	{"status": "PERFORMANCE_CONFIRMED"}	{"status": "SETTLEMENT_READY"}	Test audit log 17	127.0.0.1	Codex Seed Script	2026-04-16 16:18:07.069522+09	t	117	2026-04-17 11:46:50.051974+09	117	\N	\N
18	2548f426-9e43-470d-a31d-5a73a445c1ee	118	118	TEST_SEED	ord	orders	18	efc2ed8c-888e-4c74-965d-d326ed0ccf48	{"status": "PERFORMANCE_CONFIRMED"}	{"status": "SETTLEMENT_READY"}	Test audit log 18	127.0.0.1	Codex Seed Script	2026-04-16 16:18:07.069522+09	t	118	2026-04-17 11:46:50.051974+09	118	\N	\N
19	dd52a285-340e-4d3a-84a0-6bf0b33ac10a	119	119	TEST_SEED	ord	orders	19	3f7ddb16-4119-45c2-8d7f-64b5922379ed	{"status": "PERFORMANCE_CONFIRMED"}	{"status": "SETTLEMENT_READY"}	Test audit log 19	127.0.0.1	Codex Seed Script	2026-04-16 16:18:07.069522+09	t	119	2026-04-17 11:46:50.051974+09	119	\N	\N
20	ca1a1961-dea1-4e34-84dc-7635538db66c	120	120	TEST_SEED	ord	orders	20	317449ff-3c93-4b1d-a799-ba2f410ce3ad	{"status": "PERFORMANCE_CONFIRMED"}	{"status": "SETTLEMENT_READY"}	Test audit log 20	127.0.0.1	Codex Seed Script	2026-04-16 16:18:07.069522+09	t	120	2026-04-17 11:46:50.051974+09	120	\N	\N
21	c2493335-9866-454e-b326-0812d43df738	121	121	TEST_SEED	ord	orders	21	ff248505-e620-41ed-9e97-077884323d28	{"status": "PERFORMANCE_CONFIRMED"}	{"status": "SETTLEMENT_READY"}	Test audit log 21	127.0.0.1	Codex Seed Script	2026-04-16 16:18:07.069522+09	t	121	2026-04-17 11:46:50.051974+09	121	\N	\N
22	b12c6bbf-4396-4e45-9be5-bc9bb1ff9df1	122	122	TEST_SEED	ord	orders	22	c6c424ab-7956-4789-a777-36b5d245749d	{"status": "PERFORMANCE_CONFIRMED"}	{"status": "SETTLEMENT_READY"}	Test audit log 22	127.0.0.1	Codex Seed Script	2026-04-16 16:18:07.069522+09	t	122	2026-04-17 11:46:50.051974+09	122	\N	\N
23	cf12b5b8-36bb-4135-b02e-0f79fa57ae7c	123	123	TEST_SEED	ord	orders	23	f9785ae5-30fc-4a59-a516-78612a0d9279	{"status": "PERFORMANCE_CONFIRMED"}	{"status": "SETTLEMENT_READY"}	Test audit log 23	127.0.0.1	Codex Seed Script	2026-04-16 16:18:07.069522+09	t	123	2026-04-17 11:46:50.051974+09	123	\N	\N
24	f7529c10-5d73-4194-aae3-7eec8a3c2e79	124	124	TEST_SEED	ord	orders	24	3f2f19a9-f926-45e8-89c8-b429384b5a5f	{"status": "PERFORMANCE_CONFIRMED"}	{"status": "SETTLEMENT_READY"}	Test audit log 24	127.0.0.1	Codex Seed Script	2026-04-16 16:18:07.069522+09	t	124	2026-04-17 11:46:50.051974+09	124	\N	\N
25	2de5442b-70f7-4ae5-87f5-adbb93060ddb	125	125	TEST_SEED	ord	orders	25	5d582214-4dae-493e-ae5d-9f8e0da4582c	{"status": "PERFORMANCE_CONFIRMED"}	{"status": "SETTLEMENT_READY"}	Test audit log 25	127.0.0.1	Codex Seed Script	2026-04-16 16:18:07.069522+09	t	125	2026-04-17 11:46:50.051974+09	125	\N	\N
26	e12ac967-02e2-4aa7-ac0e-9332336f3da3	126	126	TEST_SEED	ord	orders	26	d787e115-aeca-48d3-846e-0023fffe731f	{"status": "PERFORMANCE_CONFIRMED"}	{"status": "SETTLEMENT_READY"}	Test audit log 26	127.0.0.1	Codex Seed Script	2026-04-16 16:18:07.069522+09	t	126	2026-04-17 11:46:50.051974+09	126	\N	\N
27	c5be7099-947a-4fcd-ae23-6352bd116091	127	127	TEST_SEED	ord	orders	27	bf78f9c2-5d68-4b6a-b0aa-8181db0e2ae0	{"status": "PERFORMANCE_CONFIRMED"}	{"status": "SETTLEMENT_READY"}	Test audit log 27	127.0.0.1	Codex Seed Script	2026-04-16 16:18:07.069522+09	t	127	2026-04-17 11:46:50.051974+09	127	\N	\N
28	b1fedbeb-e4cb-45af-891f-0c25fdf2b40b	128	128	TEST_SEED	ord	orders	28	3563d3b8-b0f7-4247-8df2-b498c429dcf5	{"status": "PERFORMANCE_CONFIRMED"}	{"status": "SETTLEMENT_READY"}	Test audit log 28	127.0.0.1	Codex Seed Script	2026-04-16 16:18:07.069522+09	t	128	2026-04-17 11:46:50.051974+09	128	\N	\N
29	2c45b122-1c5d-4a4e-b943-f4c746ca9adb	129	129	TEST_SEED	ord	orders	29	71c3cc77-ca70-46a2-8ac7-bd588559c592	{"status": "PERFORMANCE_CONFIRMED"}	{"status": "SETTLEMENT_READY"}	Test audit log 29	127.0.0.1	Codex Seed Script	2026-04-16 16:18:07.069522+09	t	129	2026-04-17 11:46:50.051974+09	129	\N	\N
30	7b075fde-7014-4497-805b-8bd36bcf3820	130	130	TEST_SEED	ord	orders	30	9d8cfad4-7c6e-48a3-8c3f-c9bf80797a6a	{"status": "PERFORMANCE_CONFIRMED"}	{"status": "SETTLEMENT_READY"}	Test audit log 30	127.0.0.1	Codex Seed Script	2026-04-16 16:18:07.069522+09	t	130	2026-04-17 11:46:50.051974+09	130	\N	\N
31	7d30e65c-b32d-469c-8653-781d8da955f6	131	131	TEST_SEED	ord	orders	31	62c72446-56d5-4722-aa2c-7f1893f6267e	{"status": "PERFORMANCE_CONFIRMED"}	{"status": "SETTLEMENT_READY"}	Test audit log 31	127.0.0.1	Codex Seed Script	2026-04-16 16:18:07.069522+09	t	131	2026-04-17 11:46:50.051974+09	131	\N	\N
32	337f60fd-ed31-4a7d-b513-95b8ef54ad92	132	132	TEST_SEED	ord	orders	32	3ea8c571-16b6-451a-8ab5-008cd0df1abe	{"status": "PERFORMANCE_CONFIRMED"}	{"status": "SETTLEMENT_READY"}	Test audit log 32	127.0.0.1	Codex Seed Script	2026-04-16 16:18:07.069522+09	t	132	2026-04-17 11:46:50.051974+09	132	\N	\N
33	533bf418-4665-4834-a100-391ae530c011	133	133	TEST_SEED	ord	orders	33	fcbbbe4f-c81e-436c-88ad-786e0b529f9a	{"status": "PERFORMANCE_CONFIRMED"}	{"status": "SETTLEMENT_READY"}	Test audit log 33	127.0.0.1	Codex Seed Script	2026-04-16 16:18:07.069522+09	t	133	2026-04-17 11:46:50.051974+09	133	\N	\N
34	7be463ef-b8af-4665-bcd4-21a01ef23b7e	134	134	TEST_SEED	ord	orders	34	9dcfbda0-b0a5-436d-ad73-8cff90c34bb7	{"status": "PERFORMANCE_CONFIRMED"}	{"status": "SETTLEMENT_READY"}	Test audit log 34	127.0.0.1	Codex Seed Script	2026-04-16 16:18:07.069522+09	t	134	2026-04-17 11:46:50.051974+09	134	\N	\N
35	dcc575a5-be1a-4bb3-a5f2-4023fb8a5d04	135	135	TEST_SEED	ord	orders	35	c29bccc0-f235-42fc-a628-5c96467d30e9	{"status": "PERFORMANCE_CONFIRMED"}	{"status": "SETTLEMENT_READY"}	Test audit log 35	127.0.0.1	Codex Seed Script	2026-04-16 16:18:07.069522+09	t	135	2026-04-17 11:46:50.051974+09	135	\N	\N
36	03901e78-0a98-40d3-8969-1d2c06b0c3e9	136	136	TEST_SEED	ord	orders	36	a0a47d18-311c-416c-bd2e-1e124e976ea3	{"status": "PERFORMANCE_CONFIRMED"}	{"status": "SETTLEMENT_READY"}	Test audit log 36	127.0.0.1	Codex Seed Script	2026-04-16 16:18:07.069522+09	t	136	2026-04-17 11:46:50.051974+09	136	\N	\N
37	8abeb6c7-71a1-467f-8c53-86f1990150e9	137	137	TEST_SEED	ord	orders	37	4249c214-bb16-4fe6-a4c6-161fdc1cb56f	{"status": "PERFORMANCE_CONFIRMED"}	{"status": "SETTLEMENT_READY"}	Test audit log 37	127.0.0.1	Codex Seed Script	2026-04-16 16:18:07.069522+09	t	137	2026-04-17 11:46:50.051974+09	137	\N	\N
38	7992bb21-1a12-4d99-bee2-a90a9b9523fb	138	138	TEST_SEED	ord	orders	38	1276efb9-d50e-4192-9290-a336d8e4a552	{"status": "PERFORMANCE_CONFIRMED"}	{"status": "SETTLEMENT_READY"}	Test audit log 38	127.0.0.1	Codex Seed Script	2026-04-16 16:18:07.069522+09	t	138	2026-04-17 11:46:50.051974+09	138	\N	\N
39	c3183611-76a1-4e5c-8c63-df058163c36a	139	139	TEST_SEED	ord	orders	39	092e4593-27af-4e52-9004-ec10204e112d	{"status": "PERFORMANCE_CONFIRMED"}	{"status": "SETTLEMENT_READY"}	Test audit log 39	127.0.0.1	Codex Seed Script	2026-04-16 16:18:07.069522+09	t	139	2026-04-17 11:46:50.051974+09	139	\N	\N
40	87518a11-f141-47c3-81ac-09196769dc82	140	140	TEST_SEED	ord	orders	40	bfe7ba30-dd6f-4f22-b720-903a4397deb4	{"status": "PERFORMANCE_CONFIRMED"}	{"status": "SETTLEMENT_READY"}	Test audit log 40	127.0.0.1	Codex Seed Script	2026-04-16 16:18:07.069522+09	t	140	2026-04-17 11:46:50.051974+09	140	\N	\N
41	5c0244ce-5daa-48a7-bd4b-96d4475193ea	141	141	TEST_SEED	ord	orders	41	e00e8cce-f4e0-4bd0-be7d-8551d62c00ba	{"status": "PERFORMANCE_CONFIRMED"}	{"status": "SETTLEMENT_READY"}	Test audit log 41	127.0.0.1	Codex Seed Script	2026-04-16 16:18:07.069522+09	t	141	2026-04-17 11:46:50.051974+09	141	\N	\N
42	e0a59f82-74fe-4624-bf22-48eb67b90b11	142	142	TEST_SEED	ord	orders	42	4574af44-fd21-405a-9231-85023829247d	{"status": "PERFORMANCE_CONFIRMED"}	{"status": "SETTLEMENT_READY"}	Test audit log 42	127.0.0.1	Codex Seed Script	2026-04-16 16:18:07.069522+09	t	142	2026-04-17 11:46:50.051974+09	142	\N	\N
43	362bc504-0835-4a49-9be3-61656eddfecf	143	143	TEST_SEED	ord	orders	43	6aae6174-3c47-4ca1-b51f-19039140823c	{"status": "PERFORMANCE_CONFIRMED"}	{"status": "SETTLEMENT_READY"}	Test audit log 43	127.0.0.1	Codex Seed Script	2026-04-16 16:18:07.069522+09	t	143	2026-04-17 11:46:50.051974+09	143	\N	\N
44	a9f6d49b-0502-44d0-b7b8-451d7e3b70a6	144	144	TEST_SEED	ord	orders	44	47b13053-0272-4252-a00a-3e7b612693ea	{"status": "PERFORMANCE_CONFIRMED"}	{"status": "SETTLEMENT_READY"}	Test audit log 44	127.0.0.1	Codex Seed Script	2026-04-16 16:18:07.069522+09	t	144	2026-04-17 11:46:50.051974+09	144	\N	\N
45	1cd70648-2a9a-4aa2-8ca6-bc0aa9ba3e15	145	145	TEST_SEED	ord	orders	45	2094b6e7-f734-4eb8-a5d3-4170d8f09e2d	{"status": "PERFORMANCE_CONFIRMED"}	{"status": "SETTLEMENT_READY"}	Test audit log 45	127.0.0.1	Codex Seed Script	2026-04-16 16:18:07.069522+09	t	145	2026-04-17 11:46:50.051974+09	145	\N	\N
46	d57b0b09-4dc5-4d4b-927d-07f2210cd215	146	146	TEST_SEED	ord	orders	46	7c248a3a-4821-415a-af19-06c0ad9a85dc	{"status": "PERFORMANCE_CONFIRMED"}	{"status": "SETTLEMENT_READY"}	Test audit log 46	127.0.0.1	Codex Seed Script	2026-04-16 16:18:07.069522+09	t	146	2026-04-17 11:46:50.051974+09	146	\N	\N
47	da77e8af-d736-482b-8ce8-c6dbcc4680c7	147	147	TEST_SEED	ord	orders	47	cd0cb646-47eb-4c59-808c-3d1740bbee3b	{"status": "PERFORMANCE_CONFIRMED"}	{"status": "SETTLEMENT_READY"}	Test audit log 47	127.0.0.1	Codex Seed Script	2026-04-16 16:18:07.069522+09	t	147	2026-04-17 11:46:50.051974+09	147	\N	\N
48	1bfddff8-202d-4943-bdbd-3672ebca671e	148	148	TEST_SEED	ord	orders	48	0ba227da-0845-4f5c-9b25-b662331d9e82	{"status": "PERFORMANCE_CONFIRMED"}	{"status": "SETTLEMENT_READY"}	Test audit log 48	127.0.0.1	Codex Seed Script	2026-04-16 16:18:07.069522+09	t	148	2026-04-17 11:46:50.051974+09	148	\N	\N
49	5e5be333-582e-497d-8fdb-932cd63c7956	149	149	TEST_SEED	ord	orders	49	cd626c37-784d-4d9c-84c0-5f18c6014650	{"status": "PERFORMANCE_CONFIRMED"}	{"status": "SETTLEMENT_READY"}	Test audit log 49	127.0.0.1	Codex Seed Script	2026-04-16 16:18:07.069522+09	t	149	2026-04-17 11:46:50.051974+09	149	\N	\N
50	743d214c-c4d4-4e88-bfc1-9a8742cc0c76	150	150	TEST_SEED	ord	orders	50	49ec8a64-745b-4d6e-82ca-80bf2c5d4890	{"status": "PERFORMANCE_CONFIRMED"}	{"status": "SETTLEMENT_READY"}	Test audit log 50	127.0.0.1	Codex Seed Script	2026-04-16 16:18:07.069522+09	t	150	2026-04-17 11:46:50.051974+09	150	\N	\N
51	a7fb9033-a700-4440-b48d-b330a583621b	151	151	TEST_SEED	ord	orders	51	5dc2a7da-9904-4a47-9e55-0951faeef15c	{"status": "PERFORMANCE_CONFIRMED"}	{"status": "SETTLEMENT_READY"}	Test audit log 51	127.0.0.1	Codex Seed Script	2026-04-16 16:18:07.069522+09	t	151	2026-04-17 11:46:50.051974+09	151	\N	\N
52	fb9f61b0-5b38-4be9-8301-e0a57dcc13e9	152	152	TEST_SEED	ord	orders	52	d048e20f-b264-421d-ad0e-df268f675168	{"status": "PERFORMANCE_CONFIRMED"}	{"status": "SETTLEMENT_READY"}	Test audit log 52	127.0.0.1	Codex Seed Script	2026-04-16 16:18:07.069522+09	t	152	2026-04-17 11:46:50.051974+09	152	\N	\N
53	a63f7d4e-87cc-48b4-992c-c89a0d776b4c	153	153	TEST_SEED	ord	orders	53	9dd8c4e6-a057-411d-8932-7c074f54323c	{"status": "PERFORMANCE_CONFIRMED"}	{"status": "SETTLEMENT_READY"}	Test audit log 53	127.0.0.1	Codex Seed Script	2026-04-16 16:18:07.069522+09	t	153	2026-04-17 11:46:50.051974+09	153	\N	\N
54	41e29aef-4e49-4a73-8dca-4360ff570740	154	154	TEST_SEED	ord	orders	54	954192fb-df42-457b-beff-abe28e62c3fd	{"status": "PERFORMANCE_CONFIRMED"}	{"status": "SETTLEMENT_READY"}	Test audit log 54	127.0.0.1	Codex Seed Script	2026-04-16 16:18:07.069522+09	t	154	2026-04-17 11:46:50.051974+09	154	\N	\N
55	fc7e383f-282c-4f65-9766-0724522081e1	155	155	TEST_SEED	ord	orders	55	9d9f9f93-b5e6-4569-935d-9b875237621f	{"status": "PERFORMANCE_CONFIRMED"}	{"status": "SETTLEMENT_READY"}	Test audit log 55	127.0.0.1	Codex Seed Script	2026-04-16 16:18:07.069522+09	t	155	2026-04-17 11:46:50.051974+09	155	\N	\N
56	2660a2a7-d15c-49d7-98ba-1f7cf725043a	156	156	TEST_SEED	ord	orders	56	368f2a17-b781-442c-8cdb-14560b3c5148	{"status": "PERFORMANCE_CONFIRMED"}	{"status": "SETTLEMENT_READY"}	Test audit log 56	127.0.0.1	Codex Seed Script	2026-04-16 16:18:07.069522+09	t	156	2026-04-17 11:46:50.051974+09	156	\N	\N
57	2e4b6d1b-ba0a-4c2f-a95b-3e7b010f9b42	157	157	TEST_SEED	ord	orders	57	25b0ac42-2205-407f-9fbc-6a996a2b09e9	{"status": "PERFORMANCE_CONFIRMED"}	{"status": "SETTLEMENT_READY"}	Test audit log 57	127.0.0.1	Codex Seed Script	2026-04-16 16:18:07.069522+09	t	157	2026-04-17 11:46:50.051974+09	157	\N	\N
58	ebbb6e07-f56e-4dd2-920f-980421229086	158	158	TEST_SEED	ord	orders	58	787bd324-5244-47eb-9b6e-9ae503ec736a	{"status": "PERFORMANCE_CONFIRMED"}	{"status": "SETTLEMENT_READY"}	Test audit log 58	127.0.0.1	Codex Seed Script	2026-04-16 16:18:07.069522+09	t	158	2026-04-17 11:46:50.051974+09	158	\N	\N
59	6f785154-b9d7-4524-a7b4-89a16a10e454	159	159	TEST_SEED	ord	orders	59	07c774f4-2106-455a-b059-7e9f721b31ac	{"status": "PERFORMANCE_CONFIRMED"}	{"status": "SETTLEMENT_READY"}	Test audit log 59	127.0.0.1	Codex Seed Script	2026-04-16 16:18:07.069522+09	t	159	2026-04-17 11:46:50.051974+09	159	\N	\N
60	2e7e67f8-8b3f-41c1-9fc6-ea9d7e457fa1	160	160	TEST_SEED	ord	orders	60	99c476c6-9f70-4758-874c-d4fd8c597353	{"status": "PERFORMANCE_CONFIRMED"}	{"status": "SETTLEMENT_READY"}	Test audit log 60	127.0.0.1	Codex Seed Script	2026-04-16 16:18:07.069522+09	t	160	2026-04-17 11:46:50.051974+09	160	\N	\N
61	88712fca-9859-4538-a6f8-6e6c1c38b1a7	161	161	TEST_SEED	ord	orders	61	a0fa811a-3153-4eec-b15d-cffae28f77cd	{"status": "PERFORMANCE_CONFIRMED"}	{"status": "SETTLEMENT_READY"}	Test audit log 61	127.0.0.1	Codex Seed Script	2026-04-16 16:18:07.069522+09	t	161	2026-04-17 11:46:50.051974+09	161	\N	\N
62	2e32ba9b-6c3b-429a-a977-21242bf13dc5	162	162	TEST_SEED	ord	orders	62	aba13be9-aa93-4d32-82ed-4f927f28db78	{"status": "PERFORMANCE_CONFIRMED"}	{"status": "SETTLEMENT_READY"}	Test audit log 62	127.0.0.1	Codex Seed Script	2026-04-16 16:18:07.069522+09	t	162	2026-04-17 11:46:50.051974+09	162	\N	\N
63	c7be486a-ca10-41e7-93e4-4a935d85519a	163	163	TEST_SEED	ord	orders	63	3e930657-100e-40b4-8e24-57a1e34440ca	{"status": "PERFORMANCE_CONFIRMED"}	{"status": "SETTLEMENT_READY"}	Test audit log 63	127.0.0.1	Codex Seed Script	2026-04-16 16:18:07.069522+09	t	163	2026-04-17 11:46:50.051974+09	163	\N	\N
64	70566bf7-848a-4b10-a88f-31521985cd82	164	164	TEST_SEED	ord	orders	64	35c0e289-25e2-49fb-add8-c4e7184afa0c	{"status": "PERFORMANCE_CONFIRMED"}	{"status": "SETTLEMENT_READY"}	Test audit log 64	127.0.0.1	Codex Seed Script	2026-04-16 16:18:07.069522+09	t	164	2026-04-17 11:46:50.051974+09	164	\N	\N
65	2de2eee4-dab4-43f7-ba9c-a5ed37ca8862	165	165	TEST_SEED	ord	orders	65	438acd6e-6206-4cc1-9dd1-5e6549521663	{"status": "PERFORMANCE_CONFIRMED"}	{"status": "SETTLEMENT_READY"}	Test audit log 65	127.0.0.1	Codex Seed Script	2026-04-16 16:18:07.069522+09	t	165	2026-04-17 11:46:50.051974+09	165	\N	\N
66	82fad01c-536b-4344-8e75-7355dc009b89	166	166	TEST_SEED	ord	orders	66	7be828be-5b3d-4a8c-b43d-248a53c3527a	{"status": "PERFORMANCE_CONFIRMED"}	{"status": "SETTLEMENT_READY"}	Test audit log 66	127.0.0.1	Codex Seed Script	2026-04-16 16:18:07.069522+09	t	166	2026-04-17 11:46:50.051974+09	166	\N	\N
67	9fbf4781-f5e9-4b54-9210-a7661012993a	167	167	TEST_SEED	ord	orders	67	852a8128-d86a-4560-9c51-2691a9b870ac	{"status": "PERFORMANCE_CONFIRMED"}	{"status": "SETTLEMENT_READY"}	Test audit log 67	127.0.0.1	Codex Seed Script	2026-04-16 16:18:07.069522+09	t	167	2026-04-17 11:46:50.051974+09	167	\N	\N
68	0a73e3ab-75ff-47ad-b61a-e53b5297025d	168	168	TEST_SEED	ord	orders	68	708d58af-e0d1-4399-91b5-c4120b62318f	{"status": "PERFORMANCE_CONFIRMED"}	{"status": "SETTLEMENT_READY"}	Test audit log 68	127.0.0.1	Codex Seed Script	2026-04-16 16:18:07.069522+09	t	168	2026-04-17 11:46:50.051974+09	168	\N	\N
69	218768c3-594d-4644-a2c6-ab9f6f9f10fd	169	169	TEST_SEED	ord	orders	69	dd54a95d-63ab-441e-a8c9-8c41f8d2c978	{"status": "PERFORMANCE_CONFIRMED"}	{"status": "SETTLEMENT_READY"}	Test audit log 69	127.0.0.1	Codex Seed Script	2026-04-16 16:18:07.069522+09	t	169	2026-04-17 11:46:50.051974+09	169	\N	\N
70	83edcab9-7aec-41fb-8d14-b5e40b241356	170	170	TEST_SEED	ord	orders	70	bfa2ebf2-0aca-4412-ac43-bfc62ec6904d	{"status": "PERFORMANCE_CONFIRMED"}	{"status": "SETTLEMENT_READY"}	Test audit log 70	127.0.0.1	Codex Seed Script	2026-04-16 16:18:07.069522+09	t	170	2026-04-17 11:46:50.051974+09	170	\N	\N
71	23aec031-cdbf-49d5-9704-8afd85ba60bf	171	171	TEST_SEED	ord	orders	71	7f42772b-62fc-4fed-bc6c-583af95fb775	{"status": "PERFORMANCE_CONFIRMED"}	{"status": "SETTLEMENT_READY"}	Test audit log 71	127.0.0.1	Codex Seed Script	2026-04-16 16:18:07.069522+09	t	171	2026-04-17 11:46:50.051974+09	171	\N	\N
72	8257fc3a-014b-4f8e-a5f6-5a75f09ff7f1	172	172	TEST_SEED	ord	orders	72	3463f777-143c-416b-8f3d-a174fb4b8403	{"status": "PERFORMANCE_CONFIRMED"}	{"status": "SETTLEMENT_READY"}	Test audit log 72	127.0.0.1	Codex Seed Script	2026-04-16 16:18:07.069522+09	t	172	2026-04-17 11:46:50.051974+09	172	\N	\N
73	8274ff2e-015e-49fe-bff6-498d47055e57	173	173	TEST_SEED	ord	orders	73	5c61ff5d-7d7c-4e61-8d9d-e9cdfafc4909	{"status": "PERFORMANCE_CONFIRMED"}	{"status": "SETTLEMENT_READY"}	Test audit log 73	127.0.0.1	Codex Seed Script	2026-04-16 16:18:07.069522+09	t	173	2026-04-17 11:46:50.051974+09	173	\N	\N
74	abee5a71-b187-4f13-9ef9-dd553dc3b0bb	174	174	TEST_SEED	ord	orders	74	30fab29f-6724-4e3d-a5cc-9230c025499e	{"status": "PERFORMANCE_CONFIRMED"}	{"status": "SETTLEMENT_READY"}	Test audit log 74	127.0.0.1	Codex Seed Script	2026-04-16 16:18:07.069522+09	t	174	2026-04-17 11:46:50.051974+09	174	\N	\N
75	52c672ca-7548-4081-9b1f-3b4c04d0a92a	175	175	TEST_SEED	ord	orders	75	ef4f5d1c-b0be-4c00-9b34-5fa98a44d9fd	{"status": "PERFORMANCE_CONFIRMED"}	{"status": "SETTLEMENT_READY"}	Test audit log 75	127.0.0.1	Codex Seed Script	2026-04-16 16:18:07.069522+09	t	175	2026-04-17 11:46:50.051974+09	175	\N	\N
76	75a25700-3fe5-46a4-af98-9cb8d159f34d	176	176	TEST_SEED	ord	orders	76	3d857ba5-1034-429e-a5fd-5b261e39fa9c	{"status": "PERFORMANCE_CONFIRMED"}	{"status": "SETTLEMENT_READY"}	Test audit log 76	127.0.0.1	Codex Seed Script	2026-04-16 16:18:07.069522+09	t	176	2026-04-17 11:46:50.051974+09	176	\N	\N
77	ecbd5172-06f8-4b19-a4ee-051f3b2c7495	177	177	TEST_SEED	ord	orders	77	23888554-17e8-46ea-ad93-65c168b32e4b	{"status": "PERFORMANCE_CONFIRMED"}	{"status": "SETTLEMENT_READY"}	Test audit log 77	127.0.0.1	Codex Seed Script	2026-04-16 16:18:07.069522+09	t	177	2026-04-17 11:46:50.051974+09	177	\N	\N
78	e0937bb4-8e9d-4e6b-89dd-4542903461bd	178	178	TEST_SEED	ord	orders	78	b51187d7-e19c-4e37-baf7-54d93a38aeae	{"status": "PERFORMANCE_CONFIRMED"}	{"status": "SETTLEMENT_READY"}	Test audit log 78	127.0.0.1	Codex Seed Script	2026-04-16 16:18:07.069522+09	t	178	2026-04-17 11:46:50.051974+09	178	\N	\N
79	e744edb7-3688-460d-9013-a243879b963b	179	179	TEST_SEED	ord	orders	79	357a8bbb-0f8c-44b7-85bb-f71175b9a274	{"status": "PERFORMANCE_CONFIRMED"}	{"status": "SETTLEMENT_READY"}	Test audit log 79	127.0.0.1	Codex Seed Script	2026-04-16 16:18:07.069522+09	t	179	2026-04-17 11:46:50.051974+09	179	\N	\N
80	b53e7560-ab63-4c22-b44d-206f91351c72	180	180	TEST_SEED	ord	orders	80	ca6ae674-7c12-489e-8c13-871a558752a5	{"status": "PERFORMANCE_CONFIRMED"}	{"status": "SETTLEMENT_READY"}	Test audit log 80	127.0.0.1	Codex Seed Script	2026-04-16 16:18:07.069522+09	t	180	2026-04-17 11:46:50.051974+09	180	\N	\N
81	14a2a6e4-b3ae-4af8-ba15-447630a0b1e5	181	181	TEST_SEED	ord	orders	81	e91e8a37-53af-4048-8ad5-34999743fd00	{"status": "PERFORMANCE_CONFIRMED"}	{"status": "SETTLEMENT_READY"}	Test audit log 81	127.0.0.1	Codex Seed Script	2026-04-16 16:18:07.069522+09	t	181	2026-04-17 11:46:50.051974+09	181	\N	\N
82	8a0236e7-47b7-41c2-b19b-3defd5e35470	182	182	TEST_SEED	ord	orders	82	d5c78db5-3e2c-4ca9-8266-2ab74ef51b1d	{"status": "PERFORMANCE_CONFIRMED"}	{"status": "SETTLEMENT_READY"}	Test audit log 82	127.0.0.1	Codex Seed Script	2026-04-16 16:18:07.069522+09	t	182	2026-04-17 11:46:50.051974+09	182	\N	\N
83	1a24df1d-7c9e-46d8-8594-08adaa4c03f8	183	183	TEST_SEED	ord	orders	83	f238c186-c893-4ee5-bac7-cf8231657408	{"status": "PERFORMANCE_CONFIRMED"}	{"status": "SETTLEMENT_READY"}	Test audit log 83	127.0.0.1	Codex Seed Script	2026-04-16 16:18:07.069522+09	t	183	2026-04-17 11:46:50.051974+09	183	\N	\N
84	dbf4df5c-535c-41c3-8977-104c596ee29f	184	184	TEST_SEED	ord	orders	84	3bfe14ae-8c1a-4f73-9e8a-94341cac487b	{"status": "PERFORMANCE_CONFIRMED"}	{"status": "SETTLEMENT_READY"}	Test audit log 84	127.0.0.1	Codex Seed Script	2026-04-16 16:18:07.069522+09	t	184	2026-04-17 11:46:50.051974+09	184	\N	\N
85	cf7fb650-25cf-4374-9f24-aa95c238007e	185	185	TEST_SEED	ord	orders	85	3490b0c1-88e7-4bc7-a491-eadda7598500	{"status": "PERFORMANCE_CONFIRMED"}	{"status": "SETTLEMENT_READY"}	Test audit log 85	127.0.0.1	Codex Seed Script	2026-04-16 16:18:07.069522+09	t	185	2026-04-17 11:46:50.051974+09	185	\N	\N
86	2cfadd44-887a-48af-a661-fe2f82365b5b	186	186	TEST_SEED	ord	orders	86	b0112feb-24ea-4e47-b3ab-1529d49024de	{"status": "PERFORMANCE_CONFIRMED"}	{"status": "SETTLEMENT_READY"}	Test audit log 86	127.0.0.1	Codex Seed Script	2026-04-16 16:18:07.069522+09	t	186	2026-04-17 11:46:50.051974+09	186	\N	\N
87	8d527389-5c57-4355-b4b5-2517f1dfedb2	187	187	TEST_SEED	ord	orders	87	2bfe13bc-946c-4203-b5b8-2f2cab12e736	{"status": "PERFORMANCE_CONFIRMED"}	{"status": "SETTLEMENT_READY"}	Test audit log 87	127.0.0.1	Codex Seed Script	2026-04-16 16:18:07.069522+09	t	187	2026-04-17 11:46:50.051974+09	187	\N	\N
88	35aea439-9767-4f51-8260-b230db11db2e	188	188	TEST_SEED	ord	orders	88	0f20cab8-a3eb-4c59-8ee0-d858e914ad31	{"status": "PERFORMANCE_CONFIRMED"}	{"status": "SETTLEMENT_READY"}	Test audit log 88	127.0.0.1	Codex Seed Script	2026-04-16 16:18:07.069522+09	t	188	2026-04-17 11:46:50.051974+09	188	\N	\N
89	1f5a0d14-1d42-43ff-a20a-339a2fb9f026	189	189	TEST_SEED	ord	orders	89	7789d86b-a73e-4b47-8ff9-9ca45c048e53	{"status": "PERFORMANCE_CONFIRMED"}	{"status": "SETTLEMENT_READY"}	Test audit log 89	127.0.0.1	Codex Seed Script	2026-04-16 16:18:07.069522+09	t	189	2026-04-17 11:46:50.051974+09	189	\N	\N
90	18dbb391-f25b-4a53-921e-b41a77363831	190	190	TEST_SEED	ord	orders	90	3533ccd1-782e-40f2-9e47-0aa27f5934fd	{"status": "PERFORMANCE_CONFIRMED"}	{"status": "SETTLEMENT_READY"}	Test audit log 90	127.0.0.1	Codex Seed Script	2026-04-16 16:18:07.069522+09	t	190	2026-04-17 11:46:50.051974+09	190	\N	\N
1	7605e1ea-935b-48e8-a95f-b5f7dbea3eb8	101	101	TEST_SEED	ord	orders	1	d00b1506-78c8-40ec-9533-db43ce8f3941	{"status": "PERFORMANCE_CONFIRMED"}	{"status": "SETTLEMENT_READY"}	Test audit log 1	127.0.0.1	Codex Seed Script	2026-04-16 16:18:07.069522+09	t	101	2026-04-17 11:46:50.051974+09	101	\N	\N
2	55a8436f-7cba-450d-b9ca-a6a0c8a50c11	102	102	TEST_SEED	ord	orders	2	eca8ea06-74e0-40ef-9895-c486c3133dfe	{"status": "PERFORMANCE_CONFIRMED"}	{"status": "SETTLEMENT_READY"}	Test audit log 2	127.0.0.1	Codex Seed Script	2026-04-16 16:18:07.069522+09	t	102	2026-04-17 11:46:50.051974+09	102	\N	\N
3	8919bb85-a1cd-4ddb-9e80-c7faad84f5c4	103	103	TEST_SEED	ord	orders	3	5f2f78bb-ce17-4cdf-95d5-78a0e9f9ff98	{"status": "PERFORMANCE_CONFIRMED"}	{"status": "SETTLEMENT_READY"}	Test audit log 3	127.0.0.1	Codex Seed Script	2026-04-16 16:18:07.069522+09	t	103	2026-04-17 11:46:50.051974+09	103	\N	\N
4	3ae2e238-9ba5-40de-9847-a3a3ffec9e13	104	104	TEST_SEED	ord	orders	4	a988c01c-f28c-4db3-a5a2-eb4ce09c6f4d	{"status": "PERFORMANCE_CONFIRMED"}	{"status": "SETTLEMENT_READY"}	Test audit log 4	127.0.0.1	Codex Seed Script	2026-04-16 16:18:07.069522+09	t	104	2026-04-17 11:46:50.051974+09	104	\N	\N
5	e1d81c5d-f403-4286-b200-b1268e567e3a	105	105	TEST_SEED	ord	orders	5	0d167efe-b68f-45b8-81b2-ccfeff0333f2	{"status": "PERFORMANCE_CONFIRMED"}	{"status": "SETTLEMENT_READY"}	Test audit log 5	127.0.0.1	Codex Seed Script	2026-04-16 16:18:07.069522+09	t	105	2026-04-17 11:46:50.051974+09	105	\N	\N
6	221378bb-d419-4459-9cc4-48ffd00a70ca	106	106	TEST_SEED	ord	orders	6	fa158bd8-5820-4a70-9091-e77dea0d5160	{"status": "PERFORMANCE_CONFIRMED"}	{"status": "SETTLEMENT_READY"}	Test audit log 6	127.0.0.1	Codex Seed Script	2026-04-16 16:18:07.069522+09	t	106	2026-04-17 11:46:50.051974+09	106	\N	\N
91	48f56c85-aed8-40d7-b20d-333e650b7a91	191	191	TEST_SEED	ord	orders	91	e29bb59f-504e-4345-81b9-48e6c9eebd43	{"status": "PERFORMANCE_CONFIRMED"}	{"status": "SETTLEMENT_READY"}	Test audit log 91	127.0.0.1	Codex Seed Script	2026-04-16 16:18:07.069522+09	t	191	2026-04-17 11:46:50.051974+09	191	\N	\N
92	7f04761f-a0ec-4d44-8455-cee40d028ca3	192	192	TEST_SEED	ord	orders	92	29fbe506-6053-4668-8b90-1496a0e34b70	{"status": "PERFORMANCE_CONFIRMED"}	{"status": "SETTLEMENT_READY"}	Test audit log 92	127.0.0.1	Codex Seed Script	2026-04-16 16:18:07.069522+09	t	192	2026-04-17 11:46:50.051974+09	192	\N	\N
93	0dbe3f02-ea83-497c-98a7-f7e8e5377b13	193	193	TEST_SEED	ord	orders	93	9076765b-3f41-4a0d-aa56-aa222fb83d34	{"status": "PERFORMANCE_CONFIRMED"}	{"status": "SETTLEMENT_READY"}	Test audit log 93	127.0.0.1	Codex Seed Script	2026-04-16 16:18:07.069522+09	t	193	2026-04-17 11:46:50.051974+09	193	\N	\N
94	5be266a9-b6a7-447e-8b14-cd648eef817f	194	194	TEST_SEED	ord	orders	94	b8f46d50-cf20-487a-a383-3c0131e2f0f3	{"status": "PERFORMANCE_CONFIRMED"}	{"status": "SETTLEMENT_READY"}	Test audit log 94	127.0.0.1	Codex Seed Script	2026-04-16 16:18:07.069522+09	t	194	2026-04-17 11:46:50.051974+09	194	\N	\N
95	8c4c366f-a191-4033-a6cb-0a63ae686189	195	195	TEST_SEED	ord	orders	95	3f0b4317-3ddf-4e1c-979b-d0d572a216c3	{"status": "PERFORMANCE_CONFIRMED"}	{"status": "SETTLEMENT_READY"}	Test audit log 95	127.0.0.1	Codex Seed Script	2026-04-16 16:18:07.069522+09	t	195	2026-04-17 11:46:50.051974+09	195	\N	\N
96	f16007d1-20eb-4d28-898f-5bb7380922bd	196	196	TEST_SEED	ord	orders	96	3ea76e26-f6d5-41d6-9ad6-1540945698f9	{"status": "PERFORMANCE_CONFIRMED"}	{"status": "SETTLEMENT_READY"}	Test audit log 96	127.0.0.1	Codex Seed Script	2026-04-16 16:18:07.069522+09	t	196	2026-04-17 11:46:50.051974+09	196	\N	\N
97	07a9d928-e813-471a-93e3-c812a4204a4b	197	197	TEST_SEED	ord	orders	97	91e545b4-d382-4a91-bcd9-e6234a734e8a	{"status": "PERFORMANCE_CONFIRMED"}	{"status": "SETTLEMENT_READY"}	Test audit log 97	127.0.0.1	Codex Seed Script	2026-04-16 16:18:07.069522+09	t	197	2026-04-17 11:46:50.051974+09	197	\N	\N
98	67bb11b6-2664-45e5-9854-ba3477d2a148	198	198	TEST_SEED	ord	orders	98	0f403dfa-4662-4499-8d5d-c2f46ba77439	{"status": "PERFORMANCE_CONFIRMED"}	{"status": "SETTLEMENT_READY"}	Test audit log 98	127.0.0.1	Codex Seed Script	2026-04-16 16:18:07.069522+09	t	198	2026-04-17 11:46:50.051974+09	198	\N	\N
99	de4640ba-9190-49e1-ab9c-ae2d53a6ce8e	199	199	TEST_SEED	ord	orders	99	b9466de6-7066-4eed-ac4d-d9f283f532bc	{"status": "PERFORMANCE_CONFIRMED"}	{"status": "SETTLEMENT_READY"}	Test audit log 99	127.0.0.1	Codex Seed Script	2026-04-16 16:18:07.069522+09	t	199	2026-04-17 11:46:50.051974+09	199	\N	\N
100	461213c4-742c-4e82-a60c-87b4c4505eca	200	200	TEST_SEED	ord	orders	100	350ff593-1f2f-43f2-92af-0e92e9b03fd2	{"status": "PERFORMANCE_CONFIRMED"}	{"status": "SETTLEMENT_READY"}	Test audit log 100	127.0.0.1	Codex Seed Script	2026-04-16 16:18:07.069522+09	t	200	2026-04-17 11:46:50.051974+09	200	\N	\N
\.


--
-- Data for Name: notifications; Type: TABLE DATA; Schema: audit; Owner: -
--

COPY audit.notifications (notification_id, notification_uid, tenant_id, recipient_user_id, channel, template_code, title, message, payload, status_code, sent_at, error_message, created_at, is_active, created_by, updated_at, updated_by, deleted_at, deleted_by) FROM stdin;
15	4bb65fd7-4a0f-468b-858b-b28fe0726d41	115	115	EMAIL	TEST_TEMPLATE	Test Notification 15	Test notification message 15	{"seq": 15, "sample": true}	SENT	2026-04-16 16:18:07.069522+09	\N	2026-04-16 16:18:07.069522+09	t	115	2026-04-17 11:46:50.051974+09	115	\N	\N
16	feba8cd6-37b1-4357-9137-b3bbf69a9974	116	116	SMS	TEST_TEMPLATE	Test Notification 16	Test notification message 16	{"seq": 16, "sample": true}	SENT	2026-04-16 16:18:07.069522+09	\N	2026-04-16 16:18:07.069522+09	t	116	2026-04-17 11:46:50.051974+09	116	\N	\N
17	5f8f67f2-e581-4593-9991-d44a79fd07bc	117	117	WEB	TEST_TEMPLATE	Test Notification 17	Test notification message 17	{"seq": 17, "sample": true}	SENT	2026-04-16 16:18:07.069522+09	\N	2026-04-16 16:18:07.069522+09	t	117	2026-04-17 11:46:50.051974+09	117	\N	\N
18	efe45821-895d-44fc-9bfa-4d1c0a5d8d9c	118	118	EMAIL	TEST_TEMPLATE	Test Notification 18	Test notification message 18	{"seq": 18, "sample": true}	SENT	2026-04-16 16:18:07.069522+09	\N	2026-04-16 16:18:07.069522+09	t	118	2026-04-17 11:46:50.051974+09	118	\N	\N
19	89ab1cbf-b639-46a4-95cd-b4d4a6680467	119	119	SMS	TEST_TEMPLATE	Test Notification 19	Test notification message 19	{"seq": 19, "sample": true}	SENT	2026-04-16 16:18:07.069522+09	\N	2026-04-16 16:18:07.069522+09	t	119	2026-04-17 11:46:50.051974+09	119	\N	\N
20	6dbc51d6-f321-4aaf-93b8-e08309ef39db	120	120	WEB	TEST_TEMPLATE	Test Notification 20	Test notification message 20	{"seq": 20, "sample": true}	SENT	2026-04-16 16:18:07.069522+09	\N	2026-04-16 16:18:07.069522+09	t	120	2026-04-17 11:46:50.051974+09	120	\N	\N
21	2a376314-6538-477c-adbc-4e8878cba817	121	121	EMAIL	TEST_TEMPLATE	Test Notification 21	Test notification message 21	{"seq": 21, "sample": true}	SENT	2026-04-16 16:18:07.069522+09	\N	2026-04-16 16:18:07.069522+09	t	121	2026-04-17 11:46:50.051974+09	121	\N	\N
22	76cafc51-52b2-4a97-84d7-5de6b9afa8b8	122	122	SMS	TEST_TEMPLATE	Test Notification 22	Test notification message 22	{"seq": 22, "sample": true}	SENT	2026-04-16 16:18:07.069522+09	\N	2026-04-16 16:18:07.069522+09	t	122	2026-04-17 11:46:50.051974+09	122	\N	\N
23	2c1c3c66-00ad-410a-b77b-e7e95aeb146c	123	123	WEB	TEST_TEMPLATE	Test Notification 23	Test notification message 23	{"seq": 23, "sample": true}	SENT	2026-04-16 16:18:07.069522+09	\N	2026-04-16 16:18:07.069522+09	t	123	2026-04-17 11:46:50.051974+09	123	\N	\N
24	dc683956-e384-4b67-9fc9-7d4dac4fe35c	124	124	EMAIL	TEST_TEMPLATE	Test Notification 24	Test notification message 24	{"seq": 24, "sample": true}	SENT	2026-04-16 16:18:07.069522+09	\N	2026-04-16 16:18:07.069522+09	t	124	2026-04-17 11:46:50.051974+09	124	\N	\N
25	e63c2862-374d-43f4-a093-3b25b5baa90b	125	125	SMS	TEST_TEMPLATE	Test Notification 25	Test notification message 25	{"seq": 25, "sample": true}	SENT	2026-04-16 16:18:07.069522+09	\N	2026-04-16 16:18:07.069522+09	t	125	2026-04-17 11:46:50.051974+09	125	\N	\N
26	1bbc6de8-692e-4a40-8b06-83e0421fe573	126	126	WEB	TEST_TEMPLATE	Test Notification 26	Test notification message 26	{"seq": 26, "sample": true}	SENT	2026-04-16 16:18:07.069522+09	\N	2026-04-16 16:18:07.069522+09	t	126	2026-04-17 11:46:50.051974+09	126	\N	\N
27	19aecbfc-5bf4-402f-8284-09537bb4d98b	127	127	EMAIL	TEST_TEMPLATE	Test Notification 27	Test notification message 27	{"seq": 27, "sample": true}	SENT	2026-04-16 16:18:07.069522+09	\N	2026-04-16 16:18:07.069522+09	t	127	2026-04-17 11:46:50.051974+09	127	\N	\N
28	1d702f50-fb94-458f-86ed-c5196f13ebcb	128	128	SMS	TEST_TEMPLATE	Test Notification 28	Test notification message 28	{"seq": 28, "sample": true}	SENT	2026-04-16 16:18:07.069522+09	\N	2026-04-16 16:18:07.069522+09	t	128	2026-04-17 11:46:50.051974+09	128	\N	\N
29	e5720e42-eb2d-46a6-aba0-8914a7ac1d07	129	129	WEB	TEST_TEMPLATE	Test Notification 29	Test notification message 29	{"seq": 29, "sample": true}	SENT	2026-04-16 16:18:07.069522+09	\N	2026-04-16 16:18:07.069522+09	t	129	2026-04-17 11:46:50.051974+09	129	\N	\N
30	4cabbf2a-4e9f-478c-a7ef-590851007d64	130	130	EMAIL	TEST_TEMPLATE	Test Notification 30	Test notification message 30	{"seq": 30, "sample": true}	SENT	2026-04-16 16:18:07.069522+09	\N	2026-04-16 16:18:07.069522+09	t	130	2026-04-17 11:46:50.051974+09	130	\N	\N
31	c77ac431-1d1d-4882-b0da-5ab97b1d4916	131	131	SMS	TEST_TEMPLATE	Test Notification 31	Test notification message 31	{"seq": 31, "sample": true}	SENT	2026-04-16 16:18:07.069522+09	\N	2026-04-16 16:18:07.069522+09	t	131	2026-04-17 11:46:50.051974+09	131	\N	\N
32	4f5582a6-61e2-4d65-a552-7568972f7e59	132	132	WEB	TEST_TEMPLATE	Test Notification 32	Test notification message 32	{"seq": 32, "sample": true}	SENT	2026-04-16 16:18:07.069522+09	\N	2026-04-16 16:18:07.069522+09	t	132	2026-04-17 11:46:50.051974+09	132	\N	\N
33	811d9c2f-c7aa-4a50-822e-aa45ec0b49ac	133	133	EMAIL	TEST_TEMPLATE	Test Notification 33	Test notification message 33	{"seq": 33, "sample": true}	SENT	2026-04-16 16:18:07.069522+09	\N	2026-04-16 16:18:07.069522+09	t	133	2026-04-17 11:46:50.051974+09	133	\N	\N
34	229b80c8-8866-457f-a56f-bf00c9818fdc	134	134	SMS	TEST_TEMPLATE	Test Notification 34	Test notification message 34	{"seq": 34, "sample": true}	SENT	2026-04-16 16:18:07.069522+09	\N	2026-04-16 16:18:07.069522+09	t	134	2026-04-17 11:46:50.051974+09	134	\N	\N
35	0f734228-4f14-4252-adf5-d9377aafefd2	135	135	WEB	TEST_TEMPLATE	Test Notification 35	Test notification message 35	{"seq": 35, "sample": true}	SENT	2026-04-16 16:18:07.069522+09	\N	2026-04-16 16:18:07.069522+09	t	135	2026-04-17 11:46:50.051974+09	135	\N	\N
36	cf7b813e-7c3c-4d6d-860a-08ce41d9a257	136	136	EMAIL	TEST_TEMPLATE	Test Notification 36	Test notification message 36	{"seq": 36, "sample": true}	SENT	2026-04-16 16:18:07.069522+09	\N	2026-04-16 16:18:07.069522+09	t	136	2026-04-17 11:46:50.051974+09	136	\N	\N
37	0a46530a-7831-4c3e-9de7-c3957d1fed41	137	137	SMS	TEST_TEMPLATE	Test Notification 37	Test notification message 37	{"seq": 37, "sample": true}	SENT	2026-04-16 16:18:07.069522+09	\N	2026-04-16 16:18:07.069522+09	t	137	2026-04-17 11:46:50.051974+09	137	\N	\N
38	d1d02a2f-890f-492f-8255-b3e8d8b26690	138	138	WEB	TEST_TEMPLATE	Test Notification 38	Test notification message 38	{"seq": 38, "sample": true}	SENT	2026-04-16 16:18:07.069522+09	\N	2026-04-16 16:18:07.069522+09	t	138	2026-04-17 11:46:50.051974+09	138	\N	\N
39	3e8958d9-e8b6-44b9-b0a2-089ce038bc00	139	139	EMAIL	TEST_TEMPLATE	Test Notification 39	Test notification message 39	{"seq": 39, "sample": true}	SENT	2026-04-16 16:18:07.069522+09	\N	2026-04-16 16:18:07.069522+09	t	139	2026-04-17 11:46:50.051974+09	139	\N	\N
40	96cf26b7-785d-4029-aa2b-73627949e985	140	140	SMS	TEST_TEMPLATE	Test Notification 40	Test notification message 40	{"seq": 40, "sample": true}	SENT	2026-04-16 16:18:07.069522+09	\N	2026-04-16 16:18:07.069522+09	t	140	2026-04-17 11:46:50.051974+09	140	\N	\N
41	90e41fdd-4bd8-4a7f-8010-cb0d2f1d2aef	141	141	WEB	TEST_TEMPLATE	Test Notification 41	Test notification message 41	{"seq": 41, "sample": true}	SENT	2026-04-16 16:18:07.069522+09	\N	2026-04-16 16:18:07.069522+09	t	141	2026-04-17 11:46:50.051974+09	141	\N	\N
42	04e673c7-c8e0-416d-841b-c81e90167258	142	142	EMAIL	TEST_TEMPLATE	Test Notification 42	Test notification message 42	{"seq": 42, "sample": true}	SENT	2026-04-16 16:18:07.069522+09	\N	2026-04-16 16:18:07.069522+09	t	142	2026-04-17 11:46:50.051974+09	142	\N	\N
43	a583b366-e138-419c-93c4-fbefa6a990de	143	143	SMS	TEST_TEMPLATE	Test Notification 43	Test notification message 43	{"seq": 43, "sample": true}	SENT	2026-04-16 16:18:07.069522+09	\N	2026-04-16 16:18:07.069522+09	t	143	2026-04-17 11:46:50.051974+09	143	\N	\N
44	6b0e6e15-169c-45a8-a012-24913972a9ae	144	144	WEB	TEST_TEMPLATE	Test Notification 44	Test notification message 44	{"seq": 44, "sample": true}	SENT	2026-04-16 16:18:07.069522+09	\N	2026-04-16 16:18:07.069522+09	t	144	2026-04-17 11:46:50.051974+09	144	\N	\N
45	769745f5-a41e-4854-9693-aa3a01761bd2	145	145	EMAIL	TEST_TEMPLATE	Test Notification 45	Test notification message 45	{"seq": 45, "sample": true}	SENT	2026-04-16 16:18:07.069522+09	\N	2026-04-16 16:18:07.069522+09	t	145	2026-04-17 11:46:50.051974+09	145	\N	\N
46	fa35ca0e-8bde-432b-9f13-13fb050ae53d	146	146	SMS	TEST_TEMPLATE	Test Notification 46	Test notification message 46	{"seq": 46, "sample": true}	SENT	2026-04-16 16:18:07.069522+09	\N	2026-04-16 16:18:07.069522+09	t	146	2026-04-17 11:46:50.051974+09	146	\N	\N
47	c0660da8-6fbe-4c27-9eb5-7448f4523fcd	147	147	WEB	TEST_TEMPLATE	Test Notification 47	Test notification message 47	{"seq": 47, "sample": true}	SENT	2026-04-16 16:18:07.069522+09	\N	2026-04-16 16:18:07.069522+09	t	147	2026-04-17 11:46:50.051974+09	147	\N	\N
48	4ef416cf-7988-42a0-835a-3c2e94d1796e	148	148	EMAIL	TEST_TEMPLATE	Test Notification 48	Test notification message 48	{"seq": 48, "sample": true}	SENT	2026-04-16 16:18:07.069522+09	\N	2026-04-16 16:18:07.069522+09	t	148	2026-04-17 11:46:50.051974+09	148	\N	\N
49	c83cbaf3-6eea-4bea-bdf1-d623f957d5e5	149	149	SMS	TEST_TEMPLATE	Test Notification 49	Test notification message 49	{"seq": 49, "sample": true}	SENT	2026-04-16 16:18:07.069522+09	\N	2026-04-16 16:18:07.069522+09	t	149	2026-04-17 11:46:50.051974+09	149	\N	\N
50	8636d9f9-ec8b-4e7f-b6f7-bb15234e612d	150	150	WEB	TEST_TEMPLATE	Test Notification 50	Test notification message 50	{"seq": 50, "sample": true}	SENT	2026-04-16 16:18:07.069522+09	\N	2026-04-16 16:18:07.069522+09	t	150	2026-04-17 11:46:50.051974+09	150	\N	\N
51	f1d1a42c-1f09-4d81-803e-18507433972f	151	151	EMAIL	TEST_TEMPLATE	Test Notification 51	Test notification message 51	{"seq": 51, "sample": true}	SENT	2026-04-16 16:18:07.069522+09	\N	2026-04-16 16:18:07.069522+09	t	151	2026-04-17 11:46:50.051974+09	151	\N	\N
52	7663a353-4e32-4657-b419-64478c45c791	152	152	SMS	TEST_TEMPLATE	Test Notification 52	Test notification message 52	{"seq": 52, "sample": true}	SENT	2026-04-16 16:18:07.069522+09	\N	2026-04-16 16:18:07.069522+09	t	152	2026-04-17 11:46:50.051974+09	152	\N	\N
53	11f2fe64-6cb9-4249-8422-c6dbb8903f7b	153	153	WEB	TEST_TEMPLATE	Test Notification 53	Test notification message 53	{"seq": 53, "sample": true}	SENT	2026-04-16 16:18:07.069522+09	\N	2026-04-16 16:18:07.069522+09	t	153	2026-04-17 11:46:50.051974+09	153	\N	\N
54	84ff7d1c-023e-4cf1-991c-19c102ad33f9	154	154	EMAIL	TEST_TEMPLATE	Test Notification 54	Test notification message 54	{"seq": 54, "sample": true}	SENT	2026-04-16 16:18:07.069522+09	\N	2026-04-16 16:18:07.069522+09	t	154	2026-04-17 11:46:50.051974+09	154	\N	\N
55	f037348b-a1e9-4605-9286-a113b1ca7060	155	155	SMS	TEST_TEMPLATE	Test Notification 55	Test notification message 55	{"seq": 55, "sample": true}	SENT	2026-04-16 16:18:07.069522+09	\N	2026-04-16 16:18:07.069522+09	t	155	2026-04-17 11:46:50.051974+09	155	\N	\N
56	2524e51e-9c1d-4d99-b465-62846f159ae3	156	156	WEB	TEST_TEMPLATE	Test Notification 56	Test notification message 56	{"seq": 56, "sample": true}	SENT	2026-04-16 16:18:07.069522+09	\N	2026-04-16 16:18:07.069522+09	t	156	2026-04-17 11:46:50.051974+09	156	\N	\N
57	53fdae3b-9bf5-489b-b25f-0553ab70f302	157	157	EMAIL	TEST_TEMPLATE	Test Notification 57	Test notification message 57	{"seq": 57, "sample": true}	SENT	2026-04-16 16:18:07.069522+09	\N	2026-04-16 16:18:07.069522+09	t	157	2026-04-17 11:46:50.051974+09	157	\N	\N
58	045937bd-db7b-452e-8d4e-915b68388b18	158	158	SMS	TEST_TEMPLATE	Test Notification 58	Test notification message 58	{"seq": 58, "sample": true}	SENT	2026-04-16 16:18:07.069522+09	\N	2026-04-16 16:18:07.069522+09	t	158	2026-04-17 11:46:50.051974+09	158	\N	\N
59	94e67a62-9d0a-4556-8bd0-25962a552811	159	159	WEB	TEST_TEMPLATE	Test Notification 59	Test notification message 59	{"seq": 59, "sample": true}	SENT	2026-04-16 16:18:07.069522+09	\N	2026-04-16 16:18:07.069522+09	t	159	2026-04-17 11:46:50.051974+09	159	\N	\N
60	c5365c36-597e-43c3-94ff-22f535dbf2dc	160	160	EMAIL	TEST_TEMPLATE	Test Notification 60	Test notification message 60	{"seq": 60, "sample": true}	SENT	2026-04-16 16:18:07.069522+09	\N	2026-04-16 16:18:07.069522+09	t	160	2026-04-17 11:46:50.051974+09	160	\N	\N
61	658da610-cad0-4b16-b4d0-84a110766fd2	161	161	SMS	TEST_TEMPLATE	Test Notification 61	Test notification message 61	{"seq": 61, "sample": true}	SENT	2026-04-16 16:18:07.069522+09	\N	2026-04-16 16:18:07.069522+09	t	161	2026-04-17 11:46:50.051974+09	161	\N	\N
62	464e2124-6e5c-4532-afc1-743b65216d68	162	162	WEB	TEST_TEMPLATE	Test Notification 62	Test notification message 62	{"seq": 62, "sample": true}	SENT	2026-04-16 16:18:07.069522+09	\N	2026-04-16 16:18:07.069522+09	t	162	2026-04-17 11:46:50.051974+09	162	\N	\N
63	3234b6d1-3709-444a-b056-9ee87d410218	163	163	EMAIL	TEST_TEMPLATE	Test Notification 63	Test notification message 63	{"seq": 63, "sample": true}	SENT	2026-04-16 16:18:07.069522+09	\N	2026-04-16 16:18:07.069522+09	t	163	2026-04-17 11:46:50.051974+09	163	\N	\N
64	0f5078b0-885c-48ea-8892-8864e6abdc41	164	164	SMS	TEST_TEMPLATE	Test Notification 64	Test notification message 64	{"seq": 64, "sample": true}	SENT	2026-04-16 16:18:07.069522+09	\N	2026-04-16 16:18:07.069522+09	t	164	2026-04-17 11:46:50.051974+09	164	\N	\N
65	d44c02ac-1caa-4a50-811b-8d6674b5c0b9	165	165	WEB	TEST_TEMPLATE	Test Notification 65	Test notification message 65	{"seq": 65, "sample": true}	SENT	2026-04-16 16:18:07.069522+09	\N	2026-04-16 16:18:07.069522+09	t	165	2026-04-17 11:46:50.051974+09	165	\N	\N
66	6dad79ab-882e-471e-a7ca-304e7cd85e4f	166	166	EMAIL	TEST_TEMPLATE	Test Notification 66	Test notification message 66	{"seq": 66, "sample": true}	SENT	2026-04-16 16:18:07.069522+09	\N	2026-04-16 16:18:07.069522+09	t	166	2026-04-17 11:46:50.051974+09	166	\N	\N
67	6c0bb838-5887-4a41-8fbc-253926c1d0b8	167	167	SMS	TEST_TEMPLATE	Test Notification 67	Test notification message 67	{"seq": 67, "sample": true}	SENT	2026-04-16 16:18:07.069522+09	\N	2026-04-16 16:18:07.069522+09	t	167	2026-04-17 11:46:50.051974+09	167	\N	\N
68	67bfd0fd-85fb-4098-9fdc-fe3c49a88ba6	168	168	WEB	TEST_TEMPLATE	Test Notification 68	Test notification message 68	{"seq": 68, "sample": true}	SENT	2026-04-16 16:18:07.069522+09	\N	2026-04-16 16:18:07.069522+09	t	168	2026-04-17 11:46:50.051974+09	168	\N	\N
69	76e52c1f-c76d-4164-88a1-317442a169a6	169	169	EMAIL	TEST_TEMPLATE	Test Notification 69	Test notification message 69	{"seq": 69, "sample": true}	SENT	2026-04-16 16:18:07.069522+09	\N	2026-04-16 16:18:07.069522+09	t	169	2026-04-17 11:46:50.051974+09	169	\N	\N
70	bdf15a9a-fe92-4d90-afa1-d4d24645f718	170	170	SMS	TEST_TEMPLATE	Test Notification 70	Test notification message 70	{"seq": 70, "sample": true}	SENT	2026-04-16 16:18:07.069522+09	\N	2026-04-16 16:18:07.069522+09	t	170	2026-04-17 11:46:50.051974+09	170	\N	\N
71	9ed082a8-b389-423c-a042-8d9b6aa85bab	171	171	WEB	TEST_TEMPLATE	Test Notification 71	Test notification message 71	{"seq": 71, "sample": true}	SENT	2026-04-16 16:18:07.069522+09	\N	2026-04-16 16:18:07.069522+09	t	171	2026-04-17 11:46:50.051974+09	171	\N	\N
72	c0f56d8e-a34b-4cba-88de-885a068c75a6	172	172	EMAIL	TEST_TEMPLATE	Test Notification 72	Test notification message 72	{"seq": 72, "sample": true}	SENT	2026-04-16 16:18:07.069522+09	\N	2026-04-16 16:18:07.069522+09	t	172	2026-04-17 11:46:50.051974+09	172	\N	\N
73	5a027d80-2d1a-4322-a044-142100cee52f	173	173	SMS	TEST_TEMPLATE	Test Notification 73	Test notification message 73	{"seq": 73, "sample": true}	SENT	2026-04-16 16:18:07.069522+09	\N	2026-04-16 16:18:07.069522+09	t	173	2026-04-17 11:46:50.051974+09	173	\N	\N
74	747d867d-9cc8-4f20-aa05-f34602d71888	174	174	WEB	TEST_TEMPLATE	Test Notification 74	Test notification message 74	{"seq": 74, "sample": true}	SENT	2026-04-16 16:18:07.069522+09	\N	2026-04-16 16:18:07.069522+09	t	174	2026-04-17 11:46:50.051974+09	174	\N	\N
75	b40e41b1-1f6c-4bc1-8aac-dfdfe1a01594	175	175	EMAIL	TEST_TEMPLATE	Test Notification 75	Test notification message 75	{"seq": 75, "sample": true}	SENT	2026-04-16 16:18:07.069522+09	\N	2026-04-16 16:18:07.069522+09	t	175	2026-04-17 11:46:50.051974+09	175	\N	\N
76	3360bf30-3ace-4c7e-a551-98bf5fd42be7	176	176	SMS	TEST_TEMPLATE	Test Notification 76	Test notification message 76	{"seq": 76, "sample": true}	SENT	2026-04-16 16:18:07.069522+09	\N	2026-04-16 16:18:07.069522+09	t	176	2026-04-17 11:46:50.051974+09	176	\N	\N
77	9d55a58e-88f8-4e15-8b99-462549410908	177	177	WEB	TEST_TEMPLATE	Test Notification 77	Test notification message 77	{"seq": 77, "sample": true}	SENT	2026-04-16 16:18:07.069522+09	\N	2026-04-16 16:18:07.069522+09	t	177	2026-04-17 11:46:50.051974+09	177	\N	\N
78	58809fb7-4201-4a4b-affd-74215f522e6c	178	178	EMAIL	TEST_TEMPLATE	Test Notification 78	Test notification message 78	{"seq": 78, "sample": true}	SENT	2026-04-16 16:18:07.069522+09	\N	2026-04-16 16:18:07.069522+09	t	178	2026-04-17 11:46:50.051974+09	178	\N	\N
79	13f3a4bb-f281-402a-804f-179d466d57ba	179	179	SMS	TEST_TEMPLATE	Test Notification 79	Test notification message 79	{"seq": 79, "sample": true}	SENT	2026-04-16 16:18:07.069522+09	\N	2026-04-16 16:18:07.069522+09	t	179	2026-04-17 11:46:50.051974+09	179	\N	\N
80	2690a447-ddae-4839-b4ed-7f76694c8d6a	180	180	WEB	TEST_TEMPLATE	Test Notification 80	Test notification message 80	{"seq": 80, "sample": true}	SENT	2026-04-16 16:18:07.069522+09	\N	2026-04-16 16:18:07.069522+09	t	180	2026-04-17 11:46:50.051974+09	180	\N	\N
1	e5eda83e-881f-4b44-a4c6-7bee1ca0fea7	101	101	SMS	TEST_TEMPLATE	Test Notification 1	Test notification message 1	{"seq": 1, "sample": true}	SENT	2026-04-16 16:18:07.069522+09	\N	2026-04-16 16:18:07.069522+09	t	101	2026-04-17 11:46:50.051974+09	101	\N	\N
2	775826dd-5550-49e6-bbd0-46aff5cfaa82	102	102	WEB	TEST_TEMPLATE	Test Notification 2	Test notification message 2	{"seq": 2, "sample": true}	SENT	2026-04-16 16:18:07.069522+09	\N	2026-04-16 16:18:07.069522+09	t	102	2026-04-17 11:46:50.051974+09	102	\N	\N
3	3ab28cd6-705f-480d-85bb-df337baf9ff3	103	103	EMAIL	TEST_TEMPLATE	Test Notification 3	Test notification message 3	{"seq": 3, "sample": true}	SENT	2026-04-16 16:18:07.069522+09	\N	2026-04-16 16:18:07.069522+09	t	103	2026-04-17 11:46:50.051974+09	103	\N	\N
4	42d86277-4777-4ffe-b421-068ec3e798bb	104	104	SMS	TEST_TEMPLATE	Test Notification 4	Test notification message 4	{"seq": 4, "sample": true}	SENT	2026-04-16 16:18:07.069522+09	\N	2026-04-16 16:18:07.069522+09	t	104	2026-04-17 11:46:50.051974+09	104	\N	\N
5	f1d6588c-0546-42ca-9e54-bd3d92f2872b	105	105	WEB	TEST_TEMPLATE	Test Notification 5	Test notification message 5	{"seq": 5, "sample": true}	SENT	2026-04-16 16:18:07.069522+09	\N	2026-04-16 16:18:07.069522+09	t	105	2026-04-17 11:46:50.051974+09	105	\N	\N
6	71cf6862-b920-40ce-b527-5a908088a24e	106	106	EMAIL	TEST_TEMPLATE	Test Notification 6	Test notification message 6	{"seq": 6, "sample": true}	SENT	2026-04-16 16:18:07.069522+09	\N	2026-04-16 16:18:07.069522+09	t	106	2026-04-17 11:46:50.051974+09	106	\N	\N
7	41b2114f-3a45-4b0b-8f5d-7a099f9fbedf	107	107	SMS	TEST_TEMPLATE	Test Notification 7	Test notification message 7	{"seq": 7, "sample": true}	SENT	2026-04-16 16:18:07.069522+09	\N	2026-04-16 16:18:07.069522+09	t	107	2026-04-17 11:46:50.051974+09	107	\N	\N
8	ef2dee38-e35c-449c-9289-3d2936e57c19	108	108	WEB	TEST_TEMPLATE	Test Notification 8	Test notification message 8	{"seq": 8, "sample": true}	SENT	2026-04-16 16:18:07.069522+09	\N	2026-04-16 16:18:07.069522+09	t	108	2026-04-17 11:46:50.051974+09	108	\N	\N
9	b3e769da-e5ba-40ea-8742-d0c7714a8430	109	109	EMAIL	TEST_TEMPLATE	Test Notification 9	Test notification message 9	{"seq": 9, "sample": true}	SENT	2026-04-16 16:18:07.069522+09	\N	2026-04-16 16:18:07.069522+09	t	109	2026-04-17 11:46:50.051974+09	109	\N	\N
10	4bca0ed6-64f0-4f6b-b888-5c3edeada409	110	110	SMS	TEST_TEMPLATE	Test Notification 10	Test notification message 10	{"seq": 10, "sample": true}	SENT	2026-04-16 16:18:07.069522+09	\N	2026-04-16 16:18:07.069522+09	t	110	2026-04-17 11:46:50.051974+09	110	\N	\N
11	879b0801-c303-43c3-b8bf-f2b6f3aa6d71	111	111	WEB	TEST_TEMPLATE	Test Notification 11	Test notification message 11	{"seq": 11, "sample": true}	SENT	2026-04-16 16:18:07.069522+09	\N	2026-04-16 16:18:07.069522+09	t	111	2026-04-17 11:46:50.051974+09	111	\N	\N
12	36a7362a-5676-4fe6-8d5e-402f9a32bade	112	112	EMAIL	TEST_TEMPLATE	Test Notification 12	Test notification message 12	{"seq": 12, "sample": true}	SENT	2026-04-16 16:18:07.069522+09	\N	2026-04-16 16:18:07.069522+09	t	112	2026-04-17 11:46:50.051974+09	112	\N	\N
13	0e0229f3-7505-4f29-9a57-0b053697b210	113	113	SMS	TEST_TEMPLATE	Test Notification 13	Test notification message 13	{"seq": 13, "sample": true}	SENT	2026-04-16 16:18:07.069522+09	\N	2026-04-16 16:18:07.069522+09	t	113	2026-04-17 11:46:50.051974+09	113	\N	\N
14	f42e6a04-8175-48ba-ae44-11dcff030ce2	114	114	WEB	TEST_TEMPLATE	Test Notification 14	Test notification message 14	{"seq": 14, "sample": true}	SENT	2026-04-16 16:18:07.069522+09	\N	2026-04-16 16:18:07.069522+09	t	114	2026-04-17 11:46:50.051974+09	114	\N	\N
81	2453660f-a178-46dc-8761-d3e7cd896ca9	181	181	EMAIL	TEST_TEMPLATE	Test Notification 81	Test notification message 81	{"seq": 81, "sample": true}	SENT	2026-04-16 16:18:07.069522+09	\N	2026-04-16 16:18:07.069522+09	t	181	2026-04-17 11:46:50.051974+09	181	\N	\N
82	1210cf0a-e2ac-44a7-898d-af22ca630567	182	182	SMS	TEST_TEMPLATE	Test Notification 82	Test notification message 82	{"seq": 82, "sample": true}	SENT	2026-04-16 16:18:07.069522+09	\N	2026-04-16 16:18:07.069522+09	t	182	2026-04-17 11:46:50.051974+09	182	\N	\N
83	7af571e8-305b-4863-b873-cd00c3882254	183	183	WEB	TEST_TEMPLATE	Test Notification 83	Test notification message 83	{"seq": 83, "sample": true}	SENT	2026-04-16 16:18:07.069522+09	\N	2026-04-16 16:18:07.069522+09	t	183	2026-04-17 11:46:50.051974+09	183	\N	\N
84	a6cf2ace-bcfa-42d3-ab0f-28f8745be52c	184	184	EMAIL	TEST_TEMPLATE	Test Notification 84	Test notification message 84	{"seq": 84, "sample": true}	SENT	2026-04-16 16:18:07.069522+09	\N	2026-04-16 16:18:07.069522+09	t	184	2026-04-17 11:46:50.051974+09	184	\N	\N
85	cf533dc4-e760-4e6e-99bd-4a60b485d40c	185	185	SMS	TEST_TEMPLATE	Test Notification 85	Test notification message 85	{"seq": 85, "sample": true}	SENT	2026-04-16 16:18:07.069522+09	\N	2026-04-16 16:18:07.069522+09	t	185	2026-04-17 11:46:50.051974+09	185	\N	\N
86	9394836f-95ba-4e72-b23e-f9c61d288932	186	186	WEB	TEST_TEMPLATE	Test Notification 86	Test notification message 86	{"seq": 86, "sample": true}	SENT	2026-04-16 16:18:07.069522+09	\N	2026-04-16 16:18:07.069522+09	t	186	2026-04-17 11:46:50.051974+09	186	\N	\N
87	5c3619ee-5711-4636-97a3-e26820b9abe6	187	187	EMAIL	TEST_TEMPLATE	Test Notification 87	Test notification message 87	{"seq": 87, "sample": true}	SENT	2026-04-16 16:18:07.069522+09	\N	2026-04-16 16:18:07.069522+09	t	187	2026-04-17 11:46:50.051974+09	187	\N	\N
88	41245632-6b54-46d8-9195-a33b0202debf	188	188	SMS	TEST_TEMPLATE	Test Notification 88	Test notification message 88	{"seq": 88, "sample": true}	SENT	2026-04-16 16:18:07.069522+09	\N	2026-04-16 16:18:07.069522+09	t	188	2026-04-17 11:46:50.051974+09	188	\N	\N
89	b572a245-20d3-4df7-a8a3-bccbc24e0100	189	189	WEB	TEST_TEMPLATE	Test Notification 89	Test notification message 89	{"seq": 89, "sample": true}	SENT	2026-04-16 16:18:07.069522+09	\N	2026-04-16 16:18:07.069522+09	t	189	2026-04-17 11:46:50.051974+09	189	\N	\N
90	113d2f49-83a4-4ab1-9071-3f20a338ad75	190	190	EMAIL	TEST_TEMPLATE	Test Notification 90	Test notification message 90	{"seq": 90, "sample": true}	SENT	2026-04-16 16:18:07.069522+09	\N	2026-04-16 16:18:07.069522+09	t	190	2026-04-17 11:46:50.051974+09	190	\N	\N
91	d2a2629e-5cfc-4f69-bb4e-cecb00499899	191	191	SMS	TEST_TEMPLATE	Test Notification 91	Test notification message 91	{"seq": 91, "sample": true}	SENT	2026-04-16 16:18:07.069522+09	\N	2026-04-16 16:18:07.069522+09	t	191	2026-04-17 11:46:50.051974+09	191	\N	\N
92	b40fd038-26c4-419b-9e20-58651589c02c	192	192	WEB	TEST_TEMPLATE	Test Notification 92	Test notification message 92	{"seq": 92, "sample": true}	SENT	2026-04-16 16:18:07.069522+09	\N	2026-04-16 16:18:07.069522+09	t	192	2026-04-17 11:46:50.051974+09	192	\N	\N
93	4220aa3f-fc76-4756-ae33-e4fb0380196d	193	193	EMAIL	TEST_TEMPLATE	Test Notification 93	Test notification message 93	{"seq": 93, "sample": true}	SENT	2026-04-16 16:18:07.069522+09	\N	2026-04-16 16:18:07.069522+09	t	193	2026-04-17 11:46:50.051974+09	193	\N	\N
94	4f13a678-c06e-4ea2-9eb1-e0fd34410990	194	194	SMS	TEST_TEMPLATE	Test Notification 94	Test notification message 94	{"seq": 94, "sample": true}	SENT	2026-04-16 16:18:07.069522+09	\N	2026-04-16 16:18:07.069522+09	t	194	2026-04-17 11:46:50.051974+09	194	\N	\N
95	c8880222-ed46-43a6-8802-538d1c572f76	195	195	WEB	TEST_TEMPLATE	Test Notification 95	Test notification message 95	{"seq": 95, "sample": true}	SENT	2026-04-16 16:18:07.069522+09	\N	2026-04-16 16:18:07.069522+09	t	195	2026-04-17 11:46:50.051974+09	195	\N	\N
96	f48d3671-d52a-454b-9743-cf59e38d0b35	196	196	EMAIL	TEST_TEMPLATE	Test Notification 96	Test notification message 96	{"seq": 96, "sample": true}	SENT	2026-04-16 16:18:07.069522+09	\N	2026-04-16 16:18:07.069522+09	t	196	2026-04-17 11:46:50.051974+09	196	\N	\N
97	0596364b-fa5b-4600-80ad-9fc7af303452	197	197	SMS	TEST_TEMPLATE	Test Notification 97	Test notification message 97	{"seq": 97, "sample": true}	SENT	2026-04-16 16:18:07.069522+09	\N	2026-04-16 16:18:07.069522+09	t	197	2026-04-17 11:46:50.051974+09	197	\N	\N
98	f4d27acd-03d5-4dfc-bbe1-f844e8448c13	198	198	WEB	TEST_TEMPLATE	Test Notification 98	Test notification message 98	{"seq": 98, "sample": true}	SENT	2026-04-16 16:18:07.069522+09	\N	2026-04-16 16:18:07.069522+09	t	198	2026-04-17 11:46:50.051974+09	198	\N	\N
99	f78281e8-6953-4a6b-a70d-40bbed6f6deb	199	199	EMAIL	TEST_TEMPLATE	Test Notification 99	Test notification message 99	{"seq": 99, "sample": true}	SENT	2026-04-16 16:18:07.069522+09	\N	2026-04-16 16:18:07.069522+09	t	199	2026-04-17 11:46:50.051974+09	199	\N	\N
100	755d7010-fd73-469f-8e48-5ab28d019b99	200	200	SMS	TEST_TEMPLATE	Test Notification 100	Test notification message 100	{"seq": 100, "sample": true}	SENT	2026-04-16 16:18:07.069522+09	\N	2026-04-16 16:18:07.069522+09	t	200	2026-04-17 11:46:50.051974+09	200	\N	\N
\.


--
-- Data for Name: branches; Type: TABLE DATA; Schema: core; Owner: -
--

COPY core.branches (branch_id, branch_uid, tenant_id, company_id, parent_branch_id, branch_code, branch_name, is_active, created_at, updated_at, created_by, updated_by, deleted_at, deleted_by) FROM stdin;
133	d2ead808-de15-4ae9-8818-bf720274b00b	133	133	\N	BR033	Test Branch 133	t	2026-04-16 16:18:07.069522+09	2026-04-17 11:46:50.051974+09	133	133	\N	\N
137	5adfc7b9-ec74-4b85-858f-301843f4a032	137	137	\N	BR037	Test Branch 137	t	2026-04-16 16:18:07.069522+09	2026-04-17 11:46:50.051974+09	137	137	\N	\N
138	009a8210-1ead-401b-a3cc-ebba50a00852	138	138	\N	BR038	Test Branch 138	t	2026-04-16 16:18:07.069522+09	2026-04-17 11:46:50.051974+09	138	138	\N	\N
139	a141d637-8adc-4e1c-946e-1f6b7cf5dd7c	139	139	\N	BR039	Test Branch 139	t	2026-04-16 16:18:07.069522+09	2026-04-17 11:46:50.051974+09	139	139	\N	\N
140	b177c766-4931-4a2a-98f9-7643731726f9	140	140	\N	BR040	Test Branch 140	t	2026-04-16 16:18:07.069522+09	2026-04-17 11:46:50.051974+09	140	140	\N	\N
141	58a91f74-762c-4a4f-80c6-84567997ecdd	141	141	\N	BR041	Test Branch 141	t	2026-04-16 16:18:07.069522+09	2026-04-17 11:46:50.051974+09	141	141	\N	\N
142	a5f20160-560d-4374-a34d-0481c09a8afd	142	142	\N	BR042	Test Branch 142	t	2026-04-16 16:18:07.069522+09	2026-04-17 11:46:50.051974+09	142	142	\N	\N
143	dec8feb1-f01e-49ec-bbb6-262b39f29a4c	143	143	\N	BR043	Test Branch 143	t	2026-04-16 16:18:07.069522+09	2026-04-17 11:46:50.051974+09	143	143	\N	\N
144	f4457745-a741-4e92-9983-76918105d765	144	144	\N	BR044	Test Branch 144	t	2026-04-16 16:18:07.069522+09	2026-04-17 11:46:50.051974+09	144	144	\N	\N
145	a2371e75-00d2-47a8-8d40-55af2de3393a	145	145	\N	BR045	Test Branch 145	t	2026-04-16 16:18:07.069522+09	2026-04-17 11:46:50.051974+09	145	145	\N	\N
146	b6ed26f4-8763-45d7-b836-43fbc7cf104e	146	146	\N	BR046	Test Branch 146	t	2026-04-16 16:18:07.069522+09	2026-04-17 11:46:50.051974+09	146	146	\N	\N
147	84902f65-e6df-46ef-be6a-72a50048ef97	147	147	\N	BR047	Test Branch 147	t	2026-04-16 16:18:07.069522+09	2026-04-17 11:46:50.051974+09	147	147	\N	\N
148	0f3f7085-03f5-4bfe-a10b-d0a2c07f2264	148	148	\N	BR048	Test Branch 148	t	2026-04-16 16:18:07.069522+09	2026-04-17 11:46:50.051974+09	148	148	\N	\N
149	75c1b35e-8f26-442e-9a0b-51eb42b79ca1	149	149	\N	BR049	Test Branch 149	t	2026-04-16 16:18:07.069522+09	2026-04-17 11:46:50.051974+09	149	149	\N	\N
150	42931036-7b44-487a-a6ad-fe6e30776004	150	150	\N	BR050	Test Branch 150	t	2026-04-16 16:18:07.069522+09	2026-04-17 11:46:50.051974+09	150	150	\N	\N
151	fd040001-ee8d-4853-b38f-561869b86e38	151	151	\N	BR051	Test Branch 151	t	2026-04-16 16:18:07.069522+09	2026-04-17 11:46:50.051974+09	151	151	\N	\N
152	443dd554-1f1d-456e-a534-7824bae4df64	152	152	\N	BR052	Test Branch 152	t	2026-04-16 16:18:07.069522+09	2026-04-17 11:46:50.051974+09	152	152	\N	\N
153	6c212ce8-4c45-4496-bdeb-dcddec9af468	153	153	\N	BR053	Test Branch 153	t	2026-04-16 16:18:07.069522+09	2026-04-17 11:46:50.051974+09	153	153	\N	\N
154	22b1e28c-3ebb-4afd-a3a3-782575a0ba43	154	154	\N	BR054	Test Branch 154	t	2026-04-16 16:18:07.069522+09	2026-04-17 11:46:50.051974+09	154	154	\N	\N
155	86bbe174-39d6-4a7c-8622-e5ee574f8e36	155	155	\N	BR055	Test Branch 155	t	2026-04-16 16:18:07.069522+09	2026-04-17 11:46:50.051974+09	155	155	\N	\N
156	751406bb-2a2c-4fac-a5dc-4b9ef574af3a	156	156	\N	BR056	Test Branch 156	t	2026-04-16 16:18:07.069522+09	2026-04-17 11:46:50.051974+09	156	156	\N	\N
157	f418f76a-f15b-4b2a-8332-21b5bd257985	157	157	\N	BR057	Test Branch 157	t	2026-04-16 16:18:07.069522+09	2026-04-17 11:46:50.051974+09	157	157	\N	\N
158	7442049e-2463-4421-86be-7382d07ce12c	158	158	\N	BR058	Test Branch 158	t	2026-04-16 16:18:07.069522+09	2026-04-17 11:46:50.051974+09	158	158	\N	\N
159	0fa688dd-62e0-4947-80f3-62eb166bfb32	159	159	\N	BR059	Test Branch 159	t	2026-04-16 16:18:07.069522+09	2026-04-17 11:46:50.051974+09	159	159	\N	\N
160	cdecfe96-6df3-4207-a9b3-72db6b20ade8	160	160	\N	BR060	Test Branch 160	t	2026-04-16 16:18:07.069522+09	2026-04-17 11:46:50.051974+09	160	160	\N	\N
161	d2c1ab0c-ce34-49b4-98ab-20c981573887	161	161	\N	BR061	Test Branch 161	t	2026-04-16 16:18:07.069522+09	2026-04-17 11:46:50.051974+09	161	161	\N	\N
162	d0cbadf5-255c-43fa-a3b0-37fa9a1ced6b	162	162	\N	BR062	Test Branch 162	t	2026-04-16 16:18:07.069522+09	2026-04-17 11:46:50.051974+09	162	162	\N	\N
163	bc25ec83-91c1-4e5a-8a9a-629f8e0da8bc	163	163	\N	BR063	Test Branch 163	t	2026-04-16 16:18:07.069522+09	2026-04-17 11:46:50.051974+09	163	163	\N	\N
164	07dda09d-e2e2-4d9f-abbb-4036136ef12b	164	164	\N	BR064	Test Branch 164	t	2026-04-16 16:18:07.069522+09	2026-04-17 11:46:50.051974+09	164	164	\N	\N
165	04c12331-6a24-4475-a90c-01dc67176666	165	165	\N	BR065	Test Branch 165	t	2026-04-16 16:18:07.069522+09	2026-04-17 11:46:50.051974+09	165	165	\N	\N
166	79c25276-ab02-45ed-85df-c101efc2a655	166	166	\N	BR066	Test Branch 166	t	2026-04-16 16:18:07.069522+09	2026-04-17 11:46:50.051974+09	166	166	\N	\N
167	d065f73b-d9da-4175-b947-18e4334a2879	167	167	\N	BR067	Test Branch 167	t	2026-04-16 16:18:07.069522+09	2026-04-17 11:46:50.051974+09	167	167	\N	\N
168	75c66c91-b651-46a6-bd17-6842e277389a	168	168	\N	BR068	Test Branch 168	t	2026-04-16 16:18:07.069522+09	2026-04-17 11:46:50.051974+09	168	168	\N	\N
169	3ab0fdcf-43f6-48b6-84f4-66b7e964a35a	169	169	\N	BR069	Test Branch 169	t	2026-04-16 16:18:07.069522+09	2026-04-17 11:46:50.051974+09	169	169	\N	\N
170	415f759d-7b7a-4c48-8160-42b71eaf8e87	170	170	\N	BR070	Test Branch 170	t	2026-04-16 16:18:07.069522+09	2026-04-17 11:46:50.051974+09	170	170	\N	\N
171	de15f812-2d53-4ef9-a6eb-a94a5aadbd07	171	171	\N	BR071	Test Branch 171	t	2026-04-16 16:18:07.069522+09	2026-04-17 11:46:50.051974+09	171	171	\N	\N
172	9effdfac-9f0f-494f-a526-3588ca54f38e	172	172	\N	BR072	Test Branch 172	t	2026-04-16 16:18:07.069522+09	2026-04-17 11:46:50.051974+09	172	172	\N	\N
173	7bafb64d-da73-434e-81e9-f1bda5957eab	173	173	\N	BR073	Test Branch 173	t	2026-04-16 16:18:07.069522+09	2026-04-17 11:46:50.051974+09	173	173	\N	\N
174	008fd45f-7af6-4266-bda6-53f547442739	174	174	\N	BR074	Test Branch 174	t	2026-04-16 16:18:07.069522+09	2026-04-17 11:46:50.051974+09	174	174	\N	\N
175	9f672588-c246-4bc2-8e83-355450eac20a	175	175	\N	BR075	Test Branch 175	t	2026-04-16 16:18:07.069522+09	2026-04-17 11:46:50.051974+09	175	175	\N	\N
176	8b843835-a715-4a1a-acd9-81ab3177554b	176	176	\N	BR076	Test Branch 176	t	2026-04-16 16:18:07.069522+09	2026-04-17 11:46:50.051974+09	176	176	\N	\N
177	52e78e9d-e865-431f-9c4d-0c6ff02f203a	177	177	\N	BR077	Test Branch 177	t	2026-04-16 16:18:07.069522+09	2026-04-17 11:46:50.051974+09	177	177	\N	\N
178	e8683231-1022-48bc-b0b3-16f6127ceffe	178	178	\N	BR078	Test Branch 178	t	2026-04-16 16:18:07.069522+09	2026-04-17 11:46:50.051974+09	178	178	\N	\N
179	55dcefce-8a8a-43bb-a37b-814e32af5f34	179	179	\N	BR079	Test Branch 179	t	2026-04-16 16:18:07.069522+09	2026-04-17 11:46:50.051974+09	179	179	\N	\N
180	232c500e-0c96-406e-9085-2c6da093b934	180	180	\N	BR080	Test Branch 180	t	2026-04-16 16:18:07.069522+09	2026-04-17 11:46:50.051974+09	180	180	\N	\N
181	23b54c2a-76aa-40dc-b73e-970408d17a89	181	181	\N	BR081	Test Branch 181	t	2026-04-16 16:18:07.069522+09	2026-04-17 11:46:50.051974+09	181	181	\N	\N
182	bbfbc8f0-350f-4c6a-befd-dc805340adf3	182	182	\N	BR082	Test Branch 182	t	2026-04-16 16:18:07.069522+09	2026-04-17 11:46:50.051974+09	182	182	\N	\N
183	26ff2bb1-d0c1-48d1-9ec7-de8295d84611	183	183	\N	BR083	Test Branch 183	t	2026-04-16 16:18:07.069522+09	2026-04-17 11:46:50.051974+09	183	183	\N	\N
184	b36fe004-7c85-4e83-ac94-1ff6a657f2ff	184	184	\N	BR084	Test Branch 184	t	2026-04-16 16:18:07.069522+09	2026-04-17 11:46:50.051974+09	184	184	\N	\N
185	1cb5ad96-f9d3-458b-8ecd-f06e66031271	185	185	\N	BR085	Test Branch 185	t	2026-04-16 16:18:07.069522+09	2026-04-17 11:46:50.051974+09	185	185	\N	\N
186	e17e48f1-7c89-430b-bbe8-0ca9952134d1	186	186	\N	BR086	Test Branch 186	t	2026-04-16 16:18:07.069522+09	2026-04-17 11:46:50.051974+09	186	186	\N	\N
187	e9c12d51-523c-48e9-8fa0-cf2782e5d73b	187	187	\N	BR087	Test Branch 187	t	2026-04-16 16:18:07.069522+09	2026-04-17 11:46:50.051974+09	187	187	\N	\N
188	01d4dccd-a40b-464f-b3b2-2e8624a92a16	188	188	\N	BR088	Test Branch 188	t	2026-04-16 16:18:07.069522+09	2026-04-17 11:46:50.051974+09	188	188	\N	\N
189	48e2810d-6706-4e6f-b57b-30ab19e4749b	189	189	\N	BR089	Test Branch 189	t	2026-04-16 16:18:07.069522+09	2026-04-17 11:46:50.051974+09	189	189	\N	\N
190	6ecf4e0a-4cf5-43dc-a8ed-800b71941a5b	190	190	\N	BR090	Test Branch 190	t	2026-04-16 16:18:07.069522+09	2026-04-17 11:46:50.051974+09	190	190	\N	\N
191	20296a2a-78d0-4b6c-a0e2-db6d27e5d88e	191	191	\N	BR091	Test Branch 191	t	2026-04-16 16:18:07.069522+09	2026-04-17 11:46:50.051974+09	191	191	\N	\N
192	8abd278e-05a7-47dc-a26a-016062d25314	192	192	\N	BR092	Test Branch 192	t	2026-04-16 16:18:07.069522+09	2026-04-17 11:46:50.051974+09	192	192	\N	\N
193	a95b08de-70e3-4e7d-a081-3f8801d4c68b	193	193	\N	BR093	Test Branch 193	t	2026-04-16 16:18:07.069522+09	2026-04-17 11:46:50.051974+09	193	193	\N	\N
194	09ac31c6-edf1-44c6-9287-da38d798a834	194	194	\N	BR094	Test Branch 194	t	2026-04-16 16:18:07.069522+09	2026-04-17 11:46:50.051974+09	194	194	\N	\N
195	d87fa17f-04a5-4d12-817e-ca9d83e75175	195	195	\N	BR095	Test Branch 195	t	2026-04-16 16:18:07.069522+09	2026-04-17 11:46:50.051974+09	195	195	\N	\N
196	7c6e2154-bdeb-48cf-8789-2d3a5039700d	196	196	\N	BR096	Test Branch 196	t	2026-04-16 16:18:07.069522+09	2026-04-17 11:46:50.051974+09	196	196	\N	\N
101	2e105316-c380-4f7a-908a-f63cf7247cb0	101	101	\N	BR001	Test Branch 101	t	2026-04-16 16:18:07.069522+09	2026-04-17 11:46:50.051974+09	101	101	\N	\N
102	c8a60db4-991a-4376-96dc-5c3fdd27f638	102	102	\N	BR002	Test Branch 102	t	2026-04-16 16:18:07.069522+09	2026-04-17 11:46:50.051974+09	102	102	\N	\N
103	b4bd48b3-88c8-4db2-897b-cb3da02e8b19	103	103	\N	BR003	Test Branch 103	t	2026-04-16 16:18:07.069522+09	2026-04-17 11:46:50.051974+09	103	103	\N	\N
104	f7606ab2-ca71-4683-b889-9468ff139efb	104	104	\N	BR004	Test Branch 104	t	2026-04-16 16:18:07.069522+09	2026-04-17 11:46:50.051974+09	104	104	\N	\N
105	6b6d2342-fe83-4734-a53a-ae9cae2c6083	105	105	\N	BR005	Test Branch 105	t	2026-04-16 16:18:07.069522+09	2026-04-17 11:46:50.051974+09	105	105	\N	\N
106	d6c6bf9c-f58d-48b8-9f7c-a0cbc973d482	106	106	\N	BR006	Test Branch 106	t	2026-04-16 16:18:07.069522+09	2026-04-17 11:46:50.051974+09	106	106	\N	\N
107	4525c09c-f235-4deb-8bec-5af7180b696f	107	107	\N	BR007	Test Branch 107	t	2026-04-16 16:18:07.069522+09	2026-04-17 11:46:50.051974+09	107	107	\N	\N
108	d51940ad-8928-46d3-aae9-2da8dd71156c	108	108	\N	BR008	Test Branch 108	t	2026-04-16 16:18:07.069522+09	2026-04-17 11:46:50.051974+09	108	108	\N	\N
109	217c0224-6177-4e73-bb8f-123ae3fa2fd0	109	109	\N	BR009	Test Branch 109	t	2026-04-16 16:18:07.069522+09	2026-04-17 11:46:50.051974+09	109	109	\N	\N
110	7907ae76-2fdb-4bc1-ae67-f4d8226a687f	110	110	\N	BR010	Test Branch 110	t	2026-04-16 16:18:07.069522+09	2026-04-17 11:46:50.051974+09	110	110	\N	\N
111	2ae37d93-72a5-448a-97c8-3ea60e54cab2	111	111	\N	BR011	Test Branch 111	t	2026-04-16 16:18:07.069522+09	2026-04-17 11:46:50.051974+09	111	111	\N	\N
112	81b1b7d8-e2b6-4055-abf9-d74b58d7b051	112	112	\N	BR012	Test Branch 112	t	2026-04-16 16:18:07.069522+09	2026-04-17 11:46:50.051974+09	112	112	\N	\N
113	f4e7efe4-3096-4d27-b9dd-b1b7b8d50c99	113	113	\N	BR013	Test Branch 113	t	2026-04-16 16:18:07.069522+09	2026-04-17 11:46:50.051974+09	113	113	\N	\N
114	fa9125dd-fd86-458a-94e0-6f6b958e332b	114	114	\N	BR014	Test Branch 114	t	2026-04-16 16:18:07.069522+09	2026-04-17 11:46:50.051974+09	114	114	\N	\N
115	683f1f48-6a0d-4966-85c4-92eb7ebc0b3b	115	115	\N	BR015	Test Branch 115	t	2026-04-16 16:18:07.069522+09	2026-04-17 11:46:50.051974+09	115	115	\N	\N
116	ed36bddc-db87-4cc3-901c-25e73f6bf9d9	116	116	\N	BR016	Test Branch 116	t	2026-04-16 16:18:07.069522+09	2026-04-17 11:46:50.051974+09	116	116	\N	\N
117	d6125ccc-5a7d-4d80-aeaa-88ab2b084a94	117	117	\N	BR017	Test Branch 117	t	2026-04-16 16:18:07.069522+09	2026-04-17 11:46:50.051974+09	117	117	\N	\N
118	245ac8a2-18ff-42ce-be67-93e424338f6b	118	118	\N	BR018	Test Branch 118	t	2026-04-16 16:18:07.069522+09	2026-04-17 11:46:50.051974+09	118	118	\N	\N
119	faa61a4f-c18a-4b4d-91c8-2d55b576b70d	119	119	\N	BR019	Test Branch 119	t	2026-04-16 16:18:07.069522+09	2026-04-17 11:46:50.051974+09	119	119	\N	\N
120	98ebb757-2922-4f66-86b7-9ad8289b8751	120	120	\N	BR020	Test Branch 120	t	2026-04-16 16:18:07.069522+09	2026-04-17 11:46:50.051974+09	120	120	\N	\N
121	670a0b93-ec6b-4b1f-8703-94b03ba50179	121	121	\N	BR021	Test Branch 121	t	2026-04-16 16:18:07.069522+09	2026-04-17 11:46:50.051974+09	121	121	\N	\N
122	7197e636-ed3d-40bc-a07a-1e9cb18f6b5a	122	122	\N	BR022	Test Branch 122	t	2026-04-16 16:18:07.069522+09	2026-04-17 11:46:50.051974+09	122	122	\N	\N
123	48cdcfb6-6db6-4f53-b268-b1e0f2a0997e	123	123	\N	BR023	Test Branch 123	t	2026-04-16 16:18:07.069522+09	2026-04-17 11:46:50.051974+09	123	123	\N	\N
124	65e8366c-a872-4893-9a8e-5db2a678ecd1	124	124	\N	BR024	Test Branch 124	t	2026-04-16 16:18:07.069522+09	2026-04-17 11:46:50.051974+09	124	124	\N	\N
125	3bfe1d58-394b-4cc4-994f-186a49b4f5f0	125	125	\N	BR025	Test Branch 125	t	2026-04-16 16:18:07.069522+09	2026-04-17 11:46:50.051974+09	125	125	\N	\N
126	3d80507f-cc55-4f65-a59b-1c6f7ba8e562	126	126	\N	BR026	Test Branch 126	t	2026-04-16 16:18:07.069522+09	2026-04-17 11:46:50.051974+09	126	126	\N	\N
127	5e79b1d7-9e1e-4218-ba97-cd378c437adb	127	127	\N	BR027	Test Branch 127	t	2026-04-16 16:18:07.069522+09	2026-04-17 11:46:50.051974+09	127	127	\N	\N
128	6b453434-8527-4ce5-ae89-28d61bbbf77c	128	128	\N	BR028	Test Branch 128	t	2026-04-16 16:18:07.069522+09	2026-04-17 11:46:50.051974+09	128	128	\N	\N
129	e59a138b-7aef-42de-bc97-cd9366b1ca8c	129	129	\N	BR029	Test Branch 129	t	2026-04-16 16:18:07.069522+09	2026-04-17 11:46:50.051974+09	129	129	\N	\N
130	ea8bf6ef-14b6-4c1b-8456-e7ef6bb728f8	130	130	\N	BR030	Test Branch 130	t	2026-04-16 16:18:07.069522+09	2026-04-17 11:46:50.051974+09	130	130	\N	\N
131	885849d5-934a-4313-aaec-7166fc892324	131	131	\N	BR031	Test Branch 131	t	2026-04-16 16:18:07.069522+09	2026-04-17 11:46:50.051974+09	131	131	\N	\N
132	fb3c3bad-7e21-47fe-b058-00faab4910e4	132	132	\N	BR032	Test Branch 132	t	2026-04-16 16:18:07.069522+09	2026-04-17 11:46:50.051974+09	132	132	\N	\N
134	8a51fa38-52fa-4dae-b72b-4d7eaafb188c	134	134	\N	BR034	Test Branch 134	t	2026-04-16 16:18:07.069522+09	2026-04-17 11:46:50.051974+09	134	134	\N	\N
135	916aa4cc-ebc5-40fc-a423-b4423391ac25	135	135	\N	BR035	Test Branch 135	t	2026-04-16 16:18:07.069522+09	2026-04-17 11:46:50.051974+09	135	135	\N	\N
136	7f388666-81c4-46be-94e3-97ab4559e8a8	136	136	\N	BR036	Test Branch 136	t	2026-04-16 16:18:07.069522+09	2026-04-17 11:46:50.051974+09	136	136	\N	\N
197	d146d39c-9225-4a42-8884-7fea7f414798	197	197	\N	BR097	Test Branch 197	t	2026-04-16 16:18:07.069522+09	2026-04-17 11:46:50.051974+09	197	197	\N	\N
198	de14e2bd-6058-416b-aa58-491a5c8a3d28	198	198	\N	BR098	Test Branch 198	t	2026-04-16 16:18:07.069522+09	2026-04-17 11:46:50.051974+09	198	198	\N	\N
199	e616cfca-8d00-491d-9809-5631b1f5ec82	199	199	\N	BR099	Test Branch 199	t	2026-04-16 16:18:07.069522+09	2026-04-17 11:46:50.051974+09	199	199	\N	\N
200	b744417b-21bb-4902-976f-1a7e4698cb96	200	200	\N	BR100	Test Branch 200	t	2026-04-16 16:18:07.069522+09	2026-04-17 11:46:50.051974+09	200	200	\N	\N
\.


--
-- Data for Name: common_code_groups; Type: TABLE DATA; Schema: core; Owner: -
--

COPY core.common_code_groups (code_group_id, code_group_uid, tenant_id, group_code, group_name, is_system, is_active, created_at, updated_at, created_by, updated_by, deleted_at, deleted_by) FROM stdin;
134	516e6f16-f2ff-43d7-96b4-3ff9ed71b748	134	TEST_GROUP_034	Test Code Group 134	f	t	2026-04-16 16:18:07.069522+09	2026-04-17 11:46:50.051974+09	134	134	\N	\N
135	5ab8f8dd-3ea4-4a4c-93be-fec38283066a	135	TEST_GROUP_035	Test Code Group 135	f	t	2026-04-16 16:18:07.069522+09	2026-04-17 11:46:50.051974+09	135	135	\N	\N
136	00c77d66-6d4c-4e49-918c-31e68feeaf9e	136	TEST_GROUP_036	Test Code Group 136	f	t	2026-04-16 16:18:07.069522+09	2026-04-17 11:46:50.051974+09	136	136	\N	\N
137	de6be6d7-17d8-4ec9-a5bf-716fb00e0a10	137	TEST_GROUP_037	Test Code Group 137	f	t	2026-04-16 16:18:07.069522+09	2026-04-17 11:46:50.051974+09	137	137	\N	\N
138	0093ad00-881b-4f4a-9a0f-5f7b462760e2	138	TEST_GROUP_038	Test Code Group 138	f	t	2026-04-16 16:18:07.069522+09	2026-04-17 11:46:50.051974+09	138	138	\N	\N
139	3d4a686b-bf5b-462d-82eb-5f83d35d1615	139	TEST_GROUP_039	Test Code Group 139	f	t	2026-04-16 16:18:07.069522+09	2026-04-17 11:46:50.051974+09	139	139	\N	\N
140	2a52ccc0-3498-4dc9-abab-fe6ea06801c3	140	TEST_GROUP_040	Test Code Group 140	f	t	2026-04-16 16:18:07.069522+09	2026-04-17 11:46:50.051974+09	140	140	\N	\N
141	e3fe4415-7d1f-4964-a9aa-a257a067f856	141	TEST_GROUP_041	Test Code Group 141	f	t	2026-04-16 16:18:07.069522+09	2026-04-17 11:46:50.051974+09	141	141	\N	\N
142	edd1ac1c-64b7-4ac5-8312-b6693a3b9a9a	142	TEST_GROUP_042	Test Code Group 142	f	t	2026-04-16 16:18:07.069522+09	2026-04-17 11:46:50.051974+09	142	142	\N	\N
201	70c65e02-e194-44a4-aa9a-0eab819278b8	\N	USER_TYPE	User Type	t	t	2026-04-16 16:27:18.390348+09	2026-04-17 11:47:40.071426+09	101	101	\N	\N
202	c242a6d1-44d5-46e3-8c07-3dfc8507301e	\N	AUTH_PROVIDER	Authentication Provider	t	t	2026-04-16 16:27:18.390348+09	2026-04-17 11:47:40.071426+09	101	101	\N	\N
203	fffa35c3-43bf-4567-becc-bed2b7c43213	\N	COMPANY_TYPE	Company Type	t	t	2026-04-16 16:27:18.390348+09	2026-04-17 11:47:40.071426+09	101	101	\N	\N
204	213fc892-dd9d-4bb0-b9c7-121e97e59862	\N	PARTNER_TYPE	Business Partner Type	t	t	2026-04-16 16:27:18.390348+09	2026-04-17 11:47:40.071426+09	101	101	\N	\N
205	507d5e4f-d2a0-4ab3-aae4-4edd9289aed2	\N	LOCATION_TYPE	Location Type	t	t	2026-04-16 16:27:18.390348+09	2026-04-17 11:47:40.071426+09	101	101	\N	\N
206	84eab39a-beb5-4c5b-b7ae-e07f2305b51b	\N	VEHICLE_TYPE	Vehicle Type	t	t	2026-04-16 16:27:18.390348+09	2026-04-17 11:47:40.071426+09	101	101	\N	\N
207	1af311aa-ac4b-4439-a8ba-91bfe479083f	\N	VEHICLE_STATUS	Vehicle Status	t	t	2026-04-16 16:27:18.390348+09	2026-04-17 11:47:40.071426+09	101	101	\N	\N
208	b1b713b8-6303-4662-8c0e-5849ad283979	\N	DRIVER_STATUS	Driver Status	t	t	2026-04-16 16:27:18.390348+09	2026-04-17 11:47:40.071426+09	101	101	\N	\N
209	651b2d09-f3d4-490b-a8d8-0ed118ca9f32	\N	ORDER_TYPE	Order Type	t	t	2026-04-16 16:27:18.390348+09	2026-04-17 11:47:40.071426+09	101	101	\N	\N
210	2ae53c82-7d1b-4509-ad64-bf700db1c5b6	\N	ORDER_STATUS	Order Status	t	t	2026-04-16 16:27:18.390348+09	2026-04-17 11:47:40.071426+09	101	101	\N	\N
211	5ef46200-ba49-4cd2-80e5-256161ae5e48	\N	PLAN_STATUS	Transport Plan Status	t	t	2026-04-16 16:27:18.390348+09	2026-04-17 11:47:40.071426+09	101	101	\N	\N
212	23bfe8fa-3902-4132-b529-09b2f30c4f48	\N	ASSIGNMENT_TYPE	Assignment Type	t	t	2026-04-16 16:27:18.390348+09	2026-04-17 11:47:40.071426+09	101	101	\N	\N
213	6e4722f5-37b0-483d-b4ed-b73321507894	\N	ASSIGNMENT_STATUS	Assignment Status	t	t	2026-04-16 16:27:18.390348+09	2026-04-17 11:47:40.071426+09	101	101	\N	\N
214	4608ece5-5422-49fb-81b7-56356314c5c1	\N	DISPATCH_STATUS	Dispatch Status	t	t	2026-04-16 16:27:18.390348+09	2026-04-17 11:47:40.071426+09	101	101	\N	\N
215	631ed416-ba3c-4af4-b4f0-4c7068c2784c	\N	DISPATCH_EVENT	Dispatch Event	t	t	2026-04-16 16:27:18.390348+09	2026-04-17 11:47:40.071426+09	101	101	\N	\N
216	856e632c-ab1d-489c-a61d-3d45231cfa87	\N	EXECUTION_STATUS	Execution Status	t	t	2026-04-16 16:27:18.390348+09	2026-04-17 11:47:40.071426+09	101	101	\N	\N
217	5585ceba-8930-486b-a439-b3da35a6118e	\N	POD_DOCUMENT_TYPE	POD Document Type	t	t	2026-04-16 16:27:18.390348+09	2026-04-17 11:47:40.071426+09	101	101	\N	\N
218	bbefc2e0-1cde-41fa-bfc3-d4529916f952	\N	POD_REVIEW_STATUS	POD Review Status	t	t	2026-04-16 16:27:18.390348+09	2026-04-17 11:47:40.071426+09	101	101	\N	\N
219	8a27c1ba-ab43-4310-acd7-da6a5e401a9f	\N	INCIDENT_TYPE	Incident Type	t	t	2026-04-16 16:27:18.390348+09	2026-04-17 11:47:40.071426+09	101	101	\N	\N
220	ea1b50ad-9dc5-4285-a3a9-82ae08266f6a	\N	INCIDENT_STATUS	Incident Status	t	t	2026-04-16 16:27:18.390348+09	2026-04-17 11:47:40.071426+09	101	101	\N	\N
221	0dbb6c83-fdba-4728-a9fb-272e63debd96	\N	SETTLEMENT_TYPE	Settlement Type	t	t	2026-04-16 16:27:18.390348+09	2026-04-17 11:47:40.071426+09	101	101	\N	\N
222	03afddee-b390-44ed-8bfb-220d2530818b	\N	SETTLEMENT_STATUS	Settlement Status	t	t	2026-04-16 16:27:18.390348+09	2026-04-17 11:47:40.071426+09	101	101	\N	\N
223	2f492fa1-dd29-4861-8f77-ec21d161648f	\N	SETTLEMENT_LINE_TYPE	Settlement Line Type	t	t	2026-04-16 16:27:18.390348+09	2026-04-17 11:47:40.071426+09	101	101	\N	\N
224	8708e250-ac00-4ce8-b861-10506d5ae05a	\N	RATE_METHOD	Rate Method	t	t	2026-04-16 16:27:18.390348+09	2026-04-17 11:47:40.071426+09	101	101	\N	\N
225	674f2a69-4f7d-45db-b7aa-bd418a3c4b27	\N	NOTIFICATION_CHANNEL	Notification Channel	t	t	2026-04-16 16:27:18.390348+09	2026-04-17 11:47:40.071426+09	101	101	\N	\N
226	351ba9a1-1822-497a-8ead-e529f2b5e2e1	\N	NOTIFICATION_STATUS	Notification Status	t	t	2026-04-16 16:27:18.390348+09	2026-04-17 11:47:40.071426+09	101	101	\N	\N
101	56aea061-ad17-40a6-874b-c8c43a9e1ae5	101	TEST_GROUP_001	Test Code Group 101	t	t	2026-04-16 16:18:07.069522+09	2026-04-17 11:46:50.051974+09	101	101	\N	\N
102	aa94325a-691d-4b0a-88db-ccea9ba2c080	102	TEST_GROUP_002	Test Code Group 102	t	t	2026-04-16 16:18:07.069522+09	2026-04-17 11:46:50.051974+09	102	102	\N	\N
103	03345c07-e2f3-4c30-90ce-f7850a13dfaa	103	TEST_GROUP_003	Test Code Group 103	t	t	2026-04-16 16:18:07.069522+09	2026-04-17 11:46:50.051974+09	103	103	\N	\N
104	05f6d6bd-81a2-446b-9b24-d808c54a69f6	104	TEST_GROUP_004	Test Code Group 104	t	t	2026-04-16 16:18:07.069522+09	2026-04-17 11:46:50.051974+09	104	104	\N	\N
105	a7d25e0b-20b5-4dcf-8f5f-26d590595ae6	105	TEST_GROUP_005	Test Code Group 105	t	t	2026-04-16 16:18:07.069522+09	2026-04-17 11:46:50.051974+09	105	105	\N	\N
106	5ad5166e-2651-47ee-a5eb-a35d71f5ec0b	106	TEST_GROUP_006	Test Code Group 106	t	t	2026-04-16 16:18:07.069522+09	2026-04-17 11:46:50.051974+09	106	106	\N	\N
107	dec3e666-013e-4ed2-99c4-9ca729b794bb	107	TEST_GROUP_007	Test Code Group 107	t	t	2026-04-16 16:18:07.069522+09	2026-04-17 11:46:50.051974+09	107	107	\N	\N
108	d56dd876-f981-4177-a847-5e88972e3074	108	TEST_GROUP_008	Test Code Group 108	t	t	2026-04-16 16:18:07.069522+09	2026-04-17 11:46:50.051974+09	108	108	\N	\N
109	46af07e6-1eb9-416c-8996-a6cf5421d6df	109	TEST_GROUP_009	Test Code Group 109	t	t	2026-04-16 16:18:07.069522+09	2026-04-17 11:46:50.051974+09	109	109	\N	\N
110	6ac583ea-c139-49fa-8c8f-2f1282b491be	110	TEST_GROUP_010	Test Code Group 110	t	t	2026-04-16 16:18:07.069522+09	2026-04-17 11:46:50.051974+09	110	110	\N	\N
111	e83f8a82-a1c3-44fa-8b47-92d611c8256b	111	TEST_GROUP_011	Test Code Group 111	t	t	2026-04-16 16:18:07.069522+09	2026-04-17 11:46:50.051974+09	111	111	\N	\N
112	ac291889-ffbd-4ec7-98dc-1a0a070c9522	112	TEST_GROUP_012	Test Code Group 112	t	t	2026-04-16 16:18:07.069522+09	2026-04-17 11:46:50.051974+09	112	112	\N	\N
113	83762101-e728-4de1-9bc0-4c2aa9c9d1f4	113	TEST_GROUP_013	Test Code Group 113	t	t	2026-04-16 16:18:07.069522+09	2026-04-17 11:46:50.051974+09	113	113	\N	\N
114	01213a3e-ae5e-43d4-91c9-764613dccd59	114	TEST_GROUP_014	Test Code Group 114	t	t	2026-04-16 16:18:07.069522+09	2026-04-17 11:46:50.051974+09	114	114	\N	\N
115	4adaf4c6-b146-46cb-9b1b-ffaddba4ea74	115	TEST_GROUP_015	Test Code Group 115	t	t	2026-04-16 16:18:07.069522+09	2026-04-17 11:46:50.051974+09	115	115	\N	\N
116	4aa397da-9cde-43d4-8521-77489c508643	116	TEST_GROUP_016	Test Code Group 116	t	t	2026-04-16 16:18:07.069522+09	2026-04-17 11:46:50.051974+09	116	116	\N	\N
117	0a635664-1120-4286-81c0-33944694a7a1	117	TEST_GROUP_017	Test Code Group 117	t	t	2026-04-16 16:18:07.069522+09	2026-04-17 11:46:50.051974+09	117	117	\N	\N
118	66515cf4-9985-4594-b0d6-8b578e6deebb	118	TEST_GROUP_018	Test Code Group 118	t	t	2026-04-16 16:18:07.069522+09	2026-04-17 11:46:50.051974+09	118	118	\N	\N
119	685b7f27-bb4f-4a85-8c69-8ee90f802165	119	TEST_GROUP_019	Test Code Group 119	t	t	2026-04-16 16:18:07.069522+09	2026-04-17 11:46:50.051974+09	119	119	\N	\N
120	a0b8c86d-95ea-4ea5-9cfa-07a937469268	120	TEST_GROUP_020	Test Code Group 120	t	t	2026-04-16 16:18:07.069522+09	2026-04-17 11:46:50.051974+09	120	120	\N	\N
121	973f55a1-9182-4983-8d7a-89bee50d0682	121	TEST_GROUP_021	Test Code Group 121	f	t	2026-04-16 16:18:07.069522+09	2026-04-17 11:46:50.051974+09	121	121	\N	\N
122	eca2f157-14e8-49a4-bf4b-bf3d652ed962	122	TEST_GROUP_022	Test Code Group 122	f	t	2026-04-16 16:18:07.069522+09	2026-04-17 11:46:50.051974+09	122	122	\N	\N
123	725eb2c3-78f4-441e-8227-d6e06b010a14	123	TEST_GROUP_023	Test Code Group 123	f	t	2026-04-16 16:18:07.069522+09	2026-04-17 11:46:50.051974+09	123	123	\N	\N
124	6e6571f7-5d9c-4b5e-98e6-86a617ea2ae9	124	TEST_GROUP_024	Test Code Group 124	f	t	2026-04-16 16:18:07.069522+09	2026-04-17 11:46:50.051974+09	124	124	\N	\N
125	238e6c8e-892c-4a44-ae33-218e17b81af8	125	TEST_GROUP_025	Test Code Group 125	f	t	2026-04-16 16:18:07.069522+09	2026-04-17 11:46:50.051974+09	125	125	\N	\N
126	4b603832-eb43-45a6-ba5c-fd51eed113c4	126	TEST_GROUP_026	Test Code Group 126	f	t	2026-04-16 16:18:07.069522+09	2026-04-17 11:46:50.051974+09	126	126	\N	\N
127	0983f2bb-68bc-4f49-ac6a-f7b269e47f71	127	TEST_GROUP_027	Test Code Group 127	f	t	2026-04-16 16:18:07.069522+09	2026-04-17 11:46:50.051974+09	127	127	\N	\N
128	8ceffb10-eacc-488d-b38d-12fe79a2226e	128	TEST_GROUP_028	Test Code Group 128	f	t	2026-04-16 16:18:07.069522+09	2026-04-17 11:46:50.051974+09	128	128	\N	\N
129	528f6dc3-85be-48bd-bb89-d167c3955b3f	129	TEST_GROUP_029	Test Code Group 129	f	t	2026-04-16 16:18:07.069522+09	2026-04-17 11:46:50.051974+09	129	129	\N	\N
130	4a69f841-5618-4fe8-913a-500cf3f1f8c6	130	TEST_GROUP_030	Test Code Group 130	f	t	2026-04-16 16:18:07.069522+09	2026-04-17 11:46:50.051974+09	130	130	\N	\N
131	e25ba369-7bdd-4e15-82f7-1ac8c0e0ac86	131	TEST_GROUP_031	Test Code Group 131	f	t	2026-04-16 16:18:07.069522+09	2026-04-17 11:46:50.051974+09	131	131	\N	\N
132	641f0778-a443-49e0-9258-aadc94e2e3a6	132	TEST_GROUP_032	Test Code Group 132	f	t	2026-04-16 16:18:07.069522+09	2026-04-17 11:46:50.051974+09	132	132	\N	\N
133	9bebebc7-8854-4110-87ee-5141b1ddb674	133	TEST_GROUP_033	Test Code Group 133	f	t	2026-04-16 16:18:07.069522+09	2026-04-17 11:46:50.051974+09	133	133	\N	\N
143	6eaf83d8-4219-4680-8582-ede65efdbc76	143	TEST_GROUP_043	Test Code Group 143	f	t	2026-04-16 16:18:07.069522+09	2026-04-17 11:46:50.051974+09	143	143	\N	\N
144	44a3dc1e-03fc-4845-96c9-bc7eb95e1aba	144	TEST_GROUP_044	Test Code Group 144	f	t	2026-04-16 16:18:07.069522+09	2026-04-17 11:46:50.051974+09	144	144	\N	\N
145	c857eb19-9d50-44e5-adf0-7c4f9979e367	145	TEST_GROUP_045	Test Code Group 145	f	t	2026-04-16 16:18:07.069522+09	2026-04-17 11:46:50.051974+09	145	145	\N	\N
146	4808683e-a714-4383-9bcf-426c212f2cf3	146	TEST_GROUP_046	Test Code Group 146	f	t	2026-04-16 16:18:07.069522+09	2026-04-17 11:46:50.051974+09	146	146	\N	\N
147	6603ce7b-443d-4730-bc79-375741d08d83	147	TEST_GROUP_047	Test Code Group 147	f	t	2026-04-16 16:18:07.069522+09	2026-04-17 11:46:50.051974+09	147	147	\N	\N
148	bde15b82-ce7f-4afe-bb91-1838fe2c0753	148	TEST_GROUP_048	Test Code Group 148	f	t	2026-04-16 16:18:07.069522+09	2026-04-17 11:46:50.051974+09	148	148	\N	\N
149	f0b07967-3d69-4fb9-946b-ce24ea83d1ed	149	TEST_GROUP_049	Test Code Group 149	f	t	2026-04-16 16:18:07.069522+09	2026-04-17 11:46:50.051974+09	149	149	\N	\N
150	510c28b2-ce98-40b8-8e04-8c3e66ff40dc	150	TEST_GROUP_050	Test Code Group 150	f	t	2026-04-16 16:18:07.069522+09	2026-04-17 11:46:50.051974+09	150	150	\N	\N
151	6e5668ef-9b3f-423f-b68f-2883b495e5a9	151	TEST_GROUP_051	Test Code Group 151	f	t	2026-04-16 16:18:07.069522+09	2026-04-17 11:46:50.051974+09	151	151	\N	\N
152	50d54f3b-733e-484c-99fe-aab842e113ef	152	TEST_GROUP_052	Test Code Group 152	f	t	2026-04-16 16:18:07.069522+09	2026-04-17 11:46:50.051974+09	152	152	\N	\N
153	70a6e8d0-da4b-4c3a-99cc-64bac197992b	153	TEST_GROUP_053	Test Code Group 153	f	t	2026-04-16 16:18:07.069522+09	2026-04-17 11:46:50.051974+09	153	153	\N	\N
154	f9e87d8e-4392-41a5-9419-c27c32cfac73	154	TEST_GROUP_054	Test Code Group 154	f	t	2026-04-16 16:18:07.069522+09	2026-04-17 11:46:50.051974+09	154	154	\N	\N
155	6ecc250a-c3a5-4bfa-ac11-0e69700ce3b1	155	TEST_GROUP_055	Test Code Group 155	f	t	2026-04-16 16:18:07.069522+09	2026-04-17 11:46:50.051974+09	155	155	\N	\N
156	b2e9e9cc-695e-4052-beee-00d37127e9e8	156	TEST_GROUP_056	Test Code Group 156	f	t	2026-04-16 16:18:07.069522+09	2026-04-17 11:46:50.051974+09	156	156	\N	\N
157	1acc1017-1d33-4047-8dc6-b80bd51c42fc	157	TEST_GROUP_057	Test Code Group 157	f	t	2026-04-16 16:18:07.069522+09	2026-04-17 11:46:50.051974+09	157	157	\N	\N
158	066ef496-f9b2-440f-89b9-54723e6083ea	158	TEST_GROUP_058	Test Code Group 158	f	t	2026-04-16 16:18:07.069522+09	2026-04-17 11:46:50.051974+09	158	158	\N	\N
159	7d205f18-f6da-41bf-9337-26edd1b33a4a	159	TEST_GROUP_059	Test Code Group 159	f	t	2026-04-16 16:18:07.069522+09	2026-04-17 11:46:50.051974+09	159	159	\N	\N
160	c97ae153-1058-4fc2-8da1-8e72bd615bc7	160	TEST_GROUP_060	Test Code Group 160	f	t	2026-04-16 16:18:07.069522+09	2026-04-17 11:46:50.051974+09	160	160	\N	\N
161	e802fac1-639d-4fd3-9867-db40fc79732a	161	TEST_GROUP_061	Test Code Group 161	f	t	2026-04-16 16:18:07.069522+09	2026-04-17 11:46:50.051974+09	161	161	\N	\N
162	7794639d-befd-4a4e-aeb8-51991286c903	162	TEST_GROUP_062	Test Code Group 162	f	t	2026-04-16 16:18:07.069522+09	2026-04-17 11:46:50.051974+09	162	162	\N	\N
163	7e317958-7b9a-45fd-8794-a77278926bfe	163	TEST_GROUP_063	Test Code Group 163	f	t	2026-04-16 16:18:07.069522+09	2026-04-17 11:46:50.051974+09	163	163	\N	\N
164	e5a588ba-9034-48f0-9a18-69addb3da61c	164	TEST_GROUP_064	Test Code Group 164	f	t	2026-04-16 16:18:07.069522+09	2026-04-17 11:46:50.051974+09	164	164	\N	\N
165	6bcb534c-b62d-46e0-91f8-cb9687a2e0e1	165	TEST_GROUP_065	Test Code Group 165	f	t	2026-04-16 16:18:07.069522+09	2026-04-17 11:46:50.051974+09	165	165	\N	\N
166	f0181a4b-c14f-4ac1-a2aa-df2b85f3a6ad	166	TEST_GROUP_066	Test Code Group 166	f	t	2026-04-16 16:18:07.069522+09	2026-04-17 11:46:50.051974+09	166	166	\N	\N
167	24c4a729-2241-45d3-82e5-45ab788e2386	167	TEST_GROUP_067	Test Code Group 167	f	t	2026-04-16 16:18:07.069522+09	2026-04-17 11:46:50.051974+09	167	167	\N	\N
168	96b5ecdc-3c1d-415b-a17f-68440c6cf5a0	168	TEST_GROUP_068	Test Code Group 168	f	t	2026-04-16 16:18:07.069522+09	2026-04-17 11:46:50.051974+09	168	168	\N	\N
169	59aa23f5-b923-4893-a909-8fc3b7c4fcf4	169	TEST_GROUP_069	Test Code Group 169	f	t	2026-04-16 16:18:07.069522+09	2026-04-17 11:46:50.051974+09	169	169	\N	\N
170	fb0c5da0-7ba8-45fe-9a0a-2c3f417a7a14	170	TEST_GROUP_070	Test Code Group 170	f	t	2026-04-16 16:18:07.069522+09	2026-04-17 11:46:50.051974+09	170	170	\N	\N
171	761bfb53-f12d-405a-b674-9f8f13e26307	171	TEST_GROUP_071	Test Code Group 171	f	t	2026-04-16 16:18:07.069522+09	2026-04-17 11:46:50.051974+09	171	171	\N	\N
172	42642676-7334-4db0-ac38-3c1f63bea351	172	TEST_GROUP_072	Test Code Group 172	f	t	2026-04-16 16:18:07.069522+09	2026-04-17 11:46:50.051974+09	172	172	\N	\N
173	e78cfd53-b530-4087-b4fa-f304d9b86ac3	173	TEST_GROUP_073	Test Code Group 173	f	t	2026-04-16 16:18:07.069522+09	2026-04-17 11:46:50.051974+09	173	173	\N	\N
174	151cebba-a0a1-4903-b702-03e0119123e2	174	TEST_GROUP_074	Test Code Group 174	f	t	2026-04-16 16:18:07.069522+09	2026-04-17 11:46:50.051974+09	174	174	\N	\N
175	b1cbfd68-c8f6-4f4c-a569-04e11bf72a49	175	TEST_GROUP_075	Test Code Group 175	f	t	2026-04-16 16:18:07.069522+09	2026-04-17 11:46:50.051974+09	175	175	\N	\N
176	8ddde251-7a6e-410c-b1b3-ac053ec38622	176	TEST_GROUP_076	Test Code Group 176	f	t	2026-04-16 16:18:07.069522+09	2026-04-17 11:46:50.051974+09	176	176	\N	\N
177	48e9569a-5b17-4d27-a546-96ee24ce152f	177	TEST_GROUP_077	Test Code Group 177	f	t	2026-04-16 16:18:07.069522+09	2026-04-17 11:46:50.051974+09	177	177	\N	\N
178	e490384e-6b31-4ceb-b199-8259eaa1e08a	178	TEST_GROUP_078	Test Code Group 178	f	t	2026-04-16 16:18:07.069522+09	2026-04-17 11:46:50.051974+09	178	178	\N	\N
179	0f519931-dd7a-4def-b86a-c2edd1c98e03	179	TEST_GROUP_079	Test Code Group 179	f	t	2026-04-16 16:18:07.069522+09	2026-04-17 11:46:50.051974+09	179	179	\N	\N
180	7872d51c-e403-4d57-a4a3-9707d3890af8	180	TEST_GROUP_080	Test Code Group 180	f	t	2026-04-16 16:18:07.069522+09	2026-04-17 11:46:50.051974+09	180	180	\N	\N
181	a329edc5-bb11-4550-a9a6-ac81eaf5c4b2	181	TEST_GROUP_081	Test Code Group 181	f	t	2026-04-16 16:18:07.069522+09	2026-04-17 11:46:50.051974+09	181	181	\N	\N
182	70899412-19bd-4e0a-a2f9-806853258c12	182	TEST_GROUP_082	Test Code Group 182	f	t	2026-04-16 16:18:07.069522+09	2026-04-17 11:46:50.051974+09	182	182	\N	\N
183	b596a42f-5bf5-417f-80bb-c2220f66e553	183	TEST_GROUP_083	Test Code Group 183	f	t	2026-04-16 16:18:07.069522+09	2026-04-17 11:46:50.051974+09	183	183	\N	\N
184	de249a90-c08e-473f-9803-0ebbab914cb3	184	TEST_GROUP_084	Test Code Group 184	f	t	2026-04-16 16:18:07.069522+09	2026-04-17 11:46:50.051974+09	184	184	\N	\N
185	01559e6e-b4f8-469c-81fa-27b88463c3e7	185	TEST_GROUP_085	Test Code Group 185	f	t	2026-04-16 16:18:07.069522+09	2026-04-17 11:46:50.051974+09	185	185	\N	\N
186	85b10877-9364-428e-a006-4a7326459e8f	186	TEST_GROUP_086	Test Code Group 186	f	t	2026-04-16 16:18:07.069522+09	2026-04-17 11:46:50.051974+09	186	186	\N	\N
187	e5d526ee-b5cf-49b9-9ca1-75eef268460f	187	TEST_GROUP_087	Test Code Group 187	f	t	2026-04-16 16:18:07.069522+09	2026-04-17 11:46:50.051974+09	187	187	\N	\N
188	f93d4e6e-d1f5-4414-896c-7cdb3e636536	188	TEST_GROUP_088	Test Code Group 188	f	t	2026-04-16 16:18:07.069522+09	2026-04-17 11:46:50.051974+09	188	188	\N	\N
189	7fc617d8-028d-4384-8e52-5a3118232eb2	189	TEST_GROUP_089	Test Code Group 189	f	t	2026-04-16 16:18:07.069522+09	2026-04-17 11:46:50.051974+09	189	189	\N	\N
190	f2bd0640-90c6-4f74-830f-e422609f3401	190	TEST_GROUP_090	Test Code Group 190	f	t	2026-04-16 16:18:07.069522+09	2026-04-17 11:46:50.051974+09	190	190	\N	\N
191	9792c25b-3ee2-4fcd-9347-fd5a343f620e	191	TEST_GROUP_091	Test Code Group 191	f	t	2026-04-16 16:18:07.069522+09	2026-04-17 11:46:50.051974+09	191	191	\N	\N
192	3e4e8212-3d9c-4fd6-a357-a881a9e0f0b4	192	TEST_GROUP_092	Test Code Group 192	f	t	2026-04-16 16:18:07.069522+09	2026-04-17 11:46:50.051974+09	192	192	\N	\N
193	633c2c36-9da5-4639-b5c9-4570ba52de2f	193	TEST_GROUP_093	Test Code Group 193	f	t	2026-04-16 16:18:07.069522+09	2026-04-17 11:46:50.051974+09	193	193	\N	\N
194	ab1fe083-48c5-40f5-8b11-f6397b5a1b3d	194	TEST_GROUP_094	Test Code Group 194	f	t	2026-04-16 16:18:07.069522+09	2026-04-17 11:46:50.051974+09	194	194	\N	\N
195	e7d5fc06-ecf6-491a-9fb0-8d8f3e663043	195	TEST_GROUP_095	Test Code Group 195	f	t	2026-04-16 16:18:07.069522+09	2026-04-17 11:46:50.051974+09	195	195	\N	\N
196	5d41c89b-bed7-4425-b8cf-7c1ee74b7666	196	TEST_GROUP_096	Test Code Group 196	f	t	2026-04-16 16:18:07.069522+09	2026-04-17 11:46:50.051974+09	196	196	\N	\N
197	f52c5e5a-0224-468e-a075-e44b196b7225	197	TEST_GROUP_097	Test Code Group 197	f	t	2026-04-16 16:18:07.069522+09	2026-04-17 11:46:50.051974+09	197	197	\N	\N
198	258669cb-e6b4-4717-b1b2-2d186e9ff2b9	198	TEST_GROUP_098	Test Code Group 198	f	t	2026-04-16 16:18:07.069522+09	2026-04-17 11:46:50.051974+09	198	198	\N	\N
199	e4ec589e-04d3-4258-81b7-32eb533da635	199	TEST_GROUP_099	Test Code Group 199	f	t	2026-04-16 16:18:07.069522+09	2026-04-17 11:46:50.051974+09	199	199	\N	\N
200	702fe277-aae6-47d6-9388-8fb670be5dc8	200	TEST_GROUP_100	Test Code Group 200	f	t	2026-04-16 16:18:07.069522+09	2026-04-17 11:46:50.051974+09	200	200	\N	\N
227	ba2608f8-fc42-4b1e-975a-c2f3b858a1ba	\N	DATA_SCOPE_TYPE	Data Scope Type	t	t	2026-04-16 16:27:18.390348+09	2026-04-17 11:47:40.071426+09	101	101	\N	\N
228	07a694a9-6525-47de-aed1-cb9fd0885ac9	\N	ACTION_CODE	Permission Action Code	t	t	2026-04-16 16:27:18.390348+09	2026-04-17 11:47:40.071426+09	101	101	\N	\N
229	a846f203-3555-40c1-af7c-4360a7732012	\N	RESOURCE_TYPE	Permission Resource Type	t	t	2026-04-16 16:27:18.390348+09	2026-04-17 11:47:40.071426+09	101	101	\N	\N
230	cbba8cd5-019e-40a6-9d72-d95b33b17e45	\N	TEMPERATURE_TYPE	Temperature Type	t	t	2026-04-16 16:27:18.390348+09	2026-04-17 11:47:40.071426+09	101	101	\N	\N
\.


--
-- Data for Name: common_codes; Type: TABLE DATA; Schema: core; Owner: -
--

COPY core.common_codes (code_id, code_uid, code_group_id, code, code_name, sort_order, properties, is_active, created_at, updated_at, created_by, updated_by, deleted_at, deleted_by) FROM stdin;
201	0618cda4-459a-4657-acf7-f1180efd0dcb	201	INTERNAL	Internal Operator	1	{}	t	2026-04-16 16:27:18.390348+09	2026-04-17 11:46:50.051974+09	101	101	\N	\N
202	02e31789-e45d-463c-a0ea-95e07020602d	201	SHIPPER	Shipper User	2	{}	t	2026-04-16 16:27:18.390348+09	2026-04-17 11:46:50.051974+09	101	101	\N	\N
203	bc55855f-2873-4e36-84a8-6b01294803eb	201	CARRIER	Carrier User	3	{}	t	2026-04-16 16:27:18.390348+09	2026-04-17 11:46:50.051974+09	101	101	\N	\N
204	67b32688-e2ab-4d37-a55c-c0e8be3394b4	201	DRIVER	Driver User	4	{}	t	2026-04-16 16:27:18.390348+09	2026-04-17 11:46:50.051974+09	101	101	\N	\N
205	0203c1dc-d34e-431e-bf8f-b949d04ad7cb	201	AUDITOR	Auditor	5	{}	t	2026-04-16 16:27:18.390348+09	2026-04-17 11:46:50.051974+09	101	101	\N	\N
206	0e29f7f8-fcf3-45f6-a810-0d223e0b56c7	201	SYSTEM	System Account	6	{}	t	2026-04-16 16:27:18.390348+09	2026-04-17 11:46:50.051974+09	101	101	\N	\N
207	d3528c3a-f9d4-420b-b4b0-6bcaf951f591	202	LOCAL	Local Password	1	{}	t	2026-04-16 16:27:18.390348+09	2026-04-17 11:46:50.051974+09	101	101	\N	\N
208	3c84634a-83c5-4727-ac8b-3f8b7dc0e005	202	SSO	Single Sign-On	2	{}	t	2026-04-16 16:27:18.390348+09	2026-04-17 11:46:50.051974+09	101	101	\N	\N
209	340f129d-cd15-4742-b123-97a8025b0aa7	202	LDAP	LDAP	3	{}	t	2026-04-16 16:27:18.390348+09	2026-04-17 11:46:50.051974+09	101	101	\N	\N
210	466f20b7-b6d0-4402-b050-6756b354f12d	202	AZURE_AD	Microsoft Entra ID	4	{}	t	2026-04-16 16:27:18.390348+09	2026-04-17 11:46:50.051974+09	101	101	\N	\N
211	ccb40b8c-4646-470f-a9d2-126cd988c2a2	202	GOOGLE	Google Workspace	5	{}	t	2026-04-16 16:27:18.390348+09	2026-04-17 11:46:50.051974+09	101	101	\N	\N
212	33839cf6-845a-4dd2-845c-2808afe63dfd	203	LOGISTICS	Logistics Operator	1	{}	t	2026-04-16 16:27:18.390348+09	2026-04-17 11:46:50.051974+09	101	101	\N	\N
213	b832ec88-d97d-491c-98e2-11eef7118a47	203	SHIPPER	Shipper	2	{}	t	2026-04-16 16:27:18.390348+09	2026-04-17 11:46:50.051974+09	101	101	\N	\N
214	63c3db1d-8090-43e9-808b-135539e63ab9	203	CARRIER	Carrier	3	{}	t	2026-04-16 16:27:18.390348+09	2026-04-17 11:46:50.051974+09	101	101	\N	\N
215	5978d8a6-c3bf-434f-8572-e1c60d47e0eb	203	INTERNAL	Internal Company	4	{}	t	2026-04-16 16:27:18.390348+09	2026-04-17 11:46:50.051974+09	101	101	\N	\N
216	39c65f16-bae8-4ab0-a529-298dfbd3e4f9	204	CUSTOMER	Customer	1	{}	t	2026-04-16 16:27:18.390348+09	2026-04-17 11:46:50.051974+09	101	101	\N	\N
217	23edc3dc-6631-4afd-883c-a7ee77a58a1d	204	CARRIER	Carrier	2	{}	t	2026-04-16 16:27:18.390348+09	2026-04-17 11:46:50.051974+09	101	101	\N	\N
218	3f434b2a-3571-4f3d-8083-9a11dc2f393c	204	BOTH	Customer and Carrier	3	{}	t	2026-04-16 16:27:18.390348+09	2026-04-17 11:46:50.051974+09	101	101	\N	\N
219	039f7a62-0b86-405f-9261-4d84b3173cae	204	VENDOR	Vendor	4	{}	t	2026-04-16 16:27:18.390348+09	2026-04-17 11:46:50.051974+09	101	101	\N	\N
220	c57cc41a-5d3e-4b59-a9b7-c83ccc4001f8	205	PICKUP	Pickup Site	1	{}	t	2026-04-16 16:27:18.390348+09	2026-04-17 11:46:50.051974+09	101	101	\N	\N
221	c494e692-cf7f-4931-926f-d902ea126a30	205	DELIVERY	Delivery Site	2	{}	t	2026-04-16 16:27:18.390348+09	2026-04-17 11:46:50.051974+09	101	101	\N	\N
222	b4f68fd2-82a3-4b94-8e9e-e6368ce5ef1b	205	HUB	Hub	3	{}	t	2026-04-16 16:27:18.390348+09	2026-04-17 11:46:50.051974+09	101	101	\N	\N
223	d3c70746-46de-42ff-b424-2540012cd77e	205	CENTER	Distribution Center	4	{}	t	2026-04-16 16:27:18.390348+09	2026-04-17 11:46:50.051974+09	101	101	\N	\N
224	ba1df309-b40d-4b48-b478-dae36bcc43ad	205	CUSTOMER_SITE	Customer Site	5	{}	t	2026-04-16 16:27:18.390348+09	2026-04-17 11:46:50.051974+09	101	101	\N	\N
225	443a5c7f-1620-4dfb-9a00-990dbe39f5cf	206	CARGO	Cargo Truck	1	{}	t	2026-04-16 16:27:18.390348+09	2026-04-17 11:46:50.051974+09	101	101	\N	\N
226	5b13c649-5d24-4bc2-9713-82cc81d77856	206	WING	Wing Body Truck	2	{}	t	2026-04-16 16:27:18.390348+09	2026-04-17 11:46:50.051974+09	101	101	\N	\N
227	55fb62ff-2107-4a8d-a944-1c1099ae0c7d	206	TOP	Top Truck	3	{}	t	2026-04-16 16:27:18.390348+09	2026-04-17 11:46:50.051974+09	101	101	\N	\N
228	0f5902dd-7df4-4c42-bcca-7990b74ff157	206	REFRIGERATED	Refrigerated Truck	4	{}	t	2026-04-16 16:27:18.390348+09	2026-04-17 11:46:50.051974+09	101	101	\N	\N
229	a7612bad-11cf-4f38-b158-fe8333fba2b8	206	TRAILER	Trailer	5	{}	t	2026-04-16 16:27:18.390348+09	2026-04-17 11:46:50.051974+09	101	101	\N	\N
230	fc6e6625-6e4d-4b3c-9a53-20b2194875b5	207	AVAILABLE	Available	1	{}	t	2026-04-16 16:27:18.390348+09	2026-04-17 11:46:50.051974+09	101	101	\N	\N
231	a1e1ed16-7dd6-4744-b53c-3ba91d7b2ed4	207	RESERVED	Reserved	2	{}	t	2026-04-16 16:27:18.390348+09	2026-04-17 11:46:50.051974+09	101	101	\N	\N
232	8b3b5d9a-a2c0-45b5-aff7-da65e57b9bad	207	ON_DUTY	On Duty	3	{}	t	2026-04-16 16:27:18.390348+09	2026-04-17 11:46:50.051974+09	101	101	\N	\N
233	8bcb5c04-477c-45b6-a9ea-05456c7fd5bf	207	MAINTENANCE	Maintenance	4	{}	t	2026-04-16 16:27:18.390348+09	2026-04-17 11:46:50.051974+09	101	101	\N	\N
234	49300d59-e54d-44b9-891d-d00fe0d11ee9	207	INACTIVE	Inactive	5	{}	t	2026-04-16 16:27:18.390348+09	2026-04-17 11:46:50.051974+09	101	101	\N	\N
235	5be71642-9f03-432a-91b3-8cb911fcc437	208	AVAILABLE	Available	1	{}	t	2026-04-16 16:27:18.390348+09	2026-04-17 11:46:50.051974+09	101	101	\N	\N
236	61c3d9ac-6875-4aa3-ae04-30c739db3c4a	208	RESERVED	Reserved	2	{}	t	2026-04-16 16:27:18.390348+09	2026-04-17 11:46:50.051974+09	101	101	\N	\N
237	ab562619-3409-4298-9411-ec61de7458dc	208	ON_DUTY	On Duty	3	{}	t	2026-04-16 16:27:18.390348+09	2026-04-17 11:46:50.051974+09	101	101	\N	\N
238	eb161372-2672-4935-9dc2-b85ec4d1cd13	208	RESTING	Resting	4	{}	t	2026-04-16 16:27:18.390348+09	2026-04-17 11:46:50.051974+09	101	101	\N	\N
239	7fc99ca0-99ce-4414-a693-aa5a44f43b19	208	SUSPENDED	Suspended	5	{}	t	2026-04-16 16:27:18.390348+09	2026-04-17 11:46:50.051974+09	101	101	\N	\N
240	3dad0f1b-93d3-4693-951c-bbbe88c3dcf2	209	ONE_WAY	One Way	1	{}	t	2026-04-16 16:27:18.390348+09	2026-04-17 11:46:50.051974+09	101	101	\N	\N
241	9d9caca6-863f-480d-a4a5-5ac3c424462d	209	ROUND_TRIP	Round Trip	2	{}	t	2026-04-16 16:27:18.390348+09	2026-04-17 11:46:50.051974+09	101	101	\N	\N
242	95ca11b1-1e14-4ddb-a1a2-c06f679e00bf	209	MULTI_STOP	Multi Stop	3	{}	t	2026-04-16 16:27:18.390348+09	2026-04-17 11:46:50.051974+09	101	101	\N	\N
243	507e33b2-71d7-4f20-b4a7-5ea6c8de29a6	209	MILK_RUN	Milk Run	4	{}	t	2026-04-16 16:27:18.390348+09	2026-04-17 11:46:50.051974+09	101	101	\N	\N
244	df686460-6d1d-4b2b-9ca3-8cbae6e006f2	209	LINE_HAUL	Line Haul	5	{}	t	2026-04-16 16:27:18.390348+09	2026-04-17 11:46:50.051974+09	101	101	\N	\N
245	89c9bf04-0ce5-44a5-a71e-ff11d5e02446	209	LAST_MILE	Last Mile	6	{}	t	2026-04-16 16:27:18.390348+09	2026-04-17 11:46:50.051974+09	101	101	\N	\N
246	56e3caef-beaf-43c2-bc32-a8603e2f09b5	209	RETURN	Return	7	{}	t	2026-04-16 16:27:18.390348+09	2026-04-17 11:46:50.051974+09	101	101	\N	\N
247	8ed6301e-66e5-4d51-b730-1aaee624f0b2	209	EMERGENCY	Emergency	8	{}	t	2026-04-16 16:27:18.390348+09	2026-04-17 11:46:50.051974+09	101	101	\N	\N
248	9d7decc0-7d62-4094-b812-53ba498ca5a2	210	DRAFT	Draft	1	{}	t	2026-04-16 16:27:18.390348+09	2026-04-17 11:46:50.051974+09	101	101	\N	\N
249	7b803bc1-cbc0-4bea-8421-7e389aa03848	210	REQUESTED	Requested	2	{}	t	2026-04-16 16:27:18.390348+09	2026-04-17 11:46:50.051974+09	101	101	\N	\N
250	7ae068f6-6290-4c64-a19d-97d17384dc36	210	VALIDATING	Validating	3	{}	t	2026-04-16 16:27:18.390348+09	2026-04-17 11:46:50.051974+09	101	101	\N	\N
251	7df97fac-0751-4bc5-b35c-c1e05bb2893a	210	ACCEPTED	Accepted	4	{}	t	2026-04-16 16:27:18.390348+09	2026-04-17 11:46:50.051974+09	101	101	\N	\N
252	ed70908d-3c17-4535-b931-de52db77b2dc	210	PLANNING	Planning	5	{}	t	2026-04-16 16:27:18.390348+09	2026-04-17 11:46:50.051974+09	101	101	\N	\N
253	d2f7bdc0-7770-4916-9ccb-d9ca6196d6b2	210	PLANNED	Planned	6	{}	t	2026-04-16 16:27:18.390348+09	2026-04-17 11:46:50.051974+09	101	101	\N	\N
254	e71c2e81-d765-4ac8-94c7-1f544b91e071	210	ASSIGNING	Assigning	7	{}	t	2026-04-16 16:27:18.390348+09	2026-04-17 11:46:50.051974+09	101	101	\N	\N
255	8028165a-e043-479a-b371-af9abe2a03aa	210	ASSIGNED	Assigned	8	{}	t	2026-04-16 16:27:18.390348+09	2026-04-17 11:46:50.051974+09	101	101	\N	\N
256	66d2b8d1-7fb3-49e4-a793-85d8237d7368	210	DISPATCHED	Dispatched	9	{}	t	2026-04-16 16:27:18.390348+09	2026-04-17 11:46:50.051974+09	101	101	\N	\N
257	64658f7d-0b9f-4eca-a22b-218343615183	210	IN_EXECUTION	In Execution	10	{}	t	2026-04-16 16:27:18.390348+09	2026-04-17 11:46:50.051974+09	101	101	\N	\N
258	fcbd1207-abb2-4605-9594-e60e06202d96	210	DELIVERED	Delivered	11	{}	t	2026-04-16 16:27:18.390348+09	2026-04-17 11:46:50.051974+09	101	101	\N	\N
259	8c03994f-2ffa-4535-8868-1f5272e90630	210	POD_REVIEW	POD Review	12	{}	t	2026-04-16 16:27:18.390348+09	2026-04-17 11:46:50.051974+09	101	101	\N	\N
260	174217ff-56f7-4d51-9dac-ec8d6b574078	210	PERFORMANCE_CONFIRMED	Performance Confirmed	13	{}	t	2026-04-16 16:27:18.390348+09	2026-04-17 11:46:50.051974+09	101	101	\N	\N
261	1601b18e-9aed-4f49-8a43-3498d2c02e19	210	SETTLEMENT_READY	Settlement Ready	14	{}	t	2026-04-16 16:27:18.390348+09	2026-04-17 11:46:50.051974+09	101	101	\N	\N
262	d8f52cc5-fe19-44a7-8d7c-77a4235bf58a	210	SETTLED	Settled	15	{}	t	2026-04-16 16:27:18.390348+09	2026-04-17 11:46:50.051974+09	101	101	\N	\N
263	3088219d-cb30-4c11-9252-42bcacd76c32	210	CLOSED	Closed	16	{}	t	2026-04-16 16:27:18.390348+09	2026-04-17 11:46:50.051974+09	101	101	\N	\N
264	9ef2f5e2-c161-4c71-8da5-255ab217ffd7	210	CANCELLED	Cancelled	17	{}	t	2026-04-16 16:27:18.390348+09	2026-04-17 11:46:50.051974+09	101	101	\N	\N
265	7e2d9feb-89ef-47c5-8f67-fcf86eadc45e	210	REJECTED	Rejected	18	{}	t	2026-04-16 16:27:18.390348+09	2026-04-17 11:46:50.051974+09	101	101	\N	\N
266	0892a8b3-48d3-4d68-a502-39235fc7e5b0	210	HOLD	Hold	19	{}	t	2026-04-16 16:27:18.390348+09	2026-04-17 11:46:50.051974+09	101	101	\N	\N
267	178ef9b6-db54-4b49-8a6f-a43249d59902	210	CLAIMED	Claimed	20	{}	t	2026-04-16 16:27:18.390348+09	2026-04-17 11:46:50.051974+09	101	101	\N	\N
268	a90e3fbb-ca02-425d-b6cc-3c42aea4b559	210	EXCEPTION	Exception	21	{}	t	2026-04-16 16:27:18.390348+09	2026-04-17 11:46:50.051974+09	101	101	\N	\N
269	b99eb3cd-e013-40c2-8fd2-65488b5c44a0	211	DRAFT	Draft	1	{}	t	2026-04-16 16:27:18.390348+09	2026-04-17 11:46:50.051974+09	101	101	\N	\N
270	1fc428d6-28a6-455d-941b-483e619a8158	211	OPTIMIZING	Optimizing	2	{}	t	2026-04-16 16:27:18.390348+09	2026-04-17 11:46:50.051974+09	101	101	\N	\N
271	03e86adb-78de-40ed-9dbc-0c8a26dbc610	211	PROPOSED	Proposed	3	{}	t	2026-04-16 16:27:18.390348+09	2026-04-17 11:46:50.051974+09	101	101	\N	\N
272	aa55bf66-637c-4ec0-adc5-0728f51e9cdf	211	CONFIRMED	Confirmed	4	{}	t	2026-04-16 16:27:18.390348+09	2026-04-17 11:46:50.051974+09	101	101	\N	\N
273	c0a748d9-1e42-4c25-8083-3c14617c1b24	211	NEED_REVIEW	Need Review	5	{}	t	2026-04-16 16:27:18.390348+09	2026-04-17 11:46:50.051974+09	101	101	\N	\N
274	d87fbf9c-9e67-41d1-98fc-6259cdc3cf95	211	CANCELLED	Cancelled	6	{}	t	2026-04-16 16:27:18.390348+09	2026-04-17 11:46:50.051974+09	101	101	\N	\N
275	823a54e1-4c2f-44d1-9469-6e2c8ebdd373	212	CARRIER_ONLY	Carrier Only	1	{}	t	2026-04-16 16:27:18.390348+09	2026-04-17 11:46:50.051974+09	101	101	\N	\N
276	3da053d8-23f6-4299-aa7a-3abcf8fcd97a	212	VEHICLE_DRIVER	Vehicle and Driver	2	{}	t	2026-04-16 16:27:18.390348+09	2026-04-17 11:46:50.051974+09	101	101	\N	\N
277	e087a273-43f4-429d-9e46-0f59543c4be1	212	BIDDING	Bidding	3	{}	t	2026-04-16 16:27:18.390348+09	2026-04-17 11:46:50.051974+09	101	101	\N	\N
278	ad7ac57f-8a6f-4481-ac60-32a37c89fde6	212	FIXED_CONTRACT	Fixed Contract	4	{}	t	2026-04-16 16:27:18.390348+09	2026-04-17 11:46:50.051974+09	101	101	\N	\N
279	4ac7b5b9-31a9-41ca-ab41-47c9080c26ea	212	SPOT	Spot	5	{}	t	2026-04-16 16:27:18.390348+09	2026-04-17 11:46:50.051974+09	101	101	\N	\N
280	e5f5414c-75ed-4ba4-8590-2c273b5e57cb	212	INTERNAL_FLEET	Internal Fleet	6	{}	t	2026-04-16 16:27:18.390348+09	2026-04-17 11:46:50.051974+09	101	101	\N	\N
281	b605458c-e94c-42f1-8410-4f13ab42e447	213	CANDIDATE	Candidate	1	{}	t	2026-04-16 16:27:18.390348+09	2026-04-17 11:46:50.051974+09	101	101	\N	\N
282	ec59c474-5056-4d8c-8cbe-ff5ef27852cf	213	OFFERED	Offered	2	{}	t	2026-04-16 16:27:18.390348+09	2026-04-17 11:46:50.051974+09	101	101	\N	\N
283	4320d5d0-2f9f-4112-9b06-a9bf24125732	213	ACCEPTED	Accepted	3	{}	t	2026-04-16 16:27:18.390348+09	2026-04-17 11:46:50.051974+09	101	101	\N	\N
284	045422ed-a18a-4238-b8f1-b6d176a84fc4	213	REJECTED	Rejected	4	{}	t	2026-04-16 16:27:18.390348+09	2026-04-17 11:46:50.051974+09	101	101	\N	\N
285	f1237660-ddbc-4473-82d1-1d2fea76bca4	213	EXPIRED	Expired	5	{}	t	2026-04-16 16:27:18.390348+09	2026-04-17 11:46:50.051974+09	101	101	\N	\N
286	b2df8d03-3edc-449a-94fe-df2f94eb8fdf	213	CONFIRMED	Confirmed	6	{}	t	2026-04-16 16:27:18.390348+09	2026-04-17 11:46:50.051974+09	101	101	\N	\N
287	c5b13ec2-ab69-4a72-bf87-6f7163fe9ab9	213	REASSIGNED	Reassigned	7	{}	t	2026-04-16 16:27:18.390348+09	2026-04-17 11:46:50.051974+09	101	101	\N	\N
288	afe58e40-a45e-41de-ae82-866e38e094b9	213	CANCELLED	Cancelled	8	{}	t	2026-04-16 16:27:18.390348+09	2026-04-17 11:46:50.051974+09	101	101	\N	\N
289	e2d70c62-eed0-4cd0-9846-0cb793b87ecc	214	READY	Ready	1	{}	t	2026-04-16 16:27:18.390348+09	2026-04-17 11:46:50.051974+09	101	101	\N	\N
290	b3bb4938-c57c-47a9-bf9d-fc08ca6261e7	214	DISPATCHED	Dispatched	2	{}	t	2026-04-16 16:27:18.390348+09	2026-04-17 11:46:50.051974+09	101	101	\N	\N
291	c6154ae7-4e64-4c34-ac71-6068dc5a7a7a	214	ACCEPTED_BY_CARRIER	Accepted by Carrier	3	{}	t	2026-04-16 16:27:18.390348+09	2026-04-17 11:46:50.051974+09	101	101	\N	\N
292	de59f5f7-4d0e-430c-9f40-975f9d8043b5	214	ACCEPTED_BY_DRIVER	Accepted by Driver	4	{}	t	2026-04-16 16:27:18.390348+09	2026-04-17 11:46:50.051974+09	101	101	\N	\N
293	d0a87c37-95ed-4066-853d-f37518f0f6a6	214	DRIVER_REJECTED	Driver Rejected	5	{}	t	2026-04-16 16:27:18.390348+09	2026-04-17 11:46:50.051974+09	101	101	\N	\N
294	7d59a473-7bcf-4be4-9980-caba66f064fd	214	VEHICLE_ARRIVED_PICKUP	Vehicle Arrived Pickup	6	{}	t	2026-04-16 16:27:18.390348+09	2026-04-17 11:46:50.051974+09	101	101	\N	\N
295	e84265d6-881a-4e26-8365-913bdff070d9	214	LOADED	Loaded	7	{}	t	2026-04-16 16:27:18.390348+09	2026-04-17 11:46:50.051974+09	101	101	\N	\N
296	a1ed9fe1-ebe3-4ff0-bd0b-18cb7f13d6cf	214	IN_TRANSIT	In Transit	8	{}	t	2026-04-16 16:27:18.390348+09	2026-04-17 11:46:50.051974+09	101	101	\N	\N
297	a178745d-b37a-4662-91bd-3fa23eb690e1	214	ARRIVED_DELIVERY	Arrived Delivery	9	{}	t	2026-04-16 16:27:18.390348+09	2026-04-17 11:46:50.051974+09	101	101	\N	\N
298	8b2159c6-75a4-4d94-8e25-27b64dbec9e2	214	UNLOADED	Unloaded	10	{}	t	2026-04-16 16:27:18.390348+09	2026-04-17 11:46:50.051974+09	101	101	\N	\N
299	c6a5ffdf-373f-4091-afe5-7a3f6ac699c7	214	POD_SUBMITTED	POD Submitted	11	{}	t	2026-04-16 16:27:18.390348+09	2026-04-17 11:46:50.051974+09	101	101	\N	\N
300	da8ab7a4-cf81-4c53-ad2f-4d09d09c9c2b	214	COMPLETED	Completed	12	{}	t	2026-04-16 16:27:18.390348+09	2026-04-17 11:46:50.051974+09	101	101	\N	\N
301	cd079c8e-f549-473e-b5e1-a6f2f1f69a0e	214	CANCELLED	Cancelled	13	{}	t	2026-04-16 16:27:18.390348+09	2026-04-17 11:46:50.051974+09	101	101	\N	\N
302	99dad1c0-c8c3-4ff3-a311-9d1ee17755b2	214	FAILED	Failed	14	{}	t	2026-04-16 16:27:18.390348+09	2026-04-17 11:46:50.051974+09	101	101	\N	\N
303	21f8085c-5f0b-4aa7-ba8e-d2b15f683903	215	DISPATCH_VIEWED	Dispatch Viewed	1	{}	t	2026-04-16 16:27:18.390348+09	2026-04-17 11:46:50.051974+09	101	101	\N	\N
304	966f45d4-9067-43a3-8796-f491abcbfcdd	215	DRIVER_ACCEPTED	Driver Accepted	2	{}	t	2026-04-16 16:27:18.390348+09	2026-04-17 11:46:50.051974+09	101	101	\N	\N
305	b0c7055e-2e74-420b-863b-86f984e9b3cf	215	START_TO_PICKUP	Start To Pickup	3	{}	t	2026-04-16 16:27:18.390348+09	2026-04-17 11:46:50.051974+09	101	101	\N	\N
306	0f807586-8cda-4457-9876-13b82d0fa6e2	215	ARRIVED_PICKUP	Arrived Pickup	4	{}	t	2026-04-16 16:27:18.390348+09	2026-04-17 11:46:50.051974+09	101	101	\N	\N
307	d76c2ff9-4107-436e-a47b-dd709bb0100b	215	LOADING_STARTED	Loading Started	5	{}	t	2026-04-16 16:27:18.390348+09	2026-04-17 11:46:50.051974+09	101	101	\N	\N
308	44c32080-fc19-426e-8572-f4bd24779188	215	LOADED	Loaded	6	{}	t	2026-04-16 16:27:18.390348+09	2026-04-17 11:46:50.051974+09	101	101	\N	\N
309	49142c15-973e-443d-a71a-8ed958697f6c	215	DEPARTED_PICKUP	Departed Pickup	7	{}	t	2026-04-16 16:27:18.390348+09	2026-04-17 11:46:50.051974+09	101	101	\N	\N
310	b7d13700-dff1-4766-bcf8-20b2a5c1368b	215	ARRIVED_DELIVERY	Arrived Delivery	8	{}	t	2026-04-16 16:27:18.390348+09	2026-04-17 11:46:50.051974+09	101	101	\N	\N
311	bd6580aa-6ccb-4f4a-a939-021a89f5b2ec	215	UNLOADED	Unloaded	9	{}	t	2026-04-16 16:27:18.390348+09	2026-04-17 11:46:50.051974+09	101	101	\N	\N
312	1bf2e091-3f9b-4e32-bcd4-3a80f121dbc7	215	POD_SUBMITTED	POD Submitted	10	{}	t	2026-04-16 16:27:18.390348+09	2026-04-17 11:46:50.051974+09	101	101	\N	\N
313	591f8cfb-6f1b-40d1-a810-e5802b3d18ad	215	COMPLETED	Completed	11	{}	t	2026-04-16 16:27:18.390348+09	2026-04-17 11:46:50.051974+09	101	101	\N	\N
314	6cac597b-d712-4627-bfdb-8b60beb17d7b	215	INCIDENT_REPORTED	Incident Reported	12	{}	t	2026-04-16 16:27:18.390348+09	2026-04-17 11:46:50.051974+09	101	101	\N	\N
315	e9632703-5389-464d-89ec-a156e1cb4909	216	PENDING	Pending	1	{}	t	2026-04-16 16:27:18.390348+09	2026-04-17 11:46:50.051974+09	101	101	\N	\N
316	b71e1332-c1f3-43ea-9e42-54c8aa72621d	216	SUBMITTED	Submitted	2	{}	t	2026-04-16 16:27:18.390348+09	2026-04-17 11:46:50.051974+09	101	101	\N	\N
317	90783c10-5cb1-4466-aa31-d66b109ba45d	216	CONFIRMED	Confirmed	3	{}	t	2026-04-16 16:27:18.390348+09	2026-04-17 11:46:50.051974+09	101	101	\N	\N
318	cfa262d3-fec4-42ff-935f-011a53db5448	216	REJECTED	Rejected	4	{}	t	2026-04-16 16:27:18.390348+09	2026-04-17 11:46:50.051974+09	101	101	\N	\N
319	4f7b3859-abd8-48e9-a348-8fd3853f6954	216	ON_HOLD	On Hold	5	{}	t	2026-04-16 16:27:18.390348+09	2026-04-17 11:46:50.051974+09	101	101	\N	\N
320	84214083-2a81-4b30-829e-5523366c7968	217	PHOTO	Photo	1	{}	t	2026-04-16 16:27:18.390348+09	2026-04-17 11:46:50.051974+09	101	101	\N	\N
321	5dfd8444-fa7a-49d2-bea9-55ab5fcfea77	217	SIGNATURE	Signature	2	{}	t	2026-04-16 16:27:18.390348+09	2026-04-17 11:46:50.051974+09	101	101	\N	\N
322	8ee8b82c-cb78-421a-ab68-e18ad3f0c630	217	INVOICE	Invoice	3	{}	t	2026-04-16 16:27:18.390348+09	2026-04-17 11:46:50.051974+09	101	101	\N	\N
323	5a1bfcdc-e73e-48ea-8ff0-0d88f1d246b5	217	RECEIPT	Receipt	4	{}	t	2026-04-16 16:27:18.390348+09	2026-04-17 11:46:50.051974+09	101	101	\N	\N
324	de7031e5-e4c9-41ca-9b09-f023fc6b37e2	218	SUBMITTED	Submitted	1	{}	t	2026-04-16 16:27:18.390348+09	2026-04-17 11:46:50.051974+09	101	101	\N	\N
325	131d9046-4139-482b-b5a2-0161999d5e94	218	APPROVED	Approved	2	{}	t	2026-04-16 16:27:18.390348+09	2026-04-17 11:46:50.051974+09	101	101	\N	\N
326	3f4f4274-da03-49bb-a41f-1888b1e01e65	218	REJECTED	Rejected	3	{}	t	2026-04-16 16:27:18.390348+09	2026-04-17 11:46:50.051974+09	101	101	\N	\N
327	e0d564b5-533d-4d31-8289-c48edb6ee33a	219	DELAY	Delay	1	{}	t	2026-04-16 16:27:18.390348+09	2026-04-17 11:46:50.051974+09	101	101	\N	\N
328	0f0777fd-cb10-43b1-94f2-07746c874d3c	219	DAMAGE	Damage	2	{}	t	2026-04-16 16:27:18.390348+09	2026-04-17 11:46:50.051974+09	101	101	\N	\N
329	2f19b7a8-7ad3-4f0c-b8d0-ec20e832e8c5	219	ACCIDENT	Accident	3	{}	t	2026-04-16 16:27:18.390348+09	2026-04-17 11:46:50.051974+09	101	101	\N	\N
330	8d82c2b2-fd71-4487-b47e-8dab1956eeb0	219	SHORTAGE	Shortage	4	{}	t	2026-04-16 16:27:18.390348+09	2026-04-17 11:46:50.051974+09	101	101	\N	\N
331	ac72cad5-42f0-4003-b64c-89cd285c675b	219	TEMPERATURE	Temperature Deviation	5	{}	t	2026-04-16 16:27:18.390348+09	2026-04-17 11:46:50.051974+09	101	101	\N	\N
332	515527c0-3f6c-4daf-a509-b80b04bc451f	219	ETC	Etc	6	{}	t	2026-04-16 16:27:18.390348+09	2026-04-17 11:46:50.051974+09	101	101	\N	\N
333	9f8802a1-86bd-4611-848d-9f0161b15799	220	OPEN	Open	1	{}	t	2026-04-16 16:27:18.390348+09	2026-04-17 11:46:50.051974+09	101	101	\N	\N
334	9f863f74-40b2-485d-9b63-72f6c5e9180b	220	IN_PROGRESS	In Progress	2	{}	t	2026-04-16 16:27:18.390348+09	2026-04-17 11:46:50.051974+09	101	101	\N	\N
335	f668d22c-ab65-4eb0-b1ec-e176a15fb452	220	RESOLVED	Resolved	3	{}	t	2026-04-16 16:27:18.390348+09	2026-04-17 11:46:50.051974+09	101	101	\N	\N
336	43ff7a02-cf85-4624-b643-e5c92f400132	220	CLOSED	Closed	4	{}	t	2026-04-16 16:27:18.390348+09	2026-04-17 11:46:50.051974+09	101	101	\N	\N
337	1ea0e1d4-083a-4869-8c60-49103786c275	221	SALES	Sales Settlement	1	{}	t	2026-04-16 16:27:18.390348+09	2026-04-17 11:46:50.051974+09	101	101	\N	\N
338	3c75f323-0325-456c-9f25-1e806d0011b8	221	PURCHASE	Purchase Settlement	2	{}	t	2026-04-16 16:27:18.390348+09	2026-04-17 11:46:50.051974+09	101	101	\N	\N
339	cee080de-30c3-48ad-8c8d-7dd8b73c0a71	221	ADJUSTMENT	Adjustment	3	{}	t	2026-04-16 16:27:18.390348+09	2026-04-17 11:46:50.051974+09	101	101	\N	\N
340	f4a1b941-a5ba-415b-aedf-9994d4d4507a	221	CLAIM	Claim	4	{}	t	2026-04-16 16:27:18.390348+09	2026-04-17 11:46:50.051974+09	101	101	\N	\N
341	446a0c02-f263-4e65-8fa5-b246e5ac5ce3	221	PENALTY	Penalty	5	{}	t	2026-04-16 16:27:18.390348+09	2026-04-17 11:46:50.051974+09	101	101	\N	\N
342	7312f2e9-bff7-456a-b4ad-2221c33d881f	221	REIMBURSEMENT	Reimbursement	6	{}	t	2026-04-16 16:27:18.390348+09	2026-04-17 11:46:50.051974+09	101	101	\N	\N
343	790eb80e-6123-4599-9e2d-102a2c8ea846	222	READY	Ready	1	{}	t	2026-04-16 16:27:18.390348+09	2026-04-17 11:46:50.051974+09	101	101	\N	\N
344	d5f10e9f-b40c-4187-b302-810c6ead3953	222	CALCULATED	Calculated	2	{}	t	2026-04-16 16:27:18.390348+09	2026-04-17 11:46:50.051974+09	101	101	\N	\N
345	f061f09a-2d62-4af8-82b8-8b3a1e68149e	222	REVIEWING	Reviewing	3	{}	t	2026-04-16 16:27:18.390348+09	2026-04-17 11:46:50.051974+09	101	101	\N	\N
346	dce6e908-2741-4eba-9c71-874aa4c1188c	222	ADJUST_REQUESTED	Adjustment Requested	4	{}	t	2026-04-16 16:27:18.390348+09	2026-04-17 11:46:50.051974+09	101	101	\N	\N
347	ccc4f8cf-77b3-4bdc-a176-ef8b9c5458ab	222	APPROVED	Approved	5	{}	t	2026-04-16 16:27:18.390348+09	2026-04-17 11:46:50.051974+09	101	101	\N	\N
101	3c3dc4ab-44cc-430f-92bb-384b5421ac05	101	TEST_CODE_001	Test Code 101	1	{"seq": 1, "sample": true}	t	2026-04-16 16:18:07.069522+09	2026-04-17 11:46:50.051974+09	101	101	\N	\N
102	5f6cca24-5de2-42f4-b4dc-557674952100	102	TEST_CODE_002	Test Code 102	2	{"seq": 2, "sample": true}	t	2026-04-16 16:18:07.069522+09	2026-04-17 11:46:50.051974+09	101	101	\N	\N
103	666fef83-8a49-4652-9805-dedb6a8dc469	103	TEST_CODE_003	Test Code 103	3	{"seq": 3, "sample": true}	t	2026-04-16 16:18:07.069522+09	2026-04-17 11:46:50.051974+09	101	101	\N	\N
104	26ea98fb-80b6-4669-a96d-6fa864a189ea	104	TEST_CODE_004	Test Code 104	4	{"seq": 4, "sample": true}	t	2026-04-16 16:18:07.069522+09	2026-04-17 11:46:50.051974+09	101	101	\N	\N
105	810e91ea-65be-42a3-9553-6700d89a8668	105	TEST_CODE_005	Test Code 105	5	{"seq": 5, "sample": true}	t	2026-04-16 16:18:07.069522+09	2026-04-17 11:46:50.051974+09	101	101	\N	\N
106	e9fa9080-3b43-42e7-ba99-7d531a09ffe6	106	TEST_CODE_006	Test Code 106	6	{"seq": 6, "sample": true}	t	2026-04-16 16:18:07.069522+09	2026-04-17 11:46:50.051974+09	101	101	\N	\N
107	54dd96d4-ff42-4fce-84f4-5e0b43be9b4e	107	TEST_CODE_007	Test Code 107	7	{"seq": 7, "sample": true}	t	2026-04-16 16:18:07.069522+09	2026-04-17 11:46:50.051974+09	101	101	\N	\N
108	8872ed2c-089e-4c0d-9752-a0a71059b327	108	TEST_CODE_008	Test Code 108	8	{"seq": 8, "sample": true}	t	2026-04-16 16:18:07.069522+09	2026-04-17 11:46:50.051974+09	101	101	\N	\N
109	9d8bfb1c-7d17-4a5d-bc9e-68b83fcd6722	109	TEST_CODE_009	Test Code 109	9	{"seq": 9, "sample": true}	t	2026-04-16 16:18:07.069522+09	2026-04-17 11:46:50.051974+09	101	101	\N	\N
110	f3ab2e1f-da4e-4df8-9db1-82b1225cb71f	110	TEST_CODE_010	Test Code 110	10	{"seq": 10, "sample": true}	t	2026-04-16 16:18:07.069522+09	2026-04-17 11:46:50.051974+09	101	101	\N	\N
111	6e885e55-3f2c-4dc7-8673-9b8bf3a4212a	111	TEST_CODE_011	Test Code 111	11	{"seq": 11, "sample": true}	t	2026-04-16 16:18:07.069522+09	2026-04-17 11:46:50.051974+09	101	101	\N	\N
112	c705e466-b2ce-4cef-a6d7-69e6abf304ec	112	TEST_CODE_012	Test Code 112	12	{"seq": 12, "sample": true}	t	2026-04-16 16:18:07.069522+09	2026-04-17 11:46:50.051974+09	101	101	\N	\N
113	6fc50e45-c059-4113-81c6-d46a2678bbaa	113	TEST_CODE_013	Test Code 113	13	{"seq": 13, "sample": true}	t	2026-04-16 16:18:07.069522+09	2026-04-17 11:46:50.051974+09	101	101	\N	\N
114	41001bfb-9d93-45d4-95c6-f050a562eb69	114	TEST_CODE_014	Test Code 114	14	{"seq": 14, "sample": true}	t	2026-04-16 16:18:07.069522+09	2026-04-17 11:46:50.051974+09	101	101	\N	\N
115	d2868222-2179-4723-a6bf-171fb35cdaf4	115	TEST_CODE_015	Test Code 115	15	{"seq": 15, "sample": true}	t	2026-04-16 16:18:07.069522+09	2026-04-17 11:46:50.051974+09	101	101	\N	\N
116	7d7a4444-39ff-440e-8ba5-4ddd6c9cf4db	116	TEST_CODE_016	Test Code 116	16	{"seq": 16, "sample": true}	t	2026-04-16 16:18:07.069522+09	2026-04-17 11:46:50.051974+09	101	101	\N	\N
117	584c4732-6b96-416a-a060-438eb717ad24	117	TEST_CODE_017	Test Code 117	17	{"seq": 17, "sample": true}	t	2026-04-16 16:18:07.069522+09	2026-04-17 11:46:50.051974+09	101	101	\N	\N
118	e0a42676-a7a4-49a7-b1bd-344c69d29872	118	TEST_CODE_018	Test Code 118	18	{"seq": 18, "sample": true}	t	2026-04-16 16:18:07.069522+09	2026-04-17 11:46:50.051974+09	101	101	\N	\N
119	2cfbcd57-8184-4e22-864f-ad08d26330b6	119	TEST_CODE_019	Test Code 119	19	{"seq": 19, "sample": true}	t	2026-04-16 16:18:07.069522+09	2026-04-17 11:46:50.051974+09	101	101	\N	\N
120	0b34c063-e1fc-496f-bf71-bfeab28fcffd	120	TEST_CODE_020	Test Code 120	20	{"seq": 20, "sample": true}	t	2026-04-16 16:18:07.069522+09	2026-04-17 11:46:50.051974+09	101	101	\N	\N
121	4c6f8c07-c7ca-4c9a-baaf-dee8655f57e3	121	TEST_CODE_021	Test Code 121	21	{"seq": 21, "sample": true}	t	2026-04-16 16:18:07.069522+09	2026-04-17 11:46:50.051974+09	101	101	\N	\N
122	b181bba8-4564-4557-a609-84edeac34032	122	TEST_CODE_022	Test Code 122	22	{"seq": 22, "sample": true}	t	2026-04-16 16:18:07.069522+09	2026-04-17 11:46:50.051974+09	101	101	\N	\N
123	ba927671-0b78-42a7-bce1-bea93239e533	123	TEST_CODE_023	Test Code 123	23	{"seq": 23, "sample": true}	t	2026-04-16 16:18:07.069522+09	2026-04-17 11:46:50.051974+09	101	101	\N	\N
124	67c7f9a1-6764-4a7f-bae4-02c42ab091b1	124	TEST_CODE_024	Test Code 124	24	{"seq": 24, "sample": true}	t	2026-04-16 16:18:07.069522+09	2026-04-17 11:46:50.051974+09	101	101	\N	\N
125	da18ef61-c937-4456-8801-51569b8a28ef	125	TEST_CODE_025	Test Code 125	25	{"seq": 25, "sample": true}	t	2026-04-16 16:18:07.069522+09	2026-04-17 11:46:50.051974+09	101	101	\N	\N
126	4f914509-9c81-46d0-bb1f-ebd92bc16089	126	TEST_CODE_026	Test Code 126	26	{"seq": 26, "sample": true}	t	2026-04-16 16:18:07.069522+09	2026-04-17 11:46:50.051974+09	101	101	\N	\N
127	cc5c9c43-592b-4e79-8e3b-e8852ab7d3ef	127	TEST_CODE_027	Test Code 127	27	{"seq": 27, "sample": true}	t	2026-04-16 16:18:07.069522+09	2026-04-17 11:46:50.051974+09	101	101	\N	\N
128	16f41734-42ce-44f9-91d7-3e90c0fcf0bc	128	TEST_CODE_028	Test Code 128	28	{"seq": 28, "sample": true}	t	2026-04-16 16:18:07.069522+09	2026-04-17 11:46:50.051974+09	101	101	\N	\N
129	9a88e1c5-399b-44b1-acca-fb9b56094b72	129	TEST_CODE_029	Test Code 129	29	{"seq": 29, "sample": true}	t	2026-04-16 16:18:07.069522+09	2026-04-17 11:46:50.051974+09	101	101	\N	\N
130	79413452-41cd-4015-a3a4-fac687fedf86	130	TEST_CODE_030	Test Code 130	30	{"seq": 30, "sample": true}	t	2026-04-16 16:18:07.069522+09	2026-04-17 11:46:50.051974+09	101	101	\N	\N
131	664432dd-d020-4110-98bf-15e04cc200b5	131	TEST_CODE_031	Test Code 131	31	{"seq": 31, "sample": true}	t	2026-04-16 16:18:07.069522+09	2026-04-17 11:46:50.051974+09	101	101	\N	\N
132	098e6b80-8a53-4a34-8980-5b38a58a3274	132	TEST_CODE_032	Test Code 132	32	{"seq": 32, "sample": true}	t	2026-04-16 16:18:07.069522+09	2026-04-17 11:46:50.051974+09	101	101	\N	\N
133	cc8a8d32-dd98-4a90-b5bc-f5592d5d58c0	133	TEST_CODE_033	Test Code 133	33	{"seq": 33, "sample": true}	t	2026-04-16 16:18:07.069522+09	2026-04-17 11:46:50.051974+09	101	101	\N	\N
134	d6d48da0-8192-43db-afeb-dbaed359ec3f	134	TEST_CODE_034	Test Code 134	34	{"seq": 34, "sample": true}	t	2026-04-16 16:18:07.069522+09	2026-04-17 11:46:50.051974+09	101	101	\N	\N
135	47dfe795-ba8e-4187-a9e8-e040dc91a893	135	TEST_CODE_035	Test Code 135	35	{"seq": 35, "sample": true}	t	2026-04-16 16:18:07.069522+09	2026-04-17 11:46:50.051974+09	101	101	\N	\N
136	3a1e7eb9-7346-4f5b-bb04-ee4b6a431af8	136	TEST_CODE_036	Test Code 136	36	{"seq": 36, "sample": true}	t	2026-04-16 16:18:07.069522+09	2026-04-17 11:46:50.051974+09	101	101	\N	\N
137	d0e7ace5-89b3-4729-be3a-221c91b4fb76	137	TEST_CODE_037	Test Code 137	37	{"seq": 37, "sample": true}	t	2026-04-16 16:18:07.069522+09	2026-04-17 11:46:50.051974+09	101	101	\N	\N
138	11c34112-8370-4c17-859b-efe36dd9a954	138	TEST_CODE_038	Test Code 138	38	{"seq": 38, "sample": true}	t	2026-04-16 16:18:07.069522+09	2026-04-17 11:46:50.051974+09	101	101	\N	\N
139	028e3692-8399-4dcd-b7a1-c60180424c37	139	TEST_CODE_039	Test Code 139	39	{"seq": 39, "sample": true}	t	2026-04-16 16:18:07.069522+09	2026-04-17 11:46:50.051974+09	101	101	\N	\N
140	4c336c40-bf22-4e16-bc0e-40b807b0772a	140	TEST_CODE_040	Test Code 140	40	{"seq": 40, "sample": true}	t	2026-04-16 16:18:07.069522+09	2026-04-17 11:46:50.051974+09	101	101	\N	\N
141	2e66f12b-5b4c-42c8-8680-7cb7b9154c8a	141	TEST_CODE_041	Test Code 141	41	{"seq": 41, "sample": true}	t	2026-04-16 16:18:07.069522+09	2026-04-17 11:46:50.051974+09	101	101	\N	\N
142	d2a43a96-22ef-475a-bfc5-9ba59ed90d07	142	TEST_CODE_042	Test Code 142	42	{"seq": 42, "sample": true}	t	2026-04-16 16:18:07.069522+09	2026-04-17 11:46:50.051974+09	101	101	\N	\N
143	f00aa62d-4a80-4cd6-a8c2-c9a2895e516f	143	TEST_CODE_043	Test Code 143	43	{"seq": 43, "sample": true}	t	2026-04-16 16:18:07.069522+09	2026-04-17 11:46:50.051974+09	101	101	\N	\N
144	1f7de2c4-f7c0-44e1-b4c2-0ecb77aee6c0	144	TEST_CODE_044	Test Code 144	44	{"seq": 44, "sample": true}	t	2026-04-16 16:18:07.069522+09	2026-04-17 11:46:50.051974+09	101	101	\N	\N
145	7680f4b9-fdb8-4732-a817-fdde0a425413	145	TEST_CODE_045	Test Code 145	45	{"seq": 45, "sample": true}	t	2026-04-16 16:18:07.069522+09	2026-04-17 11:46:50.051974+09	101	101	\N	\N
146	417787e5-d7a8-4ec3-bc9e-9ff5701300d1	146	TEST_CODE_046	Test Code 146	46	{"seq": 46, "sample": true}	t	2026-04-16 16:18:07.069522+09	2026-04-17 11:46:50.051974+09	101	101	\N	\N
147	2f5b66bd-b14e-498b-9378-9c98d9f8bef8	147	TEST_CODE_047	Test Code 147	47	{"seq": 47, "sample": true}	t	2026-04-16 16:18:07.069522+09	2026-04-17 11:46:50.051974+09	101	101	\N	\N
148	b153edac-f734-4659-8273-c486d03ce3f8	148	TEST_CODE_048	Test Code 148	48	{"seq": 48, "sample": true}	t	2026-04-16 16:18:07.069522+09	2026-04-17 11:46:50.051974+09	101	101	\N	\N
149	5619c1a3-49b3-43e9-81d8-f8863e92accd	149	TEST_CODE_049	Test Code 149	49	{"seq": 49, "sample": true}	t	2026-04-16 16:18:07.069522+09	2026-04-17 11:46:50.051974+09	101	101	\N	\N
150	ec9aec72-d7bd-42e7-b1b5-f80ffcbc9f7e	150	TEST_CODE_050	Test Code 150	50	{"seq": 50, "sample": true}	t	2026-04-16 16:18:07.069522+09	2026-04-17 11:46:50.051974+09	101	101	\N	\N
348	b1daf063-e564-488b-a3af-8e7dd377dd17	222	CLOSED	Closed	6	{}	t	2026-04-16 16:27:18.390348+09	2026-04-17 11:46:50.051974+09	101	101	\N	\N
151	a4592875-4dd4-4f1a-ac6a-2d9101195588	151	TEST_CODE_051	Test Code 151	51	{"seq": 51, "sample": true}	t	2026-04-16 16:18:07.069522+09	2026-04-17 11:46:50.051974+09	101	101	\N	\N
152	493fa66c-eb2f-4a32-a64e-f3cb5b34b892	152	TEST_CODE_052	Test Code 152	52	{"seq": 52, "sample": true}	t	2026-04-16 16:18:07.069522+09	2026-04-17 11:46:50.051974+09	101	101	\N	\N
153	8eb05a55-b87f-4711-a2fd-33476f8aaf1b	153	TEST_CODE_053	Test Code 153	53	{"seq": 53, "sample": true}	t	2026-04-16 16:18:07.069522+09	2026-04-17 11:46:50.051974+09	101	101	\N	\N
154	361fe148-26bf-47bd-98db-cc4cc70638e8	154	TEST_CODE_054	Test Code 154	54	{"seq": 54, "sample": true}	t	2026-04-16 16:18:07.069522+09	2026-04-17 11:46:50.051974+09	101	101	\N	\N
155	a8da3a2e-be0b-4d81-be53-ed53d9fb34e4	155	TEST_CODE_055	Test Code 155	55	{"seq": 55, "sample": true}	t	2026-04-16 16:18:07.069522+09	2026-04-17 11:46:50.051974+09	101	101	\N	\N
156	e1c80e6d-b1e8-4525-9f59-c7075d2f4543	156	TEST_CODE_056	Test Code 156	56	{"seq": 56, "sample": true}	t	2026-04-16 16:18:07.069522+09	2026-04-17 11:46:50.051974+09	101	101	\N	\N
157	8c0a1109-ede3-4ff6-832a-3ee795b29ed5	157	TEST_CODE_057	Test Code 157	57	{"seq": 57, "sample": true}	t	2026-04-16 16:18:07.069522+09	2026-04-17 11:46:50.051974+09	101	101	\N	\N
158	b44ebb81-c02c-4f83-8f7c-c5fb995e1532	158	TEST_CODE_058	Test Code 158	58	{"seq": 58, "sample": true}	t	2026-04-16 16:18:07.069522+09	2026-04-17 11:46:50.051974+09	101	101	\N	\N
159	0c6a8d57-9fe5-49b9-9094-6311169a5ef0	159	TEST_CODE_059	Test Code 159	59	{"seq": 59, "sample": true}	t	2026-04-16 16:18:07.069522+09	2026-04-17 11:46:50.051974+09	101	101	\N	\N
160	a1563c8a-436c-487c-a505-7a766a3d19f6	160	TEST_CODE_060	Test Code 160	60	{"seq": 60, "sample": true}	t	2026-04-16 16:18:07.069522+09	2026-04-17 11:46:50.051974+09	101	101	\N	\N
161	b54e86a8-0fd8-496c-b9cc-785dcbedc366	161	TEST_CODE_061	Test Code 161	61	{"seq": 61, "sample": true}	t	2026-04-16 16:18:07.069522+09	2026-04-17 11:46:50.051974+09	101	101	\N	\N
162	96d57770-e4a6-4836-b1ed-b06d5e383a9f	162	TEST_CODE_062	Test Code 162	62	{"seq": 62, "sample": true}	t	2026-04-16 16:18:07.069522+09	2026-04-17 11:46:50.051974+09	101	101	\N	\N
163	41ee2dfe-8e15-48b5-9b20-2c425e8cdcec	163	TEST_CODE_063	Test Code 163	63	{"seq": 63, "sample": true}	t	2026-04-16 16:18:07.069522+09	2026-04-17 11:46:50.051974+09	101	101	\N	\N
164	cafb900a-a7ce-4870-b45d-1fb5f40cb625	164	TEST_CODE_064	Test Code 164	64	{"seq": 64, "sample": true}	t	2026-04-16 16:18:07.069522+09	2026-04-17 11:46:50.051974+09	101	101	\N	\N
165	9d2d6a0f-1ceb-49c3-a4a2-f45ce5dc8704	165	TEST_CODE_065	Test Code 165	65	{"seq": 65, "sample": true}	t	2026-04-16 16:18:07.069522+09	2026-04-17 11:46:50.051974+09	101	101	\N	\N
166	24bd99ea-2b41-4c56-9120-85a5b7cdcefc	166	TEST_CODE_066	Test Code 166	66	{"seq": 66, "sample": true}	t	2026-04-16 16:18:07.069522+09	2026-04-17 11:46:50.051974+09	101	101	\N	\N
167	06f0c3ac-0449-4d5e-aebc-ec5443ec5381	167	TEST_CODE_067	Test Code 167	67	{"seq": 67, "sample": true}	t	2026-04-16 16:18:07.069522+09	2026-04-17 11:46:50.051974+09	101	101	\N	\N
168	8507bfa4-c6e4-4be3-95bc-87bf06599d83	168	TEST_CODE_068	Test Code 168	68	{"seq": 68, "sample": true}	t	2026-04-16 16:18:07.069522+09	2026-04-17 11:46:50.051974+09	101	101	\N	\N
169	71ede86f-081d-4902-827b-30c39287f1eb	169	TEST_CODE_069	Test Code 169	69	{"seq": 69, "sample": true}	t	2026-04-16 16:18:07.069522+09	2026-04-17 11:46:50.051974+09	101	101	\N	\N
170	9792d435-e291-4031-80f8-04de4fef83d0	170	TEST_CODE_070	Test Code 170	70	{"seq": 70, "sample": true}	t	2026-04-16 16:18:07.069522+09	2026-04-17 11:46:50.051974+09	101	101	\N	\N
171	6da97a3b-34fe-43eb-887b-9a8ded8711ff	171	TEST_CODE_071	Test Code 171	71	{"seq": 71, "sample": true}	t	2026-04-16 16:18:07.069522+09	2026-04-17 11:46:50.051974+09	101	101	\N	\N
172	44b9d97e-d93f-4494-bc04-ecaf128ddba3	172	TEST_CODE_072	Test Code 172	72	{"seq": 72, "sample": true}	t	2026-04-16 16:18:07.069522+09	2026-04-17 11:46:50.051974+09	101	101	\N	\N
173	933ba292-ca50-4956-9e24-742fb55506c5	173	TEST_CODE_073	Test Code 173	73	{"seq": 73, "sample": true}	t	2026-04-16 16:18:07.069522+09	2026-04-17 11:46:50.051974+09	101	101	\N	\N
174	7264ef1d-2792-419d-af51-61fe1f8b686e	174	TEST_CODE_074	Test Code 174	74	{"seq": 74, "sample": true}	t	2026-04-16 16:18:07.069522+09	2026-04-17 11:46:50.051974+09	101	101	\N	\N
175	6f468cf2-d3fc-4545-8925-08b8cd76039b	175	TEST_CODE_075	Test Code 175	75	{"seq": 75, "sample": true}	t	2026-04-16 16:18:07.069522+09	2026-04-17 11:46:50.051974+09	101	101	\N	\N
176	4cfb58fe-1769-4d46-b763-027355b831a6	176	TEST_CODE_076	Test Code 176	76	{"seq": 76, "sample": true}	t	2026-04-16 16:18:07.069522+09	2026-04-17 11:46:50.051974+09	101	101	\N	\N
177	91b96fe1-1cda-4302-9d5c-33f0592c2c88	177	TEST_CODE_077	Test Code 177	77	{"seq": 77, "sample": true}	t	2026-04-16 16:18:07.069522+09	2026-04-17 11:46:50.051974+09	101	101	\N	\N
178	beee22bb-bb8b-483e-bf03-2a9f2359d78c	178	TEST_CODE_078	Test Code 178	78	{"seq": 78, "sample": true}	t	2026-04-16 16:18:07.069522+09	2026-04-17 11:46:50.051974+09	101	101	\N	\N
179	f1f0c96d-0472-4438-ae66-d249b1e6b015	179	TEST_CODE_079	Test Code 179	79	{"seq": 79, "sample": true}	t	2026-04-16 16:18:07.069522+09	2026-04-17 11:46:50.051974+09	101	101	\N	\N
180	56c3b196-7b71-4cf1-94d3-7c172d92519a	180	TEST_CODE_080	Test Code 180	80	{"seq": 80, "sample": true}	t	2026-04-16 16:18:07.069522+09	2026-04-17 11:46:50.051974+09	101	101	\N	\N
181	e3f45da9-e6ef-4a3a-be2d-cae0f33e7112	181	TEST_CODE_081	Test Code 181	81	{"seq": 81, "sample": true}	t	2026-04-16 16:18:07.069522+09	2026-04-17 11:46:50.051974+09	101	101	\N	\N
182	99abba6a-d090-4699-9e88-ac184c194cf7	182	TEST_CODE_082	Test Code 182	82	{"seq": 82, "sample": true}	t	2026-04-16 16:18:07.069522+09	2026-04-17 11:46:50.051974+09	101	101	\N	\N
183	d7fcd40b-7713-494c-8f72-f859d89e112a	183	TEST_CODE_083	Test Code 183	83	{"seq": 83, "sample": true}	t	2026-04-16 16:18:07.069522+09	2026-04-17 11:46:50.051974+09	101	101	\N	\N
184	02172b9e-9e48-4ab3-ba58-8fc0c9a682cd	184	TEST_CODE_084	Test Code 184	84	{"seq": 84, "sample": true}	t	2026-04-16 16:18:07.069522+09	2026-04-17 11:46:50.051974+09	101	101	\N	\N
185	a3db34a0-7e4c-493f-9fec-c7ae51b78280	185	TEST_CODE_085	Test Code 185	85	{"seq": 85, "sample": true}	t	2026-04-16 16:18:07.069522+09	2026-04-17 11:46:50.051974+09	101	101	\N	\N
186	d4b81637-cdc6-4ed3-b57b-79de32284534	186	TEST_CODE_086	Test Code 186	86	{"seq": 86, "sample": true}	t	2026-04-16 16:18:07.069522+09	2026-04-17 11:46:50.051974+09	101	101	\N	\N
187	26edb36f-5bdd-4108-b05d-32451187f98f	187	TEST_CODE_087	Test Code 187	87	{"seq": 87, "sample": true}	t	2026-04-16 16:18:07.069522+09	2026-04-17 11:46:50.051974+09	101	101	\N	\N
188	6e908f06-a0b3-480a-92fc-774b91bbdc18	188	TEST_CODE_088	Test Code 188	88	{"seq": 88, "sample": true}	t	2026-04-16 16:18:07.069522+09	2026-04-17 11:46:50.051974+09	101	101	\N	\N
189	4820cb7e-e661-4404-aa1d-046cab153081	189	TEST_CODE_089	Test Code 189	89	{"seq": 89, "sample": true}	t	2026-04-16 16:18:07.069522+09	2026-04-17 11:46:50.051974+09	101	101	\N	\N
190	1a031039-6cbc-43bd-acc0-a92fb5a2c41f	190	TEST_CODE_090	Test Code 190	90	{"seq": 90, "sample": true}	t	2026-04-16 16:18:07.069522+09	2026-04-17 11:46:50.051974+09	101	101	\N	\N
191	10903ed6-6de4-40df-96a0-372ee78699b0	191	TEST_CODE_091	Test Code 191	91	{"seq": 91, "sample": true}	t	2026-04-16 16:18:07.069522+09	2026-04-17 11:46:50.051974+09	101	101	\N	\N
192	115aa315-c158-4beb-b3c2-f939b64bd8eb	192	TEST_CODE_092	Test Code 192	92	{"seq": 92, "sample": true}	t	2026-04-16 16:18:07.069522+09	2026-04-17 11:46:50.051974+09	101	101	\N	\N
193	a2b219bb-0bcf-47e9-a915-0186e40f74f0	193	TEST_CODE_093	Test Code 193	93	{"seq": 93, "sample": true}	t	2026-04-16 16:18:07.069522+09	2026-04-17 11:46:50.051974+09	101	101	\N	\N
194	772a5811-afcf-4f24-b447-85e5313bbb3e	194	TEST_CODE_094	Test Code 194	94	{"seq": 94, "sample": true}	t	2026-04-16 16:18:07.069522+09	2026-04-17 11:46:50.051974+09	101	101	\N	\N
195	5139bef5-085a-475f-9b79-42ab440032d1	195	TEST_CODE_095	Test Code 195	95	{"seq": 95, "sample": true}	t	2026-04-16 16:18:07.069522+09	2026-04-17 11:46:50.051974+09	101	101	\N	\N
196	ae4a596d-d1bf-4f64-9986-37c9150a2280	196	TEST_CODE_096	Test Code 196	96	{"seq": 96, "sample": true}	t	2026-04-16 16:18:07.069522+09	2026-04-17 11:46:50.051974+09	101	101	\N	\N
197	7d41f3ed-2d61-42b1-85b9-ebce9431974e	197	TEST_CODE_097	Test Code 197	97	{"seq": 97, "sample": true}	t	2026-04-16 16:18:07.069522+09	2026-04-17 11:46:50.051974+09	101	101	\N	\N
198	0c0a8ac3-4fd3-45db-ba2c-fdc6c5134a49	198	TEST_CODE_098	Test Code 198	98	{"seq": 98, "sample": true}	t	2026-04-16 16:18:07.069522+09	2026-04-17 11:46:50.051974+09	101	101	\N	\N
199	c65492a7-c4fd-4e22-a906-26d00b6d8bca	199	TEST_CODE_099	Test Code 199	99	{"seq": 99, "sample": true}	t	2026-04-16 16:18:07.069522+09	2026-04-17 11:46:50.051974+09	101	101	\N	\N
200	95976111-3e10-4ba0-9ac2-ca5fb99570b8	200	TEST_CODE_100	Test Code 200	100	{"seq": 100, "sample": true}	t	2026-04-16 16:18:07.069522+09	2026-04-17 11:46:50.051974+09	101	101	\N	\N
349	b684130b-8d3e-430e-a751-bdbc4c4aa0d0	222	INVOICED	Invoiced	7	{}	t	2026-04-16 16:27:18.390348+09	2026-04-17 11:46:50.051974+09	101	101	\N	\N
350	950a9016-2868-4727-b4df-195dd5bda0af	222	PAID	Paid	8	{}	t	2026-04-16 16:27:18.390348+09	2026-04-17 11:46:50.051974+09	101	101	\N	\N
351	a9896ca1-575b-4479-96e0-73a8f42fc4ad	222	ON_HOLD	On Hold	9	{}	t	2026-04-16 16:27:18.390348+09	2026-04-17 11:46:50.051974+09	101	101	\N	\N
352	358408d8-a44b-46b9-8e21-cd5b159e3716	222	CANCELLED	Cancelled	10	{}	t	2026-04-16 16:27:18.390348+09	2026-04-17 11:46:50.051974+09	101	101	\N	\N
353	87c00e9d-8fc9-4d63-b86a-392b887300b0	223	BASE_FREIGHT	Base Freight	1	{}	t	2026-04-16 16:27:18.390348+09	2026-04-17 11:46:50.051974+09	101	101	\N	\N
354	fe421121-68ed-4903-8409-8248fe611ae8	223	DISTANCE_SURCHARGE	Distance Surcharge	2	{}	t	2026-04-16 16:27:18.390348+09	2026-04-17 11:46:50.051974+09	101	101	\N	\N
355	c6d9728a-ea99-4ade-9934-c5b54c409bf4	223	FUEL_SURCHARGE	Fuel Surcharge	3	{}	t	2026-04-16 16:27:18.390348+09	2026-04-17 11:46:50.051974+09	101	101	\N	\N
356	aac4c949-4d31-4f06-9efe-bc08c868b261	223	WAITING_FEE	Waiting Fee	4	{}	t	2026-04-16 16:27:18.390348+09	2026-04-17 11:46:50.051974+09	101	101	\N	\N
357	2ca9298a-c2f5-4cfb-821f-78c9a52b21cd	223	NIGHT_SURCHARGE	Night Surcharge	5	{}	t	2026-04-16 16:27:18.390348+09	2026-04-17 11:46:50.051974+09	101	101	\N	\N
358	26c25bb4-8446-47b5-8084-b1950e32a0a2	223	HOLIDAY_SURCHARGE	Holiday Surcharge	6	{}	t	2026-04-16 16:27:18.390348+09	2026-04-17 11:46:50.051974+09	101	101	\N	\N
359	62f7a417-a35e-48ee-a798-38ad39f1a461	223	TOLL_FEE	Toll Fee	7	{}	t	2026-04-16 16:27:18.390348+09	2026-04-17 11:46:50.051974+09	101	101	\N	\N
360	907374e7-d454-4572-a6e9-6ed03e4d5a20	223	PARKING_FEE	Parking Fee	8	{}	t	2026-04-16 16:27:18.390348+09	2026-04-17 11:46:50.051974+09	101	101	\N	\N
361	e4f0d060-1f37-4e83-b8b6-fa2a34ca12e7	223	HANDLING_FEE	Handling Fee	9	{}	t	2026-04-16 16:27:18.390348+09	2026-04-17 11:46:50.051974+09	101	101	\N	\N
362	f63223ac-816e-4765-8977-6034991675fc	223	CLAIM_DEDUCTION	Claim Deduction	10	{}	t	2026-04-16 16:27:18.390348+09	2026-04-17 11:46:50.051974+09	101	101	\N	\N
363	416522ca-b1ee-4415-88a7-7b4b9c7d17ea	223	PENALTY_DEDUCTION	Penalty Deduction	11	{}	t	2026-04-16 16:27:18.390348+09	2026-04-17 11:46:50.051974+09	101	101	\N	\N
364	b8e69b55-7aad-4913-afd8-b766b2bdb47b	223	MANUAL_ADJUSTMENT	Manual Adjustment	12	{}	t	2026-04-16 16:27:18.390348+09	2026-04-17 11:46:50.051974+09	101	101	\N	\N
365	1e8b426a-6b20-4dc4-a2c4-3551e37670b0	223	VAT	VAT	13	{}	t	2026-04-16 16:27:18.390348+09	2026-04-17 11:46:50.051974+09	101	101	\N	\N
366	5cc42436-db45-491a-9f84-30860f4f56c5	224	FLAT	Flat Rate	1	{}	t	2026-04-16 16:27:18.390348+09	2026-04-17 11:46:50.051974+09	101	101	\N	\N
367	bf1a8d7b-e24e-4855-b72a-0e59ed1d6239	224	DISTANCE	Distance Based	2	{}	t	2026-04-16 16:27:18.390348+09	2026-04-17 11:46:50.051974+09	101	101	\N	\N
368	1721918d-3850-4412-bc4e-6b0e2ead7fc6	224	WEIGHT	Weight Based	3	{}	t	2026-04-16 16:27:18.390348+09	2026-04-17 11:46:50.051974+09	101	101	\N	\N
369	c654e619-9a87-4c89-89b4-8c41cce553c3	224	VOLUME	Volume Based	4	{}	t	2026-04-16 16:27:18.390348+09	2026-04-17 11:46:50.051974+09	101	101	\N	\N
370	15ae5a53-266e-41c4-bcdf-a7c0740bf52a	224	PALLET	Pallet Based	5	{}	t	2026-04-16 16:27:18.390348+09	2026-04-17 11:46:50.051974+09	101	101	\N	\N
371	bbb4ae29-0988-49f8-9007-7fc29679c2ae	224	BOX	Box Based	6	{}	t	2026-04-16 16:27:18.390348+09	2026-04-17 11:46:50.051974+09	101	101	\N	\N
372	795ab7fd-05b9-4fd8-be7c-69c53d819b85	224	TON_CLASS	Ton Class Based	7	{}	t	2026-04-16 16:27:18.390348+09	2026-04-17 11:46:50.051974+09	101	101	\N	\N
373	f639be68-7827-4d9e-aa23-67b4faed3733	224	ZONE	Zone Based	8	{}	t	2026-04-16 16:27:18.390348+09	2026-04-17 11:46:50.051974+09	101	101	\N	\N
374	df2d611a-b44d-4597-86b8-a16e25c7ed0d	224	TIME	Time Based	9	{}	t	2026-04-16 16:27:18.390348+09	2026-04-17 11:46:50.051974+09	101	101	\N	\N
375	8df1e822-248c-4b62-8d46-dbfe6acf43d2	224	FORMULA	Formula Based	10	{}	t	2026-04-16 16:27:18.390348+09	2026-04-17 11:46:50.051974+09	101	101	\N	\N
376	7204147b-123f-435d-a595-f3ed0975809e	225	EMAIL	Email	1	{}	t	2026-04-16 16:27:18.390348+09	2026-04-17 11:46:50.051974+09	101	101	\N	\N
377	6369fe6a-d0b5-4182-b091-cc27be271e66	225	SMS	SMS	2	{}	t	2026-04-16 16:27:18.390348+09	2026-04-17 11:46:50.051974+09	101	101	\N	\N
378	d2a14f18-3a33-4380-a581-b36f0926f096	225	KAKAO	Kakao	3	{}	t	2026-04-16 16:27:18.390348+09	2026-04-17 11:46:50.051974+09	101	101	\N	\N
379	291c2567-e0de-4baa-a28d-a9f3867a236e	225	PUSH	Push	4	{}	t	2026-04-16 16:27:18.390348+09	2026-04-17 11:46:50.051974+09	101	101	\N	\N
380	45ad8336-b75e-4f0f-8b22-d9a0f4ef2b3d	225	WEB	Web	5	{}	t	2026-04-16 16:27:18.390348+09	2026-04-17 11:46:50.051974+09	101	101	\N	\N
381	d4d6eb88-046b-4d12-8d52-edd6ce61f0b6	226	PENDING	Pending	1	{}	t	2026-04-16 16:27:18.390348+09	2026-04-17 11:46:50.051974+09	101	101	\N	\N
382	0d2d4ef9-8d9b-4e22-8c2a-8dba39193a80	226	SENT	Sent	2	{}	t	2026-04-16 16:27:18.390348+09	2026-04-17 11:46:50.051974+09	101	101	\N	\N
383	bdc3e143-c270-4146-8050-2e3e5afbd02a	226	FAILED	Failed	3	{}	t	2026-04-16 16:27:18.390348+09	2026-04-17 11:46:50.051974+09	101	101	\N	\N
384	50b70922-a16a-4947-802d-8e883cb06e31	226	CANCELLED	Cancelled	4	{}	t	2026-04-16 16:27:18.390348+09	2026-04-17 11:46:50.051974+09	101	101	\N	\N
385	4e4fc9a7-6af7-4cf2-9687-205b08ba228f	227	ALL	All Data	1	{}	t	2026-04-16 16:27:18.390348+09	2026-04-17 11:46:50.051974+09	101	101	\N	\N
386	b8a7ccbd-9612-4bc3-9ab3-47e16add87dc	227	COMPANY	Company Data	2	{}	t	2026-04-16 16:27:18.390348+09	2026-04-17 11:46:50.051974+09	101	101	\N	\N
387	e24bd18e-aecf-49eb-b818-72e2151db440	227	BRANCH	Branch Data	3	{}	t	2026-04-16 16:27:18.390348+09	2026-04-17 11:46:50.051974+09	101	101	\N	\N
388	d7fabe5a-64b1-4293-a75d-6311303c0853	227	CUSTOMER	Customer Data	4	{}	t	2026-04-16 16:27:18.390348+09	2026-04-17 11:46:50.051974+09	101	101	\N	\N
389	96bf6767-7faf-45c3-ab51-f404573d9544	227	CARRIER	Carrier Data	5	{}	t	2026-04-16 16:27:18.390348+09	2026-04-17 11:46:50.051974+09	101	101	\N	\N
390	276f33f8-7629-41b3-8d8e-17b69d49eb52	227	DRIVER	Driver Data	6	{}	t	2026-04-16 16:27:18.390348+09	2026-04-17 11:46:50.051974+09	101	101	\N	\N
391	e3511d86-261b-4bf0-89dd-ea7aa181f338	228	READ	Read	1	{}	t	2026-04-16 16:27:18.390348+09	2026-04-17 11:46:50.051974+09	101	101	\N	\N
392	86b2d7a0-978b-4efb-b768-d7ea1d2ad0ce	228	CREATE	Create	2	{}	t	2026-04-16 16:27:18.390348+09	2026-04-17 11:46:50.051974+09	101	101	\N	\N
393	5067faea-289e-48c0-b2d2-020a07957f68	228	UPDATE	Update	3	{}	t	2026-04-16 16:27:18.390348+09	2026-04-17 11:46:50.051974+09	101	101	\N	\N
394	65e122d1-7e11-49c9-af12-df2d0a388adf	228	DELETE	Delete	4	{}	t	2026-04-16 16:27:18.390348+09	2026-04-17 11:46:50.051974+09	101	101	\N	\N
395	06c3ad71-b510-4792-bc6c-87740b7d4f9c	228	APPROVE	Approve	5	{}	t	2026-04-16 16:27:18.390348+09	2026-04-17 11:46:50.051974+09	101	101	\N	\N
396	ab593357-5c37-4bd0-b96d-79b572a686b7	228	EXPORT	Export	6	{}	t	2026-04-16 16:27:18.390348+09	2026-04-17 11:46:50.051974+09	101	101	\N	\N
397	4e349ed3-bef0-4a2c-8ad4-446a71855d2b	229	MENU	Menu	1	{}	t	2026-04-16 16:27:18.390348+09	2026-04-17 11:46:50.051974+09	101	101	\N	\N
398	3f7e96db-a206-4c46-ac1a-799d43fc7420	229	API	API	2	{}	t	2026-04-16 16:27:18.390348+09	2026-04-17 11:46:50.051974+09	101	101	\N	\N
399	c65b1ad8-f13d-4d54-a8ec-eef3abb9f750	229	ACTION	Action	3	{}	t	2026-04-16 16:27:18.390348+09	2026-04-17 11:46:50.051974+09	101	101	\N	\N
400	9253a6f7-ae27-4e62-9081-ebbe570b1e5e	229	DATA	Data	4	{}	t	2026-04-16 16:27:18.390348+09	2026-04-17 11:46:50.051974+09	101	101	\N	\N
401	9dda1490-735f-4b85-ae11-cba0093f2e43	230	NORMAL	Normal	1	{}	t	2026-04-16 16:27:18.390348+09	2026-04-17 11:46:50.051974+09	101	101	\N	\N
402	9da4e6be-b817-465f-9e12-e436d21e821b	230	COLD	Cold	2	{}	t	2026-04-16 16:27:18.390348+09	2026-04-17 11:46:50.051974+09	101	101	\N	\N
403	99540b96-eec1-47d8-ba66-04f668cf2c4c	230	FROZEN	Frozen	3	{}	t	2026-04-16 16:27:18.390348+09	2026-04-17 11:46:50.051974+09	101	101	\N	\N
404	4410e8e3-ea34-45a9-b263-259f15b39fa8	230	CONTROLLED	Controlled	4	{}	t	2026-04-16 16:27:18.390348+09	2026-04-17 11:46:50.051974+09	101	101	\N	\N
\.


--
-- Data for Name: companies; Type: TABLE DATA; Schema: core; Owner: -
--

COPY core.companies (company_id, company_uid, tenant_id, company_code, company_name, company_type, business_no, phone, email, is_active, created_at, updated_at, created_by, updated_by, deleted_at, deleted_by) FROM stdin;
103	858fe496-1c04-4f2f-846d-6455e809f6c2	103	COM003	Test Company 103	CARRIER	100-00-00003	02-1000-0003	company003@example.test	t	2026-04-16 16:18:07.069522+09	2026-04-17 11:46:50.051974+09	103	103	\N	\N
104	ad6b416c-05e1-4eaf-9559-24d05f6e54db	104	COM004	Test Company 104	LOGISTICS	100-00-00004	02-1000-0004	company004@example.test	t	2026-04-16 16:18:07.069522+09	2026-04-17 11:46:50.051974+09	104	104	\N	\N
105	cfbf2877-e5a1-496e-85d3-89d1e5afeeb2	105	COM005	Test Company 105	SHIPPER	100-00-00005	02-1000-0005	company005@example.test	t	2026-04-16 16:18:07.069522+09	2026-04-17 11:46:50.051974+09	105	105	\N	\N
106	d9633bb6-54b7-477c-a49f-3ee2bf3c16b6	106	COM006	Test Company 106	CARRIER	100-00-00006	02-1000-0006	company006@example.test	t	2026-04-16 16:18:07.069522+09	2026-04-17 11:46:50.051974+09	106	106	\N	\N
107	a8db610b-a8ba-4ffa-86d6-a08ffb986e22	107	COM007	Test Company 107	LOGISTICS	100-00-00007	02-1000-0007	company007@example.test	t	2026-04-16 16:18:07.069522+09	2026-04-17 11:46:50.051974+09	107	107	\N	\N
108	aee78e73-6a47-435a-8097-d3ff34d17db6	108	COM008	Test Company 108	SHIPPER	100-00-00008	02-1000-0008	company008@example.test	t	2026-04-16 16:18:07.069522+09	2026-04-17 11:46:50.051974+09	108	108	\N	\N
109	e8f9608b-a7a7-445c-b8c6-80a7dbad8c55	109	COM009	Test Company 109	CARRIER	100-00-00009	02-1000-0009	company009@example.test	t	2026-04-16 16:18:07.069522+09	2026-04-17 11:46:50.051974+09	109	109	\N	\N
110	53133cac-8ccb-4810-9b2e-152a37f80c07	110	COM010	Test Company 110	LOGISTICS	100-00-00010	02-1000-0010	company010@example.test	t	2026-04-16 16:18:07.069522+09	2026-04-17 11:46:50.051974+09	110	110	\N	\N
111	67d3b366-4483-4e5e-a273-1f60b3f7e4aa	111	COM011	Test Company 111	SHIPPER	100-00-00011	02-1000-0011	company011@example.test	t	2026-04-16 16:18:07.069522+09	2026-04-17 11:46:50.051974+09	111	111	\N	\N
112	2dff9135-6e54-4603-ae21-b16e7f0bf2c4	112	COM012	Test Company 112	CARRIER	100-00-00012	02-1000-0012	company012@example.test	t	2026-04-16 16:18:07.069522+09	2026-04-17 11:46:50.051974+09	112	112	\N	\N
113	703d7a6f-aa25-4d88-9d0f-48d311bc3f7c	113	COM013	Test Company 113	LOGISTICS	100-00-00013	02-1000-0013	company013@example.test	t	2026-04-16 16:18:07.069522+09	2026-04-17 11:46:50.051974+09	113	113	\N	\N
114	8859df9b-35c1-45ae-8257-f0cd3b9c7df5	114	COM014	Test Company 114	SHIPPER	100-00-00014	02-1000-0014	company014@example.test	t	2026-04-16 16:18:07.069522+09	2026-04-17 11:46:50.051974+09	114	114	\N	\N
115	639ccd63-c349-4917-8dd9-832881e6e11e	115	COM015	Test Company 115	CARRIER	100-00-00015	02-1000-0015	company015@example.test	t	2026-04-16 16:18:07.069522+09	2026-04-17 11:46:50.051974+09	115	115	\N	\N
116	354e6376-84d7-4b96-9df1-80384c3ea8ce	116	COM016	Test Company 116	LOGISTICS	100-00-00016	02-1000-0016	company016@example.test	t	2026-04-16 16:18:07.069522+09	2026-04-17 11:46:50.051974+09	116	116	\N	\N
117	c9be9af1-419b-42a4-8826-2a18ca5018b5	117	COM017	Test Company 117	SHIPPER	100-00-00017	02-1000-0017	company017@example.test	t	2026-04-16 16:18:07.069522+09	2026-04-17 11:46:50.051974+09	117	117	\N	\N
118	497063c9-7921-49dc-bd44-4119426d96c4	118	COM018	Test Company 118	CARRIER	100-00-00018	02-1000-0018	company018@example.test	t	2026-04-16 16:18:07.069522+09	2026-04-17 11:46:50.051974+09	118	118	\N	\N
119	675511e7-09f0-4633-9530-e4fe3237fcc8	119	COM019	Test Company 119	LOGISTICS	100-00-00019	02-1000-0019	company019@example.test	t	2026-04-16 16:18:07.069522+09	2026-04-17 11:46:50.051974+09	119	119	\N	\N
120	402c1659-a8a8-41e5-b17c-481264d59ba9	120	COM020	Test Company 120	SHIPPER	100-00-00020	02-1000-0020	company020@example.test	t	2026-04-16 16:18:07.069522+09	2026-04-17 11:46:50.051974+09	120	120	\N	\N
121	f093fc12-d16f-4323-99d3-cce43deb54d0	121	COM021	Test Company 121	CARRIER	100-00-00021	02-1000-0021	company021@example.test	t	2026-04-16 16:18:07.069522+09	2026-04-17 11:46:50.051974+09	121	121	\N	\N
122	a253384d-c1c0-4d59-911c-8b4612eef4e0	122	COM022	Test Company 122	LOGISTICS	100-00-00022	02-1000-0022	company022@example.test	t	2026-04-16 16:18:07.069522+09	2026-04-17 11:46:50.051974+09	122	122	\N	\N
123	1e363130-a124-47fc-a448-6e2828d28f4b	123	COM023	Test Company 123	SHIPPER	100-00-00023	02-1000-0023	company023@example.test	t	2026-04-16 16:18:07.069522+09	2026-04-17 11:46:50.051974+09	123	123	\N	\N
124	1a6ad13c-817d-4959-8b9b-36aad5acbfbf	124	COM024	Test Company 124	CARRIER	100-00-00024	02-1000-0024	company024@example.test	t	2026-04-16 16:18:07.069522+09	2026-04-17 11:46:50.051974+09	124	124	\N	\N
125	be40b0b1-f539-4cfc-83bb-35c52c1bf870	125	COM025	Test Company 125	LOGISTICS	100-00-00025	02-1000-0025	company025@example.test	t	2026-04-16 16:18:07.069522+09	2026-04-17 11:46:50.051974+09	125	125	\N	\N
126	47499095-3361-4d33-aa5c-d4aa33654eb4	126	COM026	Test Company 126	SHIPPER	100-00-00026	02-1000-0026	company026@example.test	t	2026-04-16 16:18:07.069522+09	2026-04-17 11:46:50.051974+09	126	126	\N	\N
127	dd049cdf-5aa5-4f84-ad91-ee67a63ee092	127	COM027	Test Company 127	CARRIER	100-00-00027	02-1000-0027	company027@example.test	t	2026-04-16 16:18:07.069522+09	2026-04-17 11:46:50.051974+09	127	127	\N	\N
128	49eb6b19-6815-4273-9619-7e519f950ceb	128	COM028	Test Company 128	LOGISTICS	100-00-00028	02-1000-0028	company028@example.test	t	2026-04-16 16:18:07.069522+09	2026-04-17 11:46:50.051974+09	128	128	\N	\N
129	782ff5a8-c63e-4f76-8eb9-20f5713867e9	129	COM029	Test Company 129	SHIPPER	100-00-00029	02-1000-0029	company029@example.test	t	2026-04-16 16:18:07.069522+09	2026-04-17 11:46:50.051974+09	129	129	\N	\N
130	47d5c22f-2cc1-4829-b691-18da975f7f82	130	COM030	Test Company 130	CARRIER	100-00-00030	02-1000-0030	company030@example.test	t	2026-04-16 16:18:07.069522+09	2026-04-17 11:46:50.051974+09	130	130	\N	\N
131	ad8fac2d-6565-40da-ab4b-26399eed94f3	131	COM031	Test Company 131	LOGISTICS	100-00-00031	02-1000-0031	company031@example.test	t	2026-04-16 16:18:07.069522+09	2026-04-17 11:46:50.051974+09	131	131	\N	\N
132	ed313d4f-6513-42df-98ab-c04dadf54e30	132	COM032	Test Company 132	SHIPPER	100-00-00032	02-1000-0032	company032@example.test	t	2026-04-16 16:18:07.069522+09	2026-04-17 11:46:50.051974+09	132	132	\N	\N
133	317ec4f8-1d1a-405b-b487-5d87a098b63c	133	COM033	Test Company 133	CARRIER	100-00-00033	02-1000-0033	company033@example.test	t	2026-04-16 16:18:07.069522+09	2026-04-17 11:46:50.051974+09	133	133	\N	\N
134	d915f43d-c984-4351-9bf8-9703409ca734	134	COM034	Test Company 134	LOGISTICS	100-00-00034	02-1000-0034	company034@example.test	t	2026-04-16 16:18:07.069522+09	2026-04-17 11:46:50.051974+09	134	134	\N	\N
135	5f5692bc-b9f1-4923-9325-b45631db907f	135	COM035	Test Company 135	SHIPPER	100-00-00035	02-1000-0035	company035@example.test	t	2026-04-16 16:18:07.069522+09	2026-04-17 11:46:50.051974+09	135	135	\N	\N
136	01116b1e-5bbc-47a0-b76b-b4fd73b53a8f	136	COM036	Test Company 136	CARRIER	100-00-00036	02-1000-0036	company036@example.test	t	2026-04-16 16:18:07.069522+09	2026-04-17 11:46:50.051974+09	136	136	\N	\N
137	371cda8a-91e5-4146-b26e-e31120bef6da	137	COM037	Test Company 137	LOGISTICS	100-00-00037	02-1000-0037	company037@example.test	t	2026-04-16 16:18:07.069522+09	2026-04-17 11:46:50.051974+09	137	137	\N	\N
138	5925f57f-8524-4343-a61a-125f7de9ae96	138	COM038	Test Company 138	SHIPPER	100-00-00038	02-1000-0038	company038@example.test	t	2026-04-16 16:18:07.069522+09	2026-04-17 11:46:50.051974+09	138	138	\N	\N
139	fff51ab2-af21-4228-9afe-fcb69cb2a710	139	COM039	Test Company 139	CARRIER	100-00-00039	02-1000-0039	company039@example.test	t	2026-04-16 16:18:07.069522+09	2026-04-17 11:46:50.051974+09	139	139	\N	\N
140	2b463b12-c90f-4795-8632-ae5f74badfab	140	COM040	Test Company 140	LOGISTICS	100-00-00040	02-1000-0040	company040@example.test	t	2026-04-16 16:18:07.069522+09	2026-04-17 11:46:50.051974+09	140	140	\N	\N
141	873482d4-31d4-4bce-81d8-3d8dc456970d	141	COM041	Test Company 141	SHIPPER	100-00-00041	02-1000-0041	company041@example.test	t	2026-04-16 16:18:07.069522+09	2026-04-17 11:46:50.051974+09	141	141	\N	\N
142	7be5e667-cff7-4f75-9baa-488cd795dcba	142	COM042	Test Company 142	CARRIER	100-00-00042	02-1000-0042	company042@example.test	t	2026-04-16 16:18:07.069522+09	2026-04-17 11:46:50.051974+09	142	142	\N	\N
143	cc07ede0-f22c-439e-aa18-6eddf8ace577	143	COM043	Test Company 143	LOGISTICS	100-00-00043	02-1000-0043	company043@example.test	t	2026-04-16 16:18:07.069522+09	2026-04-17 11:46:50.051974+09	143	143	\N	\N
144	7c342d0d-531a-4b56-aa66-9ddfcd7925fa	144	COM044	Test Company 144	SHIPPER	100-00-00044	02-1000-0044	company044@example.test	t	2026-04-16 16:18:07.069522+09	2026-04-17 11:46:50.051974+09	144	144	\N	\N
145	de11d33e-6519-4472-9551-27e448b02051	145	COM045	Test Company 145	CARRIER	100-00-00045	02-1000-0045	company045@example.test	t	2026-04-16 16:18:07.069522+09	2026-04-17 11:46:50.051974+09	145	145	\N	\N
146	caa08a86-5934-4b11-a8dc-afd432fdd7a3	146	COM046	Test Company 146	LOGISTICS	100-00-00046	02-1000-0046	company046@example.test	t	2026-04-16 16:18:07.069522+09	2026-04-17 11:46:50.051974+09	146	146	\N	\N
147	91de558b-bfc3-437f-a8bd-18a55ac518a7	147	COM047	Test Company 147	SHIPPER	100-00-00047	02-1000-0047	company047@example.test	t	2026-04-16 16:18:07.069522+09	2026-04-17 11:46:50.051974+09	147	147	\N	\N
148	f5e91214-6078-47dc-b235-bd50216bb69b	148	COM048	Test Company 148	CARRIER	100-00-00048	02-1000-0048	company048@example.test	t	2026-04-16 16:18:07.069522+09	2026-04-17 11:46:50.051974+09	148	148	\N	\N
149	9f31301f-5eaa-4fa4-843a-a3c94799351f	149	COM049	Test Company 149	LOGISTICS	100-00-00049	02-1000-0049	company049@example.test	t	2026-04-16 16:18:07.069522+09	2026-04-17 11:46:50.051974+09	149	149	\N	\N
150	0f1b86ca-3853-452b-8c2b-5db49e4e0b37	150	COM050	Test Company 150	SHIPPER	100-00-00050	02-1000-0050	company050@example.test	t	2026-04-16 16:18:07.069522+09	2026-04-17 11:46:50.051974+09	150	150	\N	\N
151	1934687e-bae9-423f-86b4-a19f058a7ec0	151	COM051	Test Company 151	CARRIER	100-00-00051	02-1000-0051	company051@example.test	t	2026-04-16 16:18:07.069522+09	2026-04-17 11:46:50.051974+09	151	151	\N	\N
152	20fa581b-6c66-49f6-9923-48fbed8354fb	152	COM052	Test Company 152	LOGISTICS	100-00-00052	02-1000-0052	company052@example.test	t	2026-04-16 16:18:07.069522+09	2026-04-17 11:46:50.051974+09	152	152	\N	\N
153	5b9aa31d-356c-4840-8e0c-d6622dae5b86	153	COM053	Test Company 153	SHIPPER	100-00-00053	02-1000-0053	company053@example.test	t	2026-04-16 16:18:07.069522+09	2026-04-17 11:46:50.051974+09	153	153	\N	\N
154	06fc582b-1759-4a9f-9e9f-fdd60d0d084d	154	COM054	Test Company 154	CARRIER	100-00-00054	02-1000-0054	company054@example.test	t	2026-04-16 16:18:07.069522+09	2026-04-17 11:46:50.051974+09	154	154	\N	\N
155	7ed7b2a1-e98e-4443-bd39-9a0c9bed1a9c	155	COM055	Test Company 155	LOGISTICS	100-00-00055	02-1000-0055	company055@example.test	t	2026-04-16 16:18:07.069522+09	2026-04-17 11:46:50.051974+09	155	155	\N	\N
156	35cf8491-772f-45d2-a90a-301b18946e99	156	COM056	Test Company 156	SHIPPER	100-00-00056	02-1000-0056	company056@example.test	t	2026-04-16 16:18:07.069522+09	2026-04-17 11:46:50.051974+09	156	156	\N	\N
157	12d94567-683b-4ecb-b3fc-fe21e4620f63	157	COM057	Test Company 157	CARRIER	100-00-00057	02-1000-0057	company057@example.test	t	2026-04-16 16:18:07.069522+09	2026-04-17 11:46:50.051974+09	157	157	\N	\N
158	22cdca37-7003-4a82-9130-2d2c0d0e538c	158	COM058	Test Company 158	LOGISTICS	100-00-00058	02-1000-0058	company058@example.test	t	2026-04-16 16:18:07.069522+09	2026-04-17 11:46:50.051974+09	158	158	\N	\N
159	dd15d9a2-47f4-4310-8d42-4002305ec27a	159	COM059	Test Company 159	SHIPPER	100-00-00059	02-1000-0059	company059@example.test	t	2026-04-16 16:18:07.069522+09	2026-04-17 11:46:50.051974+09	159	159	\N	\N
160	20a93c96-2690-46cf-ba35-7d5cd5ac8985	160	COM060	Test Company 160	CARRIER	100-00-00060	02-1000-0060	company060@example.test	t	2026-04-16 16:18:07.069522+09	2026-04-17 11:46:50.051974+09	160	160	\N	\N
161	041ac18f-99cb-457d-a03e-7ecf5daa3b61	161	COM061	Test Company 161	LOGISTICS	100-00-00061	02-1000-0061	company061@example.test	t	2026-04-16 16:18:07.069522+09	2026-04-17 11:46:50.051974+09	161	161	\N	\N
162	6d908d97-4ea3-4fd0-ba58-6b97714131f7	162	COM062	Test Company 162	SHIPPER	100-00-00062	02-1000-0062	company062@example.test	t	2026-04-16 16:18:07.069522+09	2026-04-17 11:46:50.051974+09	162	162	\N	\N
163	26992654-b855-421f-8d97-a0c79538c34b	163	COM063	Test Company 163	CARRIER	100-00-00063	02-1000-0063	company063@example.test	t	2026-04-16 16:18:07.069522+09	2026-04-17 11:46:50.051974+09	163	163	\N	\N
164	e0112f49-26a1-4b3b-85c3-3c12979f60c1	164	COM064	Test Company 164	LOGISTICS	100-00-00064	02-1000-0064	company064@example.test	t	2026-04-16 16:18:07.069522+09	2026-04-17 11:46:50.051974+09	164	164	\N	\N
165	5a31c6b1-f640-4589-a525-06bc70acb01a	165	COM065	Test Company 165	SHIPPER	100-00-00065	02-1000-0065	company065@example.test	t	2026-04-16 16:18:07.069522+09	2026-04-17 11:46:50.051974+09	165	165	\N	\N
166	e38b59a4-cf01-4787-a03f-e4ba2ede414b	166	COM066	Test Company 166	CARRIER	100-00-00066	02-1000-0066	company066@example.test	t	2026-04-16 16:18:07.069522+09	2026-04-17 11:46:50.051974+09	166	166	\N	\N
167	a95505ee-e926-43c8-a10c-a42f1bccb646	167	COM067	Test Company 167	LOGISTICS	100-00-00067	02-1000-0067	company067@example.test	t	2026-04-16 16:18:07.069522+09	2026-04-17 11:46:50.051974+09	167	167	\N	\N
168	90dbc39d-8118-4bec-aaf0-601dd02c4079	168	COM068	Test Company 168	SHIPPER	100-00-00068	02-1000-0068	company068@example.test	t	2026-04-16 16:18:07.069522+09	2026-04-17 11:46:50.051974+09	168	168	\N	\N
169	939a36d6-365c-489b-b9c9-df5069ef0ea3	169	COM069	Test Company 169	CARRIER	100-00-00069	02-1000-0069	company069@example.test	t	2026-04-16 16:18:07.069522+09	2026-04-17 11:46:50.051974+09	169	169	\N	\N
170	65db05b2-2d92-4f63-8f79-e9bea5b7b9f9	170	COM070	Test Company 170	LOGISTICS	100-00-00070	02-1000-0070	company070@example.test	t	2026-04-16 16:18:07.069522+09	2026-04-17 11:46:50.051974+09	170	170	\N	\N
171	3e051dff-6654-4b94-adb4-5bd9f8fee265	171	COM071	Test Company 171	SHIPPER	100-00-00071	02-1000-0071	company071@example.test	t	2026-04-16 16:18:07.069522+09	2026-04-17 11:46:50.051974+09	171	171	\N	\N
172	93664194-9ec6-4b63-a4ac-d652574b222d	172	COM072	Test Company 172	CARRIER	100-00-00072	02-1000-0072	company072@example.test	t	2026-04-16 16:18:07.069522+09	2026-04-17 11:46:50.051974+09	172	172	\N	\N
173	a8651355-1225-48f4-8059-8f83dea16bdb	173	COM073	Test Company 173	LOGISTICS	100-00-00073	02-1000-0073	company073@example.test	t	2026-04-16 16:18:07.069522+09	2026-04-17 11:46:50.051974+09	173	173	\N	\N
174	ace4c9e5-4f30-4e79-a8a7-166d912b4a16	174	COM074	Test Company 174	SHIPPER	100-00-00074	02-1000-0074	company074@example.test	t	2026-04-16 16:18:07.069522+09	2026-04-17 11:46:50.051974+09	174	174	\N	\N
175	787c3f9d-e456-4adb-ba9a-400f2db338c9	175	COM075	Test Company 175	CARRIER	100-00-00075	02-1000-0075	company075@example.test	t	2026-04-16 16:18:07.069522+09	2026-04-17 11:46:50.051974+09	175	175	\N	\N
176	57183bf3-7e26-4320-9128-8a8e80c6eb7b	176	COM076	Test Company 176	LOGISTICS	100-00-00076	02-1000-0076	company076@example.test	t	2026-04-16 16:18:07.069522+09	2026-04-17 11:46:50.051974+09	176	176	\N	\N
177	a739b97b-d99d-4c63-849a-1d4204a1f791	177	COM077	Test Company 177	SHIPPER	100-00-00077	02-1000-0077	company077@example.test	t	2026-04-16 16:18:07.069522+09	2026-04-17 11:46:50.051974+09	177	177	\N	\N
178	a6b005fb-6d0a-4a20-8d57-c40275f8a9fb	178	COM078	Test Company 178	CARRIER	100-00-00078	02-1000-0078	company078@example.test	t	2026-04-16 16:18:07.069522+09	2026-04-17 11:46:50.051974+09	178	178	\N	\N
179	11e88efe-c195-4b47-9a15-4e1093108dd3	179	COM079	Test Company 179	LOGISTICS	100-00-00079	02-1000-0079	company079@example.test	t	2026-04-16 16:18:07.069522+09	2026-04-17 11:46:50.051974+09	179	179	\N	\N
180	5ee5da2f-3ad5-41b8-887b-149ffe863caf	180	COM080	Test Company 180	SHIPPER	100-00-00080	02-1000-0080	company080@example.test	t	2026-04-16 16:18:07.069522+09	2026-04-17 11:46:50.051974+09	180	180	\N	\N
181	e9969016-4426-4b93-98ec-8a53d8d77770	181	COM081	Test Company 181	CARRIER	100-00-00081	02-1000-0081	company081@example.test	t	2026-04-16 16:18:07.069522+09	2026-04-17 11:46:50.051974+09	181	181	\N	\N
182	0d2d5900-8073-4621-ab08-bf7b13fe6ab7	182	COM082	Test Company 182	LOGISTICS	100-00-00082	02-1000-0082	company082@example.test	t	2026-04-16 16:18:07.069522+09	2026-04-17 11:46:50.051974+09	182	182	\N	\N
183	1da8d51c-0236-4710-a3fd-cbb1078c89ad	183	COM083	Test Company 183	SHIPPER	100-00-00083	02-1000-0083	company083@example.test	t	2026-04-16 16:18:07.069522+09	2026-04-17 11:46:50.051974+09	183	183	\N	\N
184	39476bf4-8ad4-42c9-ae9b-9c6d35d74d1e	184	COM084	Test Company 184	CARRIER	100-00-00084	02-1000-0084	company084@example.test	t	2026-04-16 16:18:07.069522+09	2026-04-17 11:46:50.051974+09	184	184	\N	\N
185	4f18825b-6d6c-4ba1-9049-1004c92921ec	185	COM085	Test Company 185	LOGISTICS	100-00-00085	02-1000-0085	company085@example.test	t	2026-04-16 16:18:07.069522+09	2026-04-17 11:46:50.051974+09	185	185	\N	\N
186	fb649019-17b5-488f-ba2d-cfaec3c8f82d	186	COM086	Test Company 186	SHIPPER	100-00-00086	02-1000-0086	company086@example.test	t	2026-04-16 16:18:07.069522+09	2026-04-17 11:46:50.051974+09	186	186	\N	\N
187	dd7af294-fce3-49f4-b4e6-5ecd8292d50e	187	COM087	Test Company 187	CARRIER	100-00-00087	02-1000-0087	company087@example.test	t	2026-04-16 16:18:07.069522+09	2026-04-17 11:46:50.051974+09	187	187	\N	\N
188	cd234413-e784-4215-8027-91393d5e6e5d	188	COM088	Test Company 188	LOGISTICS	100-00-00088	02-1000-0088	company088@example.test	t	2026-04-16 16:18:07.069522+09	2026-04-17 11:46:50.051974+09	188	188	\N	\N
101	184f01bb-ae31-4323-a176-1133b873435b	101	COM001	Test Company 101	LOGISTICS	100-00-00001	02-1000-0001	company001@example.test	t	2026-04-16 16:18:07.069522+09	2026-04-17 11:46:50.051974+09	101	101	\N	\N
102	046898bd-4b4b-4b76-aa9c-bc88d7cc757c	102	COM002	Test Company 102	SHIPPER	100-00-00002	02-1000-0002	company002@example.test	t	2026-04-16 16:18:07.069522+09	2026-04-17 11:46:50.051974+09	102	102	\N	\N
189	3bd02b98-86ac-4de0-896f-78e133b95109	189	COM089	Test Company 189	SHIPPER	100-00-00089	02-1000-0089	company089@example.test	t	2026-04-16 16:18:07.069522+09	2026-04-17 11:46:50.051974+09	189	189	\N	\N
190	a812c096-7204-412b-b911-b5715514b34e	190	COM090	Test Company 190	CARRIER	100-00-00090	02-1000-0090	company090@example.test	t	2026-04-16 16:18:07.069522+09	2026-04-17 11:46:50.051974+09	190	190	\N	\N
191	ea8c49a6-e956-4813-aa1a-34102151b7c1	191	COM091	Test Company 191	LOGISTICS	100-00-00091	02-1000-0091	company091@example.test	t	2026-04-16 16:18:07.069522+09	2026-04-17 11:46:50.051974+09	191	191	\N	\N
192	34d1ec9d-3a7e-4d50-b8b4-550e0bb10784	192	COM092	Test Company 192	SHIPPER	100-00-00092	02-1000-0092	company092@example.test	t	2026-04-16 16:18:07.069522+09	2026-04-17 11:46:50.051974+09	192	192	\N	\N
193	484a4c47-b3bb-45bd-87a3-c5875d9b2c3b	193	COM093	Test Company 193	CARRIER	100-00-00093	02-1000-0093	company093@example.test	t	2026-04-16 16:18:07.069522+09	2026-04-17 11:46:50.051974+09	193	193	\N	\N
194	b8eda0a8-8eb8-4ce6-86c4-aa69f5dc9af6	194	COM094	Test Company 194	LOGISTICS	100-00-00094	02-1000-0094	company094@example.test	t	2026-04-16 16:18:07.069522+09	2026-04-17 11:46:50.051974+09	194	194	\N	\N
195	222f0de2-fe16-4f60-80c1-87860203667b	195	COM095	Test Company 195	SHIPPER	100-00-00095	02-1000-0095	company095@example.test	t	2026-04-16 16:18:07.069522+09	2026-04-17 11:46:50.051974+09	195	195	\N	\N
196	b6ce140f-f0ba-484d-97b8-0d045ce38507	196	COM096	Test Company 196	CARRIER	100-00-00096	02-1000-0096	company096@example.test	t	2026-04-16 16:18:07.069522+09	2026-04-17 11:46:50.051974+09	196	196	\N	\N
197	b188c3a9-cd45-4ec3-a6d5-96005fbcfe23	197	COM097	Test Company 197	LOGISTICS	100-00-00097	02-1000-0097	company097@example.test	t	2026-04-16 16:18:07.069522+09	2026-04-17 11:46:50.051974+09	197	197	\N	\N
198	56723f81-d2d2-4eff-9867-8cfe407dceb4	198	COM098	Test Company 198	SHIPPER	100-00-00098	02-1000-0098	company098@example.test	t	2026-04-16 16:18:07.069522+09	2026-04-17 11:46:50.051974+09	198	198	\N	\N
199	3d2e1f77-7789-4099-92a7-0e5867b14b1e	199	COM099	Test Company 199	CARRIER	100-00-00099	02-1000-0099	company099@example.test	t	2026-04-16 16:18:07.069522+09	2026-04-17 11:46:50.051974+09	199	199	\N	\N
200	09bdcba8-eb6e-4201-a496-03b9affc5792	200	COM100	Test Company 200	LOGISTICS	100-00-00100	02-1000-0100	company100@example.test	t	2026-04-16 16:18:07.069522+09	2026-04-17 11:46:50.051974+09	200	200	\N	\N
\.


--
-- Data for Name: permissions; Type: TABLE DATA; Schema: core; Owner: -
--

COPY core.permissions (permission_id, permission_uid, permission_code, permission_name, resource_type, action_code, created_at, is_active, created_by, updated_at, updated_by, deleted_at, deleted_by) FROM stdin;
123	047d3baa-d506-4ab6-b6bf-0d3dd71305d1	TMS.PERMISSION.023	Test Permission 123	DATA	UPDATE	2026-04-16 16:18:07.069522+09	t	101	2026-04-17 11:46:50.051974+09	101	\N	\N
124	6c6973d4-e14f-47e0-b651-d54d30851272	TMS.PERMISSION.024	Test Permission 124	API	DELETE	2026-04-16 16:18:07.069522+09	t	101	2026-04-17 11:46:50.051974+09	101	\N	\N
125	898df52d-fbca-43fb-8cbb-ebd304ee85d4	TMS.PERMISSION.025	Test Permission 125	MENU	APPROVE	2026-04-16 16:18:07.069522+09	t	101	2026-04-17 11:46:50.051974+09	101	\N	\N
126	2fe52a6c-c4be-4925-9a5a-db0a51502d18	TMS.PERMISSION.026	Test Permission 126	ACTION	READ	2026-04-16 16:18:07.069522+09	t	101	2026-04-17 11:46:50.051974+09	101	\N	\N
127	85122f7c-34d9-4292-a2f5-2c459a4b8d5f	TMS.PERMISSION.027	Test Permission 127	DATA	CREATE	2026-04-16 16:18:07.069522+09	t	101	2026-04-17 11:46:50.051974+09	101	\N	\N
128	bc7d54bc-de83-4c93-894d-cc186a8ca28e	TMS.PERMISSION.028	Test Permission 128	API	UPDATE	2026-04-16 16:18:07.069522+09	t	101	2026-04-17 11:46:50.051974+09	101	\N	\N
129	70236166-f301-4464-9a66-9cf7743cdf79	TMS.PERMISSION.029	Test Permission 129	MENU	DELETE	2026-04-16 16:18:07.069522+09	t	101	2026-04-17 11:46:50.051974+09	101	\N	\N
130	2d07e871-8079-41db-815c-5155a1602621	TMS.PERMISSION.030	Test Permission 130	ACTION	APPROVE	2026-04-16 16:18:07.069522+09	t	101	2026-04-17 11:46:50.051974+09	101	\N	\N
131	68aee6a0-e7d1-4a59-9c2b-6dcc2986087f	TMS.PERMISSION.031	Test Permission 131	DATA	READ	2026-04-16 16:18:07.069522+09	t	101	2026-04-17 11:46:50.051974+09	101	\N	\N
132	9b32bd04-ebb1-4e3a-8b36-dd364893aeb1	TMS.PERMISSION.032	Test Permission 132	API	CREATE	2026-04-16 16:18:07.069522+09	t	101	2026-04-17 11:46:50.051974+09	101	\N	\N
133	927b0c12-cb22-4469-a312-234dcd18a332	TMS.PERMISSION.033	Test Permission 133	MENU	UPDATE	2026-04-16 16:18:07.069522+09	t	101	2026-04-17 11:46:50.051974+09	101	\N	\N
134	91c7adb4-8551-4804-b2ef-be9fdb8fdb6f	TMS.PERMISSION.034	Test Permission 134	ACTION	DELETE	2026-04-16 16:18:07.069522+09	t	101	2026-04-17 11:46:50.051974+09	101	\N	\N
135	790ad648-f550-4dde-adf2-848ad2a018fb	TMS.PERMISSION.035	Test Permission 135	DATA	APPROVE	2026-04-16 16:18:07.069522+09	t	101	2026-04-17 11:46:50.051974+09	101	\N	\N
136	417e002f-8ee1-4a88-bddd-d42cb2d9305e	TMS.PERMISSION.036	Test Permission 136	API	READ	2026-04-16 16:18:07.069522+09	t	101	2026-04-17 11:46:50.051974+09	101	\N	\N
137	efc7015b-6ae4-4d76-a220-ca17e2edf1ae	TMS.PERMISSION.037	Test Permission 137	MENU	CREATE	2026-04-16 16:18:07.069522+09	t	101	2026-04-17 11:46:50.051974+09	101	\N	\N
138	dcf9b783-b6b7-4ae3-ae51-c22e8d270194	TMS.PERMISSION.038	Test Permission 138	ACTION	UPDATE	2026-04-16 16:18:07.069522+09	t	101	2026-04-17 11:46:50.051974+09	101	\N	\N
139	ee183b4d-5236-4aad-a611-78dcb79ef028	TMS.PERMISSION.039	Test Permission 139	DATA	DELETE	2026-04-16 16:18:07.069522+09	t	101	2026-04-17 11:46:50.051974+09	101	\N	\N
140	38302cec-f45b-41b1-960e-58fb71c4be46	TMS.PERMISSION.040	Test Permission 140	API	APPROVE	2026-04-16 16:18:07.069522+09	t	101	2026-04-17 11:46:50.051974+09	101	\N	\N
148	2800cd24-ccd9-4e6c-8e2c-04c3c41043db	TMS.PERMISSION.048	Test Permission 148	API	UPDATE	2026-04-16 16:18:07.069522+09	t	101	2026-04-17 11:46:50.051974+09	101	\N	\N
149	6e04a3c9-885a-4e27-9ede-ceb78ba1bfa0	TMS.PERMISSION.049	Test Permission 149	MENU	DELETE	2026-04-16 16:18:07.069522+09	t	101	2026-04-17 11:46:50.051974+09	101	\N	\N
150	69cf6607-aba5-4cc8-a570-f7c282fc0132	TMS.PERMISSION.050	Test Permission 150	ACTION	APPROVE	2026-04-16 16:18:07.069522+09	t	101	2026-04-17 11:46:50.051974+09	101	\N	\N
151	c7074df2-ec59-48b1-8823-0379fad94f95	TMS.PERMISSION.051	Test Permission 151	DATA	READ	2026-04-16 16:18:07.069522+09	t	101	2026-04-17 11:46:50.051974+09	101	\N	\N
152	49baa0bc-f3e1-40ae-8306-d35e68186c07	TMS.PERMISSION.052	Test Permission 152	API	CREATE	2026-04-16 16:18:07.069522+09	t	101	2026-04-17 11:46:50.051974+09	101	\N	\N
153	431be850-0f99-4f09-9061-c90530c7bd07	TMS.PERMISSION.053	Test Permission 153	MENU	UPDATE	2026-04-16 16:18:07.069522+09	t	101	2026-04-17 11:46:50.051974+09	101	\N	\N
154	6c93eb17-a1ad-45fc-bbfc-71d9433bffc1	TMS.PERMISSION.054	Test Permission 154	ACTION	DELETE	2026-04-16 16:18:07.069522+09	t	101	2026-04-17 11:46:50.051974+09	101	\N	\N
155	118a73a4-be4a-4dce-89e0-9d86500820dd	TMS.PERMISSION.055	Test Permission 155	DATA	APPROVE	2026-04-16 16:18:07.069522+09	t	101	2026-04-17 11:46:50.051974+09	101	\N	\N
156	f663f61c-e570-432f-8efd-bdbdfea0d002	TMS.PERMISSION.056	Test Permission 156	API	READ	2026-04-16 16:18:07.069522+09	t	101	2026-04-17 11:46:50.051974+09	101	\N	\N
157	236ea0bd-3b8c-410b-bb66-a55b4937f8e6	TMS.PERMISSION.057	Test Permission 157	MENU	CREATE	2026-04-16 16:18:07.069522+09	t	101	2026-04-17 11:46:50.051974+09	101	\N	\N
158	1be6e4e1-53a5-403b-b422-a9d75fc547d2	TMS.PERMISSION.058	Test Permission 158	ACTION	UPDATE	2026-04-16 16:18:07.069522+09	t	101	2026-04-17 11:46:50.051974+09	101	\N	\N
159	5438e078-6b01-466c-92dc-3a799669c43f	TMS.PERMISSION.059	Test Permission 159	DATA	DELETE	2026-04-16 16:18:07.069522+09	t	101	2026-04-17 11:46:50.051974+09	101	\N	\N
160	08bd1c3f-dc1c-4a83-a9be-d225a88bc636	TMS.PERMISSION.060	Test Permission 160	API	APPROVE	2026-04-16 16:18:07.069522+09	t	101	2026-04-17 11:46:50.051974+09	101	\N	\N
161	ef139596-bc30-4d79-97de-e53f2b0fc712	TMS.PERMISSION.061	Test Permission 161	MENU	READ	2026-04-16 16:18:07.069522+09	t	101	2026-04-17 11:46:50.051974+09	101	\N	\N
162	b8a56bf2-08a0-4906-be10-04f589406c43	TMS.PERMISSION.062	Test Permission 162	ACTION	CREATE	2026-04-16 16:18:07.069522+09	t	101	2026-04-17 11:46:50.051974+09	101	\N	\N
163	c8b924b3-802f-4935-a8fe-99e0c72cffe8	TMS.PERMISSION.063	Test Permission 163	DATA	UPDATE	2026-04-16 16:18:07.069522+09	t	101	2026-04-17 11:46:50.051974+09	101	\N	\N
164	98f0b927-966b-42c2-b4b4-d2415ab92e0c	TMS.PERMISSION.064	Test Permission 164	API	DELETE	2026-04-16 16:18:07.069522+09	t	101	2026-04-17 11:46:50.051974+09	101	\N	\N
165	8e563402-378f-41d1-84c6-54151f9b4fbc	TMS.PERMISSION.065	Test Permission 165	MENU	APPROVE	2026-04-16 16:18:07.069522+09	t	101	2026-04-17 11:46:50.051974+09	101	\N	\N
166	07a0053f-fdad-45bb-88d1-fd4dfd5d0606	TMS.PERMISSION.066	Test Permission 166	ACTION	READ	2026-04-16 16:18:07.069522+09	t	101	2026-04-17 11:46:50.051974+09	101	\N	\N
167	eec6d29c-47d7-4870-a3ea-4f4693c6e06b	TMS.PERMISSION.067	Test Permission 167	DATA	CREATE	2026-04-16 16:18:07.069522+09	t	101	2026-04-17 11:46:50.051974+09	101	\N	\N
168	d20b1d8d-e0cb-4f87-8cf9-405519f6be1b	TMS.PERMISSION.068	Test Permission 168	API	UPDATE	2026-04-16 16:18:07.069522+09	t	101	2026-04-17 11:46:50.051974+09	101	\N	\N
169	9c2dca1c-9853-43bf-a2e5-af634a957fa1	TMS.PERMISSION.069	Test Permission 169	MENU	DELETE	2026-04-16 16:18:07.069522+09	t	101	2026-04-17 11:46:50.051974+09	101	\N	\N
170	5733826a-e9ef-40c1-a27a-fb2839a5e7a7	TMS.PERMISSION.070	Test Permission 170	ACTION	APPROVE	2026-04-16 16:18:07.069522+09	t	101	2026-04-17 11:46:50.051974+09	101	\N	\N
171	65634a75-53b2-49f9-baaf-05aa61f6ffc4	TMS.PERMISSION.071	Test Permission 171	DATA	READ	2026-04-16 16:18:07.069522+09	t	101	2026-04-17 11:46:50.051974+09	101	\N	\N
172	c558e6d9-1102-400c-aaf0-872a8bed9133	TMS.PERMISSION.072	Test Permission 172	API	CREATE	2026-04-16 16:18:07.069522+09	t	101	2026-04-17 11:46:50.051974+09	101	\N	\N
173	3e50a527-da92-418f-86ea-5418a9c9ee33	TMS.PERMISSION.073	Test Permission 173	MENU	UPDATE	2026-04-16 16:18:07.069522+09	t	101	2026-04-17 11:46:50.051974+09	101	\N	\N
174	be0af937-1195-4ab6-8423-ef32843ab9a8	TMS.PERMISSION.074	Test Permission 174	ACTION	DELETE	2026-04-16 16:18:07.069522+09	t	101	2026-04-17 11:46:50.051974+09	101	\N	\N
175	92b9ee8c-fb73-4451-aba0-98da839ae37d	TMS.PERMISSION.075	Test Permission 175	DATA	APPROVE	2026-04-16 16:18:07.069522+09	t	101	2026-04-17 11:46:50.051974+09	101	\N	\N
176	496946f7-ba94-468a-8f21-1ab42a22c9fd	TMS.PERMISSION.076	Test Permission 176	API	READ	2026-04-16 16:18:07.069522+09	t	101	2026-04-17 11:46:50.051974+09	101	\N	\N
177	9af605b5-6a3c-4f0f-8808-57139e878e0a	TMS.PERMISSION.077	Test Permission 177	MENU	CREATE	2026-04-16 16:18:07.069522+09	t	101	2026-04-17 11:46:50.051974+09	101	\N	\N
178	0baca672-149f-4c8f-a513-a677ef173565	TMS.PERMISSION.078	Test Permission 178	ACTION	UPDATE	2026-04-16 16:18:07.069522+09	t	101	2026-04-17 11:46:50.051974+09	101	\N	\N
179	2b42f4c6-5c5e-4e66-a727-ea998a91aa6d	TMS.PERMISSION.079	Test Permission 179	DATA	DELETE	2026-04-16 16:18:07.069522+09	t	101	2026-04-17 11:46:50.051974+09	101	\N	\N
180	2e25240c-89a6-4997-b52d-ba1c1e793bb8	TMS.PERMISSION.080	Test Permission 180	API	APPROVE	2026-04-16 16:18:07.069522+09	t	101	2026-04-17 11:46:50.051974+09	101	\N	\N
181	8bd2aed7-ec4a-49a2-86da-d87f839c276f	TMS.PERMISSION.081	Test Permission 181	MENU	READ	2026-04-16 16:18:07.069522+09	t	101	2026-04-17 11:46:50.051974+09	101	\N	\N
101	a1f637fe-95b1-4a73-8f25-84280ad057ad	TMS.PERMISSION.001	Test Permission 101	MENU	READ	2026-04-16 16:18:07.069522+09	t	101	2026-04-17 11:46:50.051974+09	101	\N	\N
102	73e1da54-c31d-4f16-b7c9-a6d8692c559b	TMS.PERMISSION.002	Test Permission 102	ACTION	CREATE	2026-04-16 16:18:07.069522+09	t	101	2026-04-17 11:46:50.051974+09	101	\N	\N
103	82b11fa3-ab34-4c5d-976e-1c50dd6faf6f	TMS.PERMISSION.003	Test Permission 103	DATA	UPDATE	2026-04-16 16:18:07.069522+09	t	101	2026-04-17 11:46:50.051974+09	101	\N	\N
104	25198360-213c-4f87-9c2c-2031f6bad426	TMS.PERMISSION.004	Test Permission 104	API	DELETE	2026-04-16 16:18:07.069522+09	t	101	2026-04-17 11:46:50.051974+09	101	\N	\N
105	f6f28bf9-98cf-4cf5-af8e-fe9d34af4bdd	TMS.PERMISSION.005	Test Permission 105	MENU	APPROVE	2026-04-16 16:18:07.069522+09	t	101	2026-04-17 11:46:50.051974+09	101	\N	\N
106	1c3c5fd8-428f-4479-991d-1a0f71df4809	TMS.PERMISSION.006	Test Permission 106	ACTION	READ	2026-04-16 16:18:07.069522+09	t	101	2026-04-17 11:46:50.051974+09	101	\N	\N
107	780efea8-08e0-4028-b903-c97ae6bc6d75	TMS.PERMISSION.007	Test Permission 107	DATA	CREATE	2026-04-16 16:18:07.069522+09	t	101	2026-04-17 11:46:50.051974+09	101	\N	\N
108	1974126f-4c60-416c-98ff-f73fdea7e2a4	TMS.PERMISSION.008	Test Permission 108	API	UPDATE	2026-04-16 16:18:07.069522+09	t	101	2026-04-17 11:46:50.051974+09	101	\N	\N
109	48b3b841-fbb4-4f35-9030-da3316d19377	TMS.PERMISSION.009	Test Permission 109	MENU	DELETE	2026-04-16 16:18:07.069522+09	t	101	2026-04-17 11:46:50.051974+09	101	\N	\N
110	7006b6f1-5c90-4446-8191-dbd4293fdb36	TMS.PERMISSION.010	Test Permission 110	ACTION	APPROVE	2026-04-16 16:18:07.069522+09	t	101	2026-04-17 11:46:50.051974+09	101	\N	\N
111	f3fd8ad1-ba55-41d3-883f-53d86b54a580	TMS.PERMISSION.011	Test Permission 111	DATA	READ	2026-04-16 16:18:07.069522+09	t	101	2026-04-17 11:46:50.051974+09	101	\N	\N
112	6b1e614b-9ea8-4115-ad55-7567a1258338	TMS.PERMISSION.012	Test Permission 112	API	CREATE	2026-04-16 16:18:07.069522+09	t	101	2026-04-17 11:46:50.051974+09	101	\N	\N
113	61267c14-2432-42cc-9ca9-8489fd4fd905	TMS.PERMISSION.013	Test Permission 113	MENU	UPDATE	2026-04-16 16:18:07.069522+09	t	101	2026-04-17 11:46:50.051974+09	101	\N	\N
114	7960ce85-54d5-4573-ad4e-582ff99d60db	TMS.PERMISSION.014	Test Permission 114	ACTION	DELETE	2026-04-16 16:18:07.069522+09	t	101	2026-04-17 11:46:50.051974+09	101	\N	\N
115	cbfac748-53fa-47aa-bf4d-0f6e246fe6e3	TMS.PERMISSION.015	Test Permission 115	DATA	APPROVE	2026-04-16 16:18:07.069522+09	t	101	2026-04-17 11:46:50.051974+09	101	\N	\N
116	6142e304-ac5a-40d3-b9bf-ad1858dee37f	TMS.PERMISSION.016	Test Permission 116	API	READ	2026-04-16 16:18:07.069522+09	t	101	2026-04-17 11:46:50.051974+09	101	\N	\N
117	ce24521b-ead9-423e-9ecd-88e4b0c68eb1	TMS.PERMISSION.017	Test Permission 117	MENU	CREATE	2026-04-16 16:18:07.069522+09	t	101	2026-04-17 11:46:50.051974+09	101	\N	\N
118	46cdb07d-87d8-4416-a581-53181b12c28c	TMS.PERMISSION.018	Test Permission 118	ACTION	UPDATE	2026-04-16 16:18:07.069522+09	t	101	2026-04-17 11:46:50.051974+09	101	\N	\N
119	15791d38-05f0-40e0-a0df-dc6b71a60451	TMS.PERMISSION.019	Test Permission 119	DATA	DELETE	2026-04-16 16:18:07.069522+09	t	101	2026-04-17 11:46:50.051974+09	101	\N	\N
120	758fd32e-35f5-4f59-80bc-18e5587fceef	TMS.PERMISSION.020	Test Permission 120	API	APPROVE	2026-04-16 16:18:07.069522+09	t	101	2026-04-17 11:46:50.051974+09	101	\N	\N
121	78a4bd11-90a1-4cc7-a4c3-f2660a3b70d0	TMS.PERMISSION.021	Test Permission 121	MENU	READ	2026-04-16 16:18:07.069522+09	t	101	2026-04-17 11:46:50.051974+09	101	\N	\N
122	8c0bf5f0-69f7-4bbe-917a-e5dcba3b0125	TMS.PERMISSION.022	Test Permission 122	ACTION	CREATE	2026-04-16 16:18:07.069522+09	t	101	2026-04-17 11:46:50.051974+09	101	\N	\N
141	aad5dba3-fbd7-4cd0-b5cd-cbd8605db308	TMS.PERMISSION.041	Test Permission 141	MENU	READ	2026-04-16 16:18:07.069522+09	t	101	2026-04-17 11:46:50.051974+09	101	\N	\N
142	39fee4b3-38d1-4704-b1c5-353d06e1683d	TMS.PERMISSION.042	Test Permission 142	ACTION	CREATE	2026-04-16 16:18:07.069522+09	t	101	2026-04-17 11:46:50.051974+09	101	\N	\N
143	e68027c5-c446-4188-a637-6623035cfa01	TMS.PERMISSION.043	Test Permission 143	DATA	UPDATE	2026-04-16 16:18:07.069522+09	t	101	2026-04-17 11:46:50.051974+09	101	\N	\N
144	fa3fe727-14cf-40cd-aee0-dc0eaf3a50a4	TMS.PERMISSION.044	Test Permission 144	API	DELETE	2026-04-16 16:18:07.069522+09	t	101	2026-04-17 11:46:50.051974+09	101	\N	\N
145	15abd522-c5a0-456c-987b-78fb06d864d2	TMS.PERMISSION.045	Test Permission 145	MENU	APPROVE	2026-04-16 16:18:07.069522+09	t	101	2026-04-17 11:46:50.051974+09	101	\N	\N
146	e46049b0-4b7f-4852-a5ec-c4c3cafb55c7	TMS.PERMISSION.046	Test Permission 146	ACTION	READ	2026-04-16 16:18:07.069522+09	t	101	2026-04-17 11:46:50.051974+09	101	\N	\N
147	ccd3f151-0b7c-4027-8b8a-efe45521c639	TMS.PERMISSION.047	Test Permission 147	DATA	CREATE	2026-04-16 16:18:07.069522+09	t	101	2026-04-17 11:46:50.051974+09	101	\N	\N
182	8606f437-eb8f-4f84-b50a-a51e855e0158	TMS.PERMISSION.082	Test Permission 182	ACTION	CREATE	2026-04-16 16:18:07.069522+09	t	101	2026-04-17 11:46:50.051974+09	101	\N	\N
183	0a020987-40d0-4cb8-be85-adab283d27a9	TMS.PERMISSION.083	Test Permission 183	DATA	UPDATE	2026-04-16 16:18:07.069522+09	t	101	2026-04-17 11:46:50.051974+09	101	\N	\N
184	253f174e-5393-481d-a345-26c47ed949f9	TMS.PERMISSION.084	Test Permission 184	API	DELETE	2026-04-16 16:18:07.069522+09	t	101	2026-04-17 11:46:50.051974+09	101	\N	\N
185	4086d91b-a74e-4116-bb54-d5084bf04374	TMS.PERMISSION.085	Test Permission 185	MENU	APPROVE	2026-04-16 16:18:07.069522+09	t	101	2026-04-17 11:46:50.051974+09	101	\N	\N
186	62cb4f3e-850c-44c9-be18-4d35d3ddf001	TMS.PERMISSION.086	Test Permission 186	ACTION	READ	2026-04-16 16:18:07.069522+09	t	101	2026-04-17 11:46:50.051974+09	101	\N	\N
187	f4423a85-5805-41c3-a3d0-1e5a10ad8655	TMS.PERMISSION.087	Test Permission 187	DATA	CREATE	2026-04-16 16:18:07.069522+09	t	101	2026-04-17 11:46:50.051974+09	101	\N	\N
188	0458b9e5-bbb1-461e-be54-2d2d078b7aeb	TMS.PERMISSION.088	Test Permission 188	API	UPDATE	2026-04-16 16:18:07.069522+09	t	101	2026-04-17 11:46:50.051974+09	101	\N	\N
189	ad34d992-9c31-40fc-937f-50a14a1dd340	TMS.PERMISSION.089	Test Permission 189	MENU	DELETE	2026-04-16 16:18:07.069522+09	t	101	2026-04-17 11:46:50.051974+09	101	\N	\N
190	7bbc52e6-e903-4ff1-99c4-2dc296c071a5	TMS.PERMISSION.090	Test Permission 190	ACTION	APPROVE	2026-04-16 16:18:07.069522+09	t	101	2026-04-17 11:46:50.051974+09	101	\N	\N
191	a10194e3-6a54-4f34-8099-63e71cdeafc4	TMS.PERMISSION.091	Test Permission 191	DATA	READ	2026-04-16 16:18:07.069522+09	t	101	2026-04-17 11:46:50.051974+09	101	\N	\N
192	73af6194-7565-4f2c-a3bf-f2101b2e430e	TMS.PERMISSION.092	Test Permission 192	API	CREATE	2026-04-16 16:18:07.069522+09	t	101	2026-04-17 11:46:50.051974+09	101	\N	\N
193	648dfd0b-7d5b-41ca-b89b-ef7e4d3139f4	TMS.PERMISSION.093	Test Permission 193	MENU	UPDATE	2026-04-16 16:18:07.069522+09	t	101	2026-04-17 11:46:50.051974+09	101	\N	\N
194	e78a2895-83f3-4e3b-aea9-167a5b88fbcc	TMS.PERMISSION.094	Test Permission 194	ACTION	DELETE	2026-04-16 16:18:07.069522+09	t	101	2026-04-17 11:46:50.051974+09	101	\N	\N
195	8d5038f5-8301-481b-996f-93870a14d21f	TMS.PERMISSION.095	Test Permission 195	DATA	APPROVE	2026-04-16 16:18:07.069522+09	t	101	2026-04-17 11:46:50.051974+09	101	\N	\N
196	1407044a-8fba-4f60-b720-b565e6c5ae45	TMS.PERMISSION.096	Test Permission 196	API	READ	2026-04-16 16:18:07.069522+09	t	101	2026-04-17 11:46:50.051974+09	101	\N	\N
197	69f67177-2418-4684-951b-e020ea963963	TMS.PERMISSION.097	Test Permission 197	MENU	CREATE	2026-04-16 16:18:07.069522+09	t	101	2026-04-17 11:46:50.051974+09	101	\N	\N
198	e714afa7-04d8-46ca-a5c6-a84410d20e6a	TMS.PERMISSION.098	Test Permission 198	ACTION	UPDATE	2026-04-16 16:18:07.069522+09	t	101	2026-04-17 11:46:50.051974+09	101	\N	\N
199	75c101ce-387b-4e06-b47a-c595d7ebd397	TMS.PERMISSION.099	Test Permission 199	DATA	DELETE	2026-04-16 16:18:07.069522+09	t	101	2026-04-17 11:46:50.051974+09	101	\N	\N
200	7183f6fc-b474-4e42-aea8-4dd6112c4d61	TMS.PERMISSION.100	Test Permission 200	API	APPROVE	2026-04-16 16:18:07.069522+09	t	101	2026-04-17 11:46:50.051974+09	101	\N	\N
\.


--
-- Data for Name: role_permissions; Type: TABLE DATA; Schema: core; Owner: -
--

COPY core.role_permissions (role_id, permission_id, is_active, created_at, created_by, updated_at, updated_by, deleted_at, deleted_by) FROM stdin;
101	101	t	2026-04-17 11:41:57.024596+09	101	2026-04-17 11:46:50.051974+09	101	\N	\N
102	102	t	2026-04-17 11:41:57.024596+09	101	2026-04-17 11:46:50.051974+09	101	\N	\N
103	103	t	2026-04-17 11:41:57.024596+09	101	2026-04-17 11:46:50.051974+09	101	\N	\N
104	104	t	2026-04-17 11:41:57.024596+09	101	2026-04-17 11:46:50.051974+09	101	\N	\N
105	105	t	2026-04-17 11:41:57.024596+09	101	2026-04-17 11:46:50.051974+09	101	\N	\N
106	106	t	2026-04-17 11:41:57.024596+09	101	2026-04-17 11:46:50.051974+09	101	\N	\N
107	107	t	2026-04-17 11:41:57.024596+09	101	2026-04-17 11:46:50.051974+09	101	\N	\N
108	108	t	2026-04-17 11:41:57.024596+09	101	2026-04-17 11:46:50.051974+09	101	\N	\N
109	109	t	2026-04-17 11:41:57.024596+09	101	2026-04-17 11:46:50.051974+09	101	\N	\N
110	110	t	2026-04-17 11:41:57.024596+09	101	2026-04-17 11:46:50.051974+09	101	\N	\N
111	111	t	2026-04-17 11:41:57.024596+09	101	2026-04-17 11:46:50.051974+09	101	\N	\N
112	112	t	2026-04-17 11:41:57.024596+09	101	2026-04-17 11:46:50.051974+09	101	\N	\N
113	113	t	2026-04-17 11:41:57.024596+09	101	2026-04-17 11:46:50.051974+09	101	\N	\N
114	114	t	2026-04-17 11:41:57.024596+09	101	2026-04-17 11:46:50.051974+09	101	\N	\N
115	115	t	2026-04-17 11:41:57.024596+09	101	2026-04-17 11:46:50.051974+09	101	\N	\N
116	116	t	2026-04-17 11:41:57.024596+09	101	2026-04-17 11:46:50.051974+09	101	\N	\N
117	117	t	2026-04-17 11:41:57.024596+09	101	2026-04-17 11:46:50.051974+09	101	\N	\N
118	118	t	2026-04-17 11:41:57.024596+09	101	2026-04-17 11:46:50.051974+09	101	\N	\N
119	119	t	2026-04-17 11:41:57.024596+09	101	2026-04-17 11:46:50.051974+09	101	\N	\N
120	120	t	2026-04-17 11:41:57.024596+09	101	2026-04-17 11:46:50.051974+09	101	\N	\N
121	121	t	2026-04-17 11:41:57.024596+09	101	2026-04-17 11:46:50.051974+09	101	\N	\N
122	122	t	2026-04-17 11:41:57.024596+09	101	2026-04-17 11:46:50.051974+09	101	\N	\N
123	123	t	2026-04-17 11:41:57.024596+09	101	2026-04-17 11:46:50.051974+09	101	\N	\N
124	124	t	2026-04-17 11:41:57.024596+09	101	2026-04-17 11:46:50.051974+09	101	\N	\N
125	125	t	2026-04-17 11:41:57.024596+09	101	2026-04-17 11:46:50.051974+09	101	\N	\N
126	126	t	2026-04-17 11:41:57.024596+09	101	2026-04-17 11:46:50.051974+09	101	\N	\N
127	127	t	2026-04-17 11:41:57.024596+09	101	2026-04-17 11:46:50.051974+09	101	\N	\N
128	128	t	2026-04-17 11:41:57.024596+09	101	2026-04-17 11:46:50.051974+09	101	\N	\N
129	129	t	2026-04-17 11:41:57.024596+09	101	2026-04-17 11:46:50.051974+09	101	\N	\N
130	130	t	2026-04-17 11:41:57.024596+09	101	2026-04-17 11:46:50.051974+09	101	\N	\N
131	131	t	2026-04-17 11:41:57.024596+09	101	2026-04-17 11:46:50.051974+09	101	\N	\N
132	132	t	2026-04-17 11:41:57.024596+09	101	2026-04-17 11:46:50.051974+09	101	\N	\N
133	133	t	2026-04-17 11:41:57.024596+09	101	2026-04-17 11:46:50.051974+09	101	\N	\N
134	134	t	2026-04-17 11:41:57.024596+09	101	2026-04-17 11:46:50.051974+09	101	\N	\N
135	135	t	2026-04-17 11:41:57.024596+09	101	2026-04-17 11:46:50.051974+09	101	\N	\N
136	136	t	2026-04-17 11:41:57.024596+09	101	2026-04-17 11:46:50.051974+09	101	\N	\N
137	137	t	2026-04-17 11:41:57.024596+09	101	2026-04-17 11:46:50.051974+09	101	\N	\N
138	138	t	2026-04-17 11:41:57.024596+09	101	2026-04-17 11:46:50.051974+09	101	\N	\N
139	139	t	2026-04-17 11:41:57.024596+09	101	2026-04-17 11:46:50.051974+09	101	\N	\N
140	140	t	2026-04-17 11:41:57.024596+09	101	2026-04-17 11:46:50.051974+09	101	\N	\N
141	141	t	2026-04-17 11:41:57.024596+09	101	2026-04-17 11:46:50.051974+09	101	\N	\N
142	142	t	2026-04-17 11:41:57.024596+09	101	2026-04-17 11:46:50.051974+09	101	\N	\N
143	143	t	2026-04-17 11:41:57.024596+09	101	2026-04-17 11:46:50.051974+09	101	\N	\N
144	144	t	2026-04-17 11:41:57.024596+09	101	2026-04-17 11:46:50.051974+09	101	\N	\N
145	145	t	2026-04-17 11:41:57.024596+09	101	2026-04-17 11:46:50.051974+09	101	\N	\N
146	146	t	2026-04-17 11:41:57.024596+09	101	2026-04-17 11:46:50.051974+09	101	\N	\N
147	147	t	2026-04-17 11:41:57.024596+09	101	2026-04-17 11:46:50.051974+09	101	\N	\N
148	148	t	2026-04-17 11:41:57.024596+09	101	2026-04-17 11:46:50.051974+09	101	\N	\N
149	149	t	2026-04-17 11:41:57.024596+09	101	2026-04-17 11:46:50.051974+09	101	\N	\N
150	150	t	2026-04-17 11:41:57.024596+09	101	2026-04-17 11:46:50.051974+09	101	\N	\N
151	151	t	2026-04-17 11:41:57.024596+09	101	2026-04-17 11:46:50.051974+09	101	\N	\N
152	152	t	2026-04-17 11:41:57.024596+09	101	2026-04-17 11:46:50.051974+09	101	\N	\N
153	153	t	2026-04-17 11:41:57.024596+09	101	2026-04-17 11:46:50.051974+09	101	\N	\N
154	154	t	2026-04-17 11:41:57.024596+09	101	2026-04-17 11:46:50.051974+09	101	\N	\N
155	155	t	2026-04-17 11:41:57.024596+09	101	2026-04-17 11:46:50.051974+09	101	\N	\N
156	156	t	2026-04-17 11:41:57.024596+09	101	2026-04-17 11:46:50.051974+09	101	\N	\N
157	157	t	2026-04-17 11:41:57.024596+09	101	2026-04-17 11:46:50.051974+09	101	\N	\N
158	158	t	2026-04-17 11:41:57.024596+09	101	2026-04-17 11:46:50.051974+09	101	\N	\N
159	159	t	2026-04-17 11:41:57.024596+09	101	2026-04-17 11:46:50.051974+09	101	\N	\N
160	160	t	2026-04-17 11:41:57.024596+09	101	2026-04-17 11:46:50.051974+09	101	\N	\N
161	161	t	2026-04-17 11:41:57.024596+09	101	2026-04-17 11:46:50.051974+09	101	\N	\N
162	162	t	2026-04-17 11:41:57.024596+09	101	2026-04-17 11:46:50.051974+09	101	\N	\N
163	163	t	2026-04-17 11:41:57.024596+09	101	2026-04-17 11:46:50.051974+09	101	\N	\N
164	164	t	2026-04-17 11:41:57.024596+09	101	2026-04-17 11:46:50.051974+09	101	\N	\N
165	165	t	2026-04-17 11:41:57.024596+09	101	2026-04-17 11:46:50.051974+09	101	\N	\N
166	166	t	2026-04-17 11:41:57.024596+09	101	2026-04-17 11:46:50.051974+09	101	\N	\N
167	167	t	2026-04-17 11:41:57.024596+09	101	2026-04-17 11:46:50.051974+09	101	\N	\N
168	168	t	2026-04-17 11:41:57.024596+09	101	2026-04-17 11:46:50.051974+09	101	\N	\N
169	169	t	2026-04-17 11:41:57.024596+09	101	2026-04-17 11:46:50.051974+09	101	\N	\N
170	170	t	2026-04-17 11:41:57.024596+09	101	2026-04-17 11:46:50.051974+09	101	\N	\N
171	171	t	2026-04-17 11:41:57.024596+09	101	2026-04-17 11:46:50.051974+09	101	\N	\N
172	172	t	2026-04-17 11:41:57.024596+09	101	2026-04-17 11:46:50.051974+09	101	\N	\N
173	173	t	2026-04-17 11:41:57.024596+09	101	2026-04-17 11:46:50.051974+09	101	\N	\N
174	174	t	2026-04-17 11:41:57.024596+09	101	2026-04-17 11:46:50.051974+09	101	\N	\N
175	175	t	2026-04-17 11:41:57.024596+09	101	2026-04-17 11:46:50.051974+09	101	\N	\N
176	176	t	2026-04-17 11:41:57.024596+09	101	2026-04-17 11:46:50.051974+09	101	\N	\N
177	177	t	2026-04-17 11:41:57.024596+09	101	2026-04-17 11:46:50.051974+09	101	\N	\N
178	178	t	2026-04-17 11:41:57.024596+09	101	2026-04-17 11:46:50.051974+09	101	\N	\N
179	179	t	2026-04-17 11:41:57.024596+09	101	2026-04-17 11:46:50.051974+09	101	\N	\N
180	180	t	2026-04-17 11:41:57.024596+09	101	2026-04-17 11:46:50.051974+09	101	\N	\N
181	181	t	2026-04-17 11:41:57.024596+09	101	2026-04-17 11:46:50.051974+09	101	\N	\N
182	182	t	2026-04-17 11:41:57.024596+09	101	2026-04-17 11:46:50.051974+09	101	\N	\N
183	183	t	2026-04-17 11:41:57.024596+09	101	2026-04-17 11:46:50.051974+09	101	\N	\N
184	184	t	2026-04-17 11:41:57.024596+09	101	2026-04-17 11:46:50.051974+09	101	\N	\N
185	185	t	2026-04-17 11:41:57.024596+09	101	2026-04-17 11:46:50.051974+09	101	\N	\N
186	186	t	2026-04-17 11:41:57.024596+09	101	2026-04-17 11:46:50.051974+09	101	\N	\N
187	187	t	2026-04-17 11:41:57.024596+09	101	2026-04-17 11:46:50.051974+09	101	\N	\N
188	188	t	2026-04-17 11:41:57.024596+09	101	2026-04-17 11:46:50.051974+09	101	\N	\N
189	189	t	2026-04-17 11:41:57.024596+09	101	2026-04-17 11:46:50.051974+09	101	\N	\N
190	190	t	2026-04-17 11:41:57.024596+09	101	2026-04-17 11:46:50.051974+09	101	\N	\N
191	191	t	2026-04-17 11:41:57.024596+09	101	2026-04-17 11:46:50.051974+09	101	\N	\N
192	192	t	2026-04-17 11:41:57.024596+09	101	2026-04-17 11:46:50.051974+09	101	\N	\N
193	193	t	2026-04-17 11:41:57.024596+09	101	2026-04-17 11:46:50.051974+09	101	\N	\N
194	194	t	2026-04-17 11:41:57.024596+09	101	2026-04-17 11:46:50.051974+09	101	\N	\N
195	195	t	2026-04-17 11:41:57.024596+09	101	2026-04-17 11:46:50.051974+09	101	\N	\N
196	196	t	2026-04-17 11:41:57.024596+09	101	2026-04-17 11:46:50.051974+09	101	\N	\N
197	197	t	2026-04-17 11:41:57.024596+09	101	2026-04-17 11:46:50.051974+09	101	\N	\N
198	198	t	2026-04-17 11:41:57.024596+09	101	2026-04-17 11:46:50.051974+09	101	\N	\N
199	199	t	2026-04-17 11:41:57.024596+09	101	2026-04-17 11:46:50.051974+09	101	\N	\N
200	200	t	2026-04-17 11:41:57.024596+09	101	2026-04-17 11:46:50.051974+09	101	\N	\N
\.


--
-- Data for Name: roles; Type: TABLE DATA; Schema: core; Owner: -
--

COPY core.roles (role_id, role_uid, tenant_id, role_code, role_name, is_system, is_active, created_at, updated_at, created_by, updated_by, deleted_at, deleted_by) FROM stdin;
121	bb383913-3721-4eb2-8324-64bee725babb	121	ROLE_021	Test Role 121	f	t	2026-04-16 16:18:07.069522+09	2026-04-17 11:46:50.051974+09	121	121	\N	\N
122	f7496e96-1bbd-4c2e-952f-ea83fa596568	122	ROLE_022	Test Role 122	f	t	2026-04-16 16:18:07.069522+09	2026-04-17 11:46:50.051974+09	122	122	\N	\N
123	8c1b1a12-1a08-42b3-8de3-785fa50899ad	123	ROLE_023	Test Role 123	f	t	2026-04-16 16:18:07.069522+09	2026-04-17 11:46:50.051974+09	123	123	\N	\N
124	2c8abbe2-ab52-486d-9e48-6fe66fb656af	124	ROLE_024	Test Role 124	f	t	2026-04-16 16:18:07.069522+09	2026-04-17 11:46:50.051974+09	124	124	\N	\N
125	15da8eee-012d-4c01-a9db-38865cba0298	125	ROLE_025	Test Role 125	f	t	2026-04-16 16:18:07.069522+09	2026-04-17 11:46:50.051974+09	125	125	\N	\N
126	f168305c-517a-488a-8bab-91a9ab63acc2	126	ROLE_026	Test Role 126	f	t	2026-04-16 16:18:07.069522+09	2026-04-17 11:46:50.051974+09	126	126	\N	\N
127	44bb7619-bc41-4bb5-adb3-0226b796c2a2	127	ROLE_027	Test Role 127	f	t	2026-04-16 16:18:07.069522+09	2026-04-17 11:46:50.051974+09	127	127	\N	\N
128	09b8ffbd-389f-412a-9b90-b66ed3d977c9	128	ROLE_028	Test Role 128	f	t	2026-04-16 16:18:07.069522+09	2026-04-17 11:46:50.051974+09	128	128	\N	\N
129	6321dae6-4923-48b2-b00c-8ce727e94d88	129	ROLE_029	Test Role 129	f	t	2026-04-16 16:18:07.069522+09	2026-04-17 11:46:50.051974+09	129	129	\N	\N
130	e37c9fe0-6695-4ec0-a461-cf2be60839ec	130	ROLE_030	Test Role 130	f	t	2026-04-16 16:18:07.069522+09	2026-04-17 11:46:50.051974+09	130	130	\N	\N
131	c39d4d13-5327-431b-9a94-0e5b37f019dc	131	ROLE_031	Test Role 131	f	t	2026-04-16 16:18:07.069522+09	2026-04-17 11:46:50.051974+09	131	131	\N	\N
132	e85ce032-e006-407f-874c-8ec94579b528	132	ROLE_032	Test Role 132	f	t	2026-04-16 16:18:07.069522+09	2026-04-17 11:46:50.051974+09	132	132	\N	\N
133	a7923878-e40b-40f9-b779-ae87251d0a70	133	ROLE_033	Test Role 133	f	t	2026-04-16 16:18:07.069522+09	2026-04-17 11:46:50.051974+09	133	133	\N	\N
134	027fce24-8468-43fb-80ef-eab21dbc4395	134	ROLE_034	Test Role 134	f	t	2026-04-16 16:18:07.069522+09	2026-04-17 11:46:50.051974+09	134	134	\N	\N
135	20e38c87-51fd-4458-beb4-fd1ca9b41d5a	135	ROLE_035	Test Role 135	f	t	2026-04-16 16:18:07.069522+09	2026-04-17 11:46:50.051974+09	135	135	\N	\N
136	22391c4b-887e-4bd7-9d72-d135105787fc	136	ROLE_036	Test Role 136	f	t	2026-04-16 16:18:07.069522+09	2026-04-17 11:46:50.051974+09	136	136	\N	\N
137	ad6ebbcc-bd28-4278-bcce-8f4cd2e59483	137	ROLE_037	Test Role 137	f	t	2026-04-16 16:18:07.069522+09	2026-04-17 11:46:50.051974+09	137	137	\N	\N
138	6fe4cb86-2ae4-4155-b9cc-c144ffa530d8	138	ROLE_038	Test Role 138	f	t	2026-04-16 16:18:07.069522+09	2026-04-17 11:46:50.051974+09	138	138	\N	\N
139	45eb43ed-f203-409a-8c01-407250b85a3b	139	ROLE_039	Test Role 139	f	t	2026-04-16 16:18:07.069522+09	2026-04-17 11:46:50.051974+09	139	139	\N	\N
140	7954304e-1d80-40dc-88bf-b0ed67c3ea91	140	ROLE_040	Test Role 140	f	t	2026-04-16 16:18:07.069522+09	2026-04-17 11:46:50.051974+09	140	140	\N	\N
141	364b50fa-666a-4b96-be04-80fc171e732b	141	ROLE_041	Test Role 141	f	t	2026-04-16 16:18:07.069522+09	2026-04-17 11:46:50.051974+09	141	141	\N	\N
142	56faae31-bcd2-4f7d-bf0d-694d5c9a172e	142	ROLE_042	Test Role 142	f	t	2026-04-16 16:18:07.069522+09	2026-04-17 11:46:50.051974+09	142	142	\N	\N
143	08476582-29b3-4c09-9c43-766d63fd8dce	143	ROLE_043	Test Role 143	f	t	2026-04-16 16:18:07.069522+09	2026-04-17 11:46:50.051974+09	143	143	\N	\N
144	1295afda-daf8-474c-b461-31084d38e51e	144	ROLE_044	Test Role 144	f	t	2026-04-16 16:18:07.069522+09	2026-04-17 11:46:50.051974+09	144	144	\N	\N
145	5de37b2d-c193-446d-93d5-01287fe04048	145	ROLE_045	Test Role 145	f	t	2026-04-16 16:18:07.069522+09	2026-04-17 11:46:50.051974+09	145	145	\N	\N
146	17010532-638a-4ee3-a8b1-d9764c44e547	146	ROLE_046	Test Role 146	f	t	2026-04-16 16:18:07.069522+09	2026-04-17 11:46:50.051974+09	146	146	\N	\N
147	d3b7dd33-65e1-45f3-b1ba-9054f18c972a	147	ROLE_047	Test Role 147	f	t	2026-04-16 16:18:07.069522+09	2026-04-17 11:46:50.051974+09	147	147	\N	\N
148	928bc39a-811c-43e1-bf6f-e913a7ea2c2d	148	ROLE_048	Test Role 148	f	t	2026-04-16 16:18:07.069522+09	2026-04-17 11:46:50.051974+09	148	148	\N	\N
149	3f6f9ada-d513-4087-bcb5-30a640ae5d32	149	ROLE_049	Test Role 149	f	t	2026-04-16 16:18:07.069522+09	2026-04-17 11:46:50.051974+09	149	149	\N	\N
150	e6e78857-cc4d-4302-8e6c-3678c95c1c58	150	ROLE_050	Test Role 150	f	t	2026-04-16 16:18:07.069522+09	2026-04-17 11:46:50.051974+09	150	150	\N	\N
171	d18a8538-8642-4096-be38-e9f81cd3e1cf	171	ROLE_071	Test Role 171	f	t	2026-04-16 16:18:07.069522+09	2026-04-17 11:46:50.051974+09	171	171	\N	\N
172	7b9126bd-709c-43e1-a6c2-71877e9bd99c	172	ROLE_072	Test Role 172	f	t	2026-04-16 16:18:07.069522+09	2026-04-17 11:46:50.051974+09	172	172	\N	\N
173	c7e0a9c4-f3fe-478c-b523-b14804b24a4f	173	ROLE_073	Test Role 173	f	t	2026-04-16 16:18:07.069522+09	2026-04-17 11:46:50.051974+09	173	173	\N	\N
174	feaf8e61-2b58-43a2-a7fc-78097be8bfe5	174	ROLE_074	Test Role 174	f	t	2026-04-16 16:18:07.069522+09	2026-04-17 11:46:50.051974+09	174	174	\N	\N
175	eda5825e-277e-458a-8824-844a46f22963	175	ROLE_075	Test Role 175	f	t	2026-04-16 16:18:07.069522+09	2026-04-17 11:46:50.051974+09	175	175	\N	\N
176	ae4ff664-7405-4d70-9c5b-74ee8831a909	176	ROLE_076	Test Role 176	f	t	2026-04-16 16:18:07.069522+09	2026-04-17 11:46:50.051974+09	176	176	\N	\N
177	2fdb5304-90d3-4c62-b817-cc171a1f5cd4	177	ROLE_077	Test Role 177	f	t	2026-04-16 16:18:07.069522+09	2026-04-17 11:46:50.051974+09	177	177	\N	\N
178	fa7c9d99-dfc9-46c4-8bf2-81c0cc45a874	178	ROLE_078	Test Role 178	f	t	2026-04-16 16:18:07.069522+09	2026-04-17 11:46:50.051974+09	178	178	\N	\N
179	e4ca4ff5-902f-42b7-9099-4e6bf2e4112a	179	ROLE_079	Test Role 179	f	t	2026-04-16 16:18:07.069522+09	2026-04-17 11:46:50.051974+09	179	179	\N	\N
180	fdb3a881-3575-4d28-99ef-f2c46fe5b251	180	ROLE_080	Test Role 180	f	t	2026-04-16 16:18:07.069522+09	2026-04-17 11:46:50.051974+09	180	180	\N	\N
181	cc80bab1-3319-44a4-b935-5fa1a705e194	181	ROLE_081	Test Role 181	f	t	2026-04-16 16:18:07.069522+09	2026-04-17 11:46:50.051974+09	181	181	\N	\N
182	f56a3ecb-ec97-4292-b6b1-3886d8e50ac4	182	ROLE_082	Test Role 182	f	t	2026-04-16 16:18:07.069522+09	2026-04-17 11:46:50.051974+09	182	182	\N	\N
183	1f2160ad-b688-4a16-a517-7ccbd311753a	183	ROLE_083	Test Role 183	f	t	2026-04-16 16:18:07.069522+09	2026-04-17 11:46:50.051974+09	183	183	\N	\N
184	27dfce6c-01dd-4e34-a3d0-7440de38ec01	184	ROLE_084	Test Role 184	f	t	2026-04-16 16:18:07.069522+09	2026-04-17 11:46:50.051974+09	184	184	\N	\N
185	43421ede-3e97-459e-adf9-576c32abfc52	185	ROLE_085	Test Role 185	f	t	2026-04-16 16:18:07.069522+09	2026-04-17 11:46:50.051974+09	185	185	\N	\N
186	8d17472e-2a00-4820-9836-d277f2251e33	186	ROLE_086	Test Role 186	f	t	2026-04-16 16:18:07.069522+09	2026-04-17 11:46:50.051974+09	186	186	\N	\N
187	9a79a449-c840-4d57-a898-5898e209a533	187	ROLE_087	Test Role 187	f	t	2026-04-16 16:18:07.069522+09	2026-04-17 11:46:50.051974+09	187	187	\N	\N
188	8ed03b25-10c4-402b-a12d-42b0e22dc61b	188	ROLE_088	Test Role 188	f	t	2026-04-16 16:18:07.069522+09	2026-04-17 11:46:50.051974+09	188	188	\N	\N
189	af0074bc-7a7e-4f8b-8e03-9fb48669934b	189	ROLE_089	Test Role 189	f	t	2026-04-16 16:18:07.069522+09	2026-04-17 11:46:50.051974+09	189	189	\N	\N
190	ed1c6139-d7eb-4d3e-852c-c7692c37956f	190	ROLE_090	Test Role 190	f	t	2026-04-16 16:18:07.069522+09	2026-04-17 11:46:50.051974+09	190	190	\N	\N
191	8754fbe7-d59f-4723-a685-28221544c45f	191	ROLE_091	Test Role 191	f	t	2026-04-16 16:18:07.069522+09	2026-04-17 11:46:50.051974+09	191	191	\N	\N
192	8a961cd5-2323-45cc-8331-c5e60106fb88	192	ROLE_092	Test Role 192	f	t	2026-04-16 16:18:07.069522+09	2026-04-17 11:46:50.051974+09	192	192	\N	\N
193	f2f4d7e5-ae9a-4670-be68-f53223ccea99	193	ROLE_093	Test Role 193	f	t	2026-04-16 16:18:07.069522+09	2026-04-17 11:46:50.051974+09	193	193	\N	\N
194	90d25fae-2da1-4541-a4fb-013c5dcd0a00	194	ROLE_094	Test Role 194	f	t	2026-04-16 16:18:07.069522+09	2026-04-17 11:46:50.051974+09	194	194	\N	\N
195	f45c50ad-076b-46fe-b586-05a92c1ed1cc	195	ROLE_095	Test Role 195	f	t	2026-04-16 16:18:07.069522+09	2026-04-17 11:46:50.051974+09	195	195	\N	\N
196	6b85063a-4f7d-4665-aa9a-728662ade645	196	ROLE_096	Test Role 196	f	t	2026-04-16 16:18:07.069522+09	2026-04-17 11:46:50.051974+09	196	196	\N	\N
197	bef7c85a-f650-4d05-a83a-b1629c97eda6	197	ROLE_097	Test Role 197	f	t	2026-04-16 16:18:07.069522+09	2026-04-17 11:46:50.051974+09	197	197	\N	\N
198	839307be-37d7-4d8a-b29b-2d79d96611f6	198	ROLE_098	Test Role 198	f	t	2026-04-16 16:18:07.069522+09	2026-04-17 11:46:50.051974+09	198	198	\N	\N
199	8bdc602b-35fb-46e2-b12b-a2a9d8babfc4	199	ROLE_099	Test Role 199	f	t	2026-04-16 16:18:07.069522+09	2026-04-17 11:46:50.051974+09	199	199	\N	\N
200	635d5b58-73b8-482c-aa7e-133bfa7cec19	200	ROLE_100	Test Role 200	f	t	2026-04-16 16:18:07.069522+09	2026-04-17 11:46:50.051974+09	200	200	\N	\N
101	16e4561b-69ba-4b42-9b90-06aa0be06177	101	ROLE_001	Test Role 101	t	t	2026-04-16 16:18:07.069522+09	2026-04-17 11:46:50.051974+09	101	101	\N	\N
102	095036e2-ad34-4561-9146-78e461720d91	102	ROLE_002	Test Role 102	t	t	2026-04-16 16:18:07.069522+09	2026-04-17 11:46:50.051974+09	102	102	\N	\N
103	65ffa051-84b9-4b97-bbd4-e0a605d2b0ab	103	ROLE_003	Test Role 103	t	t	2026-04-16 16:18:07.069522+09	2026-04-17 11:46:50.051974+09	103	103	\N	\N
104	54055f6e-5151-4a8d-8a16-15a42b98f573	104	ROLE_004	Test Role 104	t	t	2026-04-16 16:18:07.069522+09	2026-04-17 11:46:50.051974+09	104	104	\N	\N
105	a3a98d9b-02f8-4b05-8757-18696453b1e6	105	ROLE_005	Test Role 105	t	t	2026-04-16 16:18:07.069522+09	2026-04-17 11:46:50.051974+09	105	105	\N	\N
106	5b5391ae-f5d8-416c-90ec-efa56aefbaca	106	ROLE_006	Test Role 106	t	t	2026-04-16 16:18:07.069522+09	2026-04-17 11:46:50.051974+09	106	106	\N	\N
107	3a49e91a-4486-401e-9f9e-bc167926b06f	107	ROLE_007	Test Role 107	t	t	2026-04-16 16:18:07.069522+09	2026-04-17 11:46:50.051974+09	107	107	\N	\N
108	a6f8b73a-3a30-440b-beb9-29e0ea446ad3	108	ROLE_008	Test Role 108	t	t	2026-04-16 16:18:07.069522+09	2026-04-17 11:46:50.051974+09	108	108	\N	\N
109	60f6609c-ea11-41c0-936c-951e8ac19b1e	109	ROLE_009	Test Role 109	t	t	2026-04-16 16:18:07.069522+09	2026-04-17 11:46:50.051974+09	109	109	\N	\N
110	0dbe1f36-0a51-436d-8571-f4f7f595e638	110	ROLE_010	Test Role 110	t	t	2026-04-16 16:18:07.069522+09	2026-04-17 11:46:50.051974+09	110	110	\N	\N
111	76601ae2-0155-4282-a758-9439ef2de1d4	111	ROLE_011	Test Role 111	f	t	2026-04-16 16:18:07.069522+09	2026-04-17 11:46:50.051974+09	111	111	\N	\N
112	8c05b8c3-a9e9-40a9-bb6f-77eb082df629	112	ROLE_012	Test Role 112	f	t	2026-04-16 16:18:07.069522+09	2026-04-17 11:46:50.051974+09	112	112	\N	\N
113	68ccddf5-91bc-4944-b060-292cd61afa26	113	ROLE_013	Test Role 113	f	t	2026-04-16 16:18:07.069522+09	2026-04-17 11:46:50.051974+09	113	113	\N	\N
114	d09ef708-903d-4c46-b672-45b88ae1409e	114	ROLE_014	Test Role 114	f	t	2026-04-16 16:18:07.069522+09	2026-04-17 11:46:50.051974+09	114	114	\N	\N
115	94e3dc1c-a3b2-484f-8b5c-ea068ad2c3e8	115	ROLE_015	Test Role 115	f	t	2026-04-16 16:18:07.069522+09	2026-04-17 11:46:50.051974+09	115	115	\N	\N
116	a4a98dd4-5798-4f50-9fa6-bbc038786239	116	ROLE_016	Test Role 116	f	t	2026-04-16 16:18:07.069522+09	2026-04-17 11:46:50.051974+09	116	116	\N	\N
117	83419f1e-db47-4b1e-9ace-2711c2e75b46	117	ROLE_017	Test Role 117	f	t	2026-04-16 16:18:07.069522+09	2026-04-17 11:46:50.051974+09	117	117	\N	\N
118	dc8b93c1-4ff3-43bd-ba34-9e22a093282d	118	ROLE_018	Test Role 118	f	t	2026-04-16 16:18:07.069522+09	2026-04-17 11:46:50.051974+09	118	118	\N	\N
119	a0d68138-99c1-404d-9202-0a5e0a6fe35a	119	ROLE_019	Test Role 119	f	t	2026-04-16 16:18:07.069522+09	2026-04-17 11:46:50.051974+09	119	119	\N	\N
120	650e9bbf-a9e2-4606-b1f8-28ccfe4bccfc	120	ROLE_020	Test Role 120	f	t	2026-04-16 16:18:07.069522+09	2026-04-17 11:46:50.051974+09	120	120	\N	\N
151	c740f2f0-b92b-4262-adc3-3269966fbb0b	151	ROLE_051	Test Role 151	f	t	2026-04-16 16:18:07.069522+09	2026-04-17 11:46:50.051974+09	151	151	\N	\N
152	8aea6c57-0aa3-4e1a-85ab-88af4fac37f7	152	ROLE_052	Test Role 152	f	t	2026-04-16 16:18:07.069522+09	2026-04-17 11:46:50.051974+09	152	152	\N	\N
153	243d54b0-b38a-454c-9c5f-581434fbedaf	153	ROLE_053	Test Role 153	f	t	2026-04-16 16:18:07.069522+09	2026-04-17 11:46:50.051974+09	153	153	\N	\N
154	b953b7ac-2c9f-4deb-8b7a-db54276ae377	154	ROLE_054	Test Role 154	f	t	2026-04-16 16:18:07.069522+09	2026-04-17 11:46:50.051974+09	154	154	\N	\N
155	997bd6d8-ce5c-412d-91d1-a423c637d6eb	155	ROLE_055	Test Role 155	f	t	2026-04-16 16:18:07.069522+09	2026-04-17 11:46:50.051974+09	155	155	\N	\N
156	6625f402-b696-4212-8a64-fc61c5652a68	156	ROLE_056	Test Role 156	f	t	2026-04-16 16:18:07.069522+09	2026-04-17 11:46:50.051974+09	156	156	\N	\N
157	59696671-0950-40e5-9763-4c9fd52d60d5	157	ROLE_057	Test Role 157	f	t	2026-04-16 16:18:07.069522+09	2026-04-17 11:46:50.051974+09	157	157	\N	\N
158	7f2e8a97-6b8d-4f65-86a9-7c1b0ced03a6	158	ROLE_058	Test Role 158	f	t	2026-04-16 16:18:07.069522+09	2026-04-17 11:46:50.051974+09	158	158	\N	\N
159	2ad38024-8fd7-4e09-acb4-83958ab952fe	159	ROLE_059	Test Role 159	f	t	2026-04-16 16:18:07.069522+09	2026-04-17 11:46:50.051974+09	159	159	\N	\N
160	d4d2278c-2dc9-4e82-82b4-ba8c8dfda3e2	160	ROLE_060	Test Role 160	f	t	2026-04-16 16:18:07.069522+09	2026-04-17 11:46:50.051974+09	160	160	\N	\N
161	8f372340-9b8e-4167-8367-3d632c512535	161	ROLE_061	Test Role 161	f	t	2026-04-16 16:18:07.069522+09	2026-04-17 11:46:50.051974+09	161	161	\N	\N
162	a50c5e2e-cc0e-45bf-b29e-d70425a2b73f	162	ROLE_062	Test Role 162	f	t	2026-04-16 16:18:07.069522+09	2026-04-17 11:46:50.051974+09	162	162	\N	\N
163	4fd40751-c576-4e1a-987d-8b615eea65c4	163	ROLE_063	Test Role 163	f	t	2026-04-16 16:18:07.069522+09	2026-04-17 11:46:50.051974+09	163	163	\N	\N
164	c8ea30ea-41b6-44f3-867a-23aa65f4f936	164	ROLE_064	Test Role 164	f	t	2026-04-16 16:18:07.069522+09	2026-04-17 11:46:50.051974+09	164	164	\N	\N
165	7914f671-0cff-49f8-ac03-ac95f15d3201	165	ROLE_065	Test Role 165	f	t	2026-04-16 16:18:07.069522+09	2026-04-17 11:46:50.051974+09	165	165	\N	\N
166	2a41fa82-5ea6-4c67-a9da-bc2f0678758a	166	ROLE_066	Test Role 166	f	t	2026-04-16 16:18:07.069522+09	2026-04-17 11:46:50.051974+09	166	166	\N	\N
167	be5915ac-a8e6-43e2-a85f-a354c1680aa1	167	ROLE_067	Test Role 167	f	t	2026-04-16 16:18:07.069522+09	2026-04-17 11:46:50.051974+09	167	167	\N	\N
168	7e98296e-1d53-4d07-a4d0-bbfe5a5fade2	168	ROLE_068	Test Role 168	f	t	2026-04-16 16:18:07.069522+09	2026-04-17 11:46:50.051974+09	168	168	\N	\N
169	4f5f68a8-ccae-4504-8d9b-af4a9b663dc7	169	ROLE_069	Test Role 169	f	t	2026-04-16 16:18:07.069522+09	2026-04-17 11:46:50.051974+09	169	169	\N	\N
170	b6770bcc-ee2b-418e-bc79-08840462aec1	170	ROLE_070	Test Role 170	f	t	2026-04-16 16:18:07.069522+09	2026-04-17 11:46:50.051974+09	170	170	\N	\N
\.


--
-- Data for Name: tenants; Type: TABLE DATA; Schema: core; Owner: -
--

COPY core.tenants (tenant_id, tenant_uid, tenant_code, tenant_name, timezone, locale, is_active, created_at, updated_at, created_by, updated_by, deleted_at, deleted_by) FROM stdin;
126	fd6b689a-6548-46f6-b8e9-bcea91f3a25d	TEN026	Test Tenant 126	Asia/Seoul	ko-KR	t	2026-04-16 16:18:07.069522+09	2026-04-17 11:46:50.051974+09	126	126	\N	\N
127	52321eb1-86a0-4cd1-8eb7-d1cf22f15c06	TEN027	Test Tenant 127	Asia/Seoul	ko-KR	t	2026-04-16 16:18:07.069522+09	2026-04-17 11:46:50.051974+09	127	127	\N	\N
128	69f79bd2-5adc-4925-99e6-43f45c261bc7	TEN028	Test Tenant 128	Asia/Seoul	ko-KR	t	2026-04-16 16:18:07.069522+09	2026-04-17 11:46:50.051974+09	128	128	\N	\N
129	d2ccd229-4266-4fb8-9517-381142cfcbfc	TEN029	Test Tenant 129	Asia/Seoul	ko-KR	t	2026-04-16 16:18:07.069522+09	2026-04-17 11:46:50.051974+09	129	129	\N	\N
130	3f23116a-b44c-4726-a84d-87bfc7467376	TEN030	Test Tenant 130	Asia/Seoul	ko-KR	t	2026-04-16 16:18:07.069522+09	2026-04-17 11:46:50.051974+09	130	130	\N	\N
131	16c96078-750b-4d1e-8580-6dbe4681dc0b	TEN031	Test Tenant 131	Asia/Seoul	ko-KR	t	2026-04-16 16:18:07.069522+09	2026-04-17 11:46:50.051974+09	131	131	\N	\N
132	565973f8-0d96-4797-b04e-aba20d2c2c0b	TEN032	Test Tenant 132	Asia/Seoul	ko-KR	t	2026-04-16 16:18:07.069522+09	2026-04-17 11:46:50.051974+09	132	132	\N	\N
133	8908cd10-ff8d-41c1-8152-1aa8d737edad	TEN033	Test Tenant 133	Asia/Seoul	ko-KR	t	2026-04-16 16:18:07.069522+09	2026-04-17 11:46:50.051974+09	133	133	\N	\N
134	4e8b8f00-cd16-469f-9df4-8a63455ec293	TEN034	Test Tenant 134	Asia/Seoul	ko-KR	t	2026-04-16 16:18:07.069522+09	2026-04-17 11:46:50.051974+09	134	134	\N	\N
135	a79c15f0-607f-4487-a7bf-0842be0c83cb	TEN035	Test Tenant 135	Asia/Seoul	ko-KR	t	2026-04-16 16:18:07.069522+09	2026-04-17 11:46:50.051974+09	135	135	\N	\N
136	802104b9-ea0d-4340-abb0-44f00ecae53b	TEN036	Test Tenant 136	Asia/Seoul	ko-KR	t	2026-04-16 16:18:07.069522+09	2026-04-17 11:46:50.051974+09	136	136	\N	\N
137	9698ec6d-4de9-4512-9978-9d0207a6379b	TEN037	Test Tenant 137	Asia/Seoul	ko-KR	t	2026-04-16 16:18:07.069522+09	2026-04-17 11:46:50.051974+09	137	137	\N	\N
138	9fd87780-2f18-4084-8165-6a3fa46cb23c	TEN038	Test Tenant 138	Asia/Seoul	ko-KR	t	2026-04-16 16:18:07.069522+09	2026-04-17 11:46:50.051974+09	138	138	\N	\N
139	b01475d3-3123-4a0d-a111-03c4648a25ad	TEN039	Test Tenant 139	Asia/Seoul	ko-KR	t	2026-04-16 16:18:07.069522+09	2026-04-17 11:46:50.051974+09	139	139	\N	\N
140	596b57a6-4679-4f40-a0f4-b50cf60ff6ab	TEN040	Test Tenant 140	Asia/Seoul	ko-KR	t	2026-04-16 16:18:07.069522+09	2026-04-17 11:46:50.051974+09	140	140	\N	\N
149	2305a018-6b3b-4140-8be9-5fb34d7e4faf	TEN049	Test Tenant 149	Asia/Seoul	ko-KR	t	2026-04-16 16:18:07.069522+09	2026-04-17 11:46:50.051974+09	149	149	\N	\N
150	d8c316ee-6567-4fa1-9a65-0e3c874d9916	TEN050	Test Tenant 150	Asia/Seoul	ko-KR	t	2026-04-16 16:18:07.069522+09	2026-04-17 11:46:50.051974+09	150	150	\N	\N
151	8bae8fad-7b53-46c2-af89-cf7277846f6d	TEN051	Test Tenant 151	Asia/Seoul	ko-KR	t	2026-04-16 16:18:07.069522+09	2026-04-17 11:46:50.051974+09	151	151	\N	\N
152	67ead508-5889-40ec-80ca-e3478c6190d8	TEN052	Test Tenant 152	Asia/Seoul	ko-KR	t	2026-04-16 16:18:07.069522+09	2026-04-17 11:46:50.051974+09	152	152	\N	\N
153	6a86d3cb-f32b-4cfe-af39-2bfbbea0714c	TEN053	Test Tenant 153	Asia/Seoul	ko-KR	t	2026-04-16 16:18:07.069522+09	2026-04-17 11:46:50.051974+09	153	153	\N	\N
154	9824845f-07e9-4683-a9bf-933b1be5b5e8	TEN054	Test Tenant 154	Asia/Seoul	ko-KR	t	2026-04-16 16:18:07.069522+09	2026-04-17 11:46:50.051974+09	154	154	\N	\N
155	58f0f24e-3ca1-47af-b5a8-b1b7745180ec	TEN055	Test Tenant 155	Asia/Seoul	ko-KR	t	2026-04-16 16:18:07.069522+09	2026-04-17 11:46:50.051974+09	155	155	\N	\N
156	b164d659-df31-4207-9b5b-9e74385c5f0c	TEN056	Test Tenant 156	Asia/Seoul	ko-KR	t	2026-04-16 16:18:07.069522+09	2026-04-17 11:46:50.051974+09	156	156	\N	\N
157	e7755512-7cec-4cbd-8229-fd4952f943a0	TEN057	Test Tenant 157	Asia/Seoul	ko-KR	t	2026-04-16 16:18:07.069522+09	2026-04-17 11:46:50.051974+09	157	157	\N	\N
158	8da61274-28c7-4388-86e0-2cfddd12cf7c	TEN058	Test Tenant 158	Asia/Seoul	ko-KR	t	2026-04-16 16:18:07.069522+09	2026-04-17 11:46:50.051974+09	158	158	\N	\N
159	d5d3a686-f841-458e-af0a-6cce86249bcd	TEN059	Test Tenant 159	Asia/Seoul	ko-KR	t	2026-04-16 16:18:07.069522+09	2026-04-17 11:46:50.051974+09	159	159	\N	\N
160	d339a7b2-045d-4433-92fe-4992301889c9	TEN060	Test Tenant 160	Asia/Seoul	ko-KR	t	2026-04-16 16:18:07.069522+09	2026-04-17 11:46:50.051974+09	160	160	\N	\N
161	8b216935-1f34-4be0-97ce-b6e76fa610e2	TEN061	Test Tenant 161	Asia/Seoul	ko-KR	t	2026-04-16 16:18:07.069522+09	2026-04-17 11:46:50.051974+09	161	161	\N	\N
162	5d1d0f54-6f07-4b39-9a8c-a1e8f83c0d4b	TEN062	Test Tenant 162	Asia/Seoul	ko-KR	t	2026-04-16 16:18:07.069522+09	2026-04-17 11:46:50.051974+09	162	162	\N	\N
163	d78ae3b4-2dcb-460e-abc5-634d1659ebc8	TEN063	Test Tenant 163	Asia/Seoul	ko-KR	t	2026-04-16 16:18:07.069522+09	2026-04-17 11:46:50.051974+09	163	163	\N	\N
164	d41fb164-9f80-44d8-80cf-bbb258686cee	TEN064	Test Tenant 164	Asia/Seoul	ko-KR	t	2026-04-16 16:18:07.069522+09	2026-04-17 11:46:50.051974+09	164	164	\N	\N
165	ab9cf328-92e9-4934-9499-5c14482ea269	TEN065	Test Tenant 165	Asia/Seoul	ko-KR	t	2026-04-16 16:18:07.069522+09	2026-04-17 11:46:50.051974+09	165	165	\N	\N
166	f96c6dee-35ba-441f-b6d7-ec9f777597a5	TEN066	Test Tenant 166	Asia/Seoul	ko-KR	t	2026-04-16 16:18:07.069522+09	2026-04-17 11:46:50.051974+09	166	166	\N	\N
167	bf3cd857-ce87-48aa-b800-baf3ee6f231d	TEN067	Test Tenant 167	Asia/Seoul	ko-KR	t	2026-04-16 16:18:07.069522+09	2026-04-17 11:46:50.051974+09	167	167	\N	\N
168	1bcec306-4d1e-44c3-8897-78f3d23e91fa	TEN068	Test Tenant 168	Asia/Seoul	ko-KR	t	2026-04-16 16:18:07.069522+09	2026-04-17 11:46:50.051974+09	168	168	\N	\N
169	5cb6dd06-29fd-4b07-9216-53fd97e7636f	TEN069	Test Tenant 169	Asia/Seoul	ko-KR	t	2026-04-16 16:18:07.069522+09	2026-04-17 11:46:50.051974+09	169	169	\N	\N
170	05a4f8bf-be1f-4903-9fa5-7342bbf8a068	TEN070	Test Tenant 170	Asia/Seoul	ko-KR	t	2026-04-16 16:18:07.069522+09	2026-04-17 11:46:50.051974+09	170	170	\N	\N
171	e3d62d7b-c283-4d6d-b66c-2ce68f4bb3e8	TEN071	Test Tenant 171	Asia/Seoul	ko-KR	t	2026-04-16 16:18:07.069522+09	2026-04-17 11:46:50.051974+09	171	171	\N	\N
172	385bbe49-a2d0-4380-8d88-4625e19a7b29	TEN072	Test Tenant 172	Asia/Seoul	ko-KR	t	2026-04-16 16:18:07.069522+09	2026-04-17 11:46:50.051974+09	172	172	\N	\N
173	62a00891-e6ec-43fb-bf37-c463a1637e9f	TEN073	Test Tenant 173	Asia/Seoul	ko-KR	t	2026-04-16 16:18:07.069522+09	2026-04-17 11:46:50.051974+09	173	173	\N	\N
174	26cef5dc-8414-4786-94d5-0a8c5e785f6b	TEN074	Test Tenant 174	Asia/Seoul	ko-KR	t	2026-04-16 16:18:07.069522+09	2026-04-17 11:46:50.051974+09	174	174	\N	\N
175	4b3ad4ba-6eea-46d8-9fa4-67d46bd7d446	TEN075	Test Tenant 175	Asia/Seoul	ko-KR	t	2026-04-16 16:18:07.069522+09	2026-04-17 11:46:50.051974+09	175	175	\N	\N
176	e4e5f59e-1dd3-4496-9f98-71c1019213a3	TEN076	Test Tenant 176	Asia/Seoul	ko-KR	t	2026-04-16 16:18:07.069522+09	2026-04-17 11:46:50.051974+09	176	176	\N	\N
177	ac09e0a8-9a13-4a04-a5df-85821ed1261e	TEN077	Test Tenant 177	Asia/Seoul	ko-KR	t	2026-04-16 16:18:07.069522+09	2026-04-17 11:46:50.051974+09	177	177	\N	\N
178	1c75856f-e6db-4a22-a6b3-eb85302f9f08	TEN078	Test Tenant 178	Asia/Seoul	ko-KR	t	2026-04-16 16:18:07.069522+09	2026-04-17 11:46:50.051974+09	178	178	\N	\N
179	0012a59b-461d-4821-81a6-a595e325eca4	TEN079	Test Tenant 179	Asia/Seoul	ko-KR	t	2026-04-16 16:18:07.069522+09	2026-04-17 11:46:50.051974+09	179	179	\N	\N
180	d12a68ee-173b-4526-b23b-39f6eff57fbf	TEN080	Test Tenant 180	Asia/Seoul	ko-KR	t	2026-04-16 16:18:07.069522+09	2026-04-17 11:46:50.051974+09	180	180	\N	\N
181	593039ed-ae4d-48ef-8aae-afea0237fd3d	TEN081	Test Tenant 181	Asia/Seoul	ko-KR	t	2026-04-16 16:18:07.069522+09	2026-04-17 11:46:50.051974+09	181	181	\N	\N
182	98cc7fed-14e6-4551-8ffd-0ec31b3fdeed	TEN082	Test Tenant 182	Asia/Seoul	ko-KR	t	2026-04-16 16:18:07.069522+09	2026-04-17 11:46:50.051974+09	182	182	\N	\N
183	c209471c-aae5-4158-aa46-87d50d973779	TEN083	Test Tenant 183	Asia/Seoul	ko-KR	t	2026-04-16 16:18:07.069522+09	2026-04-17 11:46:50.051974+09	183	183	\N	\N
184	27c14673-694d-4cde-8b87-128e65861d8d	TEN084	Test Tenant 184	Asia/Seoul	ko-KR	t	2026-04-16 16:18:07.069522+09	2026-04-17 11:46:50.051974+09	184	184	\N	\N
185	6a9c5dc1-0883-43ef-99ec-577dd110910f	TEN085	Test Tenant 185	Asia/Seoul	ko-KR	t	2026-04-16 16:18:07.069522+09	2026-04-17 11:46:50.051974+09	185	185	\N	\N
186	49156356-f463-4b15-9fdd-20fc15db4bb5	TEN086	Test Tenant 186	Asia/Seoul	ko-KR	t	2026-04-16 16:18:07.069522+09	2026-04-17 11:46:50.051974+09	186	186	\N	\N
187	e92daded-fe6b-4c16-abd1-18db67dc62dc	TEN087	Test Tenant 187	Asia/Seoul	ko-KR	t	2026-04-16 16:18:07.069522+09	2026-04-17 11:46:50.051974+09	187	187	\N	\N
188	b3564fe8-c69c-4e15-9b03-93fd5b64a7a9	TEN088	Test Tenant 188	Asia/Seoul	ko-KR	t	2026-04-16 16:18:07.069522+09	2026-04-17 11:46:50.051974+09	188	188	\N	\N
189	245c3563-5ec8-4382-8be0-b53ac8f04747	TEN089	Test Tenant 189	Asia/Seoul	ko-KR	t	2026-04-16 16:18:07.069522+09	2026-04-17 11:46:50.051974+09	189	189	\N	\N
190	8584b920-e64d-4423-bad1-c5fa79b8dbee	TEN090	Test Tenant 190	Asia/Seoul	ko-KR	t	2026-04-16 16:18:07.069522+09	2026-04-17 11:46:50.051974+09	190	190	\N	\N
191	f9dcc879-a2d7-4ed1-968d-28e408e6a3be	TEN091	Test Tenant 191	Asia/Seoul	ko-KR	t	2026-04-16 16:18:07.069522+09	2026-04-17 11:46:50.051974+09	191	191	\N	\N
101	21f1004a-7e87-4791-948b-2e0937fe31be	TEN001	Test Tenant 101	Asia/Seoul	ko-KR	t	2026-04-16 16:18:07.069522+09	2026-04-17 11:46:50.051974+09	101	101	\N	\N
102	d8a048f1-770c-4f66-bee0-a130217b1fab	TEN002	Test Tenant 102	Asia/Seoul	ko-KR	t	2026-04-16 16:18:07.069522+09	2026-04-17 11:46:50.051974+09	102	102	\N	\N
103	63c9d9a2-6f78-4aac-9826-7c53ba3763ac	TEN003	Test Tenant 103	Asia/Seoul	ko-KR	t	2026-04-16 16:18:07.069522+09	2026-04-17 11:46:50.051974+09	103	103	\N	\N
104	ffb6630e-1bec-4db6-9d7e-e445f2a3fdf2	TEN004	Test Tenant 104	Asia/Seoul	ko-KR	t	2026-04-16 16:18:07.069522+09	2026-04-17 11:46:50.051974+09	104	104	\N	\N
105	5f1f4101-e9b6-4f60-b66a-eaf5cab14c3e	TEN005	Test Tenant 105	Asia/Seoul	ko-KR	t	2026-04-16 16:18:07.069522+09	2026-04-17 11:46:50.051974+09	105	105	\N	\N
106	ec14aa46-074b-45f9-a941-11e2bb9a7173	TEN006	Test Tenant 106	Asia/Seoul	ko-KR	t	2026-04-16 16:18:07.069522+09	2026-04-17 11:46:50.051974+09	106	106	\N	\N
107	ab71ef56-29e7-4258-b9de-5638cd807a17	TEN007	Test Tenant 107	Asia/Seoul	ko-KR	t	2026-04-16 16:18:07.069522+09	2026-04-17 11:46:50.051974+09	107	107	\N	\N
108	ff4497ba-7e64-46ca-8ae4-f3352dcad634	TEN008	Test Tenant 108	Asia/Seoul	ko-KR	t	2026-04-16 16:18:07.069522+09	2026-04-17 11:46:50.051974+09	108	108	\N	\N
109	098926a7-4905-4bc6-bfa4-9f97910eae77	TEN009	Test Tenant 109	Asia/Seoul	ko-KR	t	2026-04-16 16:18:07.069522+09	2026-04-17 11:46:50.051974+09	109	109	\N	\N
110	ebea7a53-2446-436b-a23f-de7c1ffdc006	TEN010	Test Tenant 110	Asia/Seoul	ko-KR	t	2026-04-16 16:18:07.069522+09	2026-04-17 11:46:50.051974+09	110	110	\N	\N
111	cbc60b3f-e465-41be-8c9c-83f088ddd8b2	TEN011	Test Tenant 111	Asia/Seoul	ko-KR	t	2026-04-16 16:18:07.069522+09	2026-04-17 11:46:50.051974+09	111	111	\N	\N
112	11a2a70f-bef0-4ebd-91ef-964774f6a8d1	TEN012	Test Tenant 112	Asia/Seoul	ko-KR	t	2026-04-16 16:18:07.069522+09	2026-04-17 11:46:50.051974+09	112	112	\N	\N
113	954ec231-232a-4e94-bacc-46ae24467597	TEN013	Test Tenant 113	Asia/Seoul	ko-KR	t	2026-04-16 16:18:07.069522+09	2026-04-17 11:46:50.051974+09	113	113	\N	\N
114	87f9d9ce-728c-44b7-a84e-bb429ee1bdc0	TEN014	Test Tenant 114	Asia/Seoul	ko-KR	t	2026-04-16 16:18:07.069522+09	2026-04-17 11:46:50.051974+09	114	114	\N	\N
115	32258788-e680-4abc-af40-e54ea8bda142	TEN015	Test Tenant 115	Asia/Seoul	ko-KR	t	2026-04-16 16:18:07.069522+09	2026-04-17 11:46:50.051974+09	115	115	\N	\N
116	c5946c4b-93e3-4cc1-96e6-d87e48e8a997	TEN016	Test Tenant 116	Asia/Seoul	ko-KR	t	2026-04-16 16:18:07.069522+09	2026-04-17 11:46:50.051974+09	116	116	\N	\N
117	556cbb92-87a7-4df4-aedc-5e21c446b775	TEN017	Test Tenant 117	Asia/Seoul	ko-KR	t	2026-04-16 16:18:07.069522+09	2026-04-17 11:46:50.051974+09	117	117	\N	\N
118	113674e5-49ff-4eb3-bfe8-2d7635fb3bf6	TEN018	Test Tenant 118	Asia/Seoul	ko-KR	t	2026-04-16 16:18:07.069522+09	2026-04-17 11:46:50.051974+09	118	118	\N	\N
119	37f71ddb-ae24-4f1a-b640-2f16160bd21b	TEN019	Test Tenant 119	Asia/Seoul	ko-KR	t	2026-04-16 16:18:07.069522+09	2026-04-17 11:46:50.051974+09	119	119	\N	\N
120	be62c4aa-3eb7-4205-b878-34bff2613931	TEN020	Test Tenant 120	Asia/Seoul	ko-KR	t	2026-04-16 16:18:07.069522+09	2026-04-17 11:46:50.051974+09	120	120	\N	\N
121	242d0bdd-8bb8-42eb-80fd-9f948cdd8fb7	TEN021	Test Tenant 121	Asia/Seoul	ko-KR	t	2026-04-16 16:18:07.069522+09	2026-04-17 11:46:50.051974+09	121	121	\N	\N
122	7d486f6f-4067-49a0-b526-ee4462c30af9	TEN022	Test Tenant 122	Asia/Seoul	ko-KR	t	2026-04-16 16:18:07.069522+09	2026-04-17 11:46:50.051974+09	122	122	\N	\N
123	ce5bff21-3c8a-4b5d-a603-95c97a4782be	TEN023	Test Tenant 123	Asia/Seoul	ko-KR	t	2026-04-16 16:18:07.069522+09	2026-04-17 11:46:50.051974+09	123	123	\N	\N
124	fdffdc4e-c203-456d-b3f3-8f8b31cb38de	TEN024	Test Tenant 124	Asia/Seoul	ko-KR	t	2026-04-16 16:18:07.069522+09	2026-04-17 11:46:50.051974+09	124	124	\N	\N
125	0206b28d-de68-414c-ab09-cc63910fcd9d	TEN025	Test Tenant 125	Asia/Seoul	ko-KR	t	2026-04-16 16:18:07.069522+09	2026-04-17 11:46:50.051974+09	125	125	\N	\N
141	34e5e581-2306-4674-ad53-860fa244d973	TEN041	Test Tenant 141	Asia/Seoul	ko-KR	t	2026-04-16 16:18:07.069522+09	2026-04-17 11:46:50.051974+09	141	141	\N	\N
142	baf3639c-0aa8-4900-bba6-8547d747dd97	TEN042	Test Tenant 142	Asia/Seoul	ko-KR	t	2026-04-16 16:18:07.069522+09	2026-04-17 11:46:50.051974+09	142	142	\N	\N
143	e1715449-2d28-4715-8590-1b760be6086e	TEN043	Test Tenant 143	Asia/Seoul	ko-KR	t	2026-04-16 16:18:07.069522+09	2026-04-17 11:46:50.051974+09	143	143	\N	\N
144	847bfad9-90ba-4e93-87fe-8d9b825b2710	TEN044	Test Tenant 144	Asia/Seoul	ko-KR	t	2026-04-16 16:18:07.069522+09	2026-04-17 11:46:50.051974+09	144	144	\N	\N
145	33f2579c-1a07-4e50-a7e2-ffdbcd652d7a	TEN045	Test Tenant 145	Asia/Seoul	ko-KR	t	2026-04-16 16:18:07.069522+09	2026-04-17 11:46:50.051974+09	145	145	\N	\N
146	245677be-1a68-4439-b1bc-3755b76570f8	TEN046	Test Tenant 146	Asia/Seoul	ko-KR	t	2026-04-16 16:18:07.069522+09	2026-04-17 11:46:50.051974+09	146	146	\N	\N
147	b1016a04-86e2-426a-9141-a8e790977ca0	TEN047	Test Tenant 147	Asia/Seoul	ko-KR	t	2026-04-16 16:18:07.069522+09	2026-04-17 11:46:50.051974+09	147	147	\N	\N
148	3f2a47de-6027-4350-819f-38743339dcfd	TEN048	Test Tenant 148	Asia/Seoul	ko-KR	t	2026-04-16 16:18:07.069522+09	2026-04-17 11:46:50.051974+09	148	148	\N	\N
192	a3538c34-9eab-415b-ae80-0fdeaf921ecf	TEN092	Test Tenant 192	Asia/Seoul	ko-KR	t	2026-04-16 16:18:07.069522+09	2026-04-17 11:46:50.051974+09	192	192	\N	\N
193	97ca1956-9528-4daa-9d68-376c019fb6c2	TEN093	Test Tenant 193	Asia/Seoul	ko-KR	t	2026-04-16 16:18:07.069522+09	2026-04-17 11:46:50.051974+09	193	193	\N	\N
194	7cabc126-1e1c-4ef9-8674-36ca66ce3b01	TEN094	Test Tenant 194	Asia/Seoul	ko-KR	t	2026-04-16 16:18:07.069522+09	2026-04-17 11:46:50.051974+09	194	194	\N	\N
195	75b347f8-f44a-4217-9ab9-3ef6b057655a	TEN095	Test Tenant 195	Asia/Seoul	ko-KR	t	2026-04-16 16:18:07.069522+09	2026-04-17 11:46:50.051974+09	195	195	\N	\N
196	6e1b0f0a-462b-4fd8-821b-c518a1343f27	TEN096	Test Tenant 196	Asia/Seoul	ko-KR	t	2026-04-16 16:18:07.069522+09	2026-04-17 11:46:50.051974+09	196	196	\N	\N
197	bd35b3e4-118d-44b2-bcac-23b75377fd83	TEN097	Test Tenant 197	Asia/Seoul	ko-KR	t	2026-04-16 16:18:07.069522+09	2026-04-17 11:46:50.051974+09	197	197	\N	\N
198	5cd21795-8b4f-41a7-857a-f7f40c34f107	TEN098	Test Tenant 198	Asia/Seoul	ko-KR	t	2026-04-16 16:18:07.069522+09	2026-04-17 11:46:50.051974+09	198	198	\N	\N
199	9adfc8e4-645c-460e-b025-f6692b70261b	TEN099	Test Tenant 199	Asia/Seoul	ko-KR	t	2026-04-16 16:18:07.069522+09	2026-04-17 11:46:50.051974+09	199	199	\N	\N
200	515218ae-4e5e-4358-82b3-9ac5e299347c	TEN100	Test Tenant 200	Asia/Seoul	ko-KR	t	2026-04-16 16:18:07.069522+09	2026-04-17 11:46:50.051974+09	200	200	\N	\N
202	0fc32258-8d9d-4640-a585-0b47713e3853	KCASTLE	KCASTLE	Asia/Seoul	ko-KR	t	2026-04-28 23:01:48.837688+09	2026-04-28 23:01:48.837688+09	\N	\N	\N	\N
203	76b943fa-b84e-45b5-92f2-aa38c91b26d9	NEO2	NEO2	Asia/Seoul	ko-KR	t	2026-04-28 23:12:32.215108+09	2026-04-28 23:12:32.215108+09	\N	\N	\N	\N
204	5ad775e9-879a-4b4a-8177-0a673dfc20e1	NEO02	NEO02	Asia/Seoul	ko-KR	t	2026-04-28 23:14:41.559435+09	2026-04-28 23:14:41.559435+09	\N	\N	\N	\N
\.


--
-- Data for Name: user_data_scopes; Type: TABLE DATA; Schema: core; Owner: -
--

COPY core.user_data_scopes (user_data_scope_id, user_data_scope_uid, tenant_id, user_id, scope_type, scope_id, created_at, is_active, created_by, updated_at, updated_by, deleted_at, deleted_by) FROM stdin;
101	acbfe386-71fc-4bf4-b208-05f5276cb3e5	101	101	BRANCH	101	2026-04-16 16:18:07.069522+09	t	101	2026-04-17 11:46:50.051974+09	101	\N	\N
102	6938433e-de37-4c44-b7ec-7dd573f2fdea	102	102	ALL	\N	2026-04-16 16:18:07.069522+09	t	102	2026-04-17 11:46:50.051974+09	102	\N	\N
103	207635d3-162a-4ea5-8a44-938c4381736f	103	103	COMPANY	103	2026-04-16 16:18:07.069522+09	t	103	2026-04-17 11:46:50.051974+09	103	\N	\N
104	c66ae98a-7b83-4a59-9092-09cfdf054f63	104	104	BRANCH	104	2026-04-16 16:18:07.069522+09	t	104	2026-04-17 11:46:50.051974+09	104	\N	\N
105	7e249d96-397b-4742-bd43-2d9f749a7671	105	105	ALL	\N	2026-04-16 16:18:07.069522+09	t	105	2026-04-17 11:46:50.051974+09	105	\N	\N
106	a4fb62a3-50c6-4d93-924b-624c313cc156	106	106	COMPANY	106	2026-04-16 16:18:07.069522+09	t	106	2026-04-17 11:46:50.051974+09	106	\N	\N
107	b1b13bda-51e8-4a7b-87d5-8063be6a480c	107	107	BRANCH	107	2026-04-16 16:18:07.069522+09	t	107	2026-04-17 11:46:50.051974+09	107	\N	\N
108	257f24d0-1631-49d7-9681-792b44b6eab5	108	108	ALL	\N	2026-04-16 16:18:07.069522+09	t	108	2026-04-17 11:46:50.051974+09	108	\N	\N
109	8443661d-f1eb-4719-94e5-80432066e304	109	109	COMPANY	109	2026-04-16 16:18:07.069522+09	t	109	2026-04-17 11:46:50.051974+09	109	\N	\N
110	3b71e9ce-1dec-4c0f-986a-08483c0d5665	110	110	BRANCH	110	2026-04-16 16:18:07.069522+09	t	110	2026-04-17 11:46:50.051974+09	110	\N	\N
111	b9aed245-0e85-4e92-8d48-c86f9dd4a8d6	111	111	ALL	\N	2026-04-16 16:18:07.069522+09	t	111	2026-04-17 11:46:50.051974+09	111	\N	\N
112	24c208c5-aa89-42e9-bb45-32fb665b9076	112	112	COMPANY	112	2026-04-16 16:18:07.069522+09	t	112	2026-04-17 11:46:50.051974+09	112	\N	\N
113	ee77c7b1-3ac4-44ee-9066-b85e536147a5	113	113	BRANCH	113	2026-04-16 16:18:07.069522+09	t	113	2026-04-17 11:46:50.051974+09	113	\N	\N
114	96d1ff89-9e38-40c8-98cd-c8d18ae7cdad	114	114	ALL	\N	2026-04-16 16:18:07.069522+09	t	114	2026-04-17 11:46:50.051974+09	114	\N	\N
115	fa5bd8db-57ad-45ba-b8d1-f31587fa1dd3	115	115	COMPANY	115	2026-04-16 16:18:07.069522+09	t	115	2026-04-17 11:46:50.051974+09	115	\N	\N
116	af1eaf9e-85a7-40ae-bde4-f73852604469	116	116	BRANCH	116	2026-04-16 16:18:07.069522+09	t	116	2026-04-17 11:46:50.051974+09	116	\N	\N
117	f17b04c3-ca0c-4cc4-b9b1-ca0c4abdde29	117	117	ALL	\N	2026-04-16 16:18:07.069522+09	t	117	2026-04-17 11:46:50.051974+09	117	\N	\N
118	ac055d59-bf6b-4010-bb3e-c062ac219291	118	118	COMPANY	118	2026-04-16 16:18:07.069522+09	t	118	2026-04-17 11:46:50.051974+09	118	\N	\N
119	b084bbdf-8b4c-46b0-be30-c20f8b9cde5e	119	119	BRANCH	119	2026-04-16 16:18:07.069522+09	t	119	2026-04-17 11:46:50.051974+09	119	\N	\N
120	626b88dd-5607-489d-837b-6ec97b8cd235	120	120	ALL	\N	2026-04-16 16:18:07.069522+09	t	120	2026-04-17 11:46:50.051974+09	120	\N	\N
121	479982b5-e4fc-41f8-a9ea-993084c8a4ee	121	121	COMPANY	121	2026-04-16 16:18:07.069522+09	t	121	2026-04-17 11:46:50.051974+09	121	\N	\N
122	96e04ec3-9024-41e8-a35b-9f26097b53a9	122	122	BRANCH	122	2026-04-16 16:18:07.069522+09	t	122	2026-04-17 11:46:50.051974+09	122	\N	\N
123	3bdd6e51-f321-4abe-9c9d-243b30a661a1	123	123	ALL	\N	2026-04-16 16:18:07.069522+09	t	123	2026-04-17 11:46:50.051974+09	123	\N	\N
124	7e9da6c2-78d1-488d-8898-2b3860cbfb2e	124	124	COMPANY	124	2026-04-16 16:18:07.069522+09	t	124	2026-04-17 11:46:50.051974+09	124	\N	\N
125	370c7bcf-bfba-4497-a937-be687779c64e	125	125	BRANCH	125	2026-04-16 16:18:07.069522+09	t	125	2026-04-17 11:46:50.051974+09	125	\N	\N
126	c75d4b8e-f4c9-446a-baae-19c468e3e9bb	126	126	ALL	\N	2026-04-16 16:18:07.069522+09	t	126	2026-04-17 11:46:50.051974+09	126	\N	\N
127	daea4d2b-3a06-4d67-9a46-6181f0e27751	127	127	COMPANY	127	2026-04-16 16:18:07.069522+09	t	127	2026-04-17 11:46:50.051974+09	127	\N	\N
128	074f32b6-9635-4012-852c-e954a5fcbdef	128	128	BRANCH	128	2026-04-16 16:18:07.069522+09	t	128	2026-04-17 11:46:50.051974+09	128	\N	\N
129	21b9406c-a9a6-43db-9485-17810a1567c8	129	129	ALL	\N	2026-04-16 16:18:07.069522+09	t	129	2026-04-17 11:46:50.051974+09	129	\N	\N
130	f91e0e6a-fc72-4cad-8ecd-3f16e61c189a	130	130	COMPANY	130	2026-04-16 16:18:07.069522+09	t	130	2026-04-17 11:46:50.051974+09	130	\N	\N
131	41b305a4-2b06-4cf9-ba06-93f897bc1b04	131	131	BRANCH	131	2026-04-16 16:18:07.069522+09	t	131	2026-04-17 11:46:50.051974+09	131	\N	\N
132	93daf222-cab3-48de-a1de-7df00ef903f6	132	132	ALL	\N	2026-04-16 16:18:07.069522+09	t	132	2026-04-17 11:46:50.051974+09	132	\N	\N
133	3d154148-d92c-4dd5-92eb-4e355a49eb7d	133	133	COMPANY	133	2026-04-16 16:18:07.069522+09	t	133	2026-04-17 11:46:50.051974+09	133	\N	\N
134	01e4beae-d16b-48dd-91d2-ae2e38d06527	134	134	BRANCH	134	2026-04-16 16:18:07.069522+09	t	134	2026-04-17 11:46:50.051974+09	134	\N	\N
135	c6af5ea5-207a-4ade-ad2b-3218fee87491	135	135	ALL	\N	2026-04-16 16:18:07.069522+09	t	135	2026-04-17 11:46:50.051974+09	135	\N	\N
136	1ae2fe6b-f502-41c2-8b2f-c3fbc04d5eb4	136	136	COMPANY	136	2026-04-16 16:18:07.069522+09	t	136	2026-04-17 11:46:50.051974+09	136	\N	\N
137	bff58b31-dbfb-4430-8b25-385181045abb	137	137	BRANCH	137	2026-04-16 16:18:07.069522+09	t	137	2026-04-17 11:46:50.051974+09	137	\N	\N
138	c1d60f90-954f-4013-ba54-edc8e0a3a801	138	138	ALL	\N	2026-04-16 16:18:07.069522+09	t	138	2026-04-17 11:46:50.051974+09	138	\N	\N
139	3ae438de-aee5-46f8-86fa-ed84b70fa2d8	139	139	COMPANY	139	2026-04-16 16:18:07.069522+09	t	139	2026-04-17 11:46:50.051974+09	139	\N	\N
140	f29ffdce-a3f3-4f07-bb85-c1832fead4cc	140	140	BRANCH	140	2026-04-16 16:18:07.069522+09	t	140	2026-04-17 11:46:50.051974+09	140	\N	\N
141	349bf7ea-d4f8-44d7-afa5-a5db87fc672b	141	141	ALL	\N	2026-04-16 16:18:07.069522+09	t	141	2026-04-17 11:46:50.051974+09	141	\N	\N
142	180d01df-9b81-4adb-90df-0c3ce8c89567	142	142	COMPANY	142	2026-04-16 16:18:07.069522+09	t	142	2026-04-17 11:46:50.051974+09	142	\N	\N
143	0da01ce9-6360-47a6-a7af-7d26ec1421b3	143	143	BRANCH	143	2026-04-16 16:18:07.069522+09	t	143	2026-04-17 11:46:50.051974+09	143	\N	\N
144	431fc415-0e06-48bc-98bc-684b5f0edbba	144	144	ALL	\N	2026-04-16 16:18:07.069522+09	t	144	2026-04-17 11:46:50.051974+09	144	\N	\N
145	e35b57b5-b523-4443-9787-c538c0f47401	145	145	COMPANY	145	2026-04-16 16:18:07.069522+09	t	145	2026-04-17 11:46:50.051974+09	145	\N	\N
146	66f63303-dbbb-478b-8ad8-244a877e0876	146	146	BRANCH	146	2026-04-16 16:18:07.069522+09	t	146	2026-04-17 11:46:50.051974+09	146	\N	\N
147	fd9df07b-6fc6-4ab2-a5a9-b8a7d84b130a	147	147	ALL	\N	2026-04-16 16:18:07.069522+09	t	147	2026-04-17 11:46:50.051974+09	147	\N	\N
148	b31a3ad7-503d-41ad-9efa-d6c6ed4f8f75	148	148	COMPANY	148	2026-04-16 16:18:07.069522+09	t	148	2026-04-17 11:46:50.051974+09	148	\N	\N
149	79ace59d-751b-40f4-bcdc-091070de92d2	149	149	BRANCH	149	2026-04-16 16:18:07.069522+09	t	149	2026-04-17 11:46:50.051974+09	149	\N	\N
150	f9d5c662-0c27-4ea3-aab9-54f4229fdaa8	150	150	ALL	\N	2026-04-16 16:18:07.069522+09	t	150	2026-04-17 11:46:50.051974+09	150	\N	\N
151	411e6aaa-99fd-413d-833a-0bd8273d2ce1	151	151	COMPANY	151	2026-04-16 16:18:07.069522+09	t	151	2026-04-17 11:46:50.051974+09	151	\N	\N
152	800e8182-c410-447a-b219-a686fb604e36	152	152	BRANCH	152	2026-04-16 16:18:07.069522+09	t	152	2026-04-17 11:46:50.051974+09	152	\N	\N
153	4f04bf85-6e9f-404a-9969-b14b7c8e76e5	153	153	ALL	\N	2026-04-16 16:18:07.069522+09	t	153	2026-04-17 11:46:50.051974+09	153	\N	\N
154	4a725e25-e7c4-478f-8de4-be72bf175043	154	154	COMPANY	154	2026-04-16 16:18:07.069522+09	t	154	2026-04-17 11:46:50.051974+09	154	\N	\N
155	41908fbe-0dee-43ee-89a0-80ff95c01ca5	155	155	BRANCH	155	2026-04-16 16:18:07.069522+09	t	155	2026-04-17 11:46:50.051974+09	155	\N	\N
156	1dd46a9c-6d33-407a-9c37-2c4bb2846a3f	156	156	ALL	\N	2026-04-16 16:18:07.069522+09	t	156	2026-04-17 11:46:50.051974+09	156	\N	\N
192	b51a4c12-8e62-4a99-b0d5-167e6306ea56	192	192	ALL	\N	2026-04-16 16:18:07.069522+09	t	192	2026-04-17 11:46:50.051974+09	192	\N	\N
157	0833a3be-88b5-4d2d-92a3-51e641aa70b2	157	157	COMPANY	157	2026-04-16 16:18:07.069522+09	t	157	2026-04-17 11:46:50.051974+09	157	\N	\N
158	115e9e6c-7aee-4f34-bbee-6a4536ce3ae9	158	158	BRANCH	158	2026-04-16 16:18:07.069522+09	t	158	2026-04-17 11:46:50.051974+09	158	\N	\N
159	07d4db22-474c-4d70-a69c-fa01d4a71757	159	159	ALL	\N	2026-04-16 16:18:07.069522+09	t	159	2026-04-17 11:46:50.051974+09	159	\N	\N
160	fd12f74e-2aa2-4843-a15b-97455972e7f9	160	160	COMPANY	160	2026-04-16 16:18:07.069522+09	t	160	2026-04-17 11:46:50.051974+09	160	\N	\N
161	c78e56e4-08e4-421d-93ee-b568638d1d75	161	161	BRANCH	161	2026-04-16 16:18:07.069522+09	t	161	2026-04-17 11:46:50.051974+09	161	\N	\N
162	bb94e1d9-610a-497b-89c1-57a62dfe7d4e	162	162	ALL	\N	2026-04-16 16:18:07.069522+09	t	162	2026-04-17 11:46:50.051974+09	162	\N	\N
163	662c9a51-e109-4716-a133-9bfdd093f4da	163	163	COMPANY	163	2026-04-16 16:18:07.069522+09	t	163	2026-04-17 11:46:50.051974+09	163	\N	\N
164	25147902-ed1e-44b1-a76c-8dce440016bc	164	164	BRANCH	164	2026-04-16 16:18:07.069522+09	t	164	2026-04-17 11:46:50.051974+09	164	\N	\N
165	c6dee0ab-003a-4857-8dae-89f203096d7f	165	165	ALL	\N	2026-04-16 16:18:07.069522+09	t	165	2026-04-17 11:46:50.051974+09	165	\N	\N
166	538f3400-213f-450f-8d5a-5578d456ba38	166	166	COMPANY	166	2026-04-16 16:18:07.069522+09	t	166	2026-04-17 11:46:50.051974+09	166	\N	\N
167	af7ecb7c-e62a-4af2-95ae-bfe48029c66f	167	167	BRANCH	167	2026-04-16 16:18:07.069522+09	t	167	2026-04-17 11:46:50.051974+09	167	\N	\N
168	7d38d77e-3865-469b-bb7d-37a7233597f5	168	168	ALL	\N	2026-04-16 16:18:07.069522+09	t	168	2026-04-17 11:46:50.051974+09	168	\N	\N
169	bfd434c4-fa48-4a5c-9237-e08b84683eb5	169	169	COMPANY	169	2026-04-16 16:18:07.069522+09	t	169	2026-04-17 11:46:50.051974+09	169	\N	\N
170	34d9192a-e104-4285-b56a-6d44f8974b53	170	170	BRANCH	170	2026-04-16 16:18:07.069522+09	t	170	2026-04-17 11:46:50.051974+09	170	\N	\N
171	80b50415-9719-46fa-bcbd-7befe85f3a81	171	171	ALL	\N	2026-04-16 16:18:07.069522+09	t	171	2026-04-17 11:46:50.051974+09	171	\N	\N
172	6adf50cb-7e87-4c9a-88ea-6ab7505149d0	172	172	COMPANY	172	2026-04-16 16:18:07.069522+09	t	172	2026-04-17 11:46:50.051974+09	172	\N	\N
173	79335f9a-16c2-4676-be83-07c0efd252e2	173	173	BRANCH	173	2026-04-16 16:18:07.069522+09	t	173	2026-04-17 11:46:50.051974+09	173	\N	\N
174	c77bce41-58fb-41fe-b329-e49062915cc9	174	174	ALL	\N	2026-04-16 16:18:07.069522+09	t	174	2026-04-17 11:46:50.051974+09	174	\N	\N
175	1b1e9be1-cb4b-407d-8db6-924c077b0378	175	175	COMPANY	175	2026-04-16 16:18:07.069522+09	t	175	2026-04-17 11:46:50.051974+09	175	\N	\N
176	32a92e3c-4673-4f18-8d90-eab8dbec7063	176	176	BRANCH	176	2026-04-16 16:18:07.069522+09	t	176	2026-04-17 11:46:50.051974+09	176	\N	\N
177	3a397347-ef26-4e40-b86e-b1e541caa1ec	177	177	ALL	\N	2026-04-16 16:18:07.069522+09	t	177	2026-04-17 11:46:50.051974+09	177	\N	\N
178	4c78b482-0039-4b8d-8c76-0356f3aa979d	178	178	COMPANY	178	2026-04-16 16:18:07.069522+09	t	178	2026-04-17 11:46:50.051974+09	178	\N	\N
179	8b5768bb-dcfb-441a-9200-24d325bdb9b1	179	179	BRANCH	179	2026-04-16 16:18:07.069522+09	t	179	2026-04-17 11:46:50.051974+09	179	\N	\N
180	5cf61156-771b-48f8-836e-147e3e86e88d	180	180	ALL	\N	2026-04-16 16:18:07.069522+09	t	180	2026-04-17 11:46:50.051974+09	180	\N	\N
181	27e393bc-488e-44ad-8739-f244d3a57a9c	181	181	COMPANY	181	2026-04-16 16:18:07.069522+09	t	181	2026-04-17 11:46:50.051974+09	181	\N	\N
182	833dd440-f99c-4c43-951f-b4b70f9a1c8d	182	182	BRANCH	182	2026-04-16 16:18:07.069522+09	t	182	2026-04-17 11:46:50.051974+09	182	\N	\N
183	57de07e8-7159-4268-8ba3-754e14937ce6	183	183	ALL	\N	2026-04-16 16:18:07.069522+09	t	183	2026-04-17 11:46:50.051974+09	183	\N	\N
184	3ee66d51-8c25-414b-8723-2e45c6ca4efc	184	184	COMPANY	184	2026-04-16 16:18:07.069522+09	t	184	2026-04-17 11:46:50.051974+09	184	\N	\N
185	b23a7a74-6296-4d2b-b0f0-6ff99ff78ce9	185	185	BRANCH	185	2026-04-16 16:18:07.069522+09	t	185	2026-04-17 11:46:50.051974+09	185	\N	\N
186	0f0672f6-066b-44b4-b86a-d3e8627e9f3e	186	186	ALL	\N	2026-04-16 16:18:07.069522+09	t	186	2026-04-17 11:46:50.051974+09	186	\N	\N
187	bf5dcb72-9d9b-49a5-80ac-de34b494b70d	187	187	COMPANY	187	2026-04-16 16:18:07.069522+09	t	187	2026-04-17 11:46:50.051974+09	187	\N	\N
188	c1f64aa7-3caf-4a91-92a9-6b8fb3381f83	188	188	BRANCH	188	2026-04-16 16:18:07.069522+09	t	188	2026-04-17 11:46:50.051974+09	188	\N	\N
189	c03f9921-90d1-413c-b27e-ed6c9033e92c	189	189	ALL	\N	2026-04-16 16:18:07.069522+09	t	189	2026-04-17 11:46:50.051974+09	189	\N	\N
190	a803bbc9-2994-4374-acd9-2f539a77da00	190	190	COMPANY	190	2026-04-16 16:18:07.069522+09	t	190	2026-04-17 11:46:50.051974+09	190	\N	\N
191	5dea7bf8-b819-42f6-be56-807e66d15634	191	191	BRANCH	191	2026-04-16 16:18:07.069522+09	t	191	2026-04-17 11:46:50.051974+09	191	\N	\N
193	d80c787e-cf69-4fc7-87dc-0f8320abd9b0	193	193	COMPANY	193	2026-04-16 16:18:07.069522+09	t	193	2026-04-17 11:46:50.051974+09	193	\N	\N
194	8d66dd94-03ab-40ed-8a0e-077e6b3ec5fb	194	194	BRANCH	194	2026-04-16 16:18:07.069522+09	t	194	2026-04-17 11:46:50.051974+09	194	\N	\N
195	0e8407d3-2552-45c3-b52b-b14803bf9c94	195	195	ALL	\N	2026-04-16 16:18:07.069522+09	t	195	2026-04-17 11:46:50.051974+09	195	\N	\N
196	3beca234-52da-4ae6-a159-835b56e63eec	196	196	COMPANY	196	2026-04-16 16:18:07.069522+09	t	196	2026-04-17 11:46:50.051974+09	196	\N	\N
197	f4027c12-cb1f-4bbb-b16c-c272a4aed0f2	197	197	BRANCH	197	2026-04-16 16:18:07.069522+09	t	197	2026-04-17 11:46:50.051974+09	197	\N	\N
198	53208bef-d8d8-4663-bdbe-19cb675d6e11	198	198	ALL	\N	2026-04-16 16:18:07.069522+09	t	198	2026-04-17 11:46:50.051974+09	198	\N	\N
199	552a3d10-6c73-44c4-a8f2-7afd1988a54b	199	199	COMPANY	199	2026-04-16 16:18:07.069522+09	t	199	2026-04-17 11:46:50.051974+09	199	\N	\N
200	a3aac090-356d-482c-8ea1-72dd75feafc0	200	200	BRANCH	200	2026-04-16 16:18:07.069522+09	t	200	2026-04-17 11:46:50.051974+09	200	\N	\N
\.


--
-- Data for Name: user_roles; Type: TABLE DATA; Schema: core; Owner: -
--

COPY core.user_roles (user_id, role_id, granted_by, granted_at, is_active, created_at, created_by, updated_at, updated_by, deleted_at, deleted_by) FROM stdin;
101	101	101	2026-04-16 16:18:07.069522+09	t	2026-04-17 11:41:57.024596+09	101	2026-04-17 11:46:50.051974+09	101	\N	\N
102	102	102	2026-04-16 16:18:07.069522+09	t	2026-04-17 11:41:57.024596+09	101	2026-04-17 11:46:50.051974+09	101	\N	\N
103	103	103	2026-04-16 16:18:07.069522+09	t	2026-04-17 11:41:57.024596+09	101	2026-04-17 11:46:50.051974+09	101	\N	\N
104	104	104	2026-04-16 16:18:07.069522+09	t	2026-04-17 11:41:57.024596+09	101	2026-04-17 11:46:50.051974+09	101	\N	\N
105	105	105	2026-04-16 16:18:07.069522+09	t	2026-04-17 11:41:57.024596+09	101	2026-04-17 11:46:50.051974+09	101	\N	\N
106	106	106	2026-04-16 16:18:07.069522+09	t	2026-04-17 11:41:57.024596+09	101	2026-04-17 11:46:50.051974+09	101	\N	\N
107	107	107	2026-04-16 16:18:07.069522+09	t	2026-04-17 11:41:57.024596+09	101	2026-04-17 11:46:50.051974+09	101	\N	\N
108	108	108	2026-04-16 16:18:07.069522+09	t	2026-04-17 11:41:57.024596+09	101	2026-04-17 11:46:50.051974+09	101	\N	\N
109	109	109	2026-04-16 16:18:07.069522+09	t	2026-04-17 11:41:57.024596+09	101	2026-04-17 11:46:50.051974+09	101	\N	\N
110	110	110	2026-04-16 16:18:07.069522+09	t	2026-04-17 11:41:57.024596+09	101	2026-04-17 11:46:50.051974+09	101	\N	\N
111	111	111	2026-04-16 16:18:07.069522+09	t	2026-04-17 11:41:57.024596+09	101	2026-04-17 11:46:50.051974+09	101	\N	\N
112	112	112	2026-04-16 16:18:07.069522+09	t	2026-04-17 11:41:57.024596+09	101	2026-04-17 11:46:50.051974+09	101	\N	\N
113	113	113	2026-04-16 16:18:07.069522+09	t	2026-04-17 11:41:57.024596+09	101	2026-04-17 11:46:50.051974+09	101	\N	\N
114	114	114	2026-04-16 16:18:07.069522+09	t	2026-04-17 11:41:57.024596+09	101	2026-04-17 11:46:50.051974+09	101	\N	\N
115	115	115	2026-04-16 16:18:07.069522+09	t	2026-04-17 11:41:57.024596+09	101	2026-04-17 11:46:50.051974+09	101	\N	\N
116	116	116	2026-04-16 16:18:07.069522+09	t	2026-04-17 11:41:57.024596+09	101	2026-04-17 11:46:50.051974+09	101	\N	\N
117	117	117	2026-04-16 16:18:07.069522+09	t	2026-04-17 11:41:57.024596+09	101	2026-04-17 11:46:50.051974+09	101	\N	\N
118	118	118	2026-04-16 16:18:07.069522+09	t	2026-04-17 11:41:57.024596+09	101	2026-04-17 11:46:50.051974+09	101	\N	\N
119	119	119	2026-04-16 16:18:07.069522+09	t	2026-04-17 11:41:57.024596+09	101	2026-04-17 11:46:50.051974+09	101	\N	\N
120	120	120	2026-04-16 16:18:07.069522+09	t	2026-04-17 11:41:57.024596+09	101	2026-04-17 11:46:50.051974+09	101	\N	\N
121	121	121	2026-04-16 16:18:07.069522+09	t	2026-04-17 11:41:57.024596+09	101	2026-04-17 11:46:50.051974+09	101	\N	\N
122	122	122	2026-04-16 16:18:07.069522+09	t	2026-04-17 11:41:57.024596+09	101	2026-04-17 11:46:50.051974+09	101	\N	\N
123	123	123	2026-04-16 16:18:07.069522+09	t	2026-04-17 11:41:57.024596+09	101	2026-04-17 11:46:50.051974+09	101	\N	\N
124	124	124	2026-04-16 16:18:07.069522+09	t	2026-04-17 11:41:57.024596+09	101	2026-04-17 11:46:50.051974+09	101	\N	\N
125	125	125	2026-04-16 16:18:07.069522+09	t	2026-04-17 11:41:57.024596+09	101	2026-04-17 11:46:50.051974+09	101	\N	\N
126	126	126	2026-04-16 16:18:07.069522+09	t	2026-04-17 11:41:57.024596+09	101	2026-04-17 11:46:50.051974+09	101	\N	\N
127	127	127	2026-04-16 16:18:07.069522+09	t	2026-04-17 11:41:57.024596+09	101	2026-04-17 11:46:50.051974+09	101	\N	\N
128	128	128	2026-04-16 16:18:07.069522+09	t	2026-04-17 11:41:57.024596+09	101	2026-04-17 11:46:50.051974+09	101	\N	\N
129	129	129	2026-04-16 16:18:07.069522+09	t	2026-04-17 11:41:57.024596+09	101	2026-04-17 11:46:50.051974+09	101	\N	\N
130	130	130	2026-04-16 16:18:07.069522+09	t	2026-04-17 11:41:57.024596+09	101	2026-04-17 11:46:50.051974+09	101	\N	\N
131	131	131	2026-04-16 16:18:07.069522+09	t	2026-04-17 11:41:57.024596+09	101	2026-04-17 11:46:50.051974+09	101	\N	\N
132	132	132	2026-04-16 16:18:07.069522+09	t	2026-04-17 11:41:57.024596+09	101	2026-04-17 11:46:50.051974+09	101	\N	\N
133	133	133	2026-04-16 16:18:07.069522+09	t	2026-04-17 11:41:57.024596+09	101	2026-04-17 11:46:50.051974+09	101	\N	\N
134	134	134	2026-04-16 16:18:07.069522+09	t	2026-04-17 11:41:57.024596+09	101	2026-04-17 11:46:50.051974+09	101	\N	\N
135	135	135	2026-04-16 16:18:07.069522+09	t	2026-04-17 11:41:57.024596+09	101	2026-04-17 11:46:50.051974+09	101	\N	\N
136	136	136	2026-04-16 16:18:07.069522+09	t	2026-04-17 11:41:57.024596+09	101	2026-04-17 11:46:50.051974+09	101	\N	\N
137	137	137	2026-04-16 16:18:07.069522+09	t	2026-04-17 11:41:57.024596+09	101	2026-04-17 11:46:50.051974+09	101	\N	\N
138	138	138	2026-04-16 16:18:07.069522+09	t	2026-04-17 11:41:57.024596+09	101	2026-04-17 11:46:50.051974+09	101	\N	\N
139	139	139	2026-04-16 16:18:07.069522+09	t	2026-04-17 11:41:57.024596+09	101	2026-04-17 11:46:50.051974+09	101	\N	\N
140	140	140	2026-04-16 16:18:07.069522+09	t	2026-04-17 11:41:57.024596+09	101	2026-04-17 11:46:50.051974+09	101	\N	\N
141	141	141	2026-04-16 16:18:07.069522+09	t	2026-04-17 11:41:57.024596+09	101	2026-04-17 11:46:50.051974+09	101	\N	\N
142	142	142	2026-04-16 16:18:07.069522+09	t	2026-04-17 11:41:57.024596+09	101	2026-04-17 11:46:50.051974+09	101	\N	\N
143	143	143	2026-04-16 16:18:07.069522+09	t	2026-04-17 11:41:57.024596+09	101	2026-04-17 11:46:50.051974+09	101	\N	\N
144	144	144	2026-04-16 16:18:07.069522+09	t	2026-04-17 11:41:57.024596+09	101	2026-04-17 11:46:50.051974+09	101	\N	\N
145	145	145	2026-04-16 16:18:07.069522+09	t	2026-04-17 11:41:57.024596+09	101	2026-04-17 11:46:50.051974+09	101	\N	\N
146	146	146	2026-04-16 16:18:07.069522+09	t	2026-04-17 11:41:57.024596+09	101	2026-04-17 11:46:50.051974+09	101	\N	\N
147	147	147	2026-04-16 16:18:07.069522+09	t	2026-04-17 11:41:57.024596+09	101	2026-04-17 11:46:50.051974+09	101	\N	\N
148	148	148	2026-04-16 16:18:07.069522+09	t	2026-04-17 11:41:57.024596+09	101	2026-04-17 11:46:50.051974+09	101	\N	\N
149	149	149	2026-04-16 16:18:07.069522+09	t	2026-04-17 11:41:57.024596+09	101	2026-04-17 11:46:50.051974+09	101	\N	\N
150	150	150	2026-04-16 16:18:07.069522+09	t	2026-04-17 11:41:57.024596+09	101	2026-04-17 11:46:50.051974+09	101	\N	\N
151	151	151	2026-04-16 16:18:07.069522+09	t	2026-04-17 11:41:57.024596+09	101	2026-04-17 11:46:50.051974+09	101	\N	\N
152	152	152	2026-04-16 16:18:07.069522+09	t	2026-04-17 11:41:57.024596+09	101	2026-04-17 11:46:50.051974+09	101	\N	\N
153	153	153	2026-04-16 16:18:07.069522+09	t	2026-04-17 11:41:57.024596+09	101	2026-04-17 11:46:50.051974+09	101	\N	\N
154	154	154	2026-04-16 16:18:07.069522+09	t	2026-04-17 11:41:57.024596+09	101	2026-04-17 11:46:50.051974+09	101	\N	\N
155	155	155	2026-04-16 16:18:07.069522+09	t	2026-04-17 11:41:57.024596+09	101	2026-04-17 11:46:50.051974+09	101	\N	\N
156	156	156	2026-04-16 16:18:07.069522+09	t	2026-04-17 11:41:57.024596+09	101	2026-04-17 11:46:50.051974+09	101	\N	\N
157	157	157	2026-04-16 16:18:07.069522+09	t	2026-04-17 11:41:57.024596+09	101	2026-04-17 11:46:50.051974+09	101	\N	\N
158	158	158	2026-04-16 16:18:07.069522+09	t	2026-04-17 11:41:57.024596+09	101	2026-04-17 11:46:50.051974+09	101	\N	\N
159	159	159	2026-04-16 16:18:07.069522+09	t	2026-04-17 11:41:57.024596+09	101	2026-04-17 11:46:50.051974+09	101	\N	\N
160	160	160	2026-04-16 16:18:07.069522+09	t	2026-04-17 11:41:57.024596+09	101	2026-04-17 11:46:50.051974+09	101	\N	\N
161	161	161	2026-04-16 16:18:07.069522+09	t	2026-04-17 11:41:57.024596+09	101	2026-04-17 11:46:50.051974+09	101	\N	\N
162	162	162	2026-04-16 16:18:07.069522+09	t	2026-04-17 11:41:57.024596+09	101	2026-04-17 11:46:50.051974+09	101	\N	\N
163	163	163	2026-04-16 16:18:07.069522+09	t	2026-04-17 11:41:57.024596+09	101	2026-04-17 11:46:50.051974+09	101	\N	\N
164	164	164	2026-04-16 16:18:07.069522+09	t	2026-04-17 11:41:57.024596+09	101	2026-04-17 11:46:50.051974+09	101	\N	\N
165	165	165	2026-04-16 16:18:07.069522+09	t	2026-04-17 11:41:57.024596+09	101	2026-04-17 11:46:50.051974+09	101	\N	\N
166	166	166	2026-04-16 16:18:07.069522+09	t	2026-04-17 11:41:57.024596+09	101	2026-04-17 11:46:50.051974+09	101	\N	\N
167	167	167	2026-04-16 16:18:07.069522+09	t	2026-04-17 11:41:57.024596+09	101	2026-04-17 11:46:50.051974+09	101	\N	\N
168	168	168	2026-04-16 16:18:07.069522+09	t	2026-04-17 11:41:57.024596+09	101	2026-04-17 11:46:50.051974+09	101	\N	\N
169	169	169	2026-04-16 16:18:07.069522+09	t	2026-04-17 11:41:57.024596+09	101	2026-04-17 11:46:50.051974+09	101	\N	\N
170	170	170	2026-04-16 16:18:07.069522+09	t	2026-04-17 11:41:57.024596+09	101	2026-04-17 11:46:50.051974+09	101	\N	\N
171	171	171	2026-04-16 16:18:07.069522+09	t	2026-04-17 11:41:57.024596+09	101	2026-04-17 11:46:50.051974+09	101	\N	\N
172	172	172	2026-04-16 16:18:07.069522+09	t	2026-04-17 11:41:57.024596+09	101	2026-04-17 11:46:50.051974+09	101	\N	\N
173	173	173	2026-04-16 16:18:07.069522+09	t	2026-04-17 11:41:57.024596+09	101	2026-04-17 11:46:50.051974+09	101	\N	\N
174	174	174	2026-04-16 16:18:07.069522+09	t	2026-04-17 11:41:57.024596+09	101	2026-04-17 11:46:50.051974+09	101	\N	\N
175	175	175	2026-04-16 16:18:07.069522+09	t	2026-04-17 11:41:57.024596+09	101	2026-04-17 11:46:50.051974+09	101	\N	\N
176	176	176	2026-04-16 16:18:07.069522+09	t	2026-04-17 11:41:57.024596+09	101	2026-04-17 11:46:50.051974+09	101	\N	\N
177	177	177	2026-04-16 16:18:07.069522+09	t	2026-04-17 11:41:57.024596+09	101	2026-04-17 11:46:50.051974+09	101	\N	\N
178	178	178	2026-04-16 16:18:07.069522+09	t	2026-04-17 11:41:57.024596+09	101	2026-04-17 11:46:50.051974+09	101	\N	\N
179	179	179	2026-04-16 16:18:07.069522+09	t	2026-04-17 11:41:57.024596+09	101	2026-04-17 11:46:50.051974+09	101	\N	\N
180	180	180	2026-04-16 16:18:07.069522+09	t	2026-04-17 11:41:57.024596+09	101	2026-04-17 11:46:50.051974+09	101	\N	\N
181	181	181	2026-04-16 16:18:07.069522+09	t	2026-04-17 11:41:57.024596+09	101	2026-04-17 11:46:50.051974+09	101	\N	\N
182	182	182	2026-04-16 16:18:07.069522+09	t	2026-04-17 11:41:57.024596+09	101	2026-04-17 11:46:50.051974+09	101	\N	\N
183	183	183	2026-04-16 16:18:07.069522+09	t	2026-04-17 11:41:57.024596+09	101	2026-04-17 11:46:50.051974+09	101	\N	\N
184	184	184	2026-04-16 16:18:07.069522+09	t	2026-04-17 11:41:57.024596+09	101	2026-04-17 11:46:50.051974+09	101	\N	\N
185	185	185	2026-04-16 16:18:07.069522+09	t	2026-04-17 11:41:57.024596+09	101	2026-04-17 11:46:50.051974+09	101	\N	\N
186	186	186	2026-04-16 16:18:07.069522+09	t	2026-04-17 11:41:57.024596+09	101	2026-04-17 11:46:50.051974+09	101	\N	\N
187	187	187	2026-04-16 16:18:07.069522+09	t	2026-04-17 11:41:57.024596+09	101	2026-04-17 11:46:50.051974+09	101	\N	\N
188	188	188	2026-04-16 16:18:07.069522+09	t	2026-04-17 11:41:57.024596+09	101	2026-04-17 11:46:50.051974+09	101	\N	\N
189	189	189	2026-04-16 16:18:07.069522+09	t	2026-04-17 11:41:57.024596+09	101	2026-04-17 11:46:50.051974+09	101	\N	\N
190	190	190	2026-04-16 16:18:07.069522+09	t	2026-04-17 11:41:57.024596+09	101	2026-04-17 11:46:50.051974+09	101	\N	\N
191	191	191	2026-04-16 16:18:07.069522+09	t	2026-04-17 11:41:57.024596+09	101	2026-04-17 11:46:50.051974+09	101	\N	\N
192	192	192	2026-04-16 16:18:07.069522+09	t	2026-04-17 11:41:57.024596+09	101	2026-04-17 11:46:50.051974+09	101	\N	\N
193	193	193	2026-04-16 16:18:07.069522+09	t	2026-04-17 11:41:57.024596+09	101	2026-04-17 11:46:50.051974+09	101	\N	\N
194	194	194	2026-04-16 16:18:07.069522+09	t	2026-04-17 11:41:57.024596+09	101	2026-04-17 11:46:50.051974+09	101	\N	\N
195	195	195	2026-04-16 16:18:07.069522+09	t	2026-04-17 11:41:57.024596+09	101	2026-04-17 11:46:50.051974+09	101	\N	\N
196	196	196	2026-04-16 16:18:07.069522+09	t	2026-04-17 11:41:57.024596+09	101	2026-04-17 11:46:50.051974+09	101	\N	\N
197	197	197	2026-04-16 16:18:07.069522+09	t	2026-04-17 11:41:57.024596+09	101	2026-04-17 11:46:50.051974+09	101	\N	\N
198	198	198	2026-04-16 16:18:07.069522+09	t	2026-04-17 11:41:57.024596+09	101	2026-04-17 11:46:50.051974+09	101	\N	\N
199	199	199	2026-04-16 16:18:07.069522+09	t	2026-04-17 11:41:57.024596+09	101	2026-04-17 11:46:50.051974+09	101	\N	\N
200	200	200	2026-04-16 16:18:07.069522+09	t	2026-04-17 11:41:57.024596+09	101	2026-04-17 11:46:50.051974+09	101	\N	\N
\.


--
-- Data for Name: users; Type: TABLE DATA; Schema: core; Owner: -
--

COPY core.users (user_id, user_uid, tenant_id, company_id, branch_id, login_id, password_hash, user_name, email, phone, user_type, auth_provider, mfa_enabled, locked_at, last_login_at, is_active, deleted_at, created_at, updated_at, created_by, updated_by, deleted_by) FROM stdin;
101	bafa97a0-0323-4ccf-a1c9-4ebe7004979c	101	101	101	user001	$2b$12$6noprBUWmr/b50HjjjXN.uXbpoevxaa7ecjWeoZZv0hqthO/zswkG	Test User 101	user001@example.test	010-9000-0001	INTERNAL	LOCAL	f	\N	2026-04-29 02:05:23.580864+09	t	\N	2026-04-16 16:18:07.069522+09	2026-04-29 02:05:23.364396+09	101	101	\N
202	3a5498e6-b131-4cd3-a553-5d1058d2c3ab	202	\N	\N	neo	$2b$12$6i2azZv7WbkDKjelPt3j8.943MBsMfKQCZlXYF5PVRBRqM0w0WG6u	neo	\N	\N	ADMIN	LOCAL	f	\N	\N	t	\N	2026-04-28 23:01:49.057374+09	2026-04-28 23:01:49.057374+09	\N	\N	\N
204	c872f76e-68da-487a-a90e-6f00abd8c49b	204	\N	\N	neo02	$2b$12$5B7UdBS2oYcwM22xuj5V1.YVCkAYy1EbbgI02BlRjBagOOp9xfJ3C	neo02	\N	\N	ADMIN	LOCAL	f	\N	2026-04-28 23:24:37.272906+09	t	\N	2026-04-28 23:14:41.775109+09	2026-04-28 23:24:37.052804+09	\N	\N	\N
203	3dd9241b-e75c-4388-a1e1-6639e907f9e4	203	\N	\N	neo2	$2b$12$xjnJjp8EFHoBcaDthb.cPuPP6I5YiDhJO0pYXuw8fy2EZSALTwz7O	neo2	\N	\N	ADMIN	LOCAL	f	\N	2026-04-29 01:49:47.959955+09	t	\N	2026-04-28 23:12:32.439815+09	2026-04-29 01:49:47.73883+09	\N	\N	\N
116	9cd08d78-5c12-4103-805c-e56f8defd1a8	116	116	116	user016	$2a$12$9YnGBOrgdgtneyZtsq3tPODtkDtFUDQW0neMyzguXUQOMou0OXDTG	Test User 116	user016@example.test	010-9000-0016	INTERNAL	LOCAL	f	\N	2026-04-16 00:18:07.069522+09	t	\N	2026-04-16 16:18:07.069522+09	2026-04-18 21:08:02.124221+09	116	116	\N
117	635d3a8a-6c12-4aa5-84c0-248eb998298b	117	117	117	user017	$2a$12$8KoOWt.J3GNrulF.QqIubeX/Sx3rRs/7M1wQhNNG0QGZXBiQ30NGW	Test User 117	user017@example.test	010-9000-0017	SHIPPER	LOCAL	f	\N	2026-04-15 23:18:07.069522+09	t	\N	2026-04-16 16:18:07.069522+09	2026-04-18 21:08:02.124221+09	117	117	\N
118	1ac2be0b-966e-4678-bc4e-442b3c6ea539	118	118	118	user018	$2a$12$uaSgjn.476Bl6sqPODwXf.iv6FOEyY2ZOYc1zLad2GpEUcLGu1iym	Test User 118	user018@example.test	010-9000-0018	CARRIER	LOCAL	f	\N	2026-04-15 22:18:07.069522+09	t	\N	2026-04-16 16:18:07.069522+09	2026-04-18 21:08:02.124221+09	118	118	\N
119	909acf06-5b85-484f-85e6-87acffa3c4d2	119	119	119	user019	$2a$12$Zo6L3TpQnNfz61tDIehVFesdDfLIYchP7eZSIFo7qEDJptGxjjND.	Test User 119	user019@example.test	010-9000-0019	AUDITOR	LOCAL	f	\N	2026-04-15 21:18:07.069522+09	t	\N	2026-04-16 16:18:07.069522+09	2026-04-18 21:08:02.124221+09	119	119	\N
120	b67ad7cc-18a2-46a6-b507-07e1380dabbb	120	120	120	user020	$2a$12$DGdHH1VpSpEfWmnulVXake8jfCmswHLv5LLOXIfnHzNqh0JTgmNY2	Test User 120	user020@example.test	010-9000-0020	DRIVER	LOCAL	t	\N	2026-04-15 20:18:07.069522+09	t	\N	2026-04-16 16:18:07.069522+09	2026-04-18 21:08:02.124221+09	120	120	\N
121	691aa082-e65f-4eff-a0f4-19c16a98c658	121	121	121	user021	$2a$12$q3GTAd4SQPxDdobt9u5YBufx1S1EXy3T15Zu6YEHYctFPUSUbbeGu	Test User 121	user021@example.test	010-9000-0021	INTERNAL	LOCAL	f	\N	2026-04-15 19:18:07.069522+09	t	\N	2026-04-16 16:18:07.069522+09	2026-04-18 21:08:02.124221+09	121	121	\N
122	e1e2fd86-f03c-4279-a94b-12dcf10a848f	122	122	122	user022	$2a$12$2r9jshVJVakixsE5dfHD0.7E1VwEE0s2Y1W2nvKqRHKLxY1vAgIiS	Test User 122	user022@example.test	010-9000-0022	SHIPPER	LOCAL	f	\N	2026-04-15 18:18:07.069522+09	t	\N	2026-04-16 16:18:07.069522+09	2026-04-18 21:08:02.124221+09	122	122	\N
123	82b7afc8-381d-4e40-83bd-034efa7ef0c3	123	123	123	user023	$2a$12$ce/zey4uAIyMj2JeegSyOevzSykOPB9zc4AAwm.Y6HoGMwCbUdpea	Test User 123	user023@example.test	010-9000-0023	CARRIER	LOCAL	f	\N	2026-04-15 17:18:07.069522+09	t	\N	2026-04-16 16:18:07.069522+09	2026-04-18 21:08:02.124221+09	123	123	\N
124	1424b93a-302b-4061-9476-1c581f89525f	124	124	124	user024	$2a$12$SgkNGMa/EhSbyxNXHqJo8O1RgHUtMjTpftYGvaQcQwRoaAEG1RhhG	Test User 124	user024@example.test	010-9000-0024	AUDITOR	LOCAL	f	\N	2026-04-15 16:18:07.069522+09	t	\N	2026-04-16 16:18:07.069522+09	2026-04-18 21:08:02.124221+09	124	124	\N
125	3cbceabf-af7d-44ac-bfb1-10be1b25ccc9	125	125	125	user025	$2a$12$T/L8pLqwuz4pDcbqyCY8cOte0O6V/yO.FhHJ003PMFzh7rChfKVkC	Test User 125	user025@example.test	010-9000-0025	DRIVER	LOCAL	f	\N	2026-04-15 15:18:07.069522+09	t	\N	2026-04-16 16:18:07.069522+09	2026-04-18 21:08:02.124221+09	125	125	\N
126	0f7059e7-1040-4314-a275-a75a9f698679	126	126	126	user026	$2a$12$9FfJj1O.HMiibSEHlfKzYeGSi.kQvfkyN5QvwBGQ5kT4YuULBKleq	Test User 126	user026@example.test	010-9000-0026	INTERNAL	LOCAL	f	\N	2026-04-15 14:18:07.069522+09	t	\N	2026-04-16 16:18:07.069522+09	2026-04-18 21:08:02.124221+09	126	126	\N
127	ed37cb09-29cf-4474-9796-a4c62b5da481	127	127	127	user027	$2a$12$1YSV0Z82JKn3IKosyZ6mT.7XDLVZIGiAR69y.Mf5PB3LAlRcChq/O	Test User 127	user027@example.test	010-9000-0027	SHIPPER	LOCAL	f	\N	2026-04-15 13:18:07.069522+09	t	\N	2026-04-16 16:18:07.069522+09	2026-04-18 21:08:02.124221+09	127	127	\N
128	b57b87cc-ef39-4649-b527-687cd7cbe217	128	128	128	user028	$2a$12$x33yx4qtIHxfNpGhxqwvxeCrlhQyearH9gFqPn24pKJkhSXpp7Fum	Test User 128	user028@example.test	010-9000-0028	CARRIER	LOCAL	f	\N	2026-04-15 12:18:07.069522+09	t	\N	2026-04-16 16:18:07.069522+09	2026-04-18 21:08:02.124221+09	128	128	\N
129	5fd7991f-121f-4ede-8d3b-b8ffb5cd2257	129	129	129	user029	$2a$12$V/bIrwy4/D9Zrfe/gRol/OuvHPQO3ltYO2y94wZ4Ygp8RzbJ3M4CS	Test User 129	user029@example.test	010-9000-0029	AUDITOR	LOCAL	f	\N	2026-04-15 11:18:07.069522+09	t	\N	2026-04-16 16:18:07.069522+09	2026-04-18 21:08:02.124221+09	129	129	\N
130	2c0970d2-938c-4f64-9684-5fe9f809889e	130	130	130	user030	$2a$12$GOY28MWxQoME4woKTcCAre6GoSXAC4fFGjk2VWNJY2T8WIt30MmCC	Test User 130	user030@example.test	010-9000-0030	DRIVER	LOCAL	t	\N	2026-04-15 10:18:07.069522+09	t	\N	2026-04-16 16:18:07.069522+09	2026-04-18 21:08:02.124221+09	130	130	\N
131	c6400586-1171-4e98-83bf-585183256c19	131	131	131	user031	$2a$12$UUxzaBNUY0Z.eI5l9NfWtuUAKrzgIT7dXmmnUm6H8U/kbOqhJz7zq	Test User 131	user031@example.test	010-9000-0031	INTERNAL	LOCAL	f	\N	2026-04-15 09:18:07.069522+09	t	\N	2026-04-16 16:18:07.069522+09	2026-04-18 21:08:02.124221+09	131	131	\N
132	ec3bbb2c-15f1-4e28-9372-dfccd8aaac71	132	132	132	user032	$2a$12$CK4cziIUIJ/gtqIwYiHYWuGiz5kfISGm8AH04j7r1oOcD7BrKZLzm	Test User 132	user032@example.test	010-9000-0032	SHIPPER	LOCAL	f	\N	2026-04-15 08:18:07.069522+09	t	\N	2026-04-16 16:18:07.069522+09	2026-04-18 21:08:02.124221+09	132	132	\N
133	903bc22f-4304-42e7-a7f7-95bb397859fd	133	133	133	user033	$2a$12$D21N1z3R8IRRL1w9vPoQRuxCF2laYt.xxRa8/85e5/Mx8kakeVYMm	Test User 133	user033@example.test	010-9000-0033	CARRIER	LOCAL	f	\N	2026-04-15 07:18:07.069522+09	t	\N	2026-04-16 16:18:07.069522+09	2026-04-18 21:08:02.124221+09	133	133	\N
134	110b7869-a4fc-4419-8e2f-8214ac3b59b9	134	134	134	user034	$2a$12$CCuZ5t.8rQUQtGRPlsUwmeGzFFz.3K8zTP/X2A3CA1FiC5yRS4rpu	Test User 134	user034@example.test	010-9000-0034	AUDITOR	LOCAL	f	\N	2026-04-15 06:18:07.069522+09	t	\N	2026-04-16 16:18:07.069522+09	2026-04-18 21:08:02.124221+09	134	134	\N
135	8fd41b15-15d6-447f-bcaa-bd500864204b	135	135	135	user035	$2a$12$AATr1qJYosNfyUnhR7qIYuezknAJAnmbmx7bxCxjvl9G/E9znZ/bu	Test User 135	user035@example.test	010-9000-0035	DRIVER	LOCAL	f	\N	2026-04-15 05:18:07.069522+09	t	\N	2026-04-16 16:18:07.069522+09	2026-04-18 21:08:02.124221+09	135	135	\N
136	61c4e1ad-0354-48ca-8a5c-6716b58dbf83	136	136	136	user036	$2a$12$pe5tFtbpaAkxbUli9BO.buTpURllcvjEfxwtfQpptRVzVwWr//HaO	Test User 136	user036@example.test	010-9000-0036	INTERNAL	LOCAL	f	\N	2026-04-15 04:18:07.069522+09	t	\N	2026-04-16 16:18:07.069522+09	2026-04-18 21:08:02.124221+09	136	136	\N
137	b43d510c-51c6-455c-b5dd-190977a507a1	137	137	137	user037	$2a$12$VCwBWZroQ3Mt8oNGfTuzU.lTavYOAdb5w.usXyWRjwMYyV7Pct4Cm	Test User 137	user037@example.test	010-9000-0037	SHIPPER	LOCAL	f	\N	2026-04-15 03:18:07.069522+09	t	\N	2026-04-16 16:18:07.069522+09	2026-04-18 21:08:02.124221+09	137	137	\N
138	e251775a-a1a1-4702-a54d-f3d3b3e59062	138	138	138	user038	$2a$12$HW4Aqf7Y5CZbaGCgxwn2D.SXaWwqJ0slJEXBmNkIxKpbaygx6fQCa	Test User 138	user038@example.test	010-9000-0038	CARRIER	LOCAL	f	\N	2026-04-15 02:18:07.069522+09	t	\N	2026-04-16 16:18:07.069522+09	2026-04-18 21:08:02.124221+09	138	138	\N
139	e2c96948-e114-4619-9910-2e19534514ca	139	139	139	user039	$2a$12$uVnUJQhlV16S5zDa7bG0yO0a8R64rsQZ0XiY72Iy8NeQUe/KG73/m	Test User 139	user039@example.test	010-9000-0039	AUDITOR	LOCAL	f	\N	2026-04-15 01:18:07.069522+09	t	\N	2026-04-16 16:18:07.069522+09	2026-04-18 21:08:02.124221+09	139	139	\N
140	29d7e070-76db-4a68-a172-04c918d89f0a	140	140	140	user040	$2a$12$A2dHs4OKFPuoUnyeb2NNiOFnzUTn4jiLDR4X47WD4SOM/3JLGjbfu	Test User 140	user040@example.test	010-9000-0040	DRIVER	LOCAL	t	\N	2026-04-15 00:18:07.069522+09	t	\N	2026-04-16 16:18:07.069522+09	2026-04-18 21:08:02.124221+09	140	140	\N
141	62169c6e-0793-4f31-a6a5-7837cb5310c4	141	141	141	user041	$2a$12$176MrmR/n9IX7jOA.7Gw4eZgIZ6JUktSj3XdRa5VAMRVClddVgTMS	Test User 141	user041@example.test	010-9000-0041	INTERNAL	LOCAL	f	\N	2026-04-14 23:18:07.069522+09	t	\N	2026-04-16 16:18:07.069522+09	2026-04-18 21:08:02.124221+09	141	141	\N
142	8e6a6fb2-d928-48c1-9421-4da6c6ce2f1c	142	142	142	user042	$2a$12$lYrVHjg0LkYlPwXZdFm78uj2j/Vpk8MfJN239bGqTR7bq0/66Qd0K	Test User 142	user042@example.test	010-9000-0042	SHIPPER	LOCAL	f	\N	2026-04-14 22:18:07.069522+09	t	\N	2026-04-16 16:18:07.069522+09	2026-04-18 21:08:02.124221+09	142	142	\N
143	8e7c10ba-a333-4413-b4ac-d6a2ba81e5ba	143	143	143	user043	$2a$12$1lZcmMqSDDoDwY85fFu/wu8aeeMYxsAUqKoS2V7IbKtIzQbt1XSvi	Test User 143	user043@example.test	010-9000-0043	CARRIER	LOCAL	f	\N	2026-04-14 21:18:07.069522+09	t	\N	2026-04-16 16:18:07.069522+09	2026-04-18 21:08:02.124221+09	143	143	\N
144	b7125042-fe68-4222-acb5-d3855bde51aa	144	144	144	user044	$2a$12$GpZzhn08NtEOeHm61KMALOFhse9adopkMxpGZL7FIITmLKAMVD1.K	Test User 144	user044@example.test	010-9000-0044	AUDITOR	LOCAL	f	\N	2026-04-14 20:18:07.069522+09	t	\N	2026-04-16 16:18:07.069522+09	2026-04-18 21:08:02.124221+09	144	144	\N
145	36665861-0b6b-4ae3-b0c4-922d76874054	145	145	145	user045	$2a$12$J7aTd3kxuwPMvC2k85gvQ.5sYVokeVbYhuv8HhYMLKa/W7DPgJ0Ju	Test User 145	user045@example.test	010-9000-0045	DRIVER	LOCAL	f	\N	2026-04-14 19:18:07.069522+09	t	\N	2026-04-16 16:18:07.069522+09	2026-04-18 21:08:02.124221+09	145	145	\N
146	004797ab-a503-494f-a120-a88336469928	146	146	146	user046	$2a$12$13b900eXEaA.LljdQhcuO.QNAVUeB48HMTxlVqwC0Xrr5A6o0TRKO	Test User 146	user046@example.test	010-9000-0046	INTERNAL	LOCAL	f	\N	2026-04-14 18:18:07.069522+09	t	\N	2026-04-16 16:18:07.069522+09	2026-04-18 21:08:02.124221+09	146	146	\N
147	0f6984de-1dc5-4dfe-aef0-e0f4c82bf1d3	147	147	147	user047	$2a$12$JBmMdKq2o6sl1T610/nq4Ols6J.kjCL76Cm8wiJmCbmEA3pIe3BsS	Test User 147	user047@example.test	010-9000-0047	SHIPPER	LOCAL	f	\N	2026-04-14 17:18:07.069522+09	t	\N	2026-04-16 16:18:07.069522+09	2026-04-18 21:08:02.124221+09	147	147	\N
148	381d8a20-5447-49fa-a549-5b5e42862ea7	148	148	148	user048	$2a$12$bXUnOpl4m.qZ/mVIkO8tFeDYGHTF0PXizhXJurUnOvPD4I72UeqEi	Test User 148	user048@example.test	010-9000-0048	CARRIER	LOCAL	f	\N	2026-04-14 16:18:07.069522+09	t	\N	2026-04-16 16:18:07.069522+09	2026-04-18 21:08:02.124221+09	148	148	\N
149	59d08fb6-ea97-44d9-b094-778e21993825	149	149	149	user049	$2a$12$Ub2PKtDzFZeuQrExu59IveDGR2hdwHXhyY9QAq4M5S2jzOQvEiKhy	Test User 149	user049@example.test	010-9000-0049	AUDITOR	LOCAL	f	\N	2026-04-14 15:18:07.069522+09	t	\N	2026-04-16 16:18:07.069522+09	2026-04-18 21:08:02.124221+09	149	149	\N
150	7012184e-abbb-42a6-bd20-113853d2352b	150	150	150	user050	$2a$12$j9s0AcVxrVIlkT.fzfSoousAB9kwp4xu9LlcaQsSgK0307l7ztMP.	Test User 150	user050@example.test	010-9000-0050	DRIVER	LOCAL	t	\N	2026-04-14 14:18:07.069522+09	t	\N	2026-04-16 16:18:07.069522+09	2026-04-18 21:08:02.124221+09	150	150	\N
151	15b6c378-0cf9-438a-b12e-b06b9d051fd5	151	151	151	user051	$2a$12$ZREnQ5ihKHCK4z9gqlsrre8tXnOOh0xKZ3VX6PTp2r01poNMdq7WK	Test User 151	user051@example.test	010-9000-0051	INTERNAL	LOCAL	f	\N	2026-04-14 13:18:07.069522+09	t	\N	2026-04-16 16:18:07.069522+09	2026-04-18 21:08:02.124221+09	151	151	\N
152	fea6497d-ed1f-4ed8-ba9e-5805b92c15bd	152	152	152	user052	$2a$12$muR9er/85qYoD8SRmaG0yeTiyxQkZlsLfmcORkDUSWZQaFJ/0wxhS	Test User 152	user052@example.test	010-9000-0052	SHIPPER	LOCAL	f	\N	2026-04-14 12:18:07.069522+09	t	\N	2026-04-16 16:18:07.069522+09	2026-04-18 21:08:02.124221+09	152	152	\N
153	9aa54428-75ec-42a4-b276-35505a3118b9	153	153	153	user053	$2a$12$fpUMSsRfnMSW/uP2LwECcOvz6VftNPzAERbQCOAJMny15z7qH/Odq	Test User 153	user053@example.test	010-9000-0053	CARRIER	LOCAL	f	\N	2026-04-14 11:18:07.069522+09	t	\N	2026-04-16 16:18:07.069522+09	2026-04-18 21:08:02.124221+09	153	153	\N
154	96fb2568-fb47-4ab0-8e55-c88af69f1e86	154	154	154	user054	$2a$12$ggFHAzNC289geBzOuke4DeBu6D7P0xxYu9YaywBhxMOCqbx5r4jfu	Test User 154	user054@example.test	010-9000-0054	AUDITOR	LOCAL	f	\N	2026-04-14 10:18:07.069522+09	t	\N	2026-04-16 16:18:07.069522+09	2026-04-18 21:08:02.124221+09	154	154	\N
155	6344ed9b-2d51-4a0d-8311-3dd97233ff60	155	155	155	user055	$2a$12$Ph0tF.pK1zYwp2dIblsIYubVBdy8H6ABC0eyL5NpqcauYZ95gKsQG	Test User 155	user055@example.test	010-9000-0055	DRIVER	LOCAL	f	\N	2026-04-14 09:18:07.069522+09	t	\N	2026-04-16 16:18:07.069522+09	2026-04-18 21:08:02.124221+09	155	155	\N
156	82490476-43eb-424c-9561-b6d0400353e5	156	156	156	user056	$2a$12$9ySEzlMtvnz3/Wd7QM4.3.hm0xBy9ee4FPF9evm0oepUWp1Vd/nk6	Test User 156	user056@example.test	010-9000-0056	INTERNAL	LOCAL	f	\N	2026-04-14 08:18:07.069522+09	t	\N	2026-04-16 16:18:07.069522+09	2026-04-18 21:08:02.124221+09	156	156	\N
157	c8f0fc18-31b1-48f6-b739-daed413c07b9	157	157	157	user057	$2a$12$bSSknpZ3uFog0iTGOkhkYe04MIZ.ktzgR6Cc6uKIxErki5X8putBS	Test User 157	user057@example.test	010-9000-0057	SHIPPER	LOCAL	f	\N	2026-04-14 07:18:07.069522+09	t	\N	2026-04-16 16:18:07.069522+09	2026-04-18 21:08:02.124221+09	157	157	\N
158	991666bf-69f5-4488-b083-d9cfe8dc47f7	158	158	158	user058	$2a$12$WCOpjR6m00Y1tP8uM/DwR.MVaSwEPmKuPdOUjJzZUnO1IXmQuNjhe	Test User 158	user058@example.test	010-9000-0058	CARRIER	LOCAL	f	\N	2026-04-14 06:18:07.069522+09	t	\N	2026-04-16 16:18:07.069522+09	2026-04-18 21:08:02.124221+09	158	158	\N
159	ace34b18-f840-4d9b-afdd-18613ea70931	159	159	159	user059	$2a$12$.m.kgM9Jqu8r2XaplRt4P.B.q8aCcl7nThK7sG5PKAqsuxonDXSwy	Test User 159	user059@example.test	010-9000-0059	AUDITOR	LOCAL	f	\N	2026-04-14 05:18:07.069522+09	t	\N	2026-04-16 16:18:07.069522+09	2026-04-18 21:08:02.124221+09	159	159	\N
160	948fc3e2-4b29-4d32-a8d7-cb5c3e44b09a	160	160	160	user060	$2a$12$opy0Xc9LrwFCQvBurfHjKeOJdIHpFxg/YWjbAZLXY5i0sUOI4f5ly	Test User 160	user060@example.test	010-9000-0060	DRIVER	LOCAL	t	\N	2026-04-14 04:18:07.069522+09	t	\N	2026-04-16 16:18:07.069522+09	2026-04-18 21:08:02.124221+09	160	160	\N
161	f61fa025-7b1c-48ea-9f75-170529ae7145	161	161	161	user061	$2a$12$H3O5wUoasutYlJbIddrwcuFJrkTG1xbsgs7HBRJzkiHrxmJbz1PAu	Test User 161	user061@example.test	010-9000-0061	INTERNAL	LOCAL	f	\N	2026-04-14 03:18:07.069522+09	t	\N	2026-04-16 16:18:07.069522+09	2026-04-18 21:08:02.124221+09	161	161	\N
162	b4fee111-1964-4618-8cfc-39b0cbd68fa6	162	162	162	user062	$2a$12$RMdEgstr/q68yLHEe4Bo..qpuDqmOJizA/dQlAR2iFXAqF1fXcviS	Test User 162	user062@example.test	010-9000-0062	SHIPPER	LOCAL	f	\N	2026-04-14 02:18:07.069522+09	t	\N	2026-04-16 16:18:07.069522+09	2026-04-18 21:08:02.124221+09	162	162	\N
163	0d61ca34-357f-4c59-bd72-d6d45811a439	163	163	163	user063	$2a$12$wxl9RZxxLBreiSiNQYfdPu.Qv.6Ke0Wwl3D46cF.XjBmjrJK596ly	Test User 163	user063@example.test	010-9000-0063	CARRIER	LOCAL	f	\N	2026-04-14 01:18:07.069522+09	t	\N	2026-04-16 16:18:07.069522+09	2026-04-18 21:08:02.124221+09	163	163	\N
164	df2d09a7-aafe-4603-bc77-405d6fcde0c8	164	164	164	user064	$2a$12$4HP0Ig3iV95z0pVp5NPQoOZK2dpoRgvtf7aBKD5u/fEqittZ/pMYG	Test User 164	user064@example.test	010-9000-0064	AUDITOR	LOCAL	f	\N	2026-04-14 00:18:07.069522+09	t	\N	2026-04-16 16:18:07.069522+09	2026-04-18 21:08:02.124221+09	164	164	\N
165	f6b0a0f8-54b6-4ec8-b88f-d29f507c1cd5	165	165	165	user065	$2a$12$7bkD4ovF.j3XxFHQ3d/fB.ZcoSvZ8hAONIqyqBUdCoCT99nFhLOE2	Test User 165	user065@example.test	010-9000-0065	DRIVER	LOCAL	f	\N	2026-04-13 23:18:07.069522+09	t	\N	2026-04-16 16:18:07.069522+09	2026-04-18 21:08:02.124221+09	165	165	\N
166	710d6aab-ca52-4a50-9453-8d20ab7d362e	166	166	166	user066	$2a$12$k5TmJ648G1Do65jmRD7OF..4UjqfOwArzqX4bE5Uvo77CF6n7l9ui	Test User 166	user066@example.test	010-9000-0066	INTERNAL	LOCAL	f	\N	2026-04-13 22:18:07.069522+09	t	\N	2026-04-16 16:18:07.069522+09	2026-04-18 21:08:02.124221+09	166	166	\N
167	e8591a3e-936b-463e-a2e5-b99f41560fe2	167	167	167	user067	$2a$12$SBT/1zwEu11x5ll7WnR.u.hu4s9pmLVOivVCftx84JMKn/hLzSNO6	Test User 167	user067@example.test	010-9000-0067	SHIPPER	LOCAL	f	\N	2026-04-13 21:18:07.069522+09	t	\N	2026-04-16 16:18:07.069522+09	2026-04-18 21:08:02.124221+09	167	167	\N
168	ad1db1f6-a3c6-43e0-9c9b-f42bf0578a47	168	168	168	user068	$2a$12$CqO7ENMqkTbHvsHy.g1oPuFA0C3eTxt4dlWvEB43ZnSr4Xq/1.xua	Test User 168	user068@example.test	010-9000-0068	CARRIER	LOCAL	f	\N	2026-04-13 20:18:07.069522+09	t	\N	2026-04-16 16:18:07.069522+09	2026-04-18 21:08:02.124221+09	168	168	\N
169	a3e02516-94d6-4f0f-ae97-bf0fd266e909	169	169	169	user069	$2a$12$wfj0zHwYP0M0ASVOCp3bEOOTR9mTEh9ZOCkG5uO3AV6tsV3r7eK1i	Test User 169	user069@example.test	010-9000-0069	AUDITOR	LOCAL	f	\N	2026-04-13 19:18:07.069522+09	t	\N	2026-04-16 16:18:07.069522+09	2026-04-18 21:08:02.124221+09	169	169	\N
170	d6aff22b-00be-4fd5-bcd6-55460a53a9f2	170	170	170	user070	$2a$12$WQXcTeZlnYfhvsUtChTcdOjlouWW4qZLmWzdnsXplKY0LSgmbKzyi	Test User 170	user070@example.test	010-9000-0070	DRIVER	LOCAL	t	\N	2026-04-13 18:18:07.069522+09	t	\N	2026-04-16 16:18:07.069522+09	2026-04-18 21:08:02.124221+09	170	170	\N
171	2b608051-7f20-42a4-b029-f1a07544c1ce	171	171	171	user071	$2a$12$awmxlxCMFFR5URQjzSOeEesD9f0Jptq6QiuHXPQHoR7ypOY9SnSUy	Test User 171	user071@example.test	010-9000-0071	INTERNAL	LOCAL	f	\N	2026-04-13 17:18:07.069522+09	t	\N	2026-04-16 16:18:07.069522+09	2026-04-18 21:08:02.124221+09	171	171	\N
172	5ad755d9-6cb5-4a4a-8937-20c6f02b9c7b	172	172	172	user072	$2a$12$Z.pSXPJgvsrQfO6VUBszfOwv9ynqjHbNHvhCkN1S2Ip5U1FSRipj2	Test User 172	user072@example.test	010-9000-0072	SHIPPER	LOCAL	f	\N	2026-04-13 16:18:07.069522+09	t	\N	2026-04-16 16:18:07.069522+09	2026-04-18 21:08:02.124221+09	172	172	\N
173	496a56aa-c441-44b4-9503-35d048f5d0e1	173	173	173	user073	$2a$12$gwln7zHRadAoSFZHwgdFB.AOynq5GNoyd5.hZUVxMoah83yJXwrfu	Test User 173	user073@example.test	010-9000-0073	CARRIER	LOCAL	f	\N	2026-04-13 15:18:07.069522+09	t	\N	2026-04-16 16:18:07.069522+09	2026-04-18 21:08:02.124221+09	173	173	\N
174	21e8186c-6c48-4c58-8dfa-e84966927c8c	174	174	174	user074	$2a$12$yz1gkYJEAkfNRVIkwqZT8eqaYJ1iusYM/anjQYW8VGiEdVWCsAbD6	Test User 174	user074@example.test	010-9000-0074	AUDITOR	LOCAL	f	\N	2026-04-13 14:18:07.069522+09	t	\N	2026-04-16 16:18:07.069522+09	2026-04-18 21:08:02.124221+09	174	174	\N
175	ee07840a-1d7f-4bf3-89da-f220dfe8b7cc	175	175	175	user075	$2a$12$oVQkujNNZ2TIxP0xBMNSHOzXF.9QD4MptYCP/i0uelYp1NDKxF6wi	Test User 175	user075@example.test	010-9000-0075	DRIVER	LOCAL	f	\N	2026-04-13 13:18:07.069522+09	t	\N	2026-04-16 16:18:07.069522+09	2026-04-18 21:08:02.124221+09	175	175	\N
176	8cd8b999-5fdb-4820-9510-15d3622f127a	176	176	176	user076	$2a$12$mzdhZQSPjhWU3uN3GbJqqONtEyKHgt1M3xUAwX9LnY47PKR4rD.pi	Test User 176	user076@example.test	010-9000-0076	INTERNAL	LOCAL	f	\N	2026-04-13 12:18:07.069522+09	t	\N	2026-04-16 16:18:07.069522+09	2026-04-18 21:08:02.124221+09	176	176	\N
177	a6447b33-0778-4460-aea2-b46a6ccfe092	177	177	177	user077	$2a$12$U4txIxBBQWixhW5WnK17Q.8fb00P2ur3AtMFyEZL4CEjBTyOKY3Hy	Test User 177	user077@example.test	010-9000-0077	SHIPPER	LOCAL	f	\N	2026-04-13 11:18:07.069522+09	t	\N	2026-04-16 16:18:07.069522+09	2026-04-18 21:08:02.124221+09	177	177	\N
178	01de8fdd-5494-416a-a4b8-e81c0dc06552	178	178	178	user078	$2a$12$A46Jzfe0qi6n2Zu.dipE0edVD72wfsUDpeWOgCRGHM11kWYPK59ii	Test User 178	user078@example.test	010-9000-0078	CARRIER	LOCAL	f	\N	2026-04-13 10:18:07.069522+09	t	\N	2026-04-16 16:18:07.069522+09	2026-04-18 21:08:02.124221+09	178	178	\N
179	27e81814-9982-47ed-87e2-59e7396513f9	179	179	179	user079	$2a$12$aun47jnPZRp5enPgMQPMK.m6lr5cqGpYF1I1kV2Jq8EZXfAhYp/EW	Test User 179	user079@example.test	010-9000-0079	AUDITOR	LOCAL	f	\N	2026-04-13 09:18:07.069522+09	t	\N	2026-04-16 16:18:07.069522+09	2026-04-18 21:08:02.124221+09	179	179	\N
180	e76f8ed1-1da7-42a4-aadc-fcbf5f850d02	180	180	180	user080	$2a$12$/slXsIzHW3YzP5o3qpnbjONa5bLm/AKcALvu99kV9ZIz52y/jGjqy	Test User 180	user080@example.test	010-9000-0080	DRIVER	LOCAL	t	\N	2026-04-13 08:18:07.069522+09	t	\N	2026-04-16 16:18:07.069522+09	2026-04-18 21:08:02.124221+09	180	180	\N
181	9715dccf-9b16-4b3e-9ba0-a7c4529d7eb3	181	181	181	user081	$2a$12$7bIcbw5XqOdDej5DXu2sGOpba9uAOLmvsM84iOkCQyPUlTG5rKecO	Test User 181	user081@example.test	010-9000-0081	INTERNAL	LOCAL	f	\N	2026-04-13 07:18:07.069522+09	t	\N	2026-04-16 16:18:07.069522+09	2026-04-18 21:08:02.124221+09	181	181	\N
182	f822b96b-251a-4b49-8fc6-5e9a14917560	182	182	182	user082	$2a$12$LCp7LATl9MzOnhvUek4SH.y20.3hfqSDsxCcnJ7X/ByRCqQJm8vPq	Test User 182	user082@example.test	010-9000-0082	SHIPPER	LOCAL	f	\N	2026-04-13 06:18:07.069522+09	t	\N	2026-04-16 16:18:07.069522+09	2026-04-18 21:08:02.124221+09	182	182	\N
183	22fae5ca-6d33-42d8-9525-8451ce2e5d1a	183	183	183	user083	$2a$12$Ski3niOAGv39uPuQHaFY9ulPmqqoN5WTIBu77QrwOtXUD2ppsVWzO	Test User 183	user083@example.test	010-9000-0083	CARRIER	LOCAL	f	\N	2026-04-13 05:18:07.069522+09	t	\N	2026-04-16 16:18:07.069522+09	2026-04-18 21:08:02.124221+09	183	183	\N
184	10af2a32-77e2-4c8e-bc08-fb4abac78ea7	184	184	184	user084	$2a$12$8P7m2ywiFgeTgKUA5VpVMeGo53kPci0N3icgQ9VVvJbaEKO4868me	Test User 184	user084@example.test	010-9000-0084	AUDITOR	LOCAL	f	\N	2026-04-13 04:18:07.069522+09	t	\N	2026-04-16 16:18:07.069522+09	2026-04-18 21:08:02.124221+09	184	184	\N
185	04e87cc9-7aeb-4827-9eb1-d878b4e79d11	185	185	185	user085	$2a$12$EbT1mMuSeZz5122NztrEw.aQkZR5D2rk7ZIIpFvwpVIigmUWojVfq	Test User 185	user085@example.test	010-9000-0085	DRIVER	LOCAL	f	\N	2026-04-13 03:18:07.069522+09	t	\N	2026-04-16 16:18:07.069522+09	2026-04-18 21:08:02.124221+09	185	185	\N
186	39d8951b-fe5a-4806-bcd1-d5471826db70	186	186	186	user086	$2a$12$kd54cMtUOlWPUUPPfnp/PuzEv5k4aAmaZDsMSm0Tj0mF7mN8SubUy	Test User 186	user086@example.test	010-9000-0086	INTERNAL	LOCAL	f	\N	2026-04-13 02:18:07.069522+09	t	\N	2026-04-16 16:18:07.069522+09	2026-04-18 21:08:02.124221+09	186	186	\N
187	b8f8f08c-a53e-42e1-84bc-2afdb32a2196	187	187	187	user087	$2a$12$1Cqu1HKKMNE..iEqUkDCRO/D9zUjAF5PwVqXc3EOv7IFiK1pAz33K	Test User 187	user087@example.test	010-9000-0087	SHIPPER	LOCAL	f	\N	2026-04-13 01:18:07.069522+09	t	\N	2026-04-16 16:18:07.069522+09	2026-04-18 21:08:02.124221+09	187	187	\N
188	5d6641b6-8b71-4167-a8e0-fff6a8073f2f	188	188	188	user088	$2a$12$Eiu2e9r40Uyl3Qbl976YquYSHcSw9c6o8rdNXxgCfCmRx.ddSFz7u	Test User 188	user088@example.test	010-9000-0088	CARRIER	LOCAL	f	\N	2026-04-13 00:18:07.069522+09	t	\N	2026-04-16 16:18:07.069522+09	2026-04-18 21:08:02.124221+09	188	188	\N
189	4a3a2c13-e702-4799-b144-319a5f64b831	189	189	189	user089	$2a$12$Hbkc6k/EEyF7J0TtPfptguPoYdgfisa4m1og9izTw5/FEEewAGMum	Test User 189	user089@example.test	010-9000-0089	AUDITOR	LOCAL	f	\N	2026-04-12 23:18:07.069522+09	t	\N	2026-04-16 16:18:07.069522+09	2026-04-18 21:08:02.124221+09	189	189	\N
102	e5e50550-9c78-443d-80ac-b26b2f889d07	102	102	102	user002	$2a$12$.c6pulop5MJuWWmoLWr.lu/KW/qz/yT/hoKO4MttLHu3Al//LxkGe	Test User 102	user002@example.test	010-9000-0002	SHIPPER	LOCAL	f	\N	2026-04-16 14:18:07.069522+09	t	\N	2026-04-16 16:18:07.069522+09	2026-04-18 21:08:02.124221+09	102	102	\N
103	5ea6097e-06f6-456b-98ab-da54b7ac194e	103	103	103	user003	$2a$12$K4mTfARhW1eJrb3cSy5xIO3tv9OTwMaONpmGacagqbp2FNgRIHseq	Test User 103	user003@example.test	010-9000-0003	CARRIER	LOCAL	f	\N	2026-04-16 13:18:07.069522+09	t	\N	2026-04-16 16:18:07.069522+09	2026-04-18 21:08:02.124221+09	103	103	\N
104	c9b00eba-09dd-44c1-84e8-76e3f44076a6	104	104	104	user004	$2a$12$YpfATmejtW8mrI6A4TULrOlDB5EuG3g6oHOHyO8F3wsvJ16yH5ivq	Test User 104	user004@example.test	010-9000-0004	AUDITOR	LOCAL	f	\N	2026-04-16 12:18:07.069522+09	t	\N	2026-04-16 16:18:07.069522+09	2026-04-18 21:08:02.124221+09	104	104	\N
105	a9791f81-6e8b-40f5-b5ec-e2dab2e3cb65	105	105	105	user005	$2a$12$vInNCTH/ufq5KXSpSN2Y3.9z6P5dCTtyzSGQm1Z.J8MaZYtlYZjDG	Test User 105	user005@example.test	010-9000-0005	DRIVER	LOCAL	f	\N	2026-04-16 11:18:07.069522+09	t	\N	2026-04-16 16:18:07.069522+09	2026-04-18 21:08:02.124221+09	105	105	\N
106	d33dbf32-2f6d-4dad-9e50-eeb67da3fe0f	106	106	106	user006	$2a$12$LhAYegf59kWy0zMFwLOTgeztNfX82w6Qks2Qj7P1vYa6Ed8Hp69a2	Test User 106	user006@example.test	010-9000-0006	INTERNAL	LOCAL	f	\N	2026-04-16 10:18:07.069522+09	t	\N	2026-04-16 16:18:07.069522+09	2026-04-18 21:08:02.124221+09	106	106	\N
107	88e133b3-761d-4f3f-9781-41a007393f21	107	107	107	user007	$2a$12$h8T2ILDhkcI..km6oA964unC45fvdcBApEpQ2qEB9Bhv5oBzqE7.S	Test User 107	user007@example.test	010-9000-0007	SHIPPER	LOCAL	f	\N	2026-04-16 09:18:07.069522+09	t	\N	2026-04-16 16:18:07.069522+09	2026-04-18 21:08:02.124221+09	107	107	\N
108	54703f14-cd65-40c9-affb-30536938beae	108	108	108	user008	$2a$12$0yZmDxb6.hVod/9oho0fOOL7h9tfRP7ZOHZI32aFmBLSU6rHFnUay	Test User 108	user008@example.test	010-9000-0008	CARRIER	LOCAL	f	\N	2026-04-16 08:18:07.069522+09	t	\N	2026-04-16 16:18:07.069522+09	2026-04-18 21:08:02.124221+09	108	108	\N
109	043a9cb9-6c0f-4d1b-96f7-e66a535a2ace	109	109	109	user009	$2a$12$Bff9SjU4MelbtPPbJCqd7uwxClxy0pyRD1g2RMWGl9I3qd2XMwsoC	Test User 109	user009@example.test	010-9000-0009	AUDITOR	LOCAL	f	\N	2026-04-16 07:18:07.069522+09	t	\N	2026-04-16 16:18:07.069522+09	2026-04-18 21:08:02.124221+09	109	109	\N
110	9645edf7-0d0d-48e8-987f-4d013c664cbf	110	110	110	user010	$2a$12$Qw6AsVyHuvdtAhoUoZSiZ.r0kXCOgwNncHnf58GaKDRt5J1gS7Cfq	Test User 110	user010@example.test	010-9000-0010	DRIVER	LOCAL	t	\N	2026-04-16 06:18:07.069522+09	t	\N	2026-04-16 16:18:07.069522+09	2026-04-18 21:08:02.124221+09	110	110	\N
111	04e803d4-581c-4aea-ad39-a30aa3c40d29	111	111	111	user011	$2a$12$R33D9Rz7UJpwaEnMzlXai.ygci.x5GvOjf2v1dLtyyBOngFEw6yWK	Test User 111	user011@example.test	010-9000-0011	INTERNAL	LOCAL	f	\N	2026-04-16 05:18:07.069522+09	t	\N	2026-04-16 16:18:07.069522+09	2026-04-18 21:08:02.124221+09	111	111	\N
112	c8c9db39-46b4-4681-90f3-cd62454ceb2b	112	112	112	user012	$2a$12$b4yESZ2f1iQNFcQZ5M/kh.FqWxyarI4yAWM4wF2drkK.mhEfgYF8C	Test User 112	user012@example.test	010-9000-0012	SHIPPER	LOCAL	f	\N	2026-04-16 04:18:07.069522+09	t	\N	2026-04-16 16:18:07.069522+09	2026-04-18 21:08:02.124221+09	112	112	\N
113	ff5f4d82-5fa0-4376-94c3-b4fc8b99e055	113	113	113	user013	$2a$12$dNucyx9jfsFf3M3h3g0W4u4hYPaWZ6rOQUci5eG4o5uafGezoJRw.	Test User 113	user013@example.test	010-9000-0013	CARRIER	LOCAL	f	\N	2026-04-16 03:18:07.069522+09	t	\N	2026-04-16 16:18:07.069522+09	2026-04-18 21:08:02.124221+09	113	113	\N
114	0bcba071-177e-4f35-b3c4-311c78432faf	114	114	114	user014	$2a$12$rms12jIv9ClkgqQDk/RWoesYr8YZrSbBvATn7TJlZ86uNhvdirNXO	Test User 114	user014@example.test	010-9000-0014	AUDITOR	LOCAL	f	\N	2026-04-16 02:18:07.069522+09	t	\N	2026-04-16 16:18:07.069522+09	2026-04-18 21:08:02.124221+09	114	114	\N
115	09a01810-ea0b-455c-a7ed-e9ff3053915f	115	115	115	user015	$2a$12$VFyIJMp3VhH2gC1kv4NfrOgufDDV9T8chmqoEF2kmA0ja9WaYEexC	Test User 115	user015@example.test	010-9000-0015	DRIVER	LOCAL	f	\N	2026-04-16 01:18:07.069522+09	t	\N	2026-04-16 16:18:07.069522+09	2026-04-18 21:08:02.124221+09	115	115	\N
190	7dbebdd9-84e6-4cd6-b4cd-0bcaa39bd505	190	190	190	user090	$2a$12$rSolgkJIk2.mw4MsCgo9ke/DIE9uSz879cApCsRcXksYmHv/cGEWq	Test User 190	user090@example.test	010-9000-0090	DRIVER	LOCAL	t	\N	2026-04-12 22:18:07.069522+09	t	\N	2026-04-16 16:18:07.069522+09	2026-04-18 21:08:02.124221+09	190	190	\N
191	a673e364-b3cd-4bc1-8872-d5eba66081f4	191	191	191	user091	$2a$12$qpy4cXMgMnqFwhYGVcD2GOLvClUmhg84UNTV7YdLjA3kkzVZ0bZV6	Test User 191	user091@example.test	010-9000-0091	INTERNAL	LOCAL	f	\N	2026-04-12 21:18:07.069522+09	t	\N	2026-04-16 16:18:07.069522+09	2026-04-18 21:08:02.124221+09	191	191	\N
192	78605284-1903-4055-b243-f3af4fffec8e	192	192	192	user092	$2a$12$qCY1Va9jLEnCaLb37M2wlOzFLE6GoAcC9b6tLUovjL47rrAP57g0S	Test User 192	user092@example.test	010-9000-0092	SHIPPER	LOCAL	f	\N	2026-04-12 20:18:07.069522+09	t	\N	2026-04-16 16:18:07.069522+09	2026-04-18 21:08:02.124221+09	192	192	\N
193	e4c72943-5128-4419-b2ff-113f47d276f0	193	193	193	user093	$2a$12$lifJ9lRFRafwsYIZFnK3RODkXuXZcBs14zOpWwiYeTyNQ42HuZXJS	Test User 193	user093@example.test	010-9000-0093	CARRIER	LOCAL	f	\N	2026-04-12 19:18:07.069522+09	t	\N	2026-04-16 16:18:07.069522+09	2026-04-18 21:08:02.124221+09	193	193	\N
194	75aad894-ad6c-4223-a794-b653019cf9c6	194	194	194	user094	$2a$12$RM9Tn.U5F0xZ3mFIQTBXYuXCEN1.HSPV35cYZjP/q3MJu.xlRLERy	Test User 194	user094@example.test	010-9000-0094	AUDITOR	LOCAL	f	\N	2026-04-12 18:18:07.069522+09	t	\N	2026-04-16 16:18:07.069522+09	2026-04-18 21:08:02.124221+09	194	194	\N
195	9876ca65-2eff-4f2b-be7b-9a206520f568	195	195	195	user095	$2a$12$XmvqUcV4LxLyKlNpJwnWXOptwonGM.N5RGt9Rvm9f0PZzZENaUrbW	Test User 195	user095@example.test	010-9000-0095	DRIVER	LOCAL	f	\N	2026-04-12 17:18:07.069522+09	t	\N	2026-04-16 16:18:07.069522+09	2026-04-18 21:08:02.124221+09	195	195	\N
196	ec946d43-02d5-42ba-8969-394ee083f33b	196	196	196	user096	$2a$12$cWpMChdLBWFhvpLYdahU2O5JKpNA38BpVxBBvo79r7.M4.KdGWG5C	Test User 196	user096@example.test	010-9000-0096	INTERNAL	LOCAL	f	\N	2026-04-12 16:18:07.069522+09	t	\N	2026-04-16 16:18:07.069522+09	2026-04-18 21:08:02.124221+09	196	196	\N
197	2598ae05-827a-407f-9180-1212313a07c4	197	197	197	user097	$2a$12$s/4ARUy/XtYqEOxQ2gJeWeg8sqHy17b0lPJ1D0PuE96FJF186jKFW	Test User 197	user097@example.test	010-9000-0097	SHIPPER	LOCAL	f	\N	2026-04-12 15:18:07.069522+09	t	\N	2026-04-16 16:18:07.069522+09	2026-04-18 21:08:02.124221+09	197	197	\N
198	c604066c-3898-46db-85b3-76a8aa053eab	198	198	198	user098	$2a$12$k5foRo58CXgrW..g1TgWLeILomis/eOdPEUSE8SFiIPlA44e1Ak0G	Test User 198	user098@example.test	010-9000-0098	CARRIER	LOCAL	f	\N	2026-04-12 14:18:07.069522+09	t	\N	2026-04-16 16:18:07.069522+09	2026-04-18 21:08:02.124221+09	198	198	\N
199	904046ce-541f-4e7a-b71e-0056bf48edb3	199	199	199	user099	$2a$12$rrGFbbFwtkooLnhRP/5i6O.ENSTped5stlI8Wu/y9tSOYo99QO/ge	Test User 199	user099@example.test	010-9000-0099	AUDITOR	LOCAL	f	\N	2026-04-12 13:18:07.069522+09	t	\N	2026-04-16 16:18:07.069522+09	2026-04-18 21:08:02.124221+09	199	199	\N
200	56cebd7d-cb0c-4cc6-ba9d-e18d9221e0c3	200	200	200	user100	$2a$12$k4civ5F1uIzAZTOC0BSh1.JHdO26aTC17MMK2PTi71Uu2brJ20mZ2	Test User 200	user100@example.test	010-9000-0100	DRIVER	LOCAL	t	\N	2026-04-12 12:18:07.069522+09	t	\N	2026-04-16 16:18:07.069522+09	2026-04-18 21:08:02.124221+09	200	200	\N
\.


--
-- Data for Name: assignment_candidates; Type: TABLE DATA; Schema: dsp; Owner: -
--

COPY dsp.assignment_candidates (assignment_candidate_id, assignment_candidate_uid, tenant_id, transport_plan_id, carrier_id, vehicle_id, driver_id, score, estimated_amount, candidate_reason, violation_reason, status_code, created_at, is_active, created_by, updated_at, updated_by, deleted_at, deleted_by) FROM stdin;
1	15da6c79-ce38-4030-8540-2323479aa770	101	1	101	101	1	81.000	81500.00	{"seq": 1, "reason": "test candidate"}	[]	CANDIDATE	2026-04-16 16:18:07.069522+09	t	101	2026-04-17 11:46:50.051974+09	101	\N	\N
2	d05a99f6-1f59-4473-94a2-a068cd493799	102	2	102	102	2	82.000	83000.00	{"seq": 2, "reason": "test candidate"}	[]	CANDIDATE	2026-04-16 16:18:07.069522+09	t	102	2026-04-17 11:46:50.051974+09	102	\N	\N
3	702115a8-13b8-43b5-a169-693239f82ea4	103	3	103	103	3	83.000	84500.00	{"seq": 3, "reason": "test candidate"}	[]	CANDIDATE	2026-04-16 16:18:07.069522+09	t	103	2026-04-17 11:46:50.051974+09	103	\N	\N
4	09d1f9f3-56fc-4b18-a6d0-692530954e38	104	4	104	104	4	84.000	86000.00	{"seq": 4, "reason": "test candidate"}	[]	CANDIDATE	2026-04-16 16:18:07.069522+09	t	104	2026-04-17 11:46:50.051974+09	104	\N	\N
5	7d208a71-dacd-4bc5-a550-12b37d9203a6	105	5	105	105	5	85.000	87500.00	{"seq": 5, "reason": "test candidate"}	[]	CANDIDATE	2026-04-16 16:18:07.069522+09	t	105	2026-04-17 11:46:50.051974+09	105	\N	\N
6	f0f99a81-380f-4dc7-9024-e375819dbb37	106	6	106	106	6	86.000	89000.00	{"seq": 6, "reason": "test candidate"}	[]	CANDIDATE	2026-04-16 16:18:07.069522+09	t	106	2026-04-17 11:46:50.051974+09	106	\N	\N
7	6f4f2c6f-05da-4db8-bdcc-67b55bae8972	107	7	107	107	7	87.000	90500.00	{"seq": 7, "reason": "test candidate"}	[]	CANDIDATE	2026-04-16 16:18:07.069522+09	t	107	2026-04-17 11:46:50.051974+09	107	\N	\N
8	4320cb77-442e-4503-9823-35d077ac0482	108	8	108	108	8	88.000	92000.00	{"seq": 8, "reason": "test candidate"}	[]	CANDIDATE	2026-04-16 16:18:07.069522+09	t	108	2026-04-17 11:46:50.051974+09	108	\N	\N
9	13d65558-a949-4cc4-aa55-9b5050ff398d	109	9	109	109	9	89.000	93500.00	{"seq": 9, "reason": "test candidate"}	[]	CANDIDATE	2026-04-16 16:18:07.069522+09	t	109	2026-04-17 11:46:50.051974+09	109	\N	\N
10	00c1fcc9-9046-4475-85ca-933dac262b3d	110	10	110	110	10	90.000	95000.00	{"seq": 10, "reason": "test candidate"}	[]	CANDIDATE	2026-04-16 16:18:07.069522+09	t	110	2026-04-17 11:46:50.051974+09	110	\N	\N
11	4591e60c-aa6d-40bd-bf0d-85fe05e963cb	111	11	111	111	11	91.000	96500.00	{"seq": 11, "reason": "test candidate"}	[]	CANDIDATE	2026-04-16 16:18:07.069522+09	t	111	2026-04-17 11:46:50.051974+09	111	\N	\N
12	ea5aaefa-a4dd-4913-b0a6-20570e532e74	112	12	112	112	12	92.000	98000.00	{"seq": 12, "reason": "test candidate"}	[]	CANDIDATE	2026-04-16 16:18:07.069522+09	t	112	2026-04-17 11:46:50.051974+09	112	\N	\N
13	a6bd8c81-551d-4afd-9b5f-f846fbe4a448	113	13	113	113	13	93.000	99500.00	{"seq": 13, "reason": "test candidate"}	[]	CANDIDATE	2026-04-16 16:18:07.069522+09	t	113	2026-04-17 11:46:50.051974+09	113	\N	\N
14	e3cefe65-2362-45dd-8e6e-bf9199ac4daf	114	14	114	114	14	94.000	101000.00	{"seq": 14, "reason": "test candidate"}	[]	CANDIDATE	2026-04-16 16:18:07.069522+09	t	114	2026-04-17 11:46:50.051974+09	114	\N	\N
15	c8e4a30c-2283-404c-b811-d7b6b6839351	115	15	115	115	15	95.000	102500.00	{"seq": 15, "reason": "test candidate"}	[]	CANDIDATE	2026-04-16 16:18:07.069522+09	t	115	2026-04-17 11:46:50.051974+09	115	\N	\N
16	723abf46-1871-489b-baff-3a980d3599f9	116	16	116	116	16	96.000	104000.00	{"seq": 16, "reason": "test candidate"}	[]	CANDIDATE	2026-04-16 16:18:07.069522+09	t	116	2026-04-17 11:46:50.051974+09	116	\N	\N
17	84ae3c96-3a31-445f-92da-0e3a43c1b7f7	117	17	117	117	17	97.000	105500.00	{"seq": 17, "reason": "test candidate"}	[]	CANDIDATE	2026-04-16 16:18:07.069522+09	t	117	2026-04-17 11:46:50.051974+09	117	\N	\N
18	a75e7581-1bb3-4c75-b32c-68e9f75ebd34	118	18	118	118	18	98.000	107000.00	{"seq": 18, "reason": "test candidate"}	[]	CANDIDATE	2026-04-16 16:18:07.069522+09	t	118	2026-04-17 11:46:50.051974+09	118	\N	\N
19	0e37a303-9346-4334-ae70-848b602e8354	119	19	119	119	19	99.000	108500.00	{"seq": 19, "reason": "test candidate"}	[]	CANDIDATE	2026-04-16 16:18:07.069522+09	t	119	2026-04-17 11:46:50.051974+09	119	\N	\N
20	3e50f869-4daf-4be4-be72-4272e35b191d	120	20	120	120	20	80.000	110000.00	{"seq": 20, "reason": "test candidate"}	[]	CANDIDATE	2026-04-16 16:18:07.069522+09	t	120	2026-04-17 11:46:50.051974+09	120	\N	\N
21	7292f82c-9cd6-40e3-9194-0c369ee394d8	121	21	121	121	21	81.000	111500.00	{"seq": 21, "reason": "test candidate"}	[]	CANDIDATE	2026-04-16 16:18:07.069522+09	t	121	2026-04-17 11:46:50.051974+09	121	\N	\N
22	127fbabb-0a23-44f8-abc5-428d28aace98	122	22	122	122	22	82.000	113000.00	{"seq": 22, "reason": "test candidate"}	[]	CANDIDATE	2026-04-16 16:18:07.069522+09	t	122	2026-04-17 11:46:50.051974+09	122	\N	\N
23	7b47d21e-1ddd-424f-a127-c08d378c12bc	123	23	123	123	23	83.000	114500.00	{"seq": 23, "reason": "test candidate"}	[]	CANDIDATE	2026-04-16 16:18:07.069522+09	t	123	2026-04-17 11:46:50.051974+09	123	\N	\N
24	1a958930-7c6b-40a5-a897-c10561f74304	124	24	124	124	24	84.000	116000.00	{"seq": 24, "reason": "test candidate"}	[]	CANDIDATE	2026-04-16 16:18:07.069522+09	t	124	2026-04-17 11:46:50.051974+09	124	\N	\N
25	e2af7e73-5a43-4690-9226-f64edc52cfb6	125	25	125	125	25	85.000	117500.00	{"seq": 25, "reason": "test candidate"}	[]	CANDIDATE	2026-04-16 16:18:07.069522+09	t	125	2026-04-17 11:46:50.051974+09	125	\N	\N
26	191e6752-c44b-499f-b94e-3ddb3172afc7	126	26	126	126	26	86.000	119000.00	{"seq": 26, "reason": "test candidate"}	[]	CANDIDATE	2026-04-16 16:18:07.069522+09	t	126	2026-04-17 11:46:50.051974+09	126	\N	\N
27	c0b2c5d1-7778-455f-9faf-bd285e3314d9	127	27	127	127	27	87.000	120500.00	{"seq": 27, "reason": "test candidate"}	[]	CANDIDATE	2026-04-16 16:18:07.069522+09	t	127	2026-04-17 11:46:50.051974+09	127	\N	\N
28	7bf2766b-56e2-4ebf-9eae-6d5839c3746b	128	28	128	128	28	88.000	122000.00	{"seq": 28, "reason": "test candidate"}	[]	CANDIDATE	2026-04-16 16:18:07.069522+09	t	128	2026-04-17 11:46:50.051974+09	128	\N	\N
29	13e7d827-3b02-4b44-b97a-3c09e2a1fa38	129	29	129	129	29	89.000	123500.00	{"seq": 29, "reason": "test candidate"}	[]	CANDIDATE	2026-04-16 16:18:07.069522+09	t	129	2026-04-17 11:46:50.051974+09	129	\N	\N
30	c467d89d-6abb-4acc-ad08-febb571ee534	130	30	130	130	30	90.000	125000.00	{"seq": 30, "reason": "test candidate"}	[]	CANDIDATE	2026-04-16 16:18:07.069522+09	t	130	2026-04-17 11:46:50.051974+09	130	\N	\N
31	362653bb-5ff6-4834-9915-ba2d0b4548ac	131	31	131	131	31	91.000	126500.00	{"seq": 31, "reason": "test candidate"}	[]	CANDIDATE	2026-04-16 16:18:07.069522+09	t	131	2026-04-17 11:46:50.051974+09	131	\N	\N
32	4df97527-1a8c-4b3a-aa25-b1c9540a73fe	132	32	132	132	32	92.000	128000.00	{"seq": 32, "reason": "test candidate"}	[]	CANDIDATE	2026-04-16 16:18:07.069522+09	t	132	2026-04-17 11:46:50.051974+09	132	\N	\N
33	2af2b232-ea40-444d-a738-14c7b7a0a365	133	33	133	133	33	93.000	129500.00	{"seq": 33, "reason": "test candidate"}	[]	CANDIDATE	2026-04-16 16:18:07.069522+09	t	133	2026-04-17 11:46:50.051974+09	133	\N	\N
34	92d50634-27e2-4694-b7af-d7ab00d6519f	134	34	134	134	34	94.000	131000.00	{"seq": 34, "reason": "test candidate"}	[]	CANDIDATE	2026-04-16 16:18:07.069522+09	t	134	2026-04-17 11:46:50.051974+09	134	\N	\N
35	b8d14ae8-25e1-4444-a036-4454c8f41c36	135	35	135	135	35	95.000	132500.00	{"seq": 35, "reason": "test candidate"}	[]	CANDIDATE	2026-04-16 16:18:07.069522+09	t	135	2026-04-17 11:46:50.051974+09	135	\N	\N
36	9070732c-aa61-486e-95ff-f3b1910a9315	136	36	136	136	36	96.000	134000.00	{"seq": 36, "reason": "test candidate"}	[]	CANDIDATE	2026-04-16 16:18:07.069522+09	t	136	2026-04-17 11:46:50.051974+09	136	\N	\N
37	f941a7a1-f572-4cd5-badb-d66c9d0997b2	137	37	137	137	37	97.000	135500.00	{"seq": 37, "reason": "test candidate"}	[]	CANDIDATE	2026-04-16 16:18:07.069522+09	t	137	2026-04-17 11:46:50.051974+09	137	\N	\N
38	7529700e-379b-4c01-8589-daea46f319a2	138	38	138	138	38	98.000	137000.00	{"seq": 38, "reason": "test candidate"}	[]	CANDIDATE	2026-04-16 16:18:07.069522+09	t	138	2026-04-17 11:46:50.051974+09	138	\N	\N
39	9d4e2461-5723-4ade-8972-da8c89e76c1a	139	39	139	139	39	99.000	138500.00	{"seq": 39, "reason": "test candidate"}	[]	CANDIDATE	2026-04-16 16:18:07.069522+09	t	139	2026-04-17 11:46:50.051974+09	139	\N	\N
40	0dc7f706-1739-4f2d-ac64-8505f6ead120	140	40	140	140	40	80.000	140000.00	{"seq": 40, "reason": "test candidate"}	[]	CANDIDATE	2026-04-16 16:18:07.069522+09	t	140	2026-04-17 11:46:50.051974+09	140	\N	\N
41	6a966544-f130-450f-951a-9b93bacd7d44	141	41	141	141	41	81.000	141500.00	{"seq": 41, "reason": "test candidate"}	[]	CANDIDATE	2026-04-16 16:18:07.069522+09	t	141	2026-04-17 11:46:50.051974+09	141	\N	\N
42	1a023dd4-1318-44a5-ac5c-f4450df2cd07	142	42	142	142	42	82.000	143000.00	{"seq": 42, "reason": "test candidate"}	[]	CANDIDATE	2026-04-16 16:18:07.069522+09	t	142	2026-04-17 11:46:50.051974+09	142	\N	\N
43	0c14da3a-a417-4f12-ab19-6f910d622c17	143	43	143	143	43	83.000	144500.00	{"seq": 43, "reason": "test candidate"}	[]	CANDIDATE	2026-04-16 16:18:07.069522+09	t	143	2026-04-17 11:46:50.051974+09	143	\N	\N
44	024bae65-4cf8-4268-91b3-67d78ad006a3	144	44	144	144	44	84.000	146000.00	{"seq": 44, "reason": "test candidate"}	[]	CANDIDATE	2026-04-16 16:18:07.069522+09	t	144	2026-04-17 11:46:50.051974+09	144	\N	\N
45	83f6f537-32e7-4e86-8729-8644183ee3c4	145	45	145	145	45	85.000	147500.00	{"seq": 45, "reason": "test candidate"}	[]	CANDIDATE	2026-04-16 16:18:07.069522+09	t	145	2026-04-17 11:46:50.051974+09	145	\N	\N
46	97ade9be-aa0c-4f78-9399-47b0f37e13c7	146	46	146	146	46	86.000	149000.00	{"seq": 46, "reason": "test candidate"}	[]	CANDIDATE	2026-04-16 16:18:07.069522+09	t	146	2026-04-17 11:46:50.051974+09	146	\N	\N
47	f0798f38-e002-49ef-95d5-3ed1a7e35eb3	147	47	147	147	47	87.000	150500.00	{"seq": 47, "reason": "test candidate"}	[]	CANDIDATE	2026-04-16 16:18:07.069522+09	t	147	2026-04-17 11:46:50.051974+09	147	\N	\N
48	b905b594-7470-488d-a165-b6883095f6e3	148	48	148	148	48	88.000	152000.00	{"seq": 48, "reason": "test candidate"}	[]	CANDIDATE	2026-04-16 16:18:07.069522+09	t	148	2026-04-17 11:46:50.051974+09	148	\N	\N
49	e25aab2d-b60d-4e69-9537-3a4cf6faeb53	149	49	149	149	49	89.000	153500.00	{"seq": 49, "reason": "test candidate"}	[]	CANDIDATE	2026-04-16 16:18:07.069522+09	t	149	2026-04-17 11:46:50.051974+09	149	\N	\N
50	1d63a3c9-ec2b-4125-9de9-80c8404717a2	150	50	150	150	50	90.000	155000.00	{"seq": 50, "reason": "test candidate"}	[]	CANDIDATE	2026-04-16 16:18:07.069522+09	t	150	2026-04-17 11:46:50.051974+09	150	\N	\N
51	a56def47-e83a-45cf-8c04-7ae040c00eca	151	51	151	151	51	91.000	156500.00	{"seq": 51, "reason": "test candidate"}	[]	CANDIDATE	2026-04-16 16:18:07.069522+09	t	151	2026-04-17 11:46:50.051974+09	151	\N	\N
52	9bbdd091-36ca-48cc-9868-9331f017587e	152	52	152	152	52	92.000	158000.00	{"seq": 52, "reason": "test candidate"}	[]	CANDIDATE	2026-04-16 16:18:07.069522+09	t	152	2026-04-17 11:46:50.051974+09	152	\N	\N
53	debec135-08fd-48fb-9158-5087eb0a18b9	153	53	153	153	53	93.000	159500.00	{"seq": 53, "reason": "test candidate"}	[]	CANDIDATE	2026-04-16 16:18:07.069522+09	t	153	2026-04-17 11:46:50.051974+09	153	\N	\N
54	dcc88f6e-fb8c-47dc-9138-1d58b921cdd6	154	54	154	154	54	94.000	161000.00	{"seq": 54, "reason": "test candidate"}	[]	CANDIDATE	2026-04-16 16:18:07.069522+09	t	154	2026-04-17 11:46:50.051974+09	154	\N	\N
55	d222d544-66fb-433d-9295-5497973e7a13	155	55	155	155	55	95.000	162500.00	{"seq": 55, "reason": "test candidate"}	[]	CANDIDATE	2026-04-16 16:18:07.069522+09	t	155	2026-04-17 11:46:50.051974+09	155	\N	\N
56	3026126f-be8c-4012-aca4-5695a58e94d7	156	56	156	156	56	96.000	164000.00	{"seq": 56, "reason": "test candidate"}	[]	CANDIDATE	2026-04-16 16:18:07.069522+09	t	156	2026-04-17 11:46:50.051974+09	156	\N	\N
57	0d6ffb96-0a64-4299-8221-79c5c8ebc082	157	57	157	157	57	97.000	165500.00	{"seq": 57, "reason": "test candidate"}	[]	CANDIDATE	2026-04-16 16:18:07.069522+09	t	157	2026-04-17 11:46:50.051974+09	157	\N	\N
58	452c907b-ab5e-4fb8-9bbb-fbc69c9d5d61	158	58	158	158	58	98.000	167000.00	{"seq": 58, "reason": "test candidate"}	[]	CANDIDATE	2026-04-16 16:18:07.069522+09	t	158	2026-04-17 11:46:50.051974+09	158	\N	\N
59	6ced1fbb-9cf1-4651-a1a3-9eccc7c809b5	159	59	159	159	59	99.000	168500.00	{"seq": 59, "reason": "test candidate"}	[]	CANDIDATE	2026-04-16 16:18:07.069522+09	t	159	2026-04-17 11:46:50.051974+09	159	\N	\N
60	0413e89b-8e93-474d-b10d-65d53d1b3dcb	160	60	160	160	60	80.000	170000.00	{"seq": 60, "reason": "test candidate"}	[]	CANDIDATE	2026-04-16 16:18:07.069522+09	t	160	2026-04-17 11:46:50.051974+09	160	\N	\N
61	3d336bf1-6aa5-4ad5-a851-d75af4a8a685	161	61	161	161	61	81.000	171500.00	{"seq": 61, "reason": "test candidate"}	[]	CANDIDATE	2026-04-16 16:18:07.069522+09	t	161	2026-04-17 11:46:50.051974+09	161	\N	\N
62	8158f507-b15b-4b8b-a8a0-a4100878ee71	162	62	162	162	62	82.000	173000.00	{"seq": 62, "reason": "test candidate"}	[]	CANDIDATE	2026-04-16 16:18:07.069522+09	t	162	2026-04-17 11:46:50.051974+09	162	\N	\N
63	9ed38262-37e9-4c40-a747-99bf7b700a38	163	63	163	163	63	83.000	174500.00	{"seq": 63, "reason": "test candidate"}	[]	CANDIDATE	2026-04-16 16:18:07.069522+09	t	163	2026-04-17 11:46:50.051974+09	163	\N	\N
64	1b4a72b5-edde-4d38-8d8c-853437f71ce9	164	64	164	164	64	84.000	176000.00	{"seq": 64, "reason": "test candidate"}	[]	CANDIDATE	2026-04-16 16:18:07.069522+09	t	164	2026-04-17 11:46:50.051974+09	164	\N	\N
65	32c1b92a-c17b-4fec-a87b-23931cef15b3	165	65	165	165	65	85.000	177500.00	{"seq": 65, "reason": "test candidate"}	[]	CANDIDATE	2026-04-16 16:18:07.069522+09	t	165	2026-04-17 11:46:50.051974+09	165	\N	\N
66	a8f62222-2c4c-4e9c-82ce-2a844567192d	166	66	166	166	66	86.000	179000.00	{"seq": 66, "reason": "test candidate"}	[]	CANDIDATE	2026-04-16 16:18:07.069522+09	t	166	2026-04-17 11:46:50.051974+09	166	\N	\N
67	c9f2b822-e101-4d17-8be4-3e4f1f4c8a1e	167	67	167	167	67	87.000	180500.00	{"seq": 67, "reason": "test candidate"}	[]	CANDIDATE	2026-04-16 16:18:07.069522+09	t	167	2026-04-17 11:46:50.051974+09	167	\N	\N
68	a13e6713-b59b-4020-9071-42f77007bf2c	168	68	168	168	68	88.000	182000.00	{"seq": 68, "reason": "test candidate"}	[]	CANDIDATE	2026-04-16 16:18:07.069522+09	t	168	2026-04-17 11:46:50.051974+09	168	\N	\N
69	ebb59710-3ffb-4b12-a6b3-4207b72526ee	169	69	169	169	69	89.000	183500.00	{"seq": 69, "reason": "test candidate"}	[]	CANDIDATE	2026-04-16 16:18:07.069522+09	t	169	2026-04-17 11:46:50.051974+09	169	\N	\N
70	46177077-9057-4ef4-83c5-d8fdd6e8524e	170	70	170	170	70	90.000	185000.00	{"seq": 70, "reason": "test candidate"}	[]	CANDIDATE	2026-04-16 16:18:07.069522+09	t	170	2026-04-17 11:46:50.051974+09	170	\N	\N
71	c095c565-3954-4bcd-ac59-5906cccfe691	171	71	171	171	71	91.000	186500.00	{"seq": 71, "reason": "test candidate"}	[]	CANDIDATE	2026-04-16 16:18:07.069522+09	t	171	2026-04-17 11:46:50.051974+09	171	\N	\N
72	d0f66c2e-14ff-475d-9aa8-04ca5b2508d5	172	72	172	172	72	92.000	188000.00	{"seq": 72, "reason": "test candidate"}	[]	CANDIDATE	2026-04-16 16:18:07.069522+09	t	172	2026-04-17 11:46:50.051974+09	172	\N	\N
73	2de4a70a-64b6-4850-98de-d8d1fa0d8e0c	173	73	173	173	73	93.000	189500.00	{"seq": 73, "reason": "test candidate"}	[]	CANDIDATE	2026-04-16 16:18:07.069522+09	t	173	2026-04-17 11:46:50.051974+09	173	\N	\N
74	00b20986-5ede-4031-87ff-3328862ba460	174	74	174	174	74	94.000	191000.00	{"seq": 74, "reason": "test candidate"}	[]	CANDIDATE	2026-04-16 16:18:07.069522+09	t	174	2026-04-17 11:46:50.051974+09	174	\N	\N
75	fe7cfb5c-60a3-400f-b381-cb61f2957958	175	75	175	175	75	95.000	192500.00	{"seq": 75, "reason": "test candidate"}	[]	CANDIDATE	2026-04-16 16:18:07.069522+09	t	175	2026-04-17 11:46:50.051974+09	175	\N	\N
76	8c502944-7016-4834-a58c-6d11d7fd3301	176	76	176	176	76	96.000	194000.00	{"seq": 76, "reason": "test candidate"}	[]	CANDIDATE	2026-04-16 16:18:07.069522+09	t	176	2026-04-17 11:46:50.051974+09	176	\N	\N
77	e8ac2b26-51ec-454c-8c8e-4beccd01a2a1	177	77	177	177	77	97.000	195500.00	{"seq": 77, "reason": "test candidate"}	[]	CANDIDATE	2026-04-16 16:18:07.069522+09	t	177	2026-04-17 11:46:50.051974+09	177	\N	\N
78	be22218f-0b23-4625-b96d-4e8d34c06035	178	78	178	178	78	98.000	197000.00	{"seq": 78, "reason": "test candidate"}	[]	CANDIDATE	2026-04-16 16:18:07.069522+09	t	178	2026-04-17 11:46:50.051974+09	178	\N	\N
79	00aa90b1-a132-4c0a-9779-5b063787ec71	179	79	179	179	79	99.000	198500.00	{"seq": 79, "reason": "test candidate"}	[]	CANDIDATE	2026-04-16 16:18:07.069522+09	t	179	2026-04-17 11:46:50.051974+09	179	\N	\N
80	07e7d7b5-114c-463b-b0da-79bdd73db407	180	80	180	180	80	80.000	200000.00	{"seq": 80, "reason": "test candidate"}	[]	CANDIDATE	2026-04-16 16:18:07.069522+09	t	180	2026-04-17 11:46:50.051974+09	180	\N	\N
81	0501c31e-b7bc-4ab0-9ec3-b3b63f1b6c46	181	81	181	181	81	81.000	201500.00	{"seq": 81, "reason": "test candidate"}	[]	CANDIDATE	2026-04-16 16:18:07.069522+09	t	181	2026-04-17 11:46:50.051974+09	181	\N	\N
82	88559ebc-280f-41ad-9b83-25df067de010	182	82	182	182	82	82.000	203000.00	{"seq": 82, "reason": "test candidate"}	[]	CANDIDATE	2026-04-16 16:18:07.069522+09	t	182	2026-04-17 11:46:50.051974+09	182	\N	\N
83	86569d69-094b-4c07-b85a-4ad70aa18ec4	183	83	183	183	83	83.000	204500.00	{"seq": 83, "reason": "test candidate"}	[]	CANDIDATE	2026-04-16 16:18:07.069522+09	t	183	2026-04-17 11:46:50.051974+09	183	\N	\N
84	5a06e0ef-5d4c-43c3-939d-edaa6f04fccb	184	84	184	184	84	84.000	206000.00	{"seq": 84, "reason": "test candidate"}	[]	CANDIDATE	2026-04-16 16:18:07.069522+09	t	184	2026-04-17 11:46:50.051974+09	184	\N	\N
85	ae5fde92-63d3-4fc2-b35d-c254d8d806f5	185	85	185	185	85	85.000	207500.00	{"seq": 85, "reason": "test candidate"}	[]	CANDIDATE	2026-04-16 16:18:07.069522+09	t	185	2026-04-17 11:46:50.051974+09	185	\N	\N
86	4b696c67-3bba-43f2-9dbc-28b0ad4af5e3	186	86	186	186	86	86.000	209000.00	{"seq": 86, "reason": "test candidate"}	[]	CANDIDATE	2026-04-16 16:18:07.069522+09	t	186	2026-04-17 11:46:50.051974+09	186	\N	\N
87	3378410c-daa9-4334-9755-2bfef677cec2	187	87	187	187	87	87.000	210500.00	{"seq": 87, "reason": "test candidate"}	[]	CANDIDATE	2026-04-16 16:18:07.069522+09	t	187	2026-04-17 11:46:50.051974+09	187	\N	\N
88	0fd1a7d0-ac27-41ad-9cfc-ceb749bf1414	188	88	188	188	88	88.000	212000.00	{"seq": 88, "reason": "test candidate"}	[]	CANDIDATE	2026-04-16 16:18:07.069522+09	t	188	2026-04-17 11:46:50.051974+09	188	\N	\N
89	ab00858f-ef37-4bf2-ba88-20c0a231285a	189	89	189	189	89	89.000	213500.00	{"seq": 89, "reason": "test candidate"}	[]	CANDIDATE	2026-04-16 16:18:07.069522+09	t	189	2026-04-17 11:46:50.051974+09	189	\N	\N
90	bc6381c5-84d6-49d1-bdd4-3c9b1db2b284	190	90	190	190	90	90.000	215000.00	{"seq": 90, "reason": "test candidate"}	[]	CANDIDATE	2026-04-16 16:18:07.069522+09	t	190	2026-04-17 11:46:50.051974+09	190	\N	\N
91	5c89e35a-0adb-40e0-be15-570ee9a04c3c	191	91	191	191	91	91.000	216500.00	{"seq": 91, "reason": "test candidate"}	[]	CANDIDATE	2026-04-16 16:18:07.069522+09	t	191	2026-04-17 11:46:50.051974+09	191	\N	\N
92	9686451d-7ae9-48d3-a71a-dcd9cf93eb73	192	92	192	192	92	92.000	218000.00	{"seq": 92, "reason": "test candidate"}	[]	CANDIDATE	2026-04-16 16:18:07.069522+09	t	192	2026-04-17 11:46:50.051974+09	192	\N	\N
93	a2f82e76-5641-4c49-9190-1f51d5f5541b	193	93	193	193	93	93.000	219500.00	{"seq": 93, "reason": "test candidate"}	[]	CANDIDATE	2026-04-16 16:18:07.069522+09	t	193	2026-04-17 11:46:50.051974+09	193	\N	\N
94	dad69384-7879-42a3-9e5e-ba4a0e4e2a5b	194	94	194	194	94	94.000	221000.00	{"seq": 94, "reason": "test candidate"}	[]	CANDIDATE	2026-04-16 16:18:07.069522+09	t	194	2026-04-17 11:46:50.051974+09	194	\N	\N
95	21da3d70-4b67-4417-89e0-dcdc609bd233	195	95	195	195	95	95.000	222500.00	{"seq": 95, "reason": "test candidate"}	[]	CANDIDATE	2026-04-16 16:18:07.069522+09	t	195	2026-04-17 11:46:50.051974+09	195	\N	\N
96	d2d80645-a7ce-46c0-bca6-14e402244851	196	96	196	196	96	96.000	224000.00	{"seq": 96, "reason": "test candidate"}	[]	CANDIDATE	2026-04-16 16:18:07.069522+09	t	196	2026-04-17 11:46:50.051974+09	196	\N	\N
97	8e3841b9-0d28-4b65-829a-ed84ea6e6f3a	197	97	197	197	97	97.000	225500.00	{"seq": 97, "reason": "test candidate"}	[]	CANDIDATE	2026-04-16 16:18:07.069522+09	t	197	2026-04-17 11:46:50.051974+09	197	\N	\N
98	c7bd2c84-4418-4d46-ad22-77a9da7b1e5f	198	98	198	198	98	98.000	227000.00	{"seq": 98, "reason": "test candidate"}	[]	CANDIDATE	2026-04-16 16:18:07.069522+09	t	198	2026-04-17 11:46:50.051974+09	198	\N	\N
99	18201d2b-f84a-4f3d-9620-36de140a61bd	199	99	199	199	99	99.000	228500.00	{"seq": 99, "reason": "test candidate"}	[]	CANDIDATE	2026-04-16 16:18:07.069522+09	t	199	2026-04-17 11:46:50.051974+09	199	\N	\N
100	95faa059-fa44-4af2-bea8-113c839261f2	200	100	200	200	100	80.000	230000.00	{"seq": 100, "reason": "test candidate"}	[]	CANDIDATE	2026-04-16 16:18:07.069522+09	t	200	2026-04-17 11:46:50.051974+09	200	\N	\N
\.


--
-- Data for Name: assignments; Type: TABLE DATA; Schema: dsp; Owner: -
--

COPY dsp.assignments (assignment_id, assignment_uid, tenant_id, transport_plan_id, assignment_no, assignment_type, status_code, carrier_id, vehicle_id, driver_id, offered_at, offer_expires_at, accepted_at, confirmed_by, confirmed_at, estimated_purchase_amount, created_by, created_at, updated_at, is_active, updated_by, deleted_at, deleted_by) FROM stdin;
1	8f8202b4-dc2d-4eb5-a462-d8d097c3a456	101	1	ASN000001	VEHICLE_DRIVER	CONFIRMED	101	101	1	2026-04-16 14:18:07.069522+09	2026-04-16 18:18:07.069522+09	2026-04-16 15:18:07.069522+09	101	2026-04-16 16:18:07.069522+09	81500.00	101	2026-04-16 16:18:07.069522+09	2026-04-17 11:46:50.051974+09	t	101	\N	\N
2	cfc161d9-ac25-41d4-897e-10c19bd52e15	102	2	ASN000002	VEHICLE_DRIVER	CONFIRMED	102	102	2	2026-04-16 14:18:07.069522+09	2026-04-16 18:18:07.069522+09	2026-04-16 15:18:07.069522+09	102	2026-04-16 16:18:07.069522+09	83000.00	102	2026-04-16 16:18:07.069522+09	2026-04-17 11:46:50.051974+09	t	102	\N	\N
3	d1a697cb-aa8e-48c5-a968-fedceda5bdbf	103	3	ASN000003	VEHICLE_DRIVER	CONFIRMED	103	103	3	2026-04-16 14:18:07.069522+09	2026-04-16 18:18:07.069522+09	2026-04-16 15:18:07.069522+09	103	2026-04-16 16:18:07.069522+09	84500.00	103	2026-04-16 16:18:07.069522+09	2026-04-17 11:46:50.051974+09	t	103	\N	\N
4	99a1aed8-c967-4d0f-807d-8125a0db95df	104	4	ASN000004	VEHICLE_DRIVER	CONFIRMED	104	104	4	2026-04-16 14:18:07.069522+09	2026-04-16 18:18:07.069522+09	2026-04-16 15:18:07.069522+09	104	2026-04-16 16:18:07.069522+09	86000.00	104	2026-04-16 16:18:07.069522+09	2026-04-17 11:46:50.051974+09	t	104	\N	\N
5	45ae8d9d-076d-4965-827a-1b992c1f47c3	105	5	ASN000005	VEHICLE_DRIVER	CONFIRMED	105	105	5	2026-04-16 14:18:07.069522+09	2026-04-16 18:18:07.069522+09	2026-04-16 15:18:07.069522+09	105	2026-04-16 16:18:07.069522+09	87500.00	105	2026-04-16 16:18:07.069522+09	2026-04-17 11:46:50.051974+09	t	105	\N	\N
6	9fe58d37-c8a7-4271-a2cc-00600c602d8b	106	6	ASN000006	VEHICLE_DRIVER	CONFIRMED	106	106	6	2026-04-16 14:18:07.069522+09	2026-04-16 18:18:07.069522+09	2026-04-16 15:18:07.069522+09	106	2026-04-16 16:18:07.069522+09	89000.00	106	2026-04-16 16:18:07.069522+09	2026-04-17 11:46:50.051974+09	t	106	\N	\N
7	fcc7d4d8-d63a-4db4-9955-ccc8a2edad80	107	7	ASN000007	VEHICLE_DRIVER	CONFIRMED	107	107	7	2026-04-16 14:18:07.069522+09	2026-04-16 18:18:07.069522+09	2026-04-16 15:18:07.069522+09	107	2026-04-16 16:18:07.069522+09	90500.00	107	2026-04-16 16:18:07.069522+09	2026-04-17 11:46:50.051974+09	t	107	\N	\N
8	f9c68160-8611-4af1-b918-054671b71e1d	108	8	ASN000008	VEHICLE_DRIVER	CONFIRMED	108	108	8	2026-04-16 14:18:07.069522+09	2026-04-16 18:18:07.069522+09	2026-04-16 15:18:07.069522+09	108	2026-04-16 16:18:07.069522+09	92000.00	108	2026-04-16 16:18:07.069522+09	2026-04-17 11:46:50.051974+09	t	108	\N	\N
9	ccfce640-2f64-4377-87a1-68bda4e6be5f	109	9	ASN000009	VEHICLE_DRIVER	CONFIRMED	109	109	9	2026-04-16 14:18:07.069522+09	2026-04-16 18:18:07.069522+09	2026-04-16 15:18:07.069522+09	109	2026-04-16 16:18:07.069522+09	93500.00	109	2026-04-16 16:18:07.069522+09	2026-04-17 11:46:50.051974+09	t	109	\N	\N
10	8f16fb47-5de2-4102-aa18-b7aa1e966153	110	10	ASN000010	VEHICLE_DRIVER	CONFIRMED	110	110	10	2026-04-16 14:18:07.069522+09	2026-04-16 18:18:07.069522+09	2026-04-16 15:18:07.069522+09	110	2026-04-16 16:18:07.069522+09	95000.00	110	2026-04-16 16:18:07.069522+09	2026-04-17 11:46:50.051974+09	t	110	\N	\N
11	09e1b539-b5c2-4409-83f6-245d6487af2e	111	11	ASN000011	VEHICLE_DRIVER	CONFIRMED	111	111	11	2026-04-16 14:18:07.069522+09	2026-04-16 18:18:07.069522+09	2026-04-16 15:18:07.069522+09	111	2026-04-16 16:18:07.069522+09	96500.00	111	2026-04-16 16:18:07.069522+09	2026-04-17 11:46:50.051974+09	t	111	\N	\N
12	bbb34cd4-f6d9-4734-aecf-976e56a3494b	112	12	ASN000012	VEHICLE_DRIVER	CONFIRMED	112	112	12	2026-04-16 14:18:07.069522+09	2026-04-16 18:18:07.069522+09	2026-04-16 15:18:07.069522+09	112	2026-04-16 16:18:07.069522+09	98000.00	112	2026-04-16 16:18:07.069522+09	2026-04-17 11:46:50.051974+09	t	112	\N	\N
13	4ec72aa8-3aad-487c-8a6c-9b278604be4f	113	13	ASN000013	VEHICLE_DRIVER	CONFIRMED	113	113	13	2026-04-16 14:18:07.069522+09	2026-04-16 18:18:07.069522+09	2026-04-16 15:18:07.069522+09	113	2026-04-16 16:18:07.069522+09	99500.00	113	2026-04-16 16:18:07.069522+09	2026-04-17 11:46:50.051974+09	t	113	\N	\N
14	c1a0b816-a6b1-48b0-9b47-e59edffbc563	114	14	ASN000014	VEHICLE_DRIVER	CONFIRMED	114	114	14	2026-04-16 14:18:07.069522+09	2026-04-16 18:18:07.069522+09	2026-04-16 15:18:07.069522+09	114	2026-04-16 16:18:07.069522+09	101000.00	114	2026-04-16 16:18:07.069522+09	2026-04-17 11:46:50.051974+09	t	114	\N	\N
15	b8291258-2950-485b-89a8-4d7579932300	115	15	ASN000015	VEHICLE_DRIVER	CONFIRMED	115	115	15	2026-04-16 14:18:07.069522+09	2026-04-16 18:18:07.069522+09	2026-04-16 15:18:07.069522+09	115	2026-04-16 16:18:07.069522+09	102500.00	115	2026-04-16 16:18:07.069522+09	2026-04-17 11:46:50.051974+09	t	115	\N	\N
16	e8ab2798-f9f0-412a-bc5b-cbadb63228ca	116	16	ASN000016	VEHICLE_DRIVER	CONFIRMED	116	116	16	2026-04-16 14:18:07.069522+09	2026-04-16 18:18:07.069522+09	2026-04-16 15:18:07.069522+09	116	2026-04-16 16:18:07.069522+09	104000.00	116	2026-04-16 16:18:07.069522+09	2026-04-17 11:46:50.051974+09	t	116	\N	\N
17	82d1818b-cb78-42d9-9ca2-83ae3879ff0c	117	17	ASN000017	VEHICLE_DRIVER	CONFIRMED	117	117	17	2026-04-16 14:18:07.069522+09	2026-04-16 18:18:07.069522+09	2026-04-16 15:18:07.069522+09	117	2026-04-16 16:18:07.069522+09	105500.00	117	2026-04-16 16:18:07.069522+09	2026-04-17 11:46:50.051974+09	t	117	\N	\N
18	7d7f0746-5c3f-47bc-8806-490d8084eccd	118	18	ASN000018	VEHICLE_DRIVER	CONFIRMED	118	118	18	2026-04-16 14:18:07.069522+09	2026-04-16 18:18:07.069522+09	2026-04-16 15:18:07.069522+09	118	2026-04-16 16:18:07.069522+09	107000.00	118	2026-04-16 16:18:07.069522+09	2026-04-17 11:46:50.051974+09	t	118	\N	\N
19	29db7401-1246-4e14-b696-dd556d419b61	119	19	ASN000019	VEHICLE_DRIVER	CONFIRMED	119	119	19	2026-04-16 14:18:07.069522+09	2026-04-16 18:18:07.069522+09	2026-04-16 15:18:07.069522+09	119	2026-04-16 16:18:07.069522+09	108500.00	119	2026-04-16 16:18:07.069522+09	2026-04-17 11:46:50.051974+09	t	119	\N	\N
20	fcc91233-033f-4a47-9079-0edb0372780f	120	20	ASN000020	VEHICLE_DRIVER	CONFIRMED	120	120	20	2026-04-16 14:18:07.069522+09	2026-04-16 18:18:07.069522+09	2026-04-16 15:18:07.069522+09	120	2026-04-16 16:18:07.069522+09	110000.00	120	2026-04-16 16:18:07.069522+09	2026-04-17 11:46:50.051974+09	t	120	\N	\N
21	2f5024d3-fc6f-4d4d-b919-99a703c6e0a6	121	21	ASN000021	VEHICLE_DRIVER	CONFIRMED	121	121	21	2026-04-16 14:18:07.069522+09	2026-04-16 18:18:07.069522+09	2026-04-16 15:18:07.069522+09	121	2026-04-16 16:18:07.069522+09	111500.00	121	2026-04-16 16:18:07.069522+09	2026-04-17 11:46:50.051974+09	t	121	\N	\N
22	5a6532e7-fde4-47c5-9c08-691b917c1f54	122	22	ASN000022	VEHICLE_DRIVER	CONFIRMED	122	122	22	2026-04-16 14:18:07.069522+09	2026-04-16 18:18:07.069522+09	2026-04-16 15:18:07.069522+09	122	2026-04-16 16:18:07.069522+09	113000.00	122	2026-04-16 16:18:07.069522+09	2026-04-17 11:46:50.051974+09	t	122	\N	\N
23	8e0863c9-a3fe-47d0-9fe5-e177be5444f0	123	23	ASN000023	VEHICLE_DRIVER	CONFIRMED	123	123	23	2026-04-16 14:18:07.069522+09	2026-04-16 18:18:07.069522+09	2026-04-16 15:18:07.069522+09	123	2026-04-16 16:18:07.069522+09	114500.00	123	2026-04-16 16:18:07.069522+09	2026-04-17 11:46:50.051974+09	t	123	\N	\N
24	2174f772-724a-4355-a799-15d2b61ba6cd	124	24	ASN000024	VEHICLE_DRIVER	CONFIRMED	124	124	24	2026-04-16 14:18:07.069522+09	2026-04-16 18:18:07.069522+09	2026-04-16 15:18:07.069522+09	124	2026-04-16 16:18:07.069522+09	116000.00	124	2026-04-16 16:18:07.069522+09	2026-04-17 11:46:50.051974+09	t	124	\N	\N
25	bdc025a3-1872-4b84-bbcc-8cb36b2ee0e7	125	25	ASN000025	VEHICLE_DRIVER	CONFIRMED	125	125	25	2026-04-16 14:18:07.069522+09	2026-04-16 18:18:07.069522+09	2026-04-16 15:18:07.069522+09	125	2026-04-16 16:18:07.069522+09	117500.00	125	2026-04-16 16:18:07.069522+09	2026-04-17 11:46:50.051974+09	t	125	\N	\N
26	155bb518-d61f-4329-b2ca-a00e5432bc65	126	26	ASN000026	VEHICLE_DRIVER	CONFIRMED	126	126	26	2026-04-16 14:18:07.069522+09	2026-04-16 18:18:07.069522+09	2026-04-16 15:18:07.069522+09	126	2026-04-16 16:18:07.069522+09	119000.00	126	2026-04-16 16:18:07.069522+09	2026-04-17 11:46:50.051974+09	t	126	\N	\N
27	f04f56c0-1dee-42ce-a7f5-a6eee01840f3	127	27	ASN000027	VEHICLE_DRIVER	CONFIRMED	127	127	27	2026-04-16 14:18:07.069522+09	2026-04-16 18:18:07.069522+09	2026-04-16 15:18:07.069522+09	127	2026-04-16 16:18:07.069522+09	120500.00	127	2026-04-16 16:18:07.069522+09	2026-04-17 11:46:50.051974+09	t	127	\N	\N
28	386c6e47-2385-4a13-8754-85adc4e6352f	128	28	ASN000028	VEHICLE_DRIVER	CONFIRMED	128	128	28	2026-04-16 14:18:07.069522+09	2026-04-16 18:18:07.069522+09	2026-04-16 15:18:07.069522+09	128	2026-04-16 16:18:07.069522+09	122000.00	128	2026-04-16 16:18:07.069522+09	2026-04-17 11:46:50.051974+09	t	128	\N	\N
29	0f9668ed-fd59-4676-92ea-26f0f7d84f4b	129	29	ASN000029	VEHICLE_DRIVER	CONFIRMED	129	129	29	2026-04-16 14:18:07.069522+09	2026-04-16 18:18:07.069522+09	2026-04-16 15:18:07.069522+09	129	2026-04-16 16:18:07.069522+09	123500.00	129	2026-04-16 16:18:07.069522+09	2026-04-17 11:46:50.051974+09	t	129	\N	\N
30	4a7c307f-d477-4dd8-b9ee-6a6df80422fa	130	30	ASN000030	VEHICLE_DRIVER	CONFIRMED	130	130	30	2026-04-16 14:18:07.069522+09	2026-04-16 18:18:07.069522+09	2026-04-16 15:18:07.069522+09	130	2026-04-16 16:18:07.069522+09	125000.00	130	2026-04-16 16:18:07.069522+09	2026-04-17 11:46:50.051974+09	t	130	\N	\N
31	bb8196de-dc40-4eb4-ad9e-822fc204e783	131	31	ASN000031	VEHICLE_DRIVER	CONFIRMED	131	131	31	2026-04-16 14:18:07.069522+09	2026-04-16 18:18:07.069522+09	2026-04-16 15:18:07.069522+09	131	2026-04-16 16:18:07.069522+09	126500.00	131	2026-04-16 16:18:07.069522+09	2026-04-17 11:46:50.051974+09	t	131	\N	\N
32	7c5c52b5-92d4-4185-860d-9c11718063e2	132	32	ASN000032	VEHICLE_DRIVER	CONFIRMED	132	132	32	2026-04-16 14:18:07.069522+09	2026-04-16 18:18:07.069522+09	2026-04-16 15:18:07.069522+09	132	2026-04-16 16:18:07.069522+09	128000.00	132	2026-04-16 16:18:07.069522+09	2026-04-17 11:46:50.051974+09	t	132	\N	\N
33	2fe8c50c-7bbf-4168-8328-e2ac908f3ab8	133	33	ASN000033	VEHICLE_DRIVER	CONFIRMED	133	133	33	2026-04-16 14:18:07.069522+09	2026-04-16 18:18:07.069522+09	2026-04-16 15:18:07.069522+09	133	2026-04-16 16:18:07.069522+09	129500.00	133	2026-04-16 16:18:07.069522+09	2026-04-17 11:46:50.051974+09	t	133	\N	\N
34	cda1dafe-d171-4ae0-bc03-ef4f0613968b	134	34	ASN000034	VEHICLE_DRIVER	CONFIRMED	134	134	34	2026-04-16 14:18:07.069522+09	2026-04-16 18:18:07.069522+09	2026-04-16 15:18:07.069522+09	134	2026-04-16 16:18:07.069522+09	131000.00	134	2026-04-16 16:18:07.069522+09	2026-04-17 11:46:50.051974+09	t	134	\N	\N
35	2267a654-a10d-42ba-b88b-d6b37c4fe923	135	35	ASN000035	VEHICLE_DRIVER	CONFIRMED	135	135	35	2026-04-16 14:18:07.069522+09	2026-04-16 18:18:07.069522+09	2026-04-16 15:18:07.069522+09	135	2026-04-16 16:18:07.069522+09	132500.00	135	2026-04-16 16:18:07.069522+09	2026-04-17 11:46:50.051974+09	t	135	\N	\N
36	f13c180c-0144-4106-8da2-a3a19e6d4833	136	36	ASN000036	VEHICLE_DRIVER	CONFIRMED	136	136	36	2026-04-16 14:18:07.069522+09	2026-04-16 18:18:07.069522+09	2026-04-16 15:18:07.069522+09	136	2026-04-16 16:18:07.069522+09	134000.00	136	2026-04-16 16:18:07.069522+09	2026-04-17 11:46:50.051974+09	t	136	\N	\N
37	252f9694-30ee-4c6d-8c48-ca4943f0afb9	137	37	ASN000037	VEHICLE_DRIVER	CONFIRMED	137	137	37	2026-04-16 14:18:07.069522+09	2026-04-16 18:18:07.069522+09	2026-04-16 15:18:07.069522+09	137	2026-04-16 16:18:07.069522+09	135500.00	137	2026-04-16 16:18:07.069522+09	2026-04-17 11:46:50.051974+09	t	137	\N	\N
38	5e65288c-af23-4449-91ae-788253d3b104	138	38	ASN000038	VEHICLE_DRIVER	CONFIRMED	138	138	38	2026-04-16 14:18:07.069522+09	2026-04-16 18:18:07.069522+09	2026-04-16 15:18:07.069522+09	138	2026-04-16 16:18:07.069522+09	137000.00	138	2026-04-16 16:18:07.069522+09	2026-04-17 11:46:50.051974+09	t	138	\N	\N
39	815c675f-0cf6-4684-bb93-007657a3277e	139	39	ASN000039	VEHICLE_DRIVER	CONFIRMED	139	139	39	2026-04-16 14:18:07.069522+09	2026-04-16 18:18:07.069522+09	2026-04-16 15:18:07.069522+09	139	2026-04-16 16:18:07.069522+09	138500.00	139	2026-04-16 16:18:07.069522+09	2026-04-17 11:46:50.051974+09	t	139	\N	\N
40	52845456-43e0-4762-9ae6-3d751f705ae3	140	40	ASN000040	VEHICLE_DRIVER	CONFIRMED	140	140	40	2026-04-16 14:18:07.069522+09	2026-04-16 18:18:07.069522+09	2026-04-16 15:18:07.069522+09	140	2026-04-16 16:18:07.069522+09	140000.00	140	2026-04-16 16:18:07.069522+09	2026-04-17 11:46:50.051974+09	t	140	\N	\N
41	fca539fb-919e-4e58-8c18-0d7b41b60f47	141	41	ASN000041	VEHICLE_DRIVER	CONFIRMED	141	141	41	2026-04-16 14:18:07.069522+09	2026-04-16 18:18:07.069522+09	2026-04-16 15:18:07.069522+09	141	2026-04-16 16:18:07.069522+09	141500.00	141	2026-04-16 16:18:07.069522+09	2026-04-17 11:46:50.051974+09	t	141	\N	\N
42	b85b5328-c59e-468a-9854-76dc2385e36b	142	42	ASN000042	VEHICLE_DRIVER	CONFIRMED	142	142	42	2026-04-16 14:18:07.069522+09	2026-04-16 18:18:07.069522+09	2026-04-16 15:18:07.069522+09	142	2026-04-16 16:18:07.069522+09	143000.00	142	2026-04-16 16:18:07.069522+09	2026-04-17 11:46:50.051974+09	t	142	\N	\N
43	5877baf7-98ac-414d-b9c6-0205cf9cb580	143	43	ASN000043	VEHICLE_DRIVER	CONFIRMED	143	143	43	2026-04-16 14:18:07.069522+09	2026-04-16 18:18:07.069522+09	2026-04-16 15:18:07.069522+09	143	2026-04-16 16:18:07.069522+09	144500.00	143	2026-04-16 16:18:07.069522+09	2026-04-17 11:46:50.051974+09	t	143	\N	\N
44	059870de-0250-4e95-93d5-93aab11b3d25	144	44	ASN000044	VEHICLE_DRIVER	CONFIRMED	144	144	44	2026-04-16 14:18:07.069522+09	2026-04-16 18:18:07.069522+09	2026-04-16 15:18:07.069522+09	144	2026-04-16 16:18:07.069522+09	146000.00	144	2026-04-16 16:18:07.069522+09	2026-04-17 11:46:50.051974+09	t	144	\N	\N
45	f5722ae5-791f-4554-9dd7-38141d53315b	145	45	ASN000045	VEHICLE_DRIVER	CONFIRMED	145	145	45	2026-04-16 14:18:07.069522+09	2026-04-16 18:18:07.069522+09	2026-04-16 15:18:07.069522+09	145	2026-04-16 16:18:07.069522+09	147500.00	145	2026-04-16 16:18:07.069522+09	2026-04-17 11:46:50.051974+09	t	145	\N	\N
46	6689b984-abf4-43b1-85d6-fbcb0e5359c2	146	46	ASN000046	VEHICLE_DRIVER	CONFIRMED	146	146	46	2026-04-16 14:18:07.069522+09	2026-04-16 18:18:07.069522+09	2026-04-16 15:18:07.069522+09	146	2026-04-16 16:18:07.069522+09	149000.00	146	2026-04-16 16:18:07.069522+09	2026-04-17 11:46:50.051974+09	t	146	\N	\N
47	6a558516-cf99-485a-9250-9e19d8454547	147	47	ASN000047	VEHICLE_DRIVER	CONFIRMED	147	147	47	2026-04-16 14:18:07.069522+09	2026-04-16 18:18:07.069522+09	2026-04-16 15:18:07.069522+09	147	2026-04-16 16:18:07.069522+09	150500.00	147	2026-04-16 16:18:07.069522+09	2026-04-17 11:46:50.051974+09	t	147	\N	\N
48	5f2fa7b9-f299-459f-aadd-7b1c4d66b68c	148	48	ASN000048	VEHICLE_DRIVER	CONFIRMED	148	148	48	2026-04-16 14:18:07.069522+09	2026-04-16 18:18:07.069522+09	2026-04-16 15:18:07.069522+09	148	2026-04-16 16:18:07.069522+09	152000.00	148	2026-04-16 16:18:07.069522+09	2026-04-17 11:46:50.051974+09	t	148	\N	\N
49	d75c8543-e2be-4d0c-93a2-44504393026e	149	49	ASN000049	VEHICLE_DRIVER	CONFIRMED	149	149	49	2026-04-16 14:18:07.069522+09	2026-04-16 18:18:07.069522+09	2026-04-16 15:18:07.069522+09	149	2026-04-16 16:18:07.069522+09	153500.00	149	2026-04-16 16:18:07.069522+09	2026-04-17 11:46:50.051974+09	t	149	\N	\N
50	872512c2-8871-47f7-8f2d-26513af0ce69	150	50	ASN000050	VEHICLE_DRIVER	CONFIRMED	150	150	50	2026-04-16 14:18:07.069522+09	2026-04-16 18:18:07.069522+09	2026-04-16 15:18:07.069522+09	150	2026-04-16 16:18:07.069522+09	155000.00	150	2026-04-16 16:18:07.069522+09	2026-04-17 11:46:50.051974+09	t	150	\N	\N
51	4768d0ae-3037-4901-a295-c2c40a058a6e	151	51	ASN000051	VEHICLE_DRIVER	CONFIRMED	151	151	51	2026-04-16 14:18:07.069522+09	2026-04-16 18:18:07.069522+09	2026-04-16 15:18:07.069522+09	151	2026-04-16 16:18:07.069522+09	156500.00	151	2026-04-16 16:18:07.069522+09	2026-04-17 11:46:50.051974+09	t	151	\N	\N
52	7d35f479-d3fd-431b-9216-70d2c3ba8617	152	52	ASN000052	VEHICLE_DRIVER	CONFIRMED	152	152	52	2026-04-16 14:18:07.069522+09	2026-04-16 18:18:07.069522+09	2026-04-16 15:18:07.069522+09	152	2026-04-16 16:18:07.069522+09	158000.00	152	2026-04-16 16:18:07.069522+09	2026-04-17 11:46:50.051974+09	t	152	\N	\N
53	8c57d029-e932-40b3-9b11-5617e020b642	153	53	ASN000053	VEHICLE_DRIVER	CONFIRMED	153	153	53	2026-04-16 14:18:07.069522+09	2026-04-16 18:18:07.069522+09	2026-04-16 15:18:07.069522+09	153	2026-04-16 16:18:07.069522+09	159500.00	153	2026-04-16 16:18:07.069522+09	2026-04-17 11:46:50.051974+09	t	153	\N	\N
54	438f0b01-46af-455b-92df-168b511d0699	154	54	ASN000054	VEHICLE_DRIVER	CONFIRMED	154	154	54	2026-04-16 14:18:07.069522+09	2026-04-16 18:18:07.069522+09	2026-04-16 15:18:07.069522+09	154	2026-04-16 16:18:07.069522+09	161000.00	154	2026-04-16 16:18:07.069522+09	2026-04-17 11:46:50.051974+09	t	154	\N	\N
55	0c5fc3e2-95b7-4257-9623-19ae3bf411cb	155	55	ASN000055	VEHICLE_DRIVER	CONFIRMED	155	155	55	2026-04-16 14:18:07.069522+09	2026-04-16 18:18:07.069522+09	2026-04-16 15:18:07.069522+09	155	2026-04-16 16:18:07.069522+09	162500.00	155	2026-04-16 16:18:07.069522+09	2026-04-17 11:46:50.051974+09	t	155	\N	\N
56	37e46611-2ddb-44cd-ac82-76cd95b32102	156	56	ASN000056	VEHICLE_DRIVER	CONFIRMED	156	156	56	2026-04-16 14:18:07.069522+09	2026-04-16 18:18:07.069522+09	2026-04-16 15:18:07.069522+09	156	2026-04-16 16:18:07.069522+09	164000.00	156	2026-04-16 16:18:07.069522+09	2026-04-17 11:46:50.051974+09	t	156	\N	\N
57	87917d51-9380-4965-aa7c-31198f4a2fd6	157	57	ASN000057	VEHICLE_DRIVER	CONFIRMED	157	157	57	2026-04-16 14:18:07.069522+09	2026-04-16 18:18:07.069522+09	2026-04-16 15:18:07.069522+09	157	2026-04-16 16:18:07.069522+09	165500.00	157	2026-04-16 16:18:07.069522+09	2026-04-17 11:46:50.051974+09	t	157	\N	\N
58	8271a4ee-50e1-4469-b8f9-a7ecb0dae03d	158	58	ASN000058	VEHICLE_DRIVER	CONFIRMED	158	158	58	2026-04-16 14:18:07.069522+09	2026-04-16 18:18:07.069522+09	2026-04-16 15:18:07.069522+09	158	2026-04-16 16:18:07.069522+09	167000.00	158	2026-04-16 16:18:07.069522+09	2026-04-17 11:46:50.051974+09	t	158	\N	\N
59	b5eae376-ebda-4470-9052-4bc8794a2e90	159	59	ASN000059	VEHICLE_DRIVER	CONFIRMED	159	159	59	2026-04-16 14:18:07.069522+09	2026-04-16 18:18:07.069522+09	2026-04-16 15:18:07.069522+09	159	2026-04-16 16:18:07.069522+09	168500.00	159	2026-04-16 16:18:07.069522+09	2026-04-17 11:46:50.051974+09	t	159	\N	\N
60	faf60ec8-0643-4f8f-9ed4-384f095877e2	160	60	ASN000060	VEHICLE_DRIVER	CONFIRMED	160	160	60	2026-04-16 14:18:07.069522+09	2026-04-16 18:18:07.069522+09	2026-04-16 15:18:07.069522+09	160	2026-04-16 16:18:07.069522+09	170000.00	160	2026-04-16 16:18:07.069522+09	2026-04-17 11:46:50.051974+09	t	160	\N	\N
61	6439d133-9908-4737-81a2-8699231e2afb	161	61	ASN000061	VEHICLE_DRIVER	CONFIRMED	161	161	61	2026-04-16 14:18:07.069522+09	2026-04-16 18:18:07.069522+09	2026-04-16 15:18:07.069522+09	161	2026-04-16 16:18:07.069522+09	171500.00	161	2026-04-16 16:18:07.069522+09	2026-04-17 11:46:50.051974+09	t	161	\N	\N
62	06584741-61d7-46fd-b160-7bf47f1db059	162	62	ASN000062	VEHICLE_DRIVER	CONFIRMED	162	162	62	2026-04-16 14:18:07.069522+09	2026-04-16 18:18:07.069522+09	2026-04-16 15:18:07.069522+09	162	2026-04-16 16:18:07.069522+09	173000.00	162	2026-04-16 16:18:07.069522+09	2026-04-17 11:46:50.051974+09	t	162	\N	\N
63	6a79db5f-bf1b-42b5-b95c-da469fe26ed0	163	63	ASN000063	VEHICLE_DRIVER	CONFIRMED	163	163	63	2026-04-16 14:18:07.069522+09	2026-04-16 18:18:07.069522+09	2026-04-16 15:18:07.069522+09	163	2026-04-16 16:18:07.069522+09	174500.00	163	2026-04-16 16:18:07.069522+09	2026-04-17 11:46:50.051974+09	t	163	\N	\N
64	02c5e980-53b4-4e38-83ec-0668656a109c	164	64	ASN000064	VEHICLE_DRIVER	CONFIRMED	164	164	64	2026-04-16 14:18:07.069522+09	2026-04-16 18:18:07.069522+09	2026-04-16 15:18:07.069522+09	164	2026-04-16 16:18:07.069522+09	176000.00	164	2026-04-16 16:18:07.069522+09	2026-04-17 11:46:50.051974+09	t	164	\N	\N
65	565fc97e-96be-4c34-a8fd-6436ad753765	165	65	ASN000065	VEHICLE_DRIVER	CONFIRMED	165	165	65	2026-04-16 14:18:07.069522+09	2026-04-16 18:18:07.069522+09	2026-04-16 15:18:07.069522+09	165	2026-04-16 16:18:07.069522+09	177500.00	165	2026-04-16 16:18:07.069522+09	2026-04-17 11:46:50.051974+09	t	165	\N	\N
66	c7f9e7de-68f5-4f61-ad8f-9053a81d95b5	166	66	ASN000066	VEHICLE_DRIVER	CONFIRMED	166	166	66	2026-04-16 14:18:07.069522+09	2026-04-16 18:18:07.069522+09	2026-04-16 15:18:07.069522+09	166	2026-04-16 16:18:07.069522+09	179000.00	166	2026-04-16 16:18:07.069522+09	2026-04-17 11:46:50.051974+09	t	166	\N	\N
67	a843ce7d-f24b-4a14-a745-a182249bac8f	167	67	ASN000067	VEHICLE_DRIVER	CONFIRMED	167	167	67	2026-04-16 14:18:07.069522+09	2026-04-16 18:18:07.069522+09	2026-04-16 15:18:07.069522+09	167	2026-04-16 16:18:07.069522+09	180500.00	167	2026-04-16 16:18:07.069522+09	2026-04-17 11:46:50.051974+09	t	167	\N	\N
68	45c3adff-8b95-44a1-85f8-f1be31cdbba2	168	68	ASN000068	VEHICLE_DRIVER	CONFIRMED	168	168	68	2026-04-16 14:18:07.069522+09	2026-04-16 18:18:07.069522+09	2026-04-16 15:18:07.069522+09	168	2026-04-16 16:18:07.069522+09	182000.00	168	2026-04-16 16:18:07.069522+09	2026-04-17 11:46:50.051974+09	t	168	\N	\N
69	6796d5c8-7ee0-41f7-9116-e40b45c59a82	169	69	ASN000069	VEHICLE_DRIVER	CONFIRMED	169	169	69	2026-04-16 14:18:07.069522+09	2026-04-16 18:18:07.069522+09	2026-04-16 15:18:07.069522+09	169	2026-04-16 16:18:07.069522+09	183500.00	169	2026-04-16 16:18:07.069522+09	2026-04-17 11:46:50.051974+09	t	169	\N	\N
70	f8ae2d44-33cb-459a-9256-e5be783114e8	170	70	ASN000070	VEHICLE_DRIVER	CONFIRMED	170	170	70	2026-04-16 14:18:07.069522+09	2026-04-16 18:18:07.069522+09	2026-04-16 15:18:07.069522+09	170	2026-04-16 16:18:07.069522+09	185000.00	170	2026-04-16 16:18:07.069522+09	2026-04-17 11:46:50.051974+09	t	170	\N	\N
71	1e5caa5f-ae84-4387-a2c7-542245f5da18	171	71	ASN000071	VEHICLE_DRIVER	CONFIRMED	171	171	71	2026-04-16 14:18:07.069522+09	2026-04-16 18:18:07.069522+09	2026-04-16 15:18:07.069522+09	171	2026-04-16 16:18:07.069522+09	186500.00	171	2026-04-16 16:18:07.069522+09	2026-04-17 11:46:50.051974+09	t	171	\N	\N
72	0f33af50-27fc-4157-864a-efb97f9234f6	172	72	ASN000072	VEHICLE_DRIVER	CONFIRMED	172	172	72	2026-04-16 14:18:07.069522+09	2026-04-16 18:18:07.069522+09	2026-04-16 15:18:07.069522+09	172	2026-04-16 16:18:07.069522+09	188000.00	172	2026-04-16 16:18:07.069522+09	2026-04-17 11:46:50.051974+09	t	172	\N	\N
73	31cb4c70-ff13-446d-a003-703f4087ea73	173	73	ASN000073	VEHICLE_DRIVER	CONFIRMED	173	173	73	2026-04-16 14:18:07.069522+09	2026-04-16 18:18:07.069522+09	2026-04-16 15:18:07.069522+09	173	2026-04-16 16:18:07.069522+09	189500.00	173	2026-04-16 16:18:07.069522+09	2026-04-17 11:46:50.051974+09	t	173	\N	\N
74	b3904a34-b867-4698-866d-14f293bd60e7	174	74	ASN000074	VEHICLE_DRIVER	CONFIRMED	174	174	74	2026-04-16 14:18:07.069522+09	2026-04-16 18:18:07.069522+09	2026-04-16 15:18:07.069522+09	174	2026-04-16 16:18:07.069522+09	191000.00	174	2026-04-16 16:18:07.069522+09	2026-04-17 11:46:50.051974+09	t	174	\N	\N
75	9e1deb8c-b844-4b9e-9d49-5c262291af0a	175	75	ASN000075	VEHICLE_DRIVER	CONFIRMED	175	175	75	2026-04-16 14:18:07.069522+09	2026-04-16 18:18:07.069522+09	2026-04-16 15:18:07.069522+09	175	2026-04-16 16:18:07.069522+09	192500.00	175	2026-04-16 16:18:07.069522+09	2026-04-17 11:46:50.051974+09	t	175	\N	\N
76	4f89ca51-c19d-4ac3-a1e1-a679cc3d5bd8	176	76	ASN000076	VEHICLE_DRIVER	CONFIRMED	176	176	76	2026-04-16 14:18:07.069522+09	2026-04-16 18:18:07.069522+09	2026-04-16 15:18:07.069522+09	176	2026-04-16 16:18:07.069522+09	194000.00	176	2026-04-16 16:18:07.069522+09	2026-04-17 11:46:50.051974+09	t	176	\N	\N
77	d7ed0ccf-2a19-42d2-b065-3f97c696818f	177	77	ASN000077	VEHICLE_DRIVER	CONFIRMED	177	177	77	2026-04-16 14:18:07.069522+09	2026-04-16 18:18:07.069522+09	2026-04-16 15:18:07.069522+09	177	2026-04-16 16:18:07.069522+09	195500.00	177	2026-04-16 16:18:07.069522+09	2026-04-17 11:46:50.051974+09	t	177	\N	\N
78	8296b7d7-de7f-4df8-9bfd-7d46ef0c1d9f	178	78	ASN000078	VEHICLE_DRIVER	CONFIRMED	178	178	78	2026-04-16 14:18:07.069522+09	2026-04-16 18:18:07.069522+09	2026-04-16 15:18:07.069522+09	178	2026-04-16 16:18:07.069522+09	197000.00	178	2026-04-16 16:18:07.069522+09	2026-04-17 11:46:50.051974+09	t	178	\N	\N
79	5472f063-baf2-4279-930c-ef6f68321ec3	179	79	ASN000079	VEHICLE_DRIVER	CONFIRMED	179	179	79	2026-04-16 14:18:07.069522+09	2026-04-16 18:18:07.069522+09	2026-04-16 15:18:07.069522+09	179	2026-04-16 16:18:07.069522+09	198500.00	179	2026-04-16 16:18:07.069522+09	2026-04-17 11:46:50.051974+09	t	179	\N	\N
80	f701f8a3-bc8e-48da-b868-29bba53ed55c	180	80	ASN000080	VEHICLE_DRIVER	CONFIRMED	180	180	80	2026-04-16 14:18:07.069522+09	2026-04-16 18:18:07.069522+09	2026-04-16 15:18:07.069522+09	180	2026-04-16 16:18:07.069522+09	200000.00	180	2026-04-16 16:18:07.069522+09	2026-04-17 11:46:50.051974+09	t	180	\N	\N
81	e77b1c33-8e13-4f92-b0e3-cefec26b21dd	181	81	ASN000081	VEHICLE_DRIVER	CONFIRMED	181	181	81	2026-04-16 14:18:07.069522+09	2026-04-16 18:18:07.069522+09	2026-04-16 15:18:07.069522+09	181	2026-04-16 16:18:07.069522+09	201500.00	181	2026-04-16 16:18:07.069522+09	2026-04-17 11:46:50.051974+09	t	181	\N	\N
82	71d9d293-13d8-4844-a13b-9b0e79a1674e	182	82	ASN000082	VEHICLE_DRIVER	CONFIRMED	182	182	82	2026-04-16 14:18:07.069522+09	2026-04-16 18:18:07.069522+09	2026-04-16 15:18:07.069522+09	182	2026-04-16 16:18:07.069522+09	203000.00	182	2026-04-16 16:18:07.069522+09	2026-04-17 11:46:50.051974+09	t	182	\N	\N
83	88610f9e-a3d7-4bb0-a414-e079d82fa652	183	83	ASN000083	VEHICLE_DRIVER	CONFIRMED	183	183	83	2026-04-16 14:18:07.069522+09	2026-04-16 18:18:07.069522+09	2026-04-16 15:18:07.069522+09	183	2026-04-16 16:18:07.069522+09	204500.00	183	2026-04-16 16:18:07.069522+09	2026-04-17 11:46:50.051974+09	t	183	\N	\N
84	d5774876-3c4b-49a5-bd40-ae3740c5153e	184	84	ASN000084	VEHICLE_DRIVER	CONFIRMED	184	184	84	2026-04-16 14:18:07.069522+09	2026-04-16 18:18:07.069522+09	2026-04-16 15:18:07.069522+09	184	2026-04-16 16:18:07.069522+09	206000.00	184	2026-04-16 16:18:07.069522+09	2026-04-17 11:46:50.051974+09	t	184	\N	\N
85	efbf65b3-d7bd-4bf4-8a50-01aa5d4910c3	185	85	ASN000085	VEHICLE_DRIVER	CONFIRMED	185	185	85	2026-04-16 14:18:07.069522+09	2026-04-16 18:18:07.069522+09	2026-04-16 15:18:07.069522+09	185	2026-04-16 16:18:07.069522+09	207500.00	185	2026-04-16 16:18:07.069522+09	2026-04-17 11:46:50.051974+09	t	185	\N	\N
86	b99db2a7-3495-4a50-9a7c-d886151c63b5	186	86	ASN000086	VEHICLE_DRIVER	CONFIRMED	186	186	86	2026-04-16 14:18:07.069522+09	2026-04-16 18:18:07.069522+09	2026-04-16 15:18:07.069522+09	186	2026-04-16 16:18:07.069522+09	209000.00	186	2026-04-16 16:18:07.069522+09	2026-04-17 11:46:50.051974+09	t	186	\N	\N
87	5e3e9e42-1d39-4d1c-b871-1ba40272cc44	187	87	ASN000087	VEHICLE_DRIVER	CONFIRMED	187	187	87	2026-04-16 14:18:07.069522+09	2026-04-16 18:18:07.069522+09	2026-04-16 15:18:07.069522+09	187	2026-04-16 16:18:07.069522+09	210500.00	187	2026-04-16 16:18:07.069522+09	2026-04-17 11:46:50.051974+09	t	187	\N	\N
88	ef8ac94a-f4bd-43ac-9a61-c2ee939dddd4	188	88	ASN000088	VEHICLE_DRIVER	CONFIRMED	188	188	88	2026-04-16 14:18:07.069522+09	2026-04-16 18:18:07.069522+09	2026-04-16 15:18:07.069522+09	188	2026-04-16 16:18:07.069522+09	212000.00	188	2026-04-16 16:18:07.069522+09	2026-04-17 11:46:50.051974+09	t	188	\N	\N
89	102c9459-4895-4c41-88b9-461e4bc2d7a9	189	89	ASN000089	VEHICLE_DRIVER	CONFIRMED	189	189	89	2026-04-16 14:18:07.069522+09	2026-04-16 18:18:07.069522+09	2026-04-16 15:18:07.069522+09	189	2026-04-16 16:18:07.069522+09	213500.00	189	2026-04-16 16:18:07.069522+09	2026-04-17 11:46:50.051974+09	t	189	\N	\N
90	5c21028c-a972-441b-bf15-20e8985410bf	190	90	ASN000090	VEHICLE_DRIVER	CONFIRMED	190	190	90	2026-04-16 14:18:07.069522+09	2026-04-16 18:18:07.069522+09	2026-04-16 15:18:07.069522+09	190	2026-04-16 16:18:07.069522+09	215000.00	190	2026-04-16 16:18:07.069522+09	2026-04-17 11:46:50.051974+09	t	190	\N	\N
91	7de27be3-0e28-4649-a9c3-0f6845480d0a	191	91	ASN000091	VEHICLE_DRIVER	CONFIRMED	191	191	91	2026-04-16 14:18:07.069522+09	2026-04-16 18:18:07.069522+09	2026-04-16 15:18:07.069522+09	191	2026-04-16 16:18:07.069522+09	216500.00	191	2026-04-16 16:18:07.069522+09	2026-04-17 11:46:50.051974+09	t	191	\N	\N
92	2561cf2a-0576-4c6e-9b78-81126b5d2033	192	92	ASN000092	VEHICLE_DRIVER	CONFIRMED	192	192	92	2026-04-16 14:18:07.069522+09	2026-04-16 18:18:07.069522+09	2026-04-16 15:18:07.069522+09	192	2026-04-16 16:18:07.069522+09	218000.00	192	2026-04-16 16:18:07.069522+09	2026-04-17 11:46:50.051974+09	t	192	\N	\N
93	76a77234-bf7f-4535-b08e-4a38608ff59c	193	93	ASN000093	VEHICLE_DRIVER	CONFIRMED	193	193	93	2026-04-16 14:18:07.069522+09	2026-04-16 18:18:07.069522+09	2026-04-16 15:18:07.069522+09	193	2026-04-16 16:18:07.069522+09	219500.00	193	2026-04-16 16:18:07.069522+09	2026-04-17 11:46:50.051974+09	t	193	\N	\N
94	900c42f9-f3f2-4f5e-b47c-c18b5f32eb29	194	94	ASN000094	VEHICLE_DRIVER	CONFIRMED	194	194	94	2026-04-16 14:18:07.069522+09	2026-04-16 18:18:07.069522+09	2026-04-16 15:18:07.069522+09	194	2026-04-16 16:18:07.069522+09	221000.00	194	2026-04-16 16:18:07.069522+09	2026-04-17 11:46:50.051974+09	t	194	\N	\N
95	a1612f85-8244-4656-97ca-3e5e68ad2c25	195	95	ASN000095	VEHICLE_DRIVER	CONFIRMED	195	195	95	2026-04-16 14:18:07.069522+09	2026-04-16 18:18:07.069522+09	2026-04-16 15:18:07.069522+09	195	2026-04-16 16:18:07.069522+09	222500.00	195	2026-04-16 16:18:07.069522+09	2026-04-17 11:46:50.051974+09	t	195	\N	\N
96	0b1e8ead-77e1-4f7d-a81e-d0f22215f60e	196	96	ASN000096	VEHICLE_DRIVER	CONFIRMED	196	196	96	2026-04-16 14:18:07.069522+09	2026-04-16 18:18:07.069522+09	2026-04-16 15:18:07.069522+09	196	2026-04-16 16:18:07.069522+09	224000.00	196	2026-04-16 16:18:07.069522+09	2026-04-17 11:46:50.051974+09	t	196	\N	\N
97	0f36ce10-4d2a-4e10-927b-5e81a826d1a4	197	97	ASN000097	VEHICLE_DRIVER	CONFIRMED	197	197	97	2026-04-16 14:18:07.069522+09	2026-04-16 18:18:07.069522+09	2026-04-16 15:18:07.069522+09	197	2026-04-16 16:18:07.069522+09	225500.00	197	2026-04-16 16:18:07.069522+09	2026-04-17 11:46:50.051974+09	t	197	\N	\N
98	9d08184e-adf5-4a75-80dc-d78091e3c916	198	98	ASN000098	VEHICLE_DRIVER	CONFIRMED	198	198	98	2026-04-16 14:18:07.069522+09	2026-04-16 18:18:07.069522+09	2026-04-16 15:18:07.069522+09	198	2026-04-16 16:18:07.069522+09	227000.00	198	2026-04-16 16:18:07.069522+09	2026-04-17 11:46:50.051974+09	t	198	\N	\N
99	659c1a8e-c0ee-4944-a47b-55f43d197143	199	99	ASN000099	VEHICLE_DRIVER	CONFIRMED	199	199	99	2026-04-16 14:18:07.069522+09	2026-04-16 18:18:07.069522+09	2026-04-16 15:18:07.069522+09	199	2026-04-16 16:18:07.069522+09	228500.00	199	2026-04-16 16:18:07.069522+09	2026-04-17 11:46:50.051974+09	t	199	\N	\N
100	7d1730d4-de7c-4548-80f5-130f356c816d	200	100	ASN000100	VEHICLE_DRIVER	CONFIRMED	200	200	100	2026-04-16 14:18:07.069522+09	2026-04-16 18:18:07.069522+09	2026-04-16 15:18:07.069522+09	200	2026-04-16 16:18:07.069522+09	230000.00	200	2026-04-16 16:18:07.069522+09	2026-04-17 11:46:50.051974+09	t	200	\N	\N
\.


--
-- Data for Name: dispatch_events; Type: TABLE DATA; Schema: dsp; Owner: -
--

COPY dsp.dispatch_events (dispatch_event_id, dispatch_event_uid, tenant_id, dispatch_id, plan_stop_id, event_code, event_at, latitude, longitude, event_source, note, created_by, created_at, is_active, updated_at, updated_by, deleted_at, deleted_by) FROM stdin;
6	3073b810-5d0d-4604-9eb7-b6960fee9aa8	106	6	6	COMPLETED	2026-04-16 16:12:07.069522+09	37.5006000	127.0006000	MOBILE	Test dispatch event 6	106	2026-04-16 16:18:07.069522+09	t	2026-04-17 11:46:50.051974+09	106	\N	\N
7	0997d9fc-15b1-4d77-96d4-614c5a6fa28f	107	7	7	COMPLETED	2026-04-16 16:11:07.069522+09	37.5007000	127.0007000	MOBILE	Test dispatch event 7	107	2026-04-16 16:18:07.069522+09	t	2026-04-17 11:46:50.051974+09	107	\N	\N
8	cc908aca-34a3-427d-afe7-d820f6dc9316	108	8	8	COMPLETED	2026-04-16 16:10:07.069522+09	37.5008000	127.0008000	MOBILE	Test dispatch event 8	108	2026-04-16 16:18:07.069522+09	t	2026-04-17 11:46:50.051974+09	108	\N	\N
9	ab642bc9-bc0d-4fbd-810c-e7aecf413d3c	109	9	9	COMPLETED	2026-04-16 16:09:07.069522+09	37.5009000	127.0009000	MOBILE	Test dispatch event 9	109	2026-04-16 16:18:07.069522+09	t	2026-04-17 11:46:50.051974+09	109	\N	\N
10	89e416c9-7398-40fe-afc8-d3bf5772a18f	110	10	10	COMPLETED	2026-04-16 16:08:07.069522+09	37.5010000	127.0010000	MOBILE	Test dispatch event 10	110	2026-04-16 16:18:07.069522+09	t	2026-04-17 11:46:50.051974+09	110	\N	\N
11	989d681d-0081-49ea-a29c-26cf64f14cd1	111	11	11	COMPLETED	2026-04-16 16:07:07.069522+09	37.5011000	127.0011000	MOBILE	Test dispatch event 11	111	2026-04-16 16:18:07.069522+09	t	2026-04-17 11:46:50.051974+09	111	\N	\N
12	71750570-213d-4307-b6ff-2ddc42d6899d	112	12	12	COMPLETED	2026-04-16 16:06:07.069522+09	37.5012000	127.0012000	MOBILE	Test dispatch event 12	112	2026-04-16 16:18:07.069522+09	t	2026-04-17 11:46:50.051974+09	112	\N	\N
13	2c1687f1-6737-40e9-a8be-d2525ad9a782	113	13	13	COMPLETED	2026-04-16 16:05:07.069522+09	37.5013000	127.0013000	MOBILE	Test dispatch event 13	113	2026-04-16 16:18:07.069522+09	t	2026-04-17 11:46:50.051974+09	113	\N	\N
14	47f5c609-4679-417f-b0c1-e61eb6417646	114	14	14	COMPLETED	2026-04-16 16:04:07.069522+09	37.5014000	127.0014000	MOBILE	Test dispatch event 14	114	2026-04-16 16:18:07.069522+09	t	2026-04-17 11:46:50.051974+09	114	\N	\N
15	7459b425-2a78-4f9c-9833-7f77f8b5744b	115	15	15	COMPLETED	2026-04-16 16:03:07.069522+09	37.5015000	127.0015000	MOBILE	Test dispatch event 15	115	2026-04-16 16:18:07.069522+09	t	2026-04-17 11:46:50.051974+09	115	\N	\N
16	7ce03cd4-4320-4c80-b7db-26100d32ac81	116	16	16	COMPLETED	2026-04-16 16:02:07.069522+09	37.5016000	127.0016000	MOBILE	Test dispatch event 16	116	2026-04-16 16:18:07.069522+09	t	2026-04-17 11:46:50.051974+09	116	\N	\N
17	3ff243df-6def-4dc4-b278-4f1dbbaa814e	117	17	17	COMPLETED	2026-04-16 16:01:07.069522+09	37.5017000	127.0017000	MOBILE	Test dispatch event 17	117	2026-04-16 16:18:07.069522+09	t	2026-04-17 11:46:50.051974+09	117	\N	\N
18	83a2e072-ad86-4a69-830e-727659c01a84	118	18	18	COMPLETED	2026-04-16 16:00:07.069522+09	37.5018000	127.0018000	MOBILE	Test dispatch event 18	118	2026-04-16 16:18:07.069522+09	t	2026-04-17 11:46:50.051974+09	118	\N	\N
19	a1b9611d-229b-46a3-8ab9-bf1e07f22c93	119	19	19	COMPLETED	2026-04-16 15:59:07.069522+09	37.5019000	127.0019000	MOBILE	Test dispatch event 19	119	2026-04-16 16:18:07.069522+09	t	2026-04-17 11:46:50.051974+09	119	\N	\N
20	020f5728-21f1-45a1-a88f-42b486fd4d65	120	20	20	COMPLETED	2026-04-16 15:58:07.069522+09	37.5020000	127.0020000	MOBILE	Test dispatch event 20	120	2026-04-16 16:18:07.069522+09	t	2026-04-17 11:46:50.051974+09	120	\N	\N
21	5e5e4a57-7923-4b99-8c5f-70cd780a621d	121	21	21	COMPLETED	2026-04-16 15:57:07.069522+09	37.5021000	127.0021000	MOBILE	Test dispatch event 21	121	2026-04-16 16:18:07.069522+09	t	2026-04-17 11:46:50.051974+09	121	\N	\N
22	85135509-4bce-42b8-a22a-5f9dd6d9b11c	122	22	22	COMPLETED	2026-04-16 15:56:07.069522+09	37.5022000	127.0022000	MOBILE	Test dispatch event 22	122	2026-04-16 16:18:07.069522+09	t	2026-04-17 11:46:50.051974+09	122	\N	\N
23	12293b68-4fab-485e-81ae-c8f68300ba69	123	23	23	COMPLETED	2026-04-16 15:55:07.069522+09	37.5023000	127.0023000	MOBILE	Test dispatch event 23	123	2026-04-16 16:18:07.069522+09	t	2026-04-17 11:46:50.051974+09	123	\N	\N
24	fa09a320-232f-4d47-8488-07c411b0a9a8	124	24	24	COMPLETED	2026-04-16 15:54:07.069522+09	37.5024000	127.0024000	MOBILE	Test dispatch event 24	124	2026-04-16 16:18:07.069522+09	t	2026-04-17 11:46:50.051974+09	124	\N	\N
25	5104b0af-b25c-424b-847b-a43a50b3f7ca	125	25	25	COMPLETED	2026-04-16 15:53:07.069522+09	37.5025000	127.0025000	MOBILE	Test dispatch event 25	125	2026-04-16 16:18:07.069522+09	t	2026-04-17 11:46:50.051974+09	125	\N	\N
26	42844885-55ee-4fc6-ab7f-e8848bd86f84	126	26	26	COMPLETED	2026-04-16 15:52:07.069522+09	37.5026000	127.0026000	MOBILE	Test dispatch event 26	126	2026-04-16 16:18:07.069522+09	t	2026-04-17 11:46:50.051974+09	126	\N	\N
27	a1926cf9-1b51-43bd-be05-805d64ea391c	127	27	27	COMPLETED	2026-04-16 15:51:07.069522+09	37.5027000	127.0027000	MOBILE	Test dispatch event 27	127	2026-04-16 16:18:07.069522+09	t	2026-04-17 11:46:50.051974+09	127	\N	\N
28	7075840e-918f-4d08-a7e2-bfb338dc2d0c	128	28	28	COMPLETED	2026-04-16 15:50:07.069522+09	37.5028000	127.0028000	MOBILE	Test dispatch event 28	128	2026-04-16 16:18:07.069522+09	t	2026-04-17 11:46:50.051974+09	128	\N	\N
29	5a5f25c5-8331-4c9b-8833-bedb328f0018	129	29	29	COMPLETED	2026-04-16 15:49:07.069522+09	37.5029000	127.0029000	MOBILE	Test dispatch event 29	129	2026-04-16 16:18:07.069522+09	t	2026-04-17 11:46:50.051974+09	129	\N	\N
30	6e25d11f-d65d-473f-adc1-a31ed1ecc2ef	130	30	30	COMPLETED	2026-04-16 15:48:07.069522+09	37.5030000	127.0030000	MOBILE	Test dispatch event 30	130	2026-04-16 16:18:07.069522+09	t	2026-04-17 11:46:50.051974+09	130	\N	\N
31	dd3e4a2e-23ea-4657-9cba-0da858f8ca2b	131	31	31	COMPLETED	2026-04-16 15:47:07.069522+09	37.5031000	127.0031000	MOBILE	Test dispatch event 31	131	2026-04-16 16:18:07.069522+09	t	2026-04-17 11:46:50.051974+09	131	\N	\N
32	f5284646-38b0-4f16-b2d4-72144c943c96	132	32	32	COMPLETED	2026-04-16 15:46:07.069522+09	37.5032000	127.0032000	MOBILE	Test dispatch event 32	132	2026-04-16 16:18:07.069522+09	t	2026-04-17 11:46:50.051974+09	132	\N	\N
33	0c5532f3-e549-40ab-acf5-95f634f0370b	133	33	33	COMPLETED	2026-04-16 15:45:07.069522+09	37.5033000	127.0033000	MOBILE	Test dispatch event 33	133	2026-04-16 16:18:07.069522+09	t	2026-04-17 11:46:50.051974+09	133	\N	\N
34	4ce98fd9-5688-47c2-aec0-7e6875723988	134	34	34	COMPLETED	2026-04-16 15:44:07.069522+09	37.5034000	127.0034000	MOBILE	Test dispatch event 34	134	2026-04-16 16:18:07.069522+09	t	2026-04-17 11:46:50.051974+09	134	\N	\N
35	2178af67-bd5b-40b3-a612-22a365640f3a	135	35	35	COMPLETED	2026-04-16 15:43:07.069522+09	37.5035000	127.0035000	MOBILE	Test dispatch event 35	135	2026-04-16 16:18:07.069522+09	t	2026-04-17 11:46:50.051974+09	135	\N	\N
36	fa301422-6313-4b0c-98e9-780cfd219393	136	36	36	COMPLETED	2026-04-16 15:42:07.069522+09	37.5036000	127.0036000	MOBILE	Test dispatch event 36	136	2026-04-16 16:18:07.069522+09	t	2026-04-17 11:46:50.051974+09	136	\N	\N
37	69ed3fdf-d9b1-4736-8e5b-e31baf1a7a40	137	37	37	COMPLETED	2026-04-16 15:41:07.069522+09	37.5037000	127.0037000	MOBILE	Test dispatch event 37	137	2026-04-16 16:18:07.069522+09	t	2026-04-17 11:46:50.051974+09	137	\N	\N
38	dbfea622-2c36-43c4-9a7d-231de9ec37e6	138	38	38	COMPLETED	2026-04-16 15:40:07.069522+09	37.5038000	127.0038000	MOBILE	Test dispatch event 38	138	2026-04-16 16:18:07.069522+09	t	2026-04-17 11:46:50.051974+09	138	\N	\N
39	514b6cdc-b570-440b-bf87-7ea1761b08cb	139	39	39	COMPLETED	2026-04-16 15:39:07.069522+09	37.5039000	127.0039000	MOBILE	Test dispatch event 39	139	2026-04-16 16:18:07.069522+09	t	2026-04-17 11:46:50.051974+09	139	\N	\N
40	b6cfa87f-9757-4f79-89d9-aecb287efd97	140	40	40	COMPLETED	2026-04-16 15:38:07.069522+09	37.5040000	127.0040000	MOBILE	Test dispatch event 40	140	2026-04-16 16:18:07.069522+09	t	2026-04-17 11:46:50.051974+09	140	\N	\N
41	262f3277-29f3-48d0-b1ce-b2223778f958	141	41	41	COMPLETED	2026-04-16 15:37:07.069522+09	37.5041000	127.0041000	MOBILE	Test dispatch event 41	141	2026-04-16 16:18:07.069522+09	t	2026-04-17 11:46:50.051974+09	141	\N	\N
42	f11d7421-979a-417c-98dd-0fc8d5493daf	142	42	42	COMPLETED	2026-04-16 15:36:07.069522+09	37.5042000	127.0042000	MOBILE	Test dispatch event 42	142	2026-04-16 16:18:07.069522+09	t	2026-04-17 11:46:50.051974+09	142	\N	\N
43	f4e77d4b-1511-4130-a682-6c602792bac3	143	43	43	COMPLETED	2026-04-16 15:35:07.069522+09	37.5043000	127.0043000	MOBILE	Test dispatch event 43	143	2026-04-16 16:18:07.069522+09	t	2026-04-17 11:46:50.051974+09	143	\N	\N
44	3360f139-b7ee-42ab-9d82-f71f4a889775	144	44	44	COMPLETED	2026-04-16 15:34:07.069522+09	37.5044000	127.0044000	MOBILE	Test dispatch event 44	144	2026-04-16 16:18:07.069522+09	t	2026-04-17 11:46:50.051974+09	144	\N	\N
45	8ba4fbfb-5820-4b09-8e67-d8fe1d9b5be8	145	45	45	COMPLETED	2026-04-16 15:33:07.069522+09	37.5045000	127.0045000	MOBILE	Test dispatch event 45	145	2026-04-16 16:18:07.069522+09	t	2026-04-17 11:46:50.051974+09	145	\N	\N
46	5b6ce8a3-d306-44b6-b153-41e6d4638fd6	146	46	46	COMPLETED	2026-04-16 15:32:07.069522+09	37.5046000	127.0046000	MOBILE	Test dispatch event 46	146	2026-04-16 16:18:07.069522+09	t	2026-04-17 11:46:50.051974+09	146	\N	\N
47	b9815e44-ef31-4b37-92ff-933c5f1260a3	147	47	47	COMPLETED	2026-04-16 15:31:07.069522+09	37.5047000	127.0047000	MOBILE	Test dispatch event 47	147	2026-04-16 16:18:07.069522+09	t	2026-04-17 11:46:50.051974+09	147	\N	\N
48	520b93a4-7869-457e-8102-ec5fa50323a6	148	48	48	COMPLETED	2026-04-16 15:30:07.069522+09	37.5048000	127.0048000	MOBILE	Test dispatch event 48	148	2026-04-16 16:18:07.069522+09	t	2026-04-17 11:46:50.051974+09	148	\N	\N
49	86100813-1391-4a7a-8f29-88edde922f54	149	49	49	COMPLETED	2026-04-16 15:29:07.069522+09	37.5049000	127.0049000	MOBILE	Test dispatch event 49	149	2026-04-16 16:18:07.069522+09	t	2026-04-17 11:46:50.051974+09	149	\N	\N
50	3df640dd-749e-43ed-a835-6f231ffc4761	150	50	50	COMPLETED	2026-04-16 15:28:07.069522+09	37.5050000	127.0050000	MOBILE	Test dispatch event 50	150	2026-04-16 16:18:07.069522+09	t	2026-04-17 11:46:50.051974+09	150	\N	\N
51	288ac179-ceef-49cd-9d5c-687e9df8de87	151	51	51	COMPLETED	2026-04-16 15:27:07.069522+09	37.5051000	127.0051000	MOBILE	Test dispatch event 51	151	2026-04-16 16:18:07.069522+09	t	2026-04-17 11:46:50.051974+09	151	\N	\N
52	a5a65b7a-2285-452e-a417-48119d7a5939	152	52	52	COMPLETED	2026-04-16 15:26:07.069522+09	37.5052000	127.0052000	MOBILE	Test dispatch event 52	152	2026-04-16 16:18:07.069522+09	t	2026-04-17 11:46:50.051974+09	152	\N	\N
53	a237b129-e30b-456f-94b8-cbdb36d134ad	153	53	53	COMPLETED	2026-04-16 15:25:07.069522+09	37.5053000	127.0053000	MOBILE	Test dispatch event 53	153	2026-04-16 16:18:07.069522+09	t	2026-04-17 11:46:50.051974+09	153	\N	\N
54	5d66687d-ab3a-4a4c-bc7f-36f0d1df3b22	154	54	54	COMPLETED	2026-04-16 15:24:07.069522+09	37.5054000	127.0054000	MOBILE	Test dispatch event 54	154	2026-04-16 16:18:07.069522+09	t	2026-04-17 11:46:50.051974+09	154	\N	\N
55	b1842ebe-8b6b-4f81-8f19-1c3c75d1f254	155	55	55	COMPLETED	2026-04-16 15:23:07.069522+09	37.5055000	127.0055000	MOBILE	Test dispatch event 55	155	2026-04-16 16:18:07.069522+09	t	2026-04-17 11:46:50.051974+09	155	\N	\N
56	c65f2240-5723-45f9-bdcc-845c301b4bd3	156	56	56	COMPLETED	2026-04-16 15:22:07.069522+09	37.5056000	127.0056000	MOBILE	Test dispatch event 56	156	2026-04-16 16:18:07.069522+09	t	2026-04-17 11:46:50.051974+09	156	\N	\N
57	3ab33cce-b4e4-4668-b8a4-3064a8da4a73	157	57	57	COMPLETED	2026-04-16 15:21:07.069522+09	37.5057000	127.0057000	MOBILE	Test dispatch event 57	157	2026-04-16 16:18:07.069522+09	t	2026-04-17 11:46:50.051974+09	157	\N	\N
58	c699c3ab-d48d-4dbe-a890-0a17628f63bb	158	58	58	COMPLETED	2026-04-16 15:20:07.069522+09	37.5058000	127.0058000	MOBILE	Test dispatch event 58	158	2026-04-16 16:18:07.069522+09	t	2026-04-17 11:46:50.051974+09	158	\N	\N
59	5d5d16dd-2a71-44b6-a2c1-f9d961e20a9a	159	59	59	COMPLETED	2026-04-16 15:19:07.069522+09	37.5059000	127.0059000	MOBILE	Test dispatch event 59	159	2026-04-16 16:18:07.069522+09	t	2026-04-17 11:46:50.051974+09	159	\N	\N
60	01598bbb-a610-4190-ae88-c5ddfcb0b121	160	60	60	COMPLETED	2026-04-16 15:18:07.069522+09	37.5060000	127.0060000	MOBILE	Test dispatch event 60	160	2026-04-16 16:18:07.069522+09	t	2026-04-17 11:46:50.051974+09	160	\N	\N
61	9b7feb81-5301-4c5c-9317-af62601a2ad4	161	61	61	COMPLETED	2026-04-16 15:17:07.069522+09	37.5061000	127.0061000	MOBILE	Test dispatch event 61	161	2026-04-16 16:18:07.069522+09	t	2026-04-17 11:46:50.051974+09	161	\N	\N
62	894792dd-d8e5-45fc-b8dc-ef23c5a07f42	162	62	62	COMPLETED	2026-04-16 15:16:07.069522+09	37.5062000	127.0062000	MOBILE	Test dispatch event 62	162	2026-04-16 16:18:07.069522+09	t	2026-04-17 11:46:50.051974+09	162	\N	\N
63	3ced8679-4fb6-4195-86aa-f61ef778b341	163	63	63	COMPLETED	2026-04-16 15:15:07.069522+09	37.5063000	127.0063000	MOBILE	Test dispatch event 63	163	2026-04-16 16:18:07.069522+09	t	2026-04-17 11:46:50.051974+09	163	\N	\N
64	66d14524-64e5-4b36-bbe5-06ce74064c74	164	64	64	COMPLETED	2026-04-16 15:14:07.069522+09	37.5064000	127.0064000	MOBILE	Test dispatch event 64	164	2026-04-16 16:18:07.069522+09	t	2026-04-17 11:46:50.051974+09	164	\N	\N
65	35879b57-d623-4687-bd7c-80a4c36fa1b7	165	65	65	COMPLETED	2026-04-16 15:13:07.069522+09	37.5065000	127.0065000	MOBILE	Test dispatch event 65	165	2026-04-16 16:18:07.069522+09	t	2026-04-17 11:46:50.051974+09	165	\N	\N
66	c6d8d9ce-42a3-48a2-93bd-a7f3a8171e84	166	66	66	COMPLETED	2026-04-16 15:12:07.069522+09	37.5066000	127.0066000	MOBILE	Test dispatch event 66	166	2026-04-16 16:18:07.069522+09	t	2026-04-17 11:46:50.051974+09	166	\N	\N
67	e75559b3-078d-4730-a6c0-1c8ad4594d32	167	67	67	COMPLETED	2026-04-16 15:11:07.069522+09	37.5067000	127.0067000	MOBILE	Test dispatch event 67	167	2026-04-16 16:18:07.069522+09	t	2026-04-17 11:46:50.051974+09	167	\N	\N
68	0609c587-dd36-4c1f-95ef-44b2e26cff6f	168	68	68	COMPLETED	2026-04-16 15:10:07.069522+09	37.5068000	127.0068000	MOBILE	Test dispatch event 68	168	2026-04-16 16:18:07.069522+09	t	2026-04-17 11:46:50.051974+09	168	\N	\N
69	d257d152-5582-4e58-87eb-8844b8136dec	169	69	69	COMPLETED	2026-04-16 15:09:07.069522+09	37.5069000	127.0069000	MOBILE	Test dispatch event 69	169	2026-04-16 16:18:07.069522+09	t	2026-04-17 11:46:50.051974+09	169	\N	\N
70	1da70b01-68b1-408c-b460-b915fb1a7f35	170	70	70	COMPLETED	2026-04-16 15:08:07.069522+09	37.5070000	127.0070000	MOBILE	Test dispatch event 70	170	2026-04-16 16:18:07.069522+09	t	2026-04-17 11:46:50.051974+09	170	\N	\N
71	67f407da-d729-42f6-8079-1a009050c46c	171	71	71	COMPLETED	2026-04-16 15:07:07.069522+09	37.5071000	127.0071000	MOBILE	Test dispatch event 71	171	2026-04-16 16:18:07.069522+09	t	2026-04-17 11:46:50.051974+09	171	\N	\N
72	c166aa6d-eb1a-4bca-b518-1de4a86022d4	172	72	72	COMPLETED	2026-04-16 15:06:07.069522+09	37.5072000	127.0072000	MOBILE	Test dispatch event 72	172	2026-04-16 16:18:07.069522+09	t	2026-04-17 11:46:50.051974+09	172	\N	\N
73	08fba35e-cca5-4e20-adff-15eddef08799	173	73	73	COMPLETED	2026-04-16 15:05:07.069522+09	37.5073000	127.0073000	MOBILE	Test dispatch event 73	173	2026-04-16 16:18:07.069522+09	t	2026-04-17 11:46:50.051974+09	173	\N	\N
74	775e02f8-5f91-4162-89b8-719c3cf6e05e	174	74	74	COMPLETED	2026-04-16 15:04:07.069522+09	37.5074000	127.0074000	MOBILE	Test dispatch event 74	174	2026-04-16 16:18:07.069522+09	t	2026-04-17 11:46:50.051974+09	174	\N	\N
75	ee9743fd-090f-44af-bbe3-ea40049939f3	175	75	75	COMPLETED	2026-04-16 15:03:07.069522+09	37.5075000	127.0075000	MOBILE	Test dispatch event 75	175	2026-04-16 16:18:07.069522+09	t	2026-04-17 11:46:50.051974+09	175	\N	\N
76	8f1dd010-1a53-40e3-892f-734e24e5a983	176	76	76	COMPLETED	2026-04-16 15:02:07.069522+09	37.5076000	127.0076000	MOBILE	Test dispatch event 76	176	2026-04-16 16:18:07.069522+09	t	2026-04-17 11:46:50.051974+09	176	\N	\N
77	2d45807e-9215-4e0a-9fc8-97334502e579	177	77	77	COMPLETED	2026-04-16 15:01:07.069522+09	37.5077000	127.0077000	MOBILE	Test dispatch event 77	177	2026-04-16 16:18:07.069522+09	t	2026-04-17 11:46:50.051974+09	177	\N	\N
78	36c02a32-185e-4ced-ae1e-0c3578f23c87	178	78	78	COMPLETED	2026-04-16 15:00:07.069522+09	37.5078000	127.0078000	MOBILE	Test dispatch event 78	178	2026-04-16 16:18:07.069522+09	t	2026-04-17 11:46:50.051974+09	178	\N	\N
79	f06481f4-c795-43ae-86c7-fdaf175836c3	179	79	79	COMPLETED	2026-04-16 14:59:07.069522+09	37.5079000	127.0079000	MOBILE	Test dispatch event 79	179	2026-04-16 16:18:07.069522+09	t	2026-04-17 11:46:50.051974+09	179	\N	\N
80	ad23c3af-4cd7-412b-a7c3-33e92d9e12b0	180	80	80	COMPLETED	2026-04-16 14:58:07.069522+09	37.5080000	127.0080000	MOBILE	Test dispatch event 80	180	2026-04-16 16:18:07.069522+09	t	2026-04-17 11:46:50.051974+09	180	\N	\N
81	70259d55-153b-465e-8495-18b2ad238660	181	81	81	COMPLETED	2026-04-16 14:57:07.069522+09	37.5081000	127.0081000	MOBILE	Test dispatch event 81	181	2026-04-16 16:18:07.069522+09	t	2026-04-17 11:46:50.051974+09	181	\N	\N
82	533af5a5-8730-4acc-8eac-686a8d556607	182	82	82	COMPLETED	2026-04-16 14:56:07.069522+09	37.5082000	127.0082000	MOBILE	Test dispatch event 82	182	2026-04-16 16:18:07.069522+09	t	2026-04-17 11:46:50.051974+09	182	\N	\N
83	3397c40a-9b22-41ac-af14-dd5e5bf98f57	183	83	83	COMPLETED	2026-04-16 14:55:07.069522+09	37.5083000	127.0083000	MOBILE	Test dispatch event 83	183	2026-04-16 16:18:07.069522+09	t	2026-04-17 11:46:50.051974+09	183	\N	\N
84	631fa506-7144-4b7f-84ff-151f036ad4c1	184	84	84	COMPLETED	2026-04-16 14:54:07.069522+09	37.5084000	127.0084000	MOBILE	Test dispatch event 84	184	2026-04-16 16:18:07.069522+09	t	2026-04-17 11:46:50.051974+09	184	\N	\N
85	f52077bf-ff73-45d6-88b8-7016d2d824a2	185	85	85	COMPLETED	2026-04-16 14:53:07.069522+09	37.5085000	127.0085000	MOBILE	Test dispatch event 85	185	2026-04-16 16:18:07.069522+09	t	2026-04-17 11:46:50.051974+09	185	\N	\N
86	a6b7b15c-0931-40dc-a774-858756e19110	186	86	86	COMPLETED	2026-04-16 14:52:07.069522+09	37.5086000	127.0086000	MOBILE	Test dispatch event 86	186	2026-04-16 16:18:07.069522+09	t	2026-04-17 11:46:50.051974+09	186	\N	\N
87	f717b2c2-21ab-46ed-bb48-758d4357fcfe	187	87	87	COMPLETED	2026-04-16 14:51:07.069522+09	37.5087000	127.0087000	MOBILE	Test dispatch event 87	187	2026-04-16 16:18:07.069522+09	t	2026-04-17 11:46:50.051974+09	187	\N	\N
1	e90435ea-2630-4f1c-987b-3913daad84f6	101	1	1	COMPLETED	2026-04-16 16:17:07.069522+09	37.5001000	127.0001000	MOBILE	Test dispatch event 1	101	2026-04-16 16:18:07.069522+09	t	2026-04-17 11:46:50.051974+09	101	\N	\N
2	0da33051-f73a-406d-87e4-fed34c6f0be6	102	2	2	COMPLETED	2026-04-16 16:16:07.069522+09	37.5002000	127.0002000	MOBILE	Test dispatch event 2	102	2026-04-16 16:18:07.069522+09	t	2026-04-17 11:46:50.051974+09	102	\N	\N
3	06a115b9-7ea8-43bb-b0dc-1c7d628cd87b	103	3	3	COMPLETED	2026-04-16 16:15:07.069522+09	37.5003000	127.0003000	MOBILE	Test dispatch event 3	103	2026-04-16 16:18:07.069522+09	t	2026-04-17 11:46:50.051974+09	103	\N	\N
4	943c2a50-c6b6-4189-bd66-7eb5ae60eb0a	104	4	4	COMPLETED	2026-04-16 16:14:07.069522+09	37.5004000	127.0004000	MOBILE	Test dispatch event 4	104	2026-04-16 16:18:07.069522+09	t	2026-04-17 11:46:50.051974+09	104	\N	\N
5	3eddd846-1c7f-48f3-9c77-0790984ce9fb	105	5	5	COMPLETED	2026-04-16 16:13:07.069522+09	37.5005000	127.0005000	MOBILE	Test dispatch event 5	105	2026-04-16 16:18:07.069522+09	t	2026-04-17 11:46:50.051974+09	105	\N	\N
88	7e6d1b71-8aa0-4bb0-84f6-6130f914cf44	188	88	88	COMPLETED	2026-04-16 14:50:07.069522+09	37.5088000	127.0088000	MOBILE	Test dispatch event 88	188	2026-04-16 16:18:07.069522+09	t	2026-04-17 11:46:50.051974+09	188	\N	\N
89	9b17c7d1-b1b2-4ef8-9e13-8ed755bb6316	189	89	89	COMPLETED	2026-04-16 14:49:07.069522+09	37.5089000	127.0089000	MOBILE	Test dispatch event 89	189	2026-04-16 16:18:07.069522+09	t	2026-04-17 11:46:50.051974+09	189	\N	\N
90	4bce333d-5989-4908-b615-60f34b5267b8	190	90	90	COMPLETED	2026-04-16 14:48:07.069522+09	37.5090000	127.0090000	MOBILE	Test dispatch event 90	190	2026-04-16 16:18:07.069522+09	t	2026-04-17 11:46:50.051974+09	190	\N	\N
91	31cf1110-3345-430b-a326-fc3d46e7c844	191	91	91	COMPLETED	2026-04-16 14:47:07.069522+09	37.5091000	127.0091000	MOBILE	Test dispatch event 91	191	2026-04-16 16:18:07.069522+09	t	2026-04-17 11:46:50.051974+09	191	\N	\N
92	03345ae4-a4b0-432e-bd56-ce22e3092cda	192	92	92	COMPLETED	2026-04-16 14:46:07.069522+09	37.5092000	127.0092000	MOBILE	Test dispatch event 92	192	2026-04-16 16:18:07.069522+09	t	2026-04-17 11:46:50.051974+09	192	\N	\N
93	7ad68549-04c2-4ccd-acdf-f6ccfd5ff9af	193	93	93	COMPLETED	2026-04-16 14:45:07.069522+09	37.5093000	127.0093000	MOBILE	Test dispatch event 93	193	2026-04-16 16:18:07.069522+09	t	2026-04-17 11:46:50.051974+09	193	\N	\N
94	5fb6357c-8a9b-4343-9914-4354ce05d0f1	194	94	94	COMPLETED	2026-04-16 14:44:07.069522+09	37.5094000	127.0094000	MOBILE	Test dispatch event 94	194	2026-04-16 16:18:07.069522+09	t	2026-04-17 11:46:50.051974+09	194	\N	\N
95	02e404d4-3c62-4aec-af54-539371ab1600	195	95	95	COMPLETED	2026-04-16 14:43:07.069522+09	37.5095000	127.0095000	MOBILE	Test dispatch event 95	195	2026-04-16 16:18:07.069522+09	t	2026-04-17 11:46:50.051974+09	195	\N	\N
96	1852dca2-44a3-45c1-ab88-17985ee3b4db	196	96	96	COMPLETED	2026-04-16 14:42:07.069522+09	37.5096000	127.0096000	MOBILE	Test dispatch event 96	196	2026-04-16 16:18:07.069522+09	t	2026-04-17 11:46:50.051974+09	196	\N	\N
97	afbe1711-c4c1-475b-96ed-fdbf9173f98e	197	97	97	COMPLETED	2026-04-16 14:41:07.069522+09	37.5097000	127.0097000	MOBILE	Test dispatch event 97	197	2026-04-16 16:18:07.069522+09	t	2026-04-17 11:46:50.051974+09	197	\N	\N
98	009e7432-0347-4085-a845-986d508883d2	198	98	98	COMPLETED	2026-04-16 14:40:07.069522+09	37.5098000	127.0098000	MOBILE	Test dispatch event 98	198	2026-04-16 16:18:07.069522+09	t	2026-04-17 11:46:50.051974+09	198	\N	\N
99	83ec76de-4ec0-413e-8392-0696ab21ca2b	199	99	99	COMPLETED	2026-04-16 14:39:07.069522+09	37.5099000	127.0099000	MOBILE	Test dispatch event 99	199	2026-04-16 16:18:07.069522+09	t	2026-04-17 11:46:50.051974+09	199	\N	\N
100	b73ed7e8-4fdd-40bf-af44-b27af54fc25c	200	100	100	COMPLETED	2026-04-16 14:38:07.069522+09	37.5100000	127.0100000	MOBILE	Test dispatch event 100	200	2026-04-16 16:18:07.069522+09	t	2026-04-17 11:46:50.051974+09	200	\N	\N
\.


--
-- Data for Name: dispatches; Type: TABLE DATA; Schema: dsp; Owner: -
--

COPY dsp.dispatches (dispatch_id, dispatch_uid, tenant_id, dispatch_no, transport_plan_id, assignment_id, carrier_id, vehicle_id, driver_id, dispatch_date, status_code, scheduled_start_at, scheduled_end_at, sent_at, driver_accepted_at, cancelled_at, cancel_reason, dispatch_note, created_by, created_at, updated_at, is_active, updated_by, deleted_at, deleted_by) FROM stdin;
7	a311b938-a263-4ded-b36f-76d88bfd2ba8	107	DSP000007	7	7	107	107	7	2026-04-16	COMPLETED	2026-04-16 23:18:07.069522+09	2026-04-17 05:18:07.069522+09	2026-04-16 14:48:07.069522+09	2026-04-16 14:58:07.069522+09	\N	\N	Test dispatch note 7	107	2026-04-16 16:18:07.069522+09	2026-04-17 11:46:50.051974+09	t	107	\N	\N
8	e981637f-ae44-4ecb-bc0b-bb7db32ec1c7	108	DSP000008	8	8	108	108	8	2026-04-16	COMPLETED	2026-04-17 00:18:07.069522+09	2026-04-17 06:18:07.069522+09	2026-04-16 14:48:07.069522+09	2026-04-16 14:58:07.069522+09	\N	\N	Test dispatch note 8	108	2026-04-16 16:18:07.069522+09	2026-04-17 11:46:50.051974+09	t	108	\N	\N
9	6e95524d-3206-4502-b799-12004c846ea1	109	DSP000009	9	9	109	109	9	2026-04-16	COMPLETED	2026-04-17 01:18:07.069522+09	2026-04-17 07:18:07.069522+09	2026-04-16 14:48:07.069522+09	2026-04-16 14:58:07.069522+09	\N	\N	Test dispatch note 9	109	2026-04-16 16:18:07.069522+09	2026-04-17 11:46:50.051974+09	t	109	\N	\N
10	764a1142-d267-4712-9b70-eeb19112a45c	110	DSP000010	10	10	110	110	10	2026-04-16	COMPLETED	2026-04-17 02:18:07.069522+09	2026-04-17 08:18:07.069522+09	2026-04-16 14:48:07.069522+09	2026-04-16 14:58:07.069522+09	\N	\N	Test dispatch note 10	110	2026-04-16 16:18:07.069522+09	2026-04-17 11:46:50.051974+09	t	110	\N	\N
11	b904fcf3-528d-466b-aa0a-0df989241e8e	111	DSP000011	11	11	111	111	11	2026-04-16	COMPLETED	2026-04-17 03:18:07.069522+09	2026-04-17 09:18:07.069522+09	2026-04-16 14:48:07.069522+09	2026-04-16 14:58:07.069522+09	\N	\N	Test dispatch note 11	111	2026-04-16 16:18:07.069522+09	2026-04-17 11:46:50.051974+09	t	111	\N	\N
12	9d0e52c6-c1c3-4828-8ee4-24f74f4a6503	112	DSP000012	12	12	112	112	12	2026-04-16	COMPLETED	2026-04-17 04:18:07.069522+09	2026-04-17 10:18:07.069522+09	2026-04-16 14:48:07.069522+09	2026-04-16 14:58:07.069522+09	\N	\N	Test dispatch note 12	112	2026-04-16 16:18:07.069522+09	2026-04-17 11:46:50.051974+09	t	112	\N	\N
13	3417a664-37fa-4069-b992-e4bc4145a064	113	DSP000013	13	13	113	113	13	2026-04-16	COMPLETED	2026-04-17 05:18:07.069522+09	2026-04-17 11:18:07.069522+09	2026-04-16 14:48:07.069522+09	2026-04-16 14:58:07.069522+09	\N	\N	Test dispatch note 13	113	2026-04-16 16:18:07.069522+09	2026-04-17 11:46:50.051974+09	t	113	\N	\N
14	16422f3b-9ebd-40bd-b262-d754ba58aaa8	114	DSP000014	14	14	114	114	14	2026-04-16	COMPLETED	2026-04-17 06:18:07.069522+09	2026-04-17 12:18:07.069522+09	2026-04-16 14:48:07.069522+09	2026-04-16 14:58:07.069522+09	\N	\N	Test dispatch note 14	114	2026-04-16 16:18:07.069522+09	2026-04-17 11:46:50.051974+09	t	114	\N	\N
15	627aa29c-3f82-4054-a185-5cc557b11a63	115	DSP000015	15	15	115	115	15	2026-04-16	COMPLETED	2026-04-17 07:18:07.069522+09	2026-04-17 13:18:07.069522+09	2026-04-16 14:48:07.069522+09	2026-04-16 14:58:07.069522+09	\N	\N	Test dispatch note 15	115	2026-04-16 16:18:07.069522+09	2026-04-17 11:46:50.051974+09	t	115	\N	\N
16	e9cc4d63-df2e-4974-bb0e-617634642a50	116	DSP000016	16	16	116	116	16	2026-04-16	COMPLETED	2026-04-17 08:18:07.069522+09	2026-04-17 14:18:07.069522+09	2026-04-16 14:48:07.069522+09	2026-04-16 14:58:07.069522+09	\N	\N	Test dispatch note 16	116	2026-04-16 16:18:07.069522+09	2026-04-17 11:46:50.051974+09	t	116	\N	\N
17	0383ceeb-9801-44d6-938f-4fc50ec15021	117	DSP000017	17	17	117	117	17	2026-04-16	COMPLETED	2026-04-17 09:18:07.069522+09	2026-04-17 15:18:07.069522+09	2026-04-16 14:48:07.069522+09	2026-04-16 14:58:07.069522+09	\N	\N	Test dispatch note 17	117	2026-04-16 16:18:07.069522+09	2026-04-17 11:46:50.051974+09	t	117	\N	\N
18	beec6b00-714b-4348-b25d-e85bea14fe04	118	DSP000018	18	18	118	118	18	2026-04-16	COMPLETED	2026-04-17 10:18:07.069522+09	2026-04-17 16:18:07.069522+09	2026-04-16 14:48:07.069522+09	2026-04-16 14:58:07.069522+09	\N	\N	Test dispatch note 18	118	2026-04-16 16:18:07.069522+09	2026-04-17 11:46:50.051974+09	t	118	\N	\N
19	9e69da76-2c67-4cc0-ac0a-a62aaef3312b	119	DSP000019	19	19	119	119	19	2026-04-16	COMPLETED	2026-04-17 11:18:07.069522+09	2026-04-17 17:18:07.069522+09	2026-04-16 14:48:07.069522+09	2026-04-16 14:58:07.069522+09	\N	\N	Test dispatch note 19	119	2026-04-16 16:18:07.069522+09	2026-04-17 11:46:50.051974+09	t	119	\N	\N
20	3bd0fa60-81ca-4aaf-9279-53b9f90d1759	120	DSP000020	20	20	120	120	20	2026-04-16	COMPLETED	2026-04-17 12:18:07.069522+09	2026-04-17 18:18:07.069522+09	2026-04-16 14:48:07.069522+09	2026-04-16 14:58:07.069522+09	\N	\N	Test dispatch note 20	120	2026-04-16 16:18:07.069522+09	2026-04-17 11:46:50.051974+09	t	120	\N	\N
21	b820d254-5078-445e-9093-23857361080d	121	DSP000021	21	21	121	121	21	2026-04-16	COMPLETED	2026-04-17 13:18:07.069522+09	2026-04-17 19:18:07.069522+09	2026-04-16 14:48:07.069522+09	2026-04-16 14:58:07.069522+09	\N	\N	Test dispatch note 21	121	2026-04-16 16:18:07.069522+09	2026-04-17 11:46:50.051974+09	t	121	\N	\N
22	71d49621-fff0-4a6b-8da9-8741367450ce	122	DSP000022	22	22	122	122	22	2026-04-16	COMPLETED	2026-04-17 14:18:07.069522+09	2026-04-17 20:18:07.069522+09	2026-04-16 14:48:07.069522+09	2026-04-16 14:58:07.069522+09	\N	\N	Test dispatch note 22	122	2026-04-16 16:18:07.069522+09	2026-04-17 11:46:50.051974+09	t	122	\N	\N
23	13b96024-43c6-4983-b327-d0c78b4c478d	123	DSP000023	23	23	123	123	23	2026-04-16	COMPLETED	2026-04-17 15:18:07.069522+09	2026-04-17 21:18:07.069522+09	2026-04-16 14:48:07.069522+09	2026-04-16 14:58:07.069522+09	\N	\N	Test dispatch note 23	123	2026-04-16 16:18:07.069522+09	2026-04-17 11:46:50.051974+09	t	123	\N	\N
24	8daa46e0-2378-44bb-b749-13a60058c96e	124	DSP000024	24	24	124	124	24	2026-04-16	COMPLETED	2026-04-17 16:18:07.069522+09	2026-04-17 22:18:07.069522+09	2026-04-16 14:48:07.069522+09	2026-04-16 14:58:07.069522+09	\N	\N	Test dispatch note 24	124	2026-04-16 16:18:07.069522+09	2026-04-17 11:46:50.051974+09	t	124	\N	\N
25	e6fd0cc7-4cd0-411d-b3fe-b8335e8897cb	125	DSP000025	25	25	125	125	25	2026-04-16	COMPLETED	2026-04-17 17:18:07.069522+09	2026-04-17 23:18:07.069522+09	2026-04-16 14:48:07.069522+09	2026-04-16 14:58:07.069522+09	\N	\N	Test dispatch note 25	125	2026-04-16 16:18:07.069522+09	2026-04-17 11:46:50.051974+09	t	125	\N	\N
26	0d75ea39-d239-4af5-80d3-321227549514	126	DSP000026	26	26	126	126	26	2026-04-16	COMPLETED	2026-04-17 18:18:07.069522+09	2026-04-18 00:18:07.069522+09	2026-04-16 14:48:07.069522+09	2026-04-16 14:58:07.069522+09	\N	\N	Test dispatch note 26	126	2026-04-16 16:18:07.069522+09	2026-04-17 11:46:50.051974+09	t	126	\N	\N
27	3cc93538-3528-48bf-8463-0077b7fbf644	127	DSP000027	27	27	127	127	27	2026-04-16	COMPLETED	2026-04-17 19:18:07.069522+09	2026-04-18 01:18:07.069522+09	2026-04-16 14:48:07.069522+09	2026-04-16 14:58:07.069522+09	\N	\N	Test dispatch note 27	127	2026-04-16 16:18:07.069522+09	2026-04-17 11:46:50.051974+09	t	127	\N	\N
28	f3ca9e8c-327b-4951-9cd8-61f604a08932	128	DSP000028	28	28	128	128	28	2026-04-16	COMPLETED	2026-04-17 20:18:07.069522+09	2026-04-18 02:18:07.069522+09	2026-04-16 14:48:07.069522+09	2026-04-16 14:58:07.069522+09	\N	\N	Test dispatch note 28	128	2026-04-16 16:18:07.069522+09	2026-04-17 11:46:50.051974+09	t	128	\N	\N
29	cdcc9990-b153-47b4-b957-1c20f0bb2567	129	DSP000029	29	29	129	129	29	2026-04-16	COMPLETED	2026-04-17 21:18:07.069522+09	2026-04-18 03:18:07.069522+09	2026-04-16 14:48:07.069522+09	2026-04-16 14:58:07.069522+09	\N	\N	Test dispatch note 29	129	2026-04-16 16:18:07.069522+09	2026-04-17 11:46:50.051974+09	t	129	\N	\N
30	0b8717a7-5dad-4c43-81dc-4c8513d3ed70	130	DSP000030	30	30	130	130	30	2026-04-16	COMPLETED	2026-04-17 22:18:07.069522+09	2026-04-18 04:18:07.069522+09	2026-04-16 14:48:07.069522+09	2026-04-16 14:58:07.069522+09	\N	\N	Test dispatch note 30	130	2026-04-16 16:18:07.069522+09	2026-04-17 11:46:50.051974+09	t	130	\N	\N
31	b09d40aa-82eb-4d2e-9d4b-11d0e6df4981	131	DSP000031	31	31	131	131	31	2026-04-16	COMPLETED	2026-04-17 23:18:07.069522+09	2026-04-18 05:18:07.069522+09	2026-04-16 14:48:07.069522+09	2026-04-16 14:58:07.069522+09	\N	\N	Test dispatch note 31	131	2026-04-16 16:18:07.069522+09	2026-04-17 11:46:50.051974+09	t	131	\N	\N
32	65eff8b7-1cfd-42ea-9cd4-921539bbafb8	132	DSP000032	32	32	132	132	32	2026-04-16	COMPLETED	2026-04-18 00:18:07.069522+09	2026-04-18 06:18:07.069522+09	2026-04-16 14:48:07.069522+09	2026-04-16 14:58:07.069522+09	\N	\N	Test dispatch note 32	132	2026-04-16 16:18:07.069522+09	2026-04-17 11:46:50.051974+09	t	132	\N	\N
33	174a8254-0911-4b4d-9191-96456bf08437	133	DSP000033	33	33	133	133	33	2026-04-16	COMPLETED	2026-04-18 01:18:07.069522+09	2026-04-18 07:18:07.069522+09	2026-04-16 14:48:07.069522+09	2026-04-16 14:58:07.069522+09	\N	\N	Test dispatch note 33	133	2026-04-16 16:18:07.069522+09	2026-04-17 11:46:50.051974+09	t	133	\N	\N
34	15ec88ce-6a63-49d7-ad89-f77f552db86b	134	DSP000034	34	34	134	134	34	2026-04-16	COMPLETED	2026-04-18 02:18:07.069522+09	2026-04-18 08:18:07.069522+09	2026-04-16 14:48:07.069522+09	2026-04-16 14:58:07.069522+09	\N	\N	Test dispatch note 34	134	2026-04-16 16:18:07.069522+09	2026-04-17 11:46:50.051974+09	t	134	\N	\N
35	cfe34fea-d13c-425a-b07e-11167bf458ca	135	DSP000035	35	35	135	135	35	2026-04-16	COMPLETED	2026-04-18 03:18:07.069522+09	2026-04-18 09:18:07.069522+09	2026-04-16 14:48:07.069522+09	2026-04-16 14:58:07.069522+09	\N	\N	Test dispatch note 35	135	2026-04-16 16:18:07.069522+09	2026-04-17 11:46:50.051974+09	t	135	\N	\N
36	afade44c-4ac5-4165-9e25-e19dbbf60ddb	136	DSP000036	36	36	136	136	36	2026-04-16	COMPLETED	2026-04-18 04:18:07.069522+09	2026-04-18 10:18:07.069522+09	2026-04-16 14:48:07.069522+09	2026-04-16 14:58:07.069522+09	\N	\N	Test dispatch note 36	136	2026-04-16 16:18:07.069522+09	2026-04-17 11:46:50.051974+09	t	136	\N	\N
37	6847ceda-afd8-4062-b6ba-d9ef08a2a8a1	137	DSP000037	37	37	137	137	37	2026-04-16	COMPLETED	2026-04-18 05:18:07.069522+09	2026-04-18 11:18:07.069522+09	2026-04-16 14:48:07.069522+09	2026-04-16 14:58:07.069522+09	\N	\N	Test dispatch note 37	137	2026-04-16 16:18:07.069522+09	2026-04-17 11:46:50.051974+09	t	137	\N	\N
38	16fa0fcd-18b0-434b-bbd6-639f9345b450	138	DSP000038	38	38	138	138	38	2026-04-16	COMPLETED	2026-04-18 06:18:07.069522+09	2026-04-18 12:18:07.069522+09	2026-04-16 14:48:07.069522+09	2026-04-16 14:58:07.069522+09	\N	\N	Test dispatch note 38	138	2026-04-16 16:18:07.069522+09	2026-04-17 11:46:50.051974+09	t	138	\N	\N
39	d61dde8d-7464-4ca8-8577-5aeee1b5df51	139	DSP000039	39	39	139	139	39	2026-04-16	COMPLETED	2026-04-18 07:18:07.069522+09	2026-04-18 13:18:07.069522+09	2026-04-16 14:48:07.069522+09	2026-04-16 14:58:07.069522+09	\N	\N	Test dispatch note 39	139	2026-04-16 16:18:07.069522+09	2026-04-17 11:46:50.051974+09	t	139	\N	\N
40	9fe6b8a6-4c48-4e31-b5e9-76526a30f289	140	DSP000040	40	40	140	140	40	2026-04-16	COMPLETED	2026-04-18 08:18:07.069522+09	2026-04-18 14:18:07.069522+09	2026-04-16 14:48:07.069522+09	2026-04-16 14:58:07.069522+09	\N	\N	Test dispatch note 40	140	2026-04-16 16:18:07.069522+09	2026-04-17 11:46:50.051974+09	t	140	\N	\N
41	59c7bfb6-aa98-4b86-a562-4750fac79491	141	DSP000041	41	41	141	141	41	2026-04-16	COMPLETED	2026-04-18 09:18:07.069522+09	2026-04-18 15:18:07.069522+09	2026-04-16 14:48:07.069522+09	2026-04-16 14:58:07.069522+09	\N	\N	Test dispatch note 41	141	2026-04-16 16:18:07.069522+09	2026-04-17 11:46:50.051974+09	t	141	\N	\N
42	23263a52-afc4-4371-bd4f-1c6a6ed546dd	142	DSP000042	42	42	142	142	42	2026-04-16	COMPLETED	2026-04-18 10:18:07.069522+09	2026-04-18 16:18:07.069522+09	2026-04-16 14:48:07.069522+09	2026-04-16 14:58:07.069522+09	\N	\N	Test dispatch note 42	142	2026-04-16 16:18:07.069522+09	2026-04-17 11:46:50.051974+09	t	142	\N	\N
43	8731c79a-b6fb-4b7b-8045-a1f5fb8933f7	143	DSP000043	43	43	143	143	43	2026-04-16	COMPLETED	2026-04-18 11:18:07.069522+09	2026-04-18 17:18:07.069522+09	2026-04-16 14:48:07.069522+09	2026-04-16 14:58:07.069522+09	\N	\N	Test dispatch note 43	143	2026-04-16 16:18:07.069522+09	2026-04-17 11:46:50.051974+09	t	143	\N	\N
44	0e85949a-89ce-4764-b83b-ce1d6b0a6144	144	DSP000044	44	44	144	144	44	2026-04-16	COMPLETED	2026-04-18 12:18:07.069522+09	2026-04-18 18:18:07.069522+09	2026-04-16 14:48:07.069522+09	2026-04-16 14:58:07.069522+09	\N	\N	Test dispatch note 44	144	2026-04-16 16:18:07.069522+09	2026-04-17 11:46:50.051974+09	t	144	\N	\N
45	69bb2f3a-cc4e-4556-a3c4-3c73f9dbcb18	145	DSP000045	45	45	145	145	45	2026-04-16	COMPLETED	2026-04-18 13:18:07.069522+09	2026-04-18 19:18:07.069522+09	2026-04-16 14:48:07.069522+09	2026-04-16 14:58:07.069522+09	\N	\N	Test dispatch note 45	145	2026-04-16 16:18:07.069522+09	2026-04-17 11:46:50.051974+09	t	145	\N	\N
46	e48b97c9-1724-45e2-978c-227f3ec09f7e	146	DSP000046	46	46	146	146	46	2026-04-16	COMPLETED	2026-04-18 14:18:07.069522+09	2026-04-18 20:18:07.069522+09	2026-04-16 14:48:07.069522+09	2026-04-16 14:58:07.069522+09	\N	\N	Test dispatch note 46	146	2026-04-16 16:18:07.069522+09	2026-04-17 11:46:50.051974+09	t	146	\N	\N
47	c2f5a28c-b927-439e-a9b5-b130ecc2db9e	147	DSP000047	47	47	147	147	47	2026-04-16	COMPLETED	2026-04-18 15:18:07.069522+09	2026-04-18 21:18:07.069522+09	2026-04-16 14:48:07.069522+09	2026-04-16 14:58:07.069522+09	\N	\N	Test dispatch note 47	147	2026-04-16 16:18:07.069522+09	2026-04-17 11:46:50.051974+09	t	147	\N	\N
48	263b3874-c2bd-4f78-9657-af7cae03d0bd	148	DSP000048	48	48	148	148	48	2026-04-16	COMPLETED	2026-04-18 16:18:07.069522+09	2026-04-18 22:18:07.069522+09	2026-04-16 14:48:07.069522+09	2026-04-16 14:58:07.069522+09	\N	\N	Test dispatch note 48	148	2026-04-16 16:18:07.069522+09	2026-04-17 11:46:50.051974+09	t	148	\N	\N
49	d788e13d-2250-41fa-96b4-2fd99b05f7c3	149	DSP000049	49	49	149	149	49	2026-04-16	COMPLETED	2026-04-18 17:18:07.069522+09	2026-04-18 23:18:07.069522+09	2026-04-16 14:48:07.069522+09	2026-04-16 14:58:07.069522+09	\N	\N	Test dispatch note 49	149	2026-04-16 16:18:07.069522+09	2026-04-17 11:46:50.051974+09	t	149	\N	\N
50	d1adcc80-d590-47ea-889a-66fb48fb56e0	150	DSP000050	50	50	150	150	50	2026-04-16	COMPLETED	2026-04-18 18:18:07.069522+09	2026-04-19 00:18:07.069522+09	2026-04-16 14:48:07.069522+09	2026-04-16 14:58:07.069522+09	\N	\N	Test dispatch note 50	150	2026-04-16 16:18:07.069522+09	2026-04-17 11:46:50.051974+09	t	150	\N	\N
51	cfb9a1b8-948c-4413-90f5-9433d271e32a	151	DSP000051	51	51	151	151	51	2026-04-16	COMPLETED	2026-04-18 19:18:07.069522+09	2026-04-19 01:18:07.069522+09	2026-04-16 14:48:07.069522+09	2026-04-16 14:58:07.069522+09	\N	\N	Test dispatch note 51	151	2026-04-16 16:18:07.069522+09	2026-04-17 11:46:50.051974+09	t	151	\N	\N
52	3df60d7f-a029-49cf-bb15-69920b2224d8	152	DSP000052	52	52	152	152	52	2026-04-16	COMPLETED	2026-04-18 20:18:07.069522+09	2026-04-19 02:18:07.069522+09	2026-04-16 14:48:07.069522+09	2026-04-16 14:58:07.069522+09	\N	\N	Test dispatch note 52	152	2026-04-16 16:18:07.069522+09	2026-04-17 11:46:50.051974+09	t	152	\N	\N
53	6f931ee1-395d-4155-9ccc-0122f431c16d	153	DSP000053	53	53	153	153	53	2026-04-16	COMPLETED	2026-04-18 21:18:07.069522+09	2026-04-19 03:18:07.069522+09	2026-04-16 14:48:07.069522+09	2026-04-16 14:58:07.069522+09	\N	\N	Test dispatch note 53	153	2026-04-16 16:18:07.069522+09	2026-04-17 11:46:50.051974+09	t	153	\N	\N
54	9da587d2-d878-4a2a-872d-7784dd513042	154	DSP000054	54	54	154	154	54	2026-04-16	COMPLETED	2026-04-18 22:18:07.069522+09	2026-04-19 04:18:07.069522+09	2026-04-16 14:48:07.069522+09	2026-04-16 14:58:07.069522+09	\N	\N	Test dispatch note 54	154	2026-04-16 16:18:07.069522+09	2026-04-17 11:46:50.051974+09	t	154	\N	\N
55	acf3ce32-f88e-4e4f-ae57-5df4d2fc59ef	155	DSP000055	55	55	155	155	55	2026-04-16	COMPLETED	2026-04-18 23:18:07.069522+09	2026-04-19 05:18:07.069522+09	2026-04-16 14:48:07.069522+09	2026-04-16 14:58:07.069522+09	\N	\N	Test dispatch note 55	155	2026-04-16 16:18:07.069522+09	2026-04-17 11:46:50.051974+09	t	155	\N	\N
56	e17250f4-3840-4779-aa45-c73d8458ac1a	156	DSP000056	56	56	156	156	56	2026-04-16	COMPLETED	2026-04-19 00:18:07.069522+09	2026-04-19 06:18:07.069522+09	2026-04-16 14:48:07.069522+09	2026-04-16 14:58:07.069522+09	\N	\N	Test dispatch note 56	156	2026-04-16 16:18:07.069522+09	2026-04-17 11:46:50.051974+09	t	156	\N	\N
57	824cd5b7-e2e6-4246-993e-f2e7cf9e2213	157	DSP000057	57	57	157	157	57	2026-04-16	COMPLETED	2026-04-19 01:18:07.069522+09	2026-04-19 07:18:07.069522+09	2026-04-16 14:48:07.069522+09	2026-04-16 14:58:07.069522+09	\N	\N	Test dispatch note 57	157	2026-04-16 16:18:07.069522+09	2026-04-17 11:46:50.051974+09	t	157	\N	\N
58	91063ab9-ebf0-4621-be9d-58f773a34a40	158	DSP000058	58	58	158	158	58	2026-04-16	COMPLETED	2026-04-19 02:18:07.069522+09	2026-04-19 08:18:07.069522+09	2026-04-16 14:48:07.069522+09	2026-04-16 14:58:07.069522+09	\N	\N	Test dispatch note 58	158	2026-04-16 16:18:07.069522+09	2026-04-17 11:46:50.051974+09	t	158	\N	\N
59	858bd82e-78ff-496e-9acf-dbbd784e04d7	159	DSP000059	59	59	159	159	59	2026-04-16	COMPLETED	2026-04-19 03:18:07.069522+09	2026-04-19 09:18:07.069522+09	2026-04-16 14:48:07.069522+09	2026-04-16 14:58:07.069522+09	\N	\N	Test dispatch note 59	159	2026-04-16 16:18:07.069522+09	2026-04-17 11:46:50.051974+09	t	159	\N	\N
60	7ca5aaec-e603-4b71-881f-687c8da31b77	160	DSP000060	60	60	160	160	60	2026-04-16	COMPLETED	2026-04-19 04:18:07.069522+09	2026-04-19 10:18:07.069522+09	2026-04-16 14:48:07.069522+09	2026-04-16 14:58:07.069522+09	\N	\N	Test dispatch note 60	160	2026-04-16 16:18:07.069522+09	2026-04-17 11:46:50.051974+09	t	160	\N	\N
61	2bdeb4b0-0c91-4920-b139-4eefde6ef621	161	DSP000061	61	61	161	161	61	2026-04-16	COMPLETED	2026-04-19 05:18:07.069522+09	2026-04-19 11:18:07.069522+09	2026-04-16 14:48:07.069522+09	2026-04-16 14:58:07.069522+09	\N	\N	Test dispatch note 61	161	2026-04-16 16:18:07.069522+09	2026-04-17 11:46:50.051974+09	t	161	\N	\N
62	9f4e841c-1edd-4f2e-94be-af1c140656a5	162	DSP000062	62	62	162	162	62	2026-04-16	COMPLETED	2026-04-19 06:18:07.069522+09	2026-04-19 12:18:07.069522+09	2026-04-16 14:48:07.069522+09	2026-04-16 14:58:07.069522+09	\N	\N	Test dispatch note 62	162	2026-04-16 16:18:07.069522+09	2026-04-17 11:46:50.051974+09	t	162	\N	\N
63	76e759dd-d434-445d-b0cd-8f82d62b5ad2	163	DSP000063	63	63	163	163	63	2026-04-16	COMPLETED	2026-04-19 07:18:07.069522+09	2026-04-19 13:18:07.069522+09	2026-04-16 14:48:07.069522+09	2026-04-16 14:58:07.069522+09	\N	\N	Test dispatch note 63	163	2026-04-16 16:18:07.069522+09	2026-04-17 11:46:50.051974+09	t	163	\N	\N
64	a5f738c4-c8b7-4a80-baee-7cb6e187ca23	164	DSP000064	64	64	164	164	64	2026-04-16	COMPLETED	2026-04-19 08:18:07.069522+09	2026-04-19 14:18:07.069522+09	2026-04-16 14:48:07.069522+09	2026-04-16 14:58:07.069522+09	\N	\N	Test dispatch note 64	164	2026-04-16 16:18:07.069522+09	2026-04-17 11:46:50.051974+09	t	164	\N	\N
65	b6e337de-aaec-4a44-b151-1838ed1813e3	165	DSP000065	65	65	165	165	65	2026-04-16	COMPLETED	2026-04-19 09:18:07.069522+09	2026-04-19 15:18:07.069522+09	2026-04-16 14:48:07.069522+09	2026-04-16 14:58:07.069522+09	\N	\N	Test dispatch note 65	165	2026-04-16 16:18:07.069522+09	2026-04-17 11:46:50.051974+09	t	165	\N	\N
66	96328e79-40d1-4c11-8b3c-8f71d2005bb8	166	DSP000066	66	66	166	166	66	2026-04-16	COMPLETED	2026-04-19 10:18:07.069522+09	2026-04-19 16:18:07.069522+09	2026-04-16 14:48:07.069522+09	2026-04-16 14:58:07.069522+09	\N	\N	Test dispatch note 66	166	2026-04-16 16:18:07.069522+09	2026-04-17 11:46:50.051974+09	t	166	\N	\N
67	9e00dc3a-aef9-47db-a94c-0ca8395a5344	167	DSP000067	67	67	167	167	67	2026-04-16	COMPLETED	2026-04-19 11:18:07.069522+09	2026-04-19 17:18:07.069522+09	2026-04-16 14:48:07.069522+09	2026-04-16 14:58:07.069522+09	\N	\N	Test dispatch note 67	167	2026-04-16 16:18:07.069522+09	2026-04-17 11:46:50.051974+09	t	167	\N	\N
68	7dc985e3-67b8-4e28-950f-c8acd66e7797	168	DSP000068	68	68	168	168	68	2026-04-16	COMPLETED	2026-04-19 12:18:07.069522+09	2026-04-19 18:18:07.069522+09	2026-04-16 14:48:07.069522+09	2026-04-16 14:58:07.069522+09	\N	\N	Test dispatch note 68	168	2026-04-16 16:18:07.069522+09	2026-04-17 11:46:50.051974+09	t	168	\N	\N
69	5da1ced1-586a-447e-8e93-0370151da1cc	169	DSP000069	69	69	169	169	69	2026-04-16	COMPLETED	2026-04-19 13:18:07.069522+09	2026-04-19 19:18:07.069522+09	2026-04-16 14:48:07.069522+09	2026-04-16 14:58:07.069522+09	\N	\N	Test dispatch note 69	169	2026-04-16 16:18:07.069522+09	2026-04-17 11:46:50.051974+09	t	169	\N	\N
70	26d290ef-315c-4179-94de-a8baaadcb73f	170	DSP000070	70	70	170	170	70	2026-04-16	COMPLETED	2026-04-19 14:18:07.069522+09	2026-04-19 20:18:07.069522+09	2026-04-16 14:48:07.069522+09	2026-04-16 14:58:07.069522+09	\N	\N	Test dispatch note 70	170	2026-04-16 16:18:07.069522+09	2026-04-17 11:46:50.051974+09	t	170	\N	\N
71	aa69b471-7f18-482d-825b-a5677af263ad	171	DSP000071	71	71	171	171	71	2026-04-16	COMPLETED	2026-04-19 15:18:07.069522+09	2026-04-19 21:18:07.069522+09	2026-04-16 14:48:07.069522+09	2026-04-16 14:58:07.069522+09	\N	\N	Test dispatch note 71	171	2026-04-16 16:18:07.069522+09	2026-04-17 11:46:50.051974+09	t	171	\N	\N
72	07d30e9f-2dc1-4108-9308-41b1334af66e	172	DSP000072	72	72	172	172	72	2026-04-16	COMPLETED	2026-04-19 16:18:07.069522+09	2026-04-19 22:18:07.069522+09	2026-04-16 14:48:07.069522+09	2026-04-16 14:58:07.069522+09	\N	\N	Test dispatch note 72	172	2026-04-16 16:18:07.069522+09	2026-04-17 11:46:50.051974+09	t	172	\N	\N
73	abebcced-da49-48e4-84c9-f7ea23a7d806	173	DSP000073	73	73	173	173	73	2026-04-16	COMPLETED	2026-04-19 17:18:07.069522+09	2026-04-19 23:18:07.069522+09	2026-04-16 14:48:07.069522+09	2026-04-16 14:58:07.069522+09	\N	\N	Test dispatch note 73	173	2026-04-16 16:18:07.069522+09	2026-04-17 11:46:50.051974+09	t	173	\N	\N
74	0b0a7990-fc37-4341-9563-046a18d8cdd4	174	DSP000074	74	74	174	174	74	2026-04-16	COMPLETED	2026-04-19 18:18:07.069522+09	2026-04-20 00:18:07.069522+09	2026-04-16 14:48:07.069522+09	2026-04-16 14:58:07.069522+09	\N	\N	Test dispatch note 74	174	2026-04-16 16:18:07.069522+09	2026-04-17 11:46:50.051974+09	t	174	\N	\N
1	fb1602e3-1e2f-4256-bb4d-782fb0479c73	101	DSP000001	1	1	101	101	1	2026-04-16	COMPLETED	2026-04-16 17:18:07.069522+09	2026-04-16 23:18:07.069522+09	2026-04-16 14:48:07.069522+09	2026-04-16 14:58:07.069522+09	\N	\N	Test dispatch note 1	101	2026-04-16 16:18:07.069522+09	2026-04-17 11:46:50.051974+09	t	101	\N	\N
2	f9ff5429-7215-4d4b-b561-8dc74d63a0ca	102	DSP000002	2	2	102	102	2	2026-04-16	COMPLETED	2026-04-16 18:18:07.069522+09	2026-04-17 00:18:07.069522+09	2026-04-16 14:48:07.069522+09	2026-04-16 14:58:07.069522+09	\N	\N	Test dispatch note 2	102	2026-04-16 16:18:07.069522+09	2026-04-17 11:46:50.051974+09	t	102	\N	\N
3	10a5601a-f314-44aa-87ac-6007b91f85ed	103	DSP000003	3	3	103	103	3	2026-04-16	COMPLETED	2026-04-16 19:18:07.069522+09	2026-04-17 01:18:07.069522+09	2026-04-16 14:48:07.069522+09	2026-04-16 14:58:07.069522+09	\N	\N	Test dispatch note 3	103	2026-04-16 16:18:07.069522+09	2026-04-17 11:46:50.051974+09	t	103	\N	\N
4	60dea4ce-95dd-4216-acc1-ce79c0300588	104	DSP000004	4	4	104	104	4	2026-04-16	COMPLETED	2026-04-16 20:18:07.069522+09	2026-04-17 02:18:07.069522+09	2026-04-16 14:48:07.069522+09	2026-04-16 14:58:07.069522+09	\N	\N	Test dispatch note 4	104	2026-04-16 16:18:07.069522+09	2026-04-17 11:46:50.051974+09	t	104	\N	\N
5	2ce0efdc-15fe-48e7-a3ac-69f3c542d850	105	DSP000005	5	5	105	105	5	2026-04-16	COMPLETED	2026-04-16 21:18:07.069522+09	2026-04-17 03:18:07.069522+09	2026-04-16 14:48:07.069522+09	2026-04-16 14:58:07.069522+09	\N	\N	Test dispatch note 5	105	2026-04-16 16:18:07.069522+09	2026-04-17 11:46:50.051974+09	t	105	\N	\N
6	2950ee98-0abf-49ea-be88-182deaf870f2	106	DSP000006	6	6	106	106	6	2026-04-16	COMPLETED	2026-04-16 22:18:07.069522+09	2026-04-17 04:18:07.069522+09	2026-04-16 14:48:07.069522+09	2026-04-16 14:58:07.069522+09	\N	\N	Test dispatch note 6	106	2026-04-16 16:18:07.069522+09	2026-04-17 11:46:50.051974+09	t	106	\N	\N
75	1da53367-110d-409e-9e25-d3bb82fe95ab	175	DSP000075	75	75	175	175	75	2026-04-16	COMPLETED	2026-04-19 19:18:07.069522+09	2026-04-20 01:18:07.069522+09	2026-04-16 14:48:07.069522+09	2026-04-16 14:58:07.069522+09	\N	\N	Test dispatch note 75	175	2026-04-16 16:18:07.069522+09	2026-04-17 11:46:50.051974+09	t	175	\N	\N
76	47ae02c4-7b7f-46b1-bcab-65089ca49ad1	176	DSP000076	76	76	176	176	76	2026-04-16	COMPLETED	2026-04-19 20:18:07.069522+09	2026-04-20 02:18:07.069522+09	2026-04-16 14:48:07.069522+09	2026-04-16 14:58:07.069522+09	\N	\N	Test dispatch note 76	176	2026-04-16 16:18:07.069522+09	2026-04-17 11:46:50.051974+09	t	176	\N	\N
77	0a13e1a3-1719-40f5-aa25-2e1776bdaa84	177	DSP000077	77	77	177	177	77	2026-04-16	COMPLETED	2026-04-19 21:18:07.069522+09	2026-04-20 03:18:07.069522+09	2026-04-16 14:48:07.069522+09	2026-04-16 14:58:07.069522+09	\N	\N	Test dispatch note 77	177	2026-04-16 16:18:07.069522+09	2026-04-17 11:46:50.051974+09	t	177	\N	\N
78	e4f8554d-8265-4ca8-aee3-47c34871cc24	178	DSP000078	78	78	178	178	78	2026-04-16	COMPLETED	2026-04-19 22:18:07.069522+09	2026-04-20 04:18:07.069522+09	2026-04-16 14:48:07.069522+09	2026-04-16 14:58:07.069522+09	\N	\N	Test dispatch note 78	178	2026-04-16 16:18:07.069522+09	2026-04-17 11:46:50.051974+09	t	178	\N	\N
79	1c3493ba-6ffa-4e25-bbce-d17c4f2a0e1e	179	DSP000079	79	79	179	179	79	2026-04-16	COMPLETED	2026-04-19 23:18:07.069522+09	2026-04-20 05:18:07.069522+09	2026-04-16 14:48:07.069522+09	2026-04-16 14:58:07.069522+09	\N	\N	Test dispatch note 79	179	2026-04-16 16:18:07.069522+09	2026-04-17 11:46:50.051974+09	t	179	\N	\N
80	540f425c-3747-4b04-8b0b-6ab2a55accdc	180	DSP000080	80	80	180	180	80	2026-04-16	COMPLETED	2026-04-20 00:18:07.069522+09	2026-04-20 06:18:07.069522+09	2026-04-16 14:48:07.069522+09	2026-04-16 14:58:07.069522+09	\N	\N	Test dispatch note 80	180	2026-04-16 16:18:07.069522+09	2026-04-17 11:46:50.051974+09	t	180	\N	\N
96	48e02c3f-58c8-4bf0-8433-1107bcef9777	196	DSP000096	96	96	196	196	96	2026-04-16	COMPLETED	2026-04-20 16:18:07.069522+09	2026-04-20 22:18:07.069522+09	2026-04-16 14:48:07.069522+09	2026-04-16 14:58:07.069522+09	\N	\N	Test dispatch note 96	196	2026-04-16 16:18:07.069522+09	2026-04-17 11:46:50.051974+09	t	196	\N	\N
97	985743c1-3b8f-469b-901c-f8408f277a7e	197	DSP000097	97	97	197	197	97	2026-04-16	COMPLETED	2026-04-20 17:18:07.069522+09	2026-04-20 23:18:07.069522+09	2026-04-16 14:48:07.069522+09	2026-04-16 14:58:07.069522+09	\N	\N	Test dispatch note 97	197	2026-04-16 16:18:07.069522+09	2026-04-17 11:46:50.051974+09	t	197	\N	\N
98	3c5fe7cd-9571-4ffb-a293-d5a71f2adf61	198	DSP000098	98	98	198	198	98	2026-04-16	COMPLETED	2026-04-20 18:18:07.069522+09	2026-04-21 00:18:07.069522+09	2026-04-16 14:48:07.069522+09	2026-04-16 14:58:07.069522+09	\N	\N	Test dispatch note 98	198	2026-04-16 16:18:07.069522+09	2026-04-17 11:46:50.051974+09	t	198	\N	\N
99	068ea097-7f65-40ff-ab2d-ce0760639bb4	199	DSP000099	99	99	199	199	99	2026-04-16	COMPLETED	2026-04-20 19:18:07.069522+09	2026-04-21 01:18:07.069522+09	2026-04-16 14:48:07.069522+09	2026-04-16 14:58:07.069522+09	\N	\N	Test dispatch note 99	199	2026-04-16 16:18:07.069522+09	2026-04-17 11:46:50.051974+09	t	199	\N	\N
100	2a33fb95-6d56-4fef-929c-81d5fb9f2d78	200	DSP000100	100	100	200	200	100	2026-04-16	COMPLETED	2026-04-20 20:18:07.069522+09	2026-04-21 02:18:07.069522+09	2026-04-16 14:48:07.069522+09	2026-04-16 14:58:07.069522+09	\N	\N	Test dispatch note 100	200	2026-04-16 16:18:07.069522+09	2026-04-17 11:46:50.051974+09	t	200	\N	\N
81	667021fa-2bcd-4529-be33-f9d6d6e32510	181	DSP000081	81	81	181	181	81	2026-04-16	COMPLETED	2026-04-20 01:18:07.069522+09	2026-04-20 07:18:07.069522+09	2026-04-16 14:48:07.069522+09	2026-04-16 14:58:07.069522+09	\N	\N	Test dispatch note 81	181	2026-04-16 16:18:07.069522+09	2026-04-17 11:46:50.051974+09	t	181	\N	\N
82	3b0eb4d0-b9de-4e2a-935a-5e1a5a6117b3	182	DSP000082	82	82	182	182	82	2026-04-16	COMPLETED	2026-04-20 02:18:07.069522+09	2026-04-20 08:18:07.069522+09	2026-04-16 14:48:07.069522+09	2026-04-16 14:58:07.069522+09	\N	\N	Test dispatch note 82	182	2026-04-16 16:18:07.069522+09	2026-04-17 11:46:50.051974+09	t	182	\N	\N
83	4fe9e300-d367-443f-8117-7fa2a14b7af9	183	DSP000083	83	83	183	183	83	2026-04-16	COMPLETED	2026-04-20 03:18:07.069522+09	2026-04-20 09:18:07.069522+09	2026-04-16 14:48:07.069522+09	2026-04-16 14:58:07.069522+09	\N	\N	Test dispatch note 83	183	2026-04-16 16:18:07.069522+09	2026-04-17 11:46:50.051974+09	t	183	\N	\N
84	08904632-1279-4e5a-bbea-56af3ba33c4e	184	DSP000084	84	84	184	184	84	2026-04-16	COMPLETED	2026-04-20 04:18:07.069522+09	2026-04-20 10:18:07.069522+09	2026-04-16 14:48:07.069522+09	2026-04-16 14:58:07.069522+09	\N	\N	Test dispatch note 84	184	2026-04-16 16:18:07.069522+09	2026-04-17 11:46:50.051974+09	t	184	\N	\N
85	a01c2cf2-e7dd-4f9e-83da-8a2a887e4cfe	185	DSP000085	85	85	185	185	85	2026-04-16	COMPLETED	2026-04-20 05:18:07.069522+09	2026-04-20 11:18:07.069522+09	2026-04-16 14:48:07.069522+09	2026-04-16 14:58:07.069522+09	\N	\N	Test dispatch note 85	185	2026-04-16 16:18:07.069522+09	2026-04-17 11:46:50.051974+09	t	185	\N	\N
86	42f264a5-fcb6-4a61-9f79-feb12ec36eba	186	DSP000086	86	86	186	186	86	2026-04-16	COMPLETED	2026-04-20 06:18:07.069522+09	2026-04-20 12:18:07.069522+09	2026-04-16 14:48:07.069522+09	2026-04-16 14:58:07.069522+09	\N	\N	Test dispatch note 86	186	2026-04-16 16:18:07.069522+09	2026-04-17 11:46:50.051974+09	t	186	\N	\N
87	7f651d9c-2d5f-43ec-9bdf-5bae1757e49b	187	DSP000087	87	87	187	187	87	2026-04-16	COMPLETED	2026-04-20 07:18:07.069522+09	2026-04-20 13:18:07.069522+09	2026-04-16 14:48:07.069522+09	2026-04-16 14:58:07.069522+09	\N	\N	Test dispatch note 87	187	2026-04-16 16:18:07.069522+09	2026-04-17 11:46:50.051974+09	t	187	\N	\N
88	aef08894-d73b-4665-8c3c-d66815cde4bd	188	DSP000088	88	88	188	188	88	2026-04-16	COMPLETED	2026-04-20 08:18:07.069522+09	2026-04-20 14:18:07.069522+09	2026-04-16 14:48:07.069522+09	2026-04-16 14:58:07.069522+09	\N	\N	Test dispatch note 88	188	2026-04-16 16:18:07.069522+09	2026-04-17 11:46:50.051974+09	t	188	\N	\N
89	70a4ae0e-a5b6-49dc-b346-03784f772e83	189	DSP000089	89	89	189	189	89	2026-04-16	COMPLETED	2026-04-20 09:18:07.069522+09	2026-04-20 15:18:07.069522+09	2026-04-16 14:48:07.069522+09	2026-04-16 14:58:07.069522+09	\N	\N	Test dispatch note 89	189	2026-04-16 16:18:07.069522+09	2026-04-17 11:46:50.051974+09	t	189	\N	\N
90	d6452074-51e9-44af-ba8a-2e736fd299fc	190	DSP000090	90	90	190	190	90	2026-04-16	COMPLETED	2026-04-20 10:18:07.069522+09	2026-04-20 16:18:07.069522+09	2026-04-16 14:48:07.069522+09	2026-04-16 14:58:07.069522+09	\N	\N	Test dispatch note 90	190	2026-04-16 16:18:07.069522+09	2026-04-17 11:46:50.051974+09	t	190	\N	\N
91	2bfdc18a-3396-4fab-9226-dfe24cc6ccaa	191	DSP000091	91	91	191	191	91	2026-04-16	COMPLETED	2026-04-20 11:18:07.069522+09	2026-04-20 17:18:07.069522+09	2026-04-16 14:48:07.069522+09	2026-04-16 14:58:07.069522+09	\N	\N	Test dispatch note 91	191	2026-04-16 16:18:07.069522+09	2026-04-17 11:46:50.051974+09	t	191	\N	\N
92	0b68524b-a496-42cf-a506-a14e653aa925	192	DSP000092	92	92	192	192	92	2026-04-16	COMPLETED	2026-04-20 12:18:07.069522+09	2026-04-20 18:18:07.069522+09	2026-04-16 14:48:07.069522+09	2026-04-16 14:58:07.069522+09	\N	\N	Test dispatch note 92	192	2026-04-16 16:18:07.069522+09	2026-04-17 11:46:50.051974+09	t	192	\N	\N
93	ac1222e6-3ee4-46a0-87ff-66cca5fb734d	193	DSP000093	93	93	193	193	93	2026-04-16	COMPLETED	2026-04-20 13:18:07.069522+09	2026-04-20 19:18:07.069522+09	2026-04-16 14:48:07.069522+09	2026-04-16 14:58:07.069522+09	\N	\N	Test dispatch note 93	193	2026-04-16 16:18:07.069522+09	2026-04-17 11:46:50.051974+09	t	193	\N	\N
94	71a17f22-4394-438f-9131-cc899c7ff2d1	194	DSP000094	94	94	194	194	94	2026-04-16	COMPLETED	2026-04-20 14:18:07.069522+09	2026-04-20 20:18:07.069522+09	2026-04-16 14:48:07.069522+09	2026-04-16 14:58:07.069522+09	\N	\N	Test dispatch note 94	194	2026-04-16 16:18:07.069522+09	2026-04-17 11:46:50.051974+09	t	194	\N	\N
95	3c07bb62-3781-43ae-886b-7f77d6ced655	195	DSP000095	95	95	195	195	95	2026-04-16	COMPLETED	2026-04-20 15:18:07.069522+09	2026-04-20 21:18:07.069522+09	2026-04-16 14:48:07.069522+09	2026-04-16 14:58:07.069522+09	\N	\N	Test dispatch note 95	195	2026-04-16 16:18:07.069522+09	2026-04-17 11:46:50.051974+09	t	195	\N	\N
\.


--
-- Data for Name: execution_results; Type: TABLE DATA; Schema: exec; Owner: -
--

COPY exec.execution_results (execution_result_id, execution_result_uid, tenant_id, dispatch_id, transport_plan_id, status_code, actual_start_at, actual_end_at, actual_distance_km, actual_weight_kg, actual_volume_cbm, actual_pallets, delay_minutes, delay_reason_code, confirmed_by, confirmed_at, result_note, created_at, updated_at, is_active, created_by, updated_by, deleted_at, deleted_by) FROM stdin;
18	cc5a0c3b-e43d-4b15-8f65-d0ded664ae15	118	18	18	CONFIRMED	2026-04-17 10:23:07.069522+09	2026-04-17 16:28:07.069522+09	29.000	190.000	10.000	9.000	10	TRAFFIC	118	2026-04-16 16:18:07.069522+09	Test execution result 18	2026-04-16 16:18:07.069522+09	2026-04-17 11:46:50.051974+09	t	118	118	\N	\N
19	4a4f70b0-2150-4939-96b8-bde8734dc9ef	119	19	19	CONFIRMED	2026-04-17 11:23:07.069522+09	2026-04-17 17:28:07.069522+09	30.000	195.000	10.500	10.000	10	TRAFFIC	119	2026-04-16 16:18:07.069522+09	Test execution result 19	2026-04-16 16:18:07.069522+09	2026-04-17 11:46:50.051974+09	t	119	119	\N	\N
20	8180fcd2-a627-4180-a963-8ba24ab514ec	120	20	20	CONFIRMED	2026-04-17 12:23:07.069522+09	2026-04-17 18:28:07.069522+09	31.000	200.000	11.000	1.000	10	TRAFFIC	120	2026-04-16 16:18:07.069522+09	Test execution result 20	2026-04-16 16:18:07.069522+09	2026-04-17 11:46:50.051974+09	t	120	120	\N	\N
21	6eef95fb-7c5b-4e0a-98c0-213d21954c25	121	21	21	CONFIRMED	2026-04-17 13:23:07.069522+09	2026-04-17 19:28:07.069522+09	32.000	205.000	11.500	2.000	10	TRAFFIC	121	2026-04-16 16:18:07.069522+09	Test execution result 21	2026-04-16 16:18:07.069522+09	2026-04-17 11:46:50.051974+09	t	121	121	\N	\N
22	84dd4b4c-a41f-4d42-ad3d-7c189d232ea9	122	22	22	CONFIRMED	2026-04-17 14:23:07.069522+09	2026-04-17 20:28:07.069522+09	33.000	210.000	12.000	3.000	10	TRAFFIC	122	2026-04-16 16:18:07.069522+09	Test execution result 22	2026-04-16 16:18:07.069522+09	2026-04-17 11:46:50.051974+09	t	122	122	\N	\N
23	e5382f8c-16ad-4cde-861a-6dda5f94ffcc	123	23	23	CONFIRMED	2026-04-17 15:23:07.069522+09	2026-04-17 21:28:07.069522+09	34.000	215.000	12.500	4.000	10	TRAFFIC	123	2026-04-16 16:18:07.069522+09	Test execution result 23	2026-04-16 16:18:07.069522+09	2026-04-17 11:46:50.051974+09	t	123	123	\N	\N
24	9a3fe809-c937-4ff9-a724-531ccb9f6d1e	124	24	24	CONFIRMED	2026-04-17 16:23:07.069522+09	2026-04-17 22:28:07.069522+09	35.000	220.000	13.000	5.000	10	TRAFFIC	124	2026-04-16 16:18:07.069522+09	Test execution result 24	2026-04-16 16:18:07.069522+09	2026-04-17 11:46:50.051974+09	t	124	124	\N	\N
25	eb2e74a8-b4ea-4ab6-b4f5-cf47f4e291a4	125	25	25	CONFIRMED	2026-04-17 17:23:07.069522+09	2026-04-17 23:28:07.069522+09	36.000	225.000	13.500	6.000	10	TRAFFIC	125	2026-04-16 16:18:07.069522+09	Test execution result 25	2026-04-16 16:18:07.069522+09	2026-04-17 11:46:50.051974+09	t	125	125	\N	\N
26	a26413ee-2034-4e2e-b968-3d120e8ea046	126	26	26	CONFIRMED	2026-04-17 18:23:07.069522+09	2026-04-18 00:28:07.069522+09	37.000	230.000	14.000	7.000	10	TRAFFIC	126	2026-04-16 16:18:07.069522+09	Test execution result 26	2026-04-16 16:18:07.069522+09	2026-04-17 11:46:50.051974+09	t	126	126	\N	\N
27	2135a48e-4a7a-4fa3-8541-fc18fc0281d4	127	27	27	CONFIRMED	2026-04-17 19:23:07.069522+09	2026-04-18 01:28:07.069522+09	38.000	235.000	14.500	8.000	10	TRAFFIC	127	2026-04-16 16:18:07.069522+09	Test execution result 27	2026-04-16 16:18:07.069522+09	2026-04-17 11:46:50.051974+09	t	127	127	\N	\N
28	35275a81-b5fc-4199-a6dd-b19904cfd5c9	128	28	28	CONFIRMED	2026-04-17 20:23:07.069522+09	2026-04-18 02:28:07.069522+09	39.000	240.000	15.000	9.000	10	TRAFFIC	128	2026-04-16 16:18:07.069522+09	Test execution result 28	2026-04-16 16:18:07.069522+09	2026-04-17 11:46:50.051974+09	t	128	128	\N	\N
29	b256444e-136c-4248-b3e2-cc9c12603d9c	129	29	29	CONFIRMED	2026-04-17 21:23:07.069522+09	2026-04-18 03:28:07.069522+09	40.000	245.000	15.500	10.000	10	TRAFFIC	129	2026-04-16 16:18:07.069522+09	Test execution result 29	2026-04-16 16:18:07.069522+09	2026-04-17 11:46:50.051974+09	t	129	129	\N	\N
30	7f935234-7ba6-4267-a823-a4dc068d02e2	130	30	30	CONFIRMED	2026-04-17 22:23:07.069522+09	2026-04-18 04:28:07.069522+09	41.000	250.000	16.000	1.000	10	TRAFFIC	130	2026-04-16 16:18:07.069522+09	Test execution result 30	2026-04-16 16:18:07.069522+09	2026-04-17 11:46:50.051974+09	t	130	130	\N	\N
31	936a974b-145a-48e9-9d3d-a65a208f8274	131	31	31	CONFIRMED	2026-04-17 23:23:07.069522+09	2026-04-18 05:28:07.069522+09	42.000	255.000	16.500	2.000	10	TRAFFIC	131	2026-04-16 16:18:07.069522+09	Test execution result 31	2026-04-16 16:18:07.069522+09	2026-04-17 11:46:50.051974+09	t	131	131	\N	\N
32	ee405270-9757-4e86-bc24-b678c358c8d9	132	32	32	CONFIRMED	2026-04-18 00:23:07.069522+09	2026-04-18 06:28:07.069522+09	43.000	260.000	17.000	3.000	10	TRAFFIC	132	2026-04-16 16:18:07.069522+09	Test execution result 32	2026-04-16 16:18:07.069522+09	2026-04-17 11:46:50.051974+09	t	132	132	\N	\N
33	c5ca51af-008a-4474-ba2f-25fb252b21d2	133	33	33	CONFIRMED	2026-04-18 01:23:07.069522+09	2026-04-18 07:28:07.069522+09	44.000	265.000	17.500	4.000	10	TRAFFIC	133	2026-04-16 16:18:07.069522+09	Test execution result 33	2026-04-16 16:18:07.069522+09	2026-04-17 11:46:50.051974+09	t	133	133	\N	\N
34	8c1eed3d-fede-48f6-b917-3b4b03e4cc32	134	34	34	CONFIRMED	2026-04-18 02:23:07.069522+09	2026-04-18 08:28:07.069522+09	45.000	270.000	18.000	5.000	10	TRAFFIC	134	2026-04-16 16:18:07.069522+09	Test execution result 34	2026-04-16 16:18:07.069522+09	2026-04-17 11:46:50.051974+09	t	134	134	\N	\N
35	685a3b2e-fe20-4ea9-9d19-4c498dcb7448	135	35	35	CONFIRMED	2026-04-18 03:23:07.069522+09	2026-04-18 09:28:07.069522+09	46.000	275.000	18.500	6.000	10	TRAFFIC	135	2026-04-16 16:18:07.069522+09	Test execution result 35	2026-04-16 16:18:07.069522+09	2026-04-17 11:46:50.051974+09	t	135	135	\N	\N
36	0a2eab49-92f0-4954-8164-afe3c8b8b667	136	36	36	CONFIRMED	2026-04-18 04:23:07.069522+09	2026-04-18 10:28:07.069522+09	47.000	280.000	19.000	7.000	10	TRAFFIC	136	2026-04-16 16:18:07.069522+09	Test execution result 36	2026-04-16 16:18:07.069522+09	2026-04-17 11:46:50.051974+09	t	136	136	\N	\N
37	de67a825-1928-4e0a-86b9-defe0f83da2e	137	37	37	CONFIRMED	2026-04-18 05:23:07.069522+09	2026-04-18 11:28:07.069522+09	48.000	285.000	19.500	8.000	10	TRAFFIC	137	2026-04-16 16:18:07.069522+09	Test execution result 37	2026-04-16 16:18:07.069522+09	2026-04-17 11:46:50.051974+09	t	137	137	\N	\N
38	32869aba-b52b-4ac4-8e77-be9d3e378307	138	38	38	CONFIRMED	2026-04-18 06:23:07.069522+09	2026-04-18 12:28:07.069522+09	49.000	290.000	20.000	9.000	10	TRAFFIC	138	2026-04-16 16:18:07.069522+09	Test execution result 38	2026-04-16 16:18:07.069522+09	2026-04-17 11:46:50.051974+09	t	138	138	\N	\N
39	90ab211b-24c9-4234-88ec-3084144e05be	139	39	39	CONFIRMED	2026-04-18 07:23:07.069522+09	2026-04-18 13:28:07.069522+09	50.000	295.000	20.500	10.000	10	TRAFFIC	139	2026-04-16 16:18:07.069522+09	Test execution result 39	2026-04-16 16:18:07.069522+09	2026-04-17 11:46:50.051974+09	t	139	139	\N	\N
40	f0f34666-12c3-4c8a-b755-492ef651c72b	140	40	40	CONFIRMED	2026-04-18 08:23:07.069522+09	2026-04-18 14:28:07.069522+09	51.000	300.000	21.000	1.000	10	TRAFFIC	140	2026-04-16 16:18:07.069522+09	Test execution result 40	2026-04-16 16:18:07.069522+09	2026-04-17 11:46:50.051974+09	t	140	140	\N	\N
41	a9cc1907-1f82-499f-8da1-93b83c8a9141	141	41	41	CONFIRMED	2026-04-18 09:23:07.069522+09	2026-04-18 15:28:07.069522+09	52.000	305.000	21.500	2.000	10	TRAFFIC	141	2026-04-16 16:18:07.069522+09	Test execution result 41	2026-04-16 16:18:07.069522+09	2026-04-17 11:46:50.051974+09	t	141	141	\N	\N
42	d8530519-8632-4fd5-90c9-0b1843b4f435	142	42	42	CONFIRMED	2026-04-18 10:23:07.069522+09	2026-04-18 16:28:07.069522+09	53.000	310.000	22.000	3.000	10	TRAFFIC	142	2026-04-16 16:18:07.069522+09	Test execution result 42	2026-04-16 16:18:07.069522+09	2026-04-17 11:46:50.051974+09	t	142	142	\N	\N
43	5db5ca11-7263-4f0d-8209-59011f951042	143	43	43	CONFIRMED	2026-04-18 11:23:07.069522+09	2026-04-18 17:28:07.069522+09	54.000	315.000	22.500	4.000	10	TRAFFIC	143	2026-04-16 16:18:07.069522+09	Test execution result 43	2026-04-16 16:18:07.069522+09	2026-04-17 11:46:50.051974+09	t	143	143	\N	\N
44	1194d936-3537-4f4c-bf1b-8f264a1acfcb	144	44	44	CONFIRMED	2026-04-18 12:23:07.069522+09	2026-04-18 18:28:07.069522+09	55.000	320.000	23.000	5.000	10	TRAFFIC	144	2026-04-16 16:18:07.069522+09	Test execution result 44	2026-04-16 16:18:07.069522+09	2026-04-17 11:46:50.051974+09	t	144	144	\N	\N
45	84253e91-a800-4c4d-936d-47bf1c3cbda4	145	45	45	CONFIRMED	2026-04-18 13:23:07.069522+09	2026-04-18 19:28:07.069522+09	56.000	325.000	23.500	6.000	10	TRAFFIC	145	2026-04-16 16:18:07.069522+09	Test execution result 45	2026-04-16 16:18:07.069522+09	2026-04-17 11:46:50.051974+09	t	145	145	\N	\N
46	d0d2b978-368c-47c6-aa15-08cbbf5b8198	146	46	46	CONFIRMED	2026-04-18 14:23:07.069522+09	2026-04-18 20:28:07.069522+09	57.000	330.000	24.000	7.000	10	TRAFFIC	146	2026-04-16 16:18:07.069522+09	Test execution result 46	2026-04-16 16:18:07.069522+09	2026-04-17 11:46:50.051974+09	t	146	146	\N	\N
47	f596abeb-47aa-4d5a-9201-18fbd26cc59a	147	47	47	CONFIRMED	2026-04-18 15:23:07.069522+09	2026-04-18 21:28:07.069522+09	58.000	335.000	24.500	8.000	10	TRAFFIC	147	2026-04-16 16:18:07.069522+09	Test execution result 47	2026-04-16 16:18:07.069522+09	2026-04-17 11:46:50.051974+09	t	147	147	\N	\N
48	6cf9b76e-91a7-4960-8890-dd9b70caeba5	148	48	48	CONFIRMED	2026-04-18 16:23:07.069522+09	2026-04-18 22:28:07.069522+09	59.000	340.000	25.000	9.000	10	TRAFFIC	148	2026-04-16 16:18:07.069522+09	Test execution result 48	2026-04-16 16:18:07.069522+09	2026-04-17 11:46:50.051974+09	t	148	148	\N	\N
49	e2d46b69-2c4e-474e-82b5-bce1ea4ae3c7	149	49	49	CONFIRMED	2026-04-18 17:23:07.069522+09	2026-04-18 23:28:07.069522+09	60.000	345.000	25.500	10.000	10	TRAFFIC	149	2026-04-16 16:18:07.069522+09	Test execution result 49	2026-04-16 16:18:07.069522+09	2026-04-17 11:46:50.051974+09	t	149	149	\N	\N
50	51c0a09f-37e3-4602-a017-0760c401f982	150	50	50	CONFIRMED	2026-04-18 18:23:07.069522+09	2026-04-19 00:28:07.069522+09	61.000	350.000	26.000	1.000	10	TRAFFIC	150	2026-04-16 16:18:07.069522+09	Test execution result 50	2026-04-16 16:18:07.069522+09	2026-04-17 11:46:50.051974+09	t	150	150	\N	\N
51	515d5742-214a-4d9b-bb7d-2cf9014a9d22	151	51	51	CONFIRMED	2026-04-18 19:23:07.069522+09	2026-04-19 01:28:07.069522+09	62.000	355.000	26.500	2.000	10	TRAFFIC	151	2026-04-16 16:18:07.069522+09	Test execution result 51	2026-04-16 16:18:07.069522+09	2026-04-17 11:46:50.051974+09	t	151	151	\N	\N
52	a8cf847f-8b89-4e0f-a4f5-bde0759c6886	152	52	52	CONFIRMED	2026-04-18 20:23:07.069522+09	2026-04-19 02:28:07.069522+09	63.000	360.000	27.000	3.000	10	TRAFFIC	152	2026-04-16 16:18:07.069522+09	Test execution result 52	2026-04-16 16:18:07.069522+09	2026-04-17 11:46:50.051974+09	t	152	152	\N	\N
53	f5556901-8756-45c4-bf07-f8519dd84e0d	153	53	53	CONFIRMED	2026-04-18 21:23:07.069522+09	2026-04-19 03:28:07.069522+09	64.000	365.000	27.500	4.000	10	TRAFFIC	153	2026-04-16 16:18:07.069522+09	Test execution result 53	2026-04-16 16:18:07.069522+09	2026-04-17 11:46:50.051974+09	t	153	153	\N	\N
54	fd796948-a60d-4f53-9729-d3ab51cd8e35	154	54	54	CONFIRMED	2026-04-18 22:23:07.069522+09	2026-04-19 04:28:07.069522+09	65.000	370.000	28.000	5.000	10	TRAFFIC	154	2026-04-16 16:18:07.069522+09	Test execution result 54	2026-04-16 16:18:07.069522+09	2026-04-17 11:46:50.051974+09	t	154	154	\N	\N
55	92931ffa-22be-4813-b406-a5b7cea397c5	155	55	55	CONFIRMED	2026-04-18 23:23:07.069522+09	2026-04-19 05:28:07.069522+09	66.000	375.000	28.500	6.000	10	TRAFFIC	155	2026-04-16 16:18:07.069522+09	Test execution result 55	2026-04-16 16:18:07.069522+09	2026-04-17 11:46:50.051974+09	t	155	155	\N	\N
56	387abcf6-88c9-46a0-a50e-4e1c1e589328	156	56	56	CONFIRMED	2026-04-19 00:23:07.069522+09	2026-04-19 06:28:07.069522+09	67.000	380.000	29.000	7.000	10	TRAFFIC	156	2026-04-16 16:18:07.069522+09	Test execution result 56	2026-04-16 16:18:07.069522+09	2026-04-17 11:46:50.051974+09	t	156	156	\N	\N
57	09f3c95a-1851-4a06-ac73-b52b35a37213	157	57	57	CONFIRMED	2026-04-19 01:23:07.069522+09	2026-04-19 07:28:07.069522+09	68.000	385.000	29.500	8.000	10	TRAFFIC	157	2026-04-16 16:18:07.069522+09	Test execution result 57	2026-04-16 16:18:07.069522+09	2026-04-17 11:46:50.051974+09	t	157	157	\N	\N
58	d2670d4b-86ab-435f-8a1c-020be5c4f4dc	158	58	58	CONFIRMED	2026-04-19 02:23:07.069522+09	2026-04-19 08:28:07.069522+09	69.000	390.000	30.000	9.000	10	TRAFFIC	158	2026-04-16 16:18:07.069522+09	Test execution result 58	2026-04-16 16:18:07.069522+09	2026-04-17 11:46:50.051974+09	t	158	158	\N	\N
59	7444e7f0-2703-4a52-a791-387317281575	159	59	59	CONFIRMED	2026-04-19 03:23:07.069522+09	2026-04-19 09:28:07.069522+09	70.000	395.000	30.500	10.000	10	TRAFFIC	159	2026-04-16 16:18:07.069522+09	Test execution result 59	2026-04-16 16:18:07.069522+09	2026-04-17 11:46:50.051974+09	t	159	159	\N	\N
60	f16c1789-9329-4356-bde1-7e2be2bff1aa	160	60	60	CONFIRMED	2026-04-19 04:23:07.069522+09	2026-04-19 10:28:07.069522+09	71.000	400.000	31.000	1.000	10	TRAFFIC	160	2026-04-16 16:18:07.069522+09	Test execution result 60	2026-04-16 16:18:07.069522+09	2026-04-17 11:46:50.051974+09	t	160	160	\N	\N
61	af8b6bd1-b99b-4f11-87cf-01a8093b9031	161	61	61	CONFIRMED	2026-04-19 05:23:07.069522+09	2026-04-19 11:28:07.069522+09	72.000	405.000	31.500	2.000	10	TRAFFIC	161	2026-04-16 16:18:07.069522+09	Test execution result 61	2026-04-16 16:18:07.069522+09	2026-04-17 11:46:50.051974+09	t	161	161	\N	\N
62	7f62126e-c901-4484-85a6-7c8a548139f6	162	62	62	CONFIRMED	2026-04-19 06:23:07.069522+09	2026-04-19 12:28:07.069522+09	73.000	410.000	32.000	3.000	10	TRAFFIC	162	2026-04-16 16:18:07.069522+09	Test execution result 62	2026-04-16 16:18:07.069522+09	2026-04-17 11:46:50.051974+09	t	162	162	\N	\N
63	a55d6ab7-e2c9-4cd0-a318-e55de78cfc16	163	63	63	CONFIRMED	2026-04-19 07:23:07.069522+09	2026-04-19 13:28:07.069522+09	74.000	415.000	32.500	4.000	10	TRAFFIC	163	2026-04-16 16:18:07.069522+09	Test execution result 63	2026-04-16 16:18:07.069522+09	2026-04-17 11:46:50.051974+09	t	163	163	\N	\N
64	563e6be5-a81c-429a-8a7e-0c1dd9fa75b4	164	64	64	CONFIRMED	2026-04-19 08:23:07.069522+09	2026-04-19 14:28:07.069522+09	75.000	420.000	33.000	5.000	10	TRAFFIC	164	2026-04-16 16:18:07.069522+09	Test execution result 64	2026-04-16 16:18:07.069522+09	2026-04-17 11:46:50.051974+09	t	164	164	\N	\N
65	9e6fc6bb-2aac-4d5b-811e-9fc956864877	165	65	65	CONFIRMED	2026-04-19 09:23:07.069522+09	2026-04-19 15:28:07.069522+09	76.000	425.000	33.500	6.000	10	TRAFFIC	165	2026-04-16 16:18:07.069522+09	Test execution result 65	2026-04-16 16:18:07.069522+09	2026-04-17 11:46:50.051974+09	t	165	165	\N	\N
66	3f489ad9-7443-48a3-87c5-7749db7aa709	166	66	66	CONFIRMED	2026-04-19 10:23:07.069522+09	2026-04-19 16:28:07.069522+09	77.000	430.000	34.000	7.000	10	TRAFFIC	166	2026-04-16 16:18:07.069522+09	Test execution result 66	2026-04-16 16:18:07.069522+09	2026-04-17 11:46:50.051974+09	t	166	166	\N	\N
67	44bf7570-6030-4802-bdcb-9116435bc897	167	67	67	CONFIRMED	2026-04-19 11:23:07.069522+09	2026-04-19 17:28:07.069522+09	78.000	435.000	34.500	8.000	10	TRAFFIC	167	2026-04-16 16:18:07.069522+09	Test execution result 67	2026-04-16 16:18:07.069522+09	2026-04-17 11:46:50.051974+09	t	167	167	\N	\N
68	71d57f8e-e25c-4ea4-b29a-81b9c1408aeb	168	68	68	CONFIRMED	2026-04-19 12:23:07.069522+09	2026-04-19 18:28:07.069522+09	79.000	440.000	35.000	9.000	10	TRAFFIC	168	2026-04-16 16:18:07.069522+09	Test execution result 68	2026-04-16 16:18:07.069522+09	2026-04-17 11:46:50.051974+09	t	168	168	\N	\N
69	899f3f45-30b3-40f6-b3f9-55802404ad9b	169	69	69	CONFIRMED	2026-04-19 13:23:07.069522+09	2026-04-19 19:28:07.069522+09	80.000	445.000	35.500	10.000	10	TRAFFIC	169	2026-04-16 16:18:07.069522+09	Test execution result 69	2026-04-16 16:18:07.069522+09	2026-04-17 11:46:50.051974+09	t	169	169	\N	\N
70	848ac7e5-2aa6-436d-b902-c6f817e542ea	170	70	70	CONFIRMED	2026-04-19 14:23:07.069522+09	2026-04-19 20:28:07.069522+09	81.000	450.000	36.000	1.000	10	TRAFFIC	170	2026-04-16 16:18:07.069522+09	Test execution result 70	2026-04-16 16:18:07.069522+09	2026-04-17 11:46:50.051974+09	t	170	170	\N	\N
71	8996d927-2e96-4245-a30b-cac9b1374f23	171	71	71	CONFIRMED	2026-04-19 15:23:07.069522+09	2026-04-19 21:28:07.069522+09	82.000	455.000	36.500	2.000	10	TRAFFIC	171	2026-04-16 16:18:07.069522+09	Test execution result 71	2026-04-16 16:18:07.069522+09	2026-04-17 11:46:50.051974+09	t	171	171	\N	\N
72	fed074e6-2651-4181-9fea-5a3863795a02	172	72	72	CONFIRMED	2026-04-19 16:23:07.069522+09	2026-04-19 22:28:07.069522+09	83.000	460.000	37.000	3.000	10	TRAFFIC	172	2026-04-16 16:18:07.069522+09	Test execution result 72	2026-04-16 16:18:07.069522+09	2026-04-17 11:46:50.051974+09	t	172	172	\N	\N
73	4e9ffdbf-f01c-41fc-893c-ed774e120a4c	173	73	73	CONFIRMED	2026-04-19 17:23:07.069522+09	2026-04-19 23:28:07.069522+09	84.000	465.000	37.500	4.000	10	TRAFFIC	173	2026-04-16 16:18:07.069522+09	Test execution result 73	2026-04-16 16:18:07.069522+09	2026-04-17 11:46:50.051974+09	t	173	173	\N	\N
74	5269b5ed-f1f8-4979-aa5d-60e9df3f1660	174	74	74	CONFIRMED	2026-04-19 18:23:07.069522+09	2026-04-20 00:28:07.069522+09	85.000	470.000	38.000	5.000	10	TRAFFIC	174	2026-04-16 16:18:07.069522+09	Test execution result 74	2026-04-16 16:18:07.069522+09	2026-04-17 11:46:50.051974+09	t	174	174	\N	\N
75	3696ccab-45a2-44d9-afeb-759a8ca83be9	175	75	75	CONFIRMED	2026-04-19 19:23:07.069522+09	2026-04-20 01:28:07.069522+09	86.000	475.000	38.500	6.000	10	TRAFFIC	175	2026-04-16 16:18:07.069522+09	Test execution result 75	2026-04-16 16:18:07.069522+09	2026-04-17 11:46:50.051974+09	t	175	175	\N	\N
76	4343d4fd-25d7-4df9-8e95-af2060c1e1e8	176	76	76	CONFIRMED	2026-04-19 20:23:07.069522+09	2026-04-20 02:28:07.069522+09	87.000	480.000	39.000	7.000	10	TRAFFIC	176	2026-04-16 16:18:07.069522+09	Test execution result 76	2026-04-16 16:18:07.069522+09	2026-04-17 11:46:50.051974+09	t	176	176	\N	\N
77	30d466f1-4878-45eb-ad54-4b57b1e4f084	177	77	77	CONFIRMED	2026-04-19 21:23:07.069522+09	2026-04-20 03:28:07.069522+09	88.000	485.000	39.500	8.000	10	TRAFFIC	177	2026-04-16 16:18:07.069522+09	Test execution result 77	2026-04-16 16:18:07.069522+09	2026-04-17 11:46:50.051974+09	t	177	177	\N	\N
78	8fe224e8-6cbc-4225-a953-395942ef2bf5	178	78	78	CONFIRMED	2026-04-19 22:23:07.069522+09	2026-04-20 04:28:07.069522+09	89.000	490.000	40.000	9.000	10	TRAFFIC	178	2026-04-16 16:18:07.069522+09	Test execution result 78	2026-04-16 16:18:07.069522+09	2026-04-17 11:46:50.051974+09	t	178	178	\N	\N
79	54fa1e5b-de3e-4994-88b7-96a61c54b010	179	79	79	CONFIRMED	2026-04-19 23:23:07.069522+09	2026-04-20 05:28:07.069522+09	90.000	495.000	40.500	10.000	10	TRAFFIC	179	2026-04-16 16:18:07.069522+09	Test execution result 79	2026-04-16 16:18:07.069522+09	2026-04-17 11:46:50.051974+09	t	179	179	\N	\N
80	0813d58f-51ab-4d76-91fe-4aa5a9c2a359	180	80	80	CONFIRMED	2026-04-20 00:23:07.069522+09	2026-04-20 06:28:07.069522+09	91.000	500.000	41.000	1.000	10	TRAFFIC	180	2026-04-16 16:18:07.069522+09	Test execution result 80	2026-04-16 16:18:07.069522+09	2026-04-17 11:46:50.051974+09	t	180	180	\N	\N
81	16c50374-7ba8-40d4-9642-90580607af22	181	81	81	CONFIRMED	2026-04-20 01:23:07.069522+09	2026-04-20 07:28:07.069522+09	92.000	505.000	41.500	2.000	10	TRAFFIC	181	2026-04-16 16:18:07.069522+09	Test execution result 81	2026-04-16 16:18:07.069522+09	2026-04-17 11:46:50.051974+09	t	181	181	\N	\N
82	0a3e0bf2-73ac-47b0-907d-b8e48fc4159a	182	82	82	CONFIRMED	2026-04-20 02:23:07.069522+09	2026-04-20 08:28:07.069522+09	93.000	510.000	42.000	3.000	10	TRAFFIC	182	2026-04-16 16:18:07.069522+09	Test execution result 82	2026-04-16 16:18:07.069522+09	2026-04-17 11:46:50.051974+09	t	182	182	\N	\N
83	a6f2f59c-880e-4be2-9771-e582e7475160	183	83	83	CONFIRMED	2026-04-20 03:23:07.069522+09	2026-04-20 09:28:07.069522+09	94.000	515.000	42.500	4.000	10	TRAFFIC	183	2026-04-16 16:18:07.069522+09	Test execution result 83	2026-04-16 16:18:07.069522+09	2026-04-17 11:46:50.051974+09	t	183	183	\N	\N
84	005cea6c-c252-4317-9c14-aa85c20a5021	184	84	84	CONFIRMED	2026-04-20 04:23:07.069522+09	2026-04-20 10:28:07.069522+09	95.000	520.000	43.000	5.000	10	TRAFFIC	184	2026-04-16 16:18:07.069522+09	Test execution result 84	2026-04-16 16:18:07.069522+09	2026-04-17 11:46:50.051974+09	t	184	184	\N	\N
85	08194bfa-7104-4569-8fb4-d49db42760f0	185	85	85	CONFIRMED	2026-04-20 05:23:07.069522+09	2026-04-20 11:28:07.069522+09	96.000	525.000	43.500	6.000	10	TRAFFIC	185	2026-04-16 16:18:07.069522+09	Test execution result 85	2026-04-16 16:18:07.069522+09	2026-04-17 11:46:50.051974+09	t	185	185	\N	\N
1	e3c102c6-0bf8-43ac-8300-7a96e725aa5e	101	1	1	CONFIRMED	2026-04-16 17:23:07.069522+09	2026-04-16 23:28:07.069522+09	12.000	105.000	1.500	2.000	10	TRAFFIC	101	2026-04-16 16:18:07.069522+09	Test execution result 1	2026-04-16 16:18:07.069522+09	2026-04-17 11:46:50.051974+09	t	101	101	\N	\N
2	fb972e0f-0a46-48a8-be58-cdf6c00e9348	102	2	2	CONFIRMED	2026-04-16 18:23:07.069522+09	2026-04-17 00:28:07.069522+09	13.000	110.000	2.000	3.000	10	TRAFFIC	102	2026-04-16 16:18:07.069522+09	Test execution result 2	2026-04-16 16:18:07.069522+09	2026-04-17 11:46:50.051974+09	t	102	102	\N	\N
3	5d318fdd-5f45-4c04-9247-877cd56526ed	103	3	3	CONFIRMED	2026-04-16 19:23:07.069522+09	2026-04-17 01:28:07.069522+09	14.000	115.000	2.500	4.000	10	TRAFFIC	103	2026-04-16 16:18:07.069522+09	Test execution result 3	2026-04-16 16:18:07.069522+09	2026-04-17 11:46:50.051974+09	t	103	103	\N	\N
4	acf00df0-c907-4f3f-890a-55889242a320	104	4	4	CONFIRMED	2026-04-16 20:23:07.069522+09	2026-04-17 02:28:07.069522+09	15.000	120.000	3.000	5.000	10	TRAFFIC	104	2026-04-16 16:18:07.069522+09	Test execution result 4	2026-04-16 16:18:07.069522+09	2026-04-17 11:46:50.051974+09	t	104	104	\N	\N
5	e4f4eaaa-22c0-467b-a228-fa21ca1c61f8	105	5	5	CONFIRMED	2026-04-16 21:23:07.069522+09	2026-04-17 03:28:07.069522+09	16.000	125.000	3.500	6.000	10	TRAFFIC	105	2026-04-16 16:18:07.069522+09	Test execution result 5	2026-04-16 16:18:07.069522+09	2026-04-17 11:46:50.051974+09	t	105	105	\N	\N
6	999b1b31-681b-43a2-afe1-f4857835e199	106	6	6	CONFIRMED	2026-04-16 22:23:07.069522+09	2026-04-17 04:28:07.069522+09	17.000	130.000	4.000	7.000	10	TRAFFIC	106	2026-04-16 16:18:07.069522+09	Test execution result 6	2026-04-16 16:18:07.069522+09	2026-04-17 11:46:50.051974+09	t	106	106	\N	\N
7	37d42d01-6cf9-4326-8ab9-a9621e589ebc	107	7	7	CONFIRMED	2026-04-16 23:23:07.069522+09	2026-04-17 05:28:07.069522+09	18.000	135.000	4.500	8.000	10	TRAFFIC	107	2026-04-16 16:18:07.069522+09	Test execution result 7	2026-04-16 16:18:07.069522+09	2026-04-17 11:46:50.051974+09	t	107	107	\N	\N
8	5cba2444-5b67-4fc1-a5f8-5f50291319ce	108	8	8	CONFIRMED	2026-04-17 00:23:07.069522+09	2026-04-17 06:28:07.069522+09	19.000	140.000	5.000	9.000	10	TRAFFIC	108	2026-04-16 16:18:07.069522+09	Test execution result 8	2026-04-16 16:18:07.069522+09	2026-04-17 11:46:50.051974+09	t	108	108	\N	\N
9	ecbcd724-a016-4c29-9600-1342f511d50e	109	9	9	CONFIRMED	2026-04-17 01:23:07.069522+09	2026-04-17 07:28:07.069522+09	20.000	145.000	5.500	10.000	10	TRAFFIC	109	2026-04-16 16:18:07.069522+09	Test execution result 9	2026-04-16 16:18:07.069522+09	2026-04-17 11:46:50.051974+09	t	109	109	\N	\N
10	914c2932-2a2b-4aed-a122-9c00b63b2736	110	10	10	CONFIRMED	2026-04-17 02:23:07.069522+09	2026-04-17 08:28:07.069522+09	21.000	150.000	6.000	1.000	10	TRAFFIC	110	2026-04-16 16:18:07.069522+09	Test execution result 10	2026-04-16 16:18:07.069522+09	2026-04-17 11:46:50.051974+09	t	110	110	\N	\N
11	83990212-21a8-4bea-b122-0021e4be68b4	111	11	11	CONFIRMED	2026-04-17 03:23:07.069522+09	2026-04-17 09:28:07.069522+09	22.000	155.000	6.500	2.000	10	TRAFFIC	111	2026-04-16 16:18:07.069522+09	Test execution result 11	2026-04-16 16:18:07.069522+09	2026-04-17 11:46:50.051974+09	t	111	111	\N	\N
12	e907c831-8ee0-472c-abd3-44bad9c913da	112	12	12	CONFIRMED	2026-04-17 04:23:07.069522+09	2026-04-17 10:28:07.069522+09	23.000	160.000	7.000	3.000	10	TRAFFIC	112	2026-04-16 16:18:07.069522+09	Test execution result 12	2026-04-16 16:18:07.069522+09	2026-04-17 11:46:50.051974+09	t	112	112	\N	\N
13	b7eb5c80-fad0-489b-9233-53413ad61ad5	113	13	13	CONFIRMED	2026-04-17 05:23:07.069522+09	2026-04-17 11:28:07.069522+09	24.000	165.000	7.500	4.000	10	TRAFFIC	113	2026-04-16 16:18:07.069522+09	Test execution result 13	2026-04-16 16:18:07.069522+09	2026-04-17 11:46:50.051974+09	t	113	113	\N	\N
14	0f9e1d12-a421-4b89-8513-9e91031268c3	114	14	14	CONFIRMED	2026-04-17 06:23:07.069522+09	2026-04-17 12:28:07.069522+09	25.000	170.000	8.000	5.000	10	TRAFFIC	114	2026-04-16 16:18:07.069522+09	Test execution result 14	2026-04-16 16:18:07.069522+09	2026-04-17 11:46:50.051974+09	t	114	114	\N	\N
15	3ae7c8e9-1fe2-484b-9d20-a20caaf03315	115	15	15	CONFIRMED	2026-04-17 07:23:07.069522+09	2026-04-17 13:28:07.069522+09	26.000	175.000	8.500	6.000	10	TRAFFIC	115	2026-04-16 16:18:07.069522+09	Test execution result 15	2026-04-16 16:18:07.069522+09	2026-04-17 11:46:50.051974+09	t	115	115	\N	\N
16	680f892e-5e10-4de9-9963-e6248e4768e0	116	16	16	CONFIRMED	2026-04-17 08:23:07.069522+09	2026-04-17 14:28:07.069522+09	27.000	180.000	9.000	7.000	10	TRAFFIC	116	2026-04-16 16:18:07.069522+09	Test execution result 16	2026-04-16 16:18:07.069522+09	2026-04-17 11:46:50.051974+09	t	116	116	\N	\N
17	b9960104-73d9-43d2-b37a-a09796b47a76	117	17	17	CONFIRMED	2026-04-17 09:23:07.069522+09	2026-04-17 15:28:07.069522+09	28.000	185.000	9.500	8.000	10	TRAFFIC	117	2026-04-16 16:18:07.069522+09	Test execution result 17	2026-04-16 16:18:07.069522+09	2026-04-17 11:46:50.051974+09	t	117	117	\N	\N
86	eacba6e9-3508-4067-9049-7c0a90a80bb3	186	86	86	CONFIRMED	2026-04-20 06:23:07.069522+09	2026-04-20 12:28:07.069522+09	97.000	530.000	44.000	7.000	10	TRAFFIC	186	2026-04-16 16:18:07.069522+09	Test execution result 86	2026-04-16 16:18:07.069522+09	2026-04-17 11:46:50.051974+09	t	186	186	\N	\N
87	33ec47f8-df13-43c6-8c22-f7f44e88fc36	187	87	87	CONFIRMED	2026-04-20 07:23:07.069522+09	2026-04-20 13:28:07.069522+09	98.000	535.000	44.500	8.000	10	TRAFFIC	187	2026-04-16 16:18:07.069522+09	Test execution result 87	2026-04-16 16:18:07.069522+09	2026-04-17 11:46:50.051974+09	t	187	187	\N	\N
88	e01482a2-d476-43c0-ad23-3debc1ca6bd6	188	88	88	CONFIRMED	2026-04-20 08:23:07.069522+09	2026-04-20 14:28:07.069522+09	99.000	540.000	45.000	9.000	10	TRAFFIC	188	2026-04-16 16:18:07.069522+09	Test execution result 88	2026-04-16 16:18:07.069522+09	2026-04-17 11:46:50.051974+09	t	188	188	\N	\N
89	cb4a4dc0-a63e-47ce-806f-b6a9a60fc5f3	189	89	89	CONFIRMED	2026-04-20 09:23:07.069522+09	2026-04-20 15:28:07.069522+09	100.000	545.000	45.500	10.000	10	TRAFFIC	189	2026-04-16 16:18:07.069522+09	Test execution result 89	2026-04-16 16:18:07.069522+09	2026-04-17 11:46:50.051974+09	t	189	189	\N	\N
90	cd56b98a-6d56-4be4-81ff-e73686b67254	190	90	90	CONFIRMED	2026-04-20 10:23:07.069522+09	2026-04-20 16:28:07.069522+09	101.000	550.000	46.000	1.000	10	TRAFFIC	190	2026-04-16 16:18:07.069522+09	Test execution result 90	2026-04-16 16:18:07.069522+09	2026-04-17 11:46:50.051974+09	t	190	190	\N	\N
91	c6c0f261-aefd-4928-b4f4-f0ef3fd94ff3	191	91	91	CONFIRMED	2026-04-20 11:23:07.069522+09	2026-04-20 17:28:07.069522+09	102.000	555.000	46.500	2.000	10	TRAFFIC	191	2026-04-16 16:18:07.069522+09	Test execution result 91	2026-04-16 16:18:07.069522+09	2026-04-17 11:46:50.051974+09	t	191	191	\N	\N
92	563add44-662f-4f31-a366-1119f535930c	192	92	92	CONFIRMED	2026-04-20 12:23:07.069522+09	2026-04-20 18:28:07.069522+09	103.000	560.000	47.000	3.000	10	TRAFFIC	192	2026-04-16 16:18:07.069522+09	Test execution result 92	2026-04-16 16:18:07.069522+09	2026-04-17 11:46:50.051974+09	t	192	192	\N	\N
93	cde864df-c257-403a-bc82-34e24fcb7a11	193	93	93	CONFIRMED	2026-04-20 13:23:07.069522+09	2026-04-20 19:28:07.069522+09	104.000	565.000	47.500	4.000	10	TRAFFIC	193	2026-04-16 16:18:07.069522+09	Test execution result 93	2026-04-16 16:18:07.069522+09	2026-04-17 11:46:50.051974+09	t	193	193	\N	\N
94	9e552a81-40a0-4a62-8e05-34c98d6937ea	194	94	94	CONFIRMED	2026-04-20 14:23:07.069522+09	2026-04-20 20:28:07.069522+09	105.000	570.000	48.000	5.000	10	TRAFFIC	194	2026-04-16 16:18:07.069522+09	Test execution result 94	2026-04-16 16:18:07.069522+09	2026-04-17 11:46:50.051974+09	t	194	194	\N	\N
95	f66e0b4d-f346-4d63-a717-c1593a667931	195	95	95	CONFIRMED	2026-04-20 15:23:07.069522+09	2026-04-20 21:28:07.069522+09	106.000	575.000	48.500	6.000	10	TRAFFIC	195	2026-04-16 16:18:07.069522+09	Test execution result 95	2026-04-16 16:18:07.069522+09	2026-04-17 11:46:50.051974+09	t	195	195	\N	\N
96	a41d6f11-39e1-4069-b087-0c49f74eb3b2	196	96	96	CONFIRMED	2026-04-20 16:23:07.069522+09	2026-04-20 22:28:07.069522+09	107.000	580.000	49.000	7.000	10	TRAFFIC	196	2026-04-16 16:18:07.069522+09	Test execution result 96	2026-04-16 16:18:07.069522+09	2026-04-17 11:46:50.051974+09	t	196	196	\N	\N
97	8fe7821b-06b3-4535-83dd-df9f73bc7b8f	197	97	97	CONFIRMED	2026-04-20 17:23:07.069522+09	2026-04-20 23:28:07.069522+09	108.000	585.000	49.500	8.000	10	TRAFFIC	197	2026-04-16 16:18:07.069522+09	Test execution result 97	2026-04-16 16:18:07.069522+09	2026-04-17 11:46:50.051974+09	t	197	197	\N	\N
98	50c3548f-bb96-41c2-942e-4446184ad058	198	98	98	CONFIRMED	2026-04-20 18:23:07.069522+09	2026-04-21 00:28:07.069522+09	109.000	590.000	50.000	9.000	10	TRAFFIC	198	2026-04-16 16:18:07.069522+09	Test execution result 98	2026-04-16 16:18:07.069522+09	2026-04-17 11:46:50.051974+09	t	198	198	\N	\N
99	8fd733b2-4fe8-4cfe-91dd-8543a1392752	199	99	99	CONFIRMED	2026-04-20 19:23:07.069522+09	2026-04-21 01:28:07.069522+09	110.000	595.000	50.500	10.000	10	TRAFFIC	199	2026-04-16 16:18:07.069522+09	Test execution result 99	2026-04-16 16:18:07.069522+09	2026-04-17 11:46:50.051974+09	t	199	199	\N	\N
100	fdb93b43-9c64-46c8-8851-7d2b67560020	200	100	100	CONFIRMED	2026-04-20 20:23:07.069522+09	2026-04-21 02:28:07.069522+09	111.000	600.000	51.000	1.000	10	TRAFFIC	200	2026-04-16 16:18:07.069522+09	Test execution result 100	2026-04-16 16:18:07.069522+09	2026-04-17 11:46:50.051974+09	t	200	200	\N	\N
\.


--
-- Data for Name: gps_positions; Type: TABLE DATA; Schema: exec; Owner: -
--

COPY exec.gps_positions (gps_position_id, gps_position_uid, tenant_id, dispatch_id, vehicle_id, driver_id, latitude, longitude, speed_kph, temperature_c, position_at, source, created_at, is_active, created_by, updated_at, updated_by, deleted_at, deleted_by) FROM stdin;
1	fe655444-7f6f-4f80-a717-8f5e870caad7	101	1	101	1	37.5001000	127.0001000	61.00	\N	2026-04-16 16:17:07.069522+09	MOBILE	2026-04-16 16:18:07.069522+09	t	101	2026-04-17 11:46:50.051974+09	101	\N	\N
2	187edf7f-9ad7-4b0e-951e-e6173a926bc1	102	2	102	2	37.5002000	127.0002000	62.00	\N	2026-04-16 16:16:07.069522+09	MOBILE	2026-04-16 16:18:07.069522+09	t	102	2026-04-17 11:46:50.051974+09	102	\N	\N
3	fbb2e5fb-6cb4-4003-96ad-424c2ccba46f	103	3	103	3	37.5003000	127.0003000	63.00	\N	2026-04-16 16:15:07.069522+09	MOBILE	2026-04-16 16:18:07.069522+09	t	103	2026-04-17 11:46:50.051974+09	103	\N	\N
4	1883fdf9-eefe-4ae6-9087-a7ffb4331875	104	4	104	4	37.5004000	127.0004000	64.00	-5.00	2026-04-16 16:14:07.069522+09	MOBILE	2026-04-16 16:18:07.069522+09	t	104	2026-04-17 11:46:50.051974+09	104	\N	\N
5	55cfe78e-d744-4d8d-8a05-4a304c840513	105	5	105	5	37.5005000	127.0005000	65.00	\N	2026-04-16 16:13:07.069522+09	MOBILE	2026-04-16 16:18:07.069522+09	t	105	2026-04-17 11:46:50.051974+09	105	\N	\N
6	7dcc32a1-fee6-4ac9-bd01-9c2b014af57a	106	6	106	6	37.5006000	127.0006000	66.00	\N	2026-04-16 16:12:07.069522+09	MOBILE	2026-04-16 16:18:07.069522+09	t	106	2026-04-17 11:46:50.051974+09	106	\N	\N
7	9c5fdedb-b313-47d7-8af9-246dc125871d	107	7	107	7	37.5007000	127.0007000	67.00	\N	2026-04-16 16:11:07.069522+09	MOBILE	2026-04-16 16:18:07.069522+09	t	107	2026-04-17 11:46:50.051974+09	107	\N	\N
8	69d24089-6000-4eef-89e1-514525b60631	108	8	108	8	37.5008000	127.0008000	68.00	-5.00	2026-04-16 16:10:07.069522+09	MOBILE	2026-04-16 16:18:07.069522+09	t	108	2026-04-17 11:46:50.051974+09	108	\N	\N
9	12f5d135-c618-474b-9e26-5a410f2e8a14	109	9	109	9	37.5009000	127.0009000	69.00	\N	2026-04-16 16:09:07.069522+09	MOBILE	2026-04-16 16:18:07.069522+09	t	109	2026-04-17 11:46:50.051974+09	109	\N	\N
10	087723df-7a67-4a12-bb3e-41952532a850	110	10	110	10	37.5010000	127.0010000	70.00	\N	2026-04-16 16:08:07.069522+09	MOBILE	2026-04-16 16:18:07.069522+09	t	110	2026-04-17 11:46:50.051974+09	110	\N	\N
11	7b71c575-3e87-4c50-9e86-2b7b4bf39b01	111	11	111	11	37.5011000	127.0011000	71.00	\N	2026-04-16 16:07:07.069522+09	MOBILE	2026-04-16 16:18:07.069522+09	t	111	2026-04-17 11:46:50.051974+09	111	\N	\N
12	34c25d9a-e89f-4cc4-98ff-f89d2503bbf0	112	12	112	12	37.5012000	127.0012000	72.00	-5.00	2026-04-16 16:06:07.069522+09	MOBILE	2026-04-16 16:18:07.069522+09	t	112	2026-04-17 11:46:50.051974+09	112	\N	\N
13	910b2ced-3149-431d-bf35-3a70a9dfb44c	113	13	113	13	37.5013000	127.0013000	73.00	\N	2026-04-16 16:05:07.069522+09	MOBILE	2026-04-16 16:18:07.069522+09	t	113	2026-04-17 11:46:50.051974+09	113	\N	\N
14	44dd545f-71c9-479f-8d27-7ff44e055411	114	14	114	14	37.5014000	127.0014000	74.00	\N	2026-04-16 16:04:07.069522+09	MOBILE	2026-04-16 16:18:07.069522+09	t	114	2026-04-17 11:46:50.051974+09	114	\N	\N
15	227ed351-6e24-4b78-9253-6c24d955630b	115	15	115	15	37.5015000	127.0015000	75.00	\N	2026-04-16 16:03:07.069522+09	MOBILE	2026-04-16 16:18:07.069522+09	t	115	2026-04-17 11:46:50.051974+09	115	\N	\N
16	54aa00f4-a722-4be9-8d6e-6fee22aa9d71	116	16	116	16	37.5016000	127.0016000	76.00	-5.00	2026-04-16 16:02:07.069522+09	MOBILE	2026-04-16 16:18:07.069522+09	t	116	2026-04-17 11:46:50.051974+09	116	\N	\N
17	dbd30db2-6c13-4a49-a006-ef2f2ffa378d	117	17	117	17	37.5017000	127.0017000	77.00	\N	2026-04-16 16:01:07.069522+09	MOBILE	2026-04-16 16:18:07.069522+09	t	117	2026-04-17 11:46:50.051974+09	117	\N	\N
18	01a9cdce-cfab-4f12-930a-dac0b3b13978	118	18	118	18	37.5018000	127.0018000	78.00	\N	2026-04-16 16:00:07.069522+09	MOBILE	2026-04-16 16:18:07.069522+09	t	118	2026-04-17 11:46:50.051974+09	118	\N	\N
19	1f29541a-1194-44d9-adf4-1aa29c20ab5c	119	19	119	19	37.5019000	127.0019000	79.00	\N	2026-04-16 15:59:07.069522+09	MOBILE	2026-04-16 16:18:07.069522+09	t	119	2026-04-17 11:46:50.051974+09	119	\N	\N
20	342e1e4a-c1e0-4df2-96bc-e75ecc65616c	120	20	120	20	37.5020000	127.0020000	60.00	-5.00	2026-04-16 15:58:07.069522+09	MOBILE	2026-04-16 16:18:07.069522+09	t	120	2026-04-17 11:46:50.051974+09	120	\N	\N
21	e11013f3-f03a-4097-b0be-e6bbddd33ed6	121	21	121	21	37.5021000	127.0021000	61.00	\N	2026-04-16 15:57:07.069522+09	MOBILE	2026-04-16 16:18:07.069522+09	t	121	2026-04-17 11:46:50.051974+09	121	\N	\N
22	7449cc7e-ed67-4b5c-afc4-af400ec4c57a	122	22	122	22	37.5022000	127.0022000	62.00	\N	2026-04-16 15:56:07.069522+09	MOBILE	2026-04-16 16:18:07.069522+09	t	122	2026-04-17 11:46:50.051974+09	122	\N	\N
23	3dc474a3-9d7c-4701-8df4-913164d3bab1	123	23	123	23	37.5023000	127.0023000	63.00	\N	2026-04-16 15:55:07.069522+09	MOBILE	2026-04-16 16:18:07.069522+09	t	123	2026-04-17 11:46:50.051974+09	123	\N	\N
24	ef12c014-8b9e-477c-ac40-732e794d1451	124	24	124	24	37.5024000	127.0024000	64.00	-5.00	2026-04-16 15:54:07.069522+09	MOBILE	2026-04-16 16:18:07.069522+09	t	124	2026-04-17 11:46:50.051974+09	124	\N	\N
25	c6904048-3969-4dc5-8599-d47fd981eab2	125	25	125	25	37.5025000	127.0025000	65.00	\N	2026-04-16 15:53:07.069522+09	MOBILE	2026-04-16 16:18:07.069522+09	t	125	2026-04-17 11:46:50.051974+09	125	\N	\N
26	903d7064-e890-49a4-aacd-69da4dcb567b	126	26	126	26	37.5026000	127.0026000	66.00	\N	2026-04-16 15:52:07.069522+09	MOBILE	2026-04-16 16:18:07.069522+09	t	126	2026-04-17 11:46:50.051974+09	126	\N	\N
27	aa003127-af81-4429-a8b7-075ba628e556	127	27	127	27	37.5027000	127.0027000	67.00	\N	2026-04-16 15:51:07.069522+09	MOBILE	2026-04-16 16:18:07.069522+09	t	127	2026-04-17 11:46:50.051974+09	127	\N	\N
28	041789f3-3be3-48b0-a8e5-427b3fa95c88	128	28	128	28	37.5028000	127.0028000	68.00	-5.00	2026-04-16 15:50:07.069522+09	MOBILE	2026-04-16 16:18:07.069522+09	t	128	2026-04-17 11:46:50.051974+09	128	\N	\N
29	ff7fe89c-21a6-46eb-9abb-fb15528dd871	129	29	129	29	37.5029000	127.0029000	69.00	\N	2026-04-16 15:49:07.069522+09	MOBILE	2026-04-16 16:18:07.069522+09	t	129	2026-04-17 11:46:50.051974+09	129	\N	\N
30	a8c6dcba-be92-4567-b06f-179597ee6285	130	30	130	30	37.5030000	127.0030000	70.00	\N	2026-04-16 15:48:07.069522+09	MOBILE	2026-04-16 16:18:07.069522+09	t	130	2026-04-17 11:46:50.051974+09	130	\N	\N
31	6039d22a-bfca-4648-844a-ea790ad2f2b0	131	31	131	31	37.5031000	127.0031000	71.00	\N	2026-04-16 15:47:07.069522+09	MOBILE	2026-04-16 16:18:07.069522+09	t	131	2026-04-17 11:46:50.051974+09	131	\N	\N
32	171e481e-ca1e-4522-beea-383efc366b1f	132	32	132	32	37.5032000	127.0032000	72.00	-5.00	2026-04-16 15:46:07.069522+09	MOBILE	2026-04-16 16:18:07.069522+09	t	132	2026-04-17 11:46:50.051974+09	132	\N	\N
33	28907f6a-3361-41c4-929f-5e0498af353d	133	33	133	33	37.5033000	127.0033000	73.00	\N	2026-04-16 15:45:07.069522+09	MOBILE	2026-04-16 16:18:07.069522+09	t	133	2026-04-17 11:46:50.051974+09	133	\N	\N
34	c824b19b-b942-4699-92e0-7be9f1274892	134	34	134	34	37.5034000	127.0034000	74.00	\N	2026-04-16 15:44:07.069522+09	MOBILE	2026-04-16 16:18:07.069522+09	t	134	2026-04-17 11:46:50.051974+09	134	\N	\N
35	f1a60d8d-2cd6-41a0-9c89-319e8b7684b1	135	35	135	35	37.5035000	127.0035000	75.00	\N	2026-04-16 15:43:07.069522+09	MOBILE	2026-04-16 16:18:07.069522+09	t	135	2026-04-17 11:46:50.051974+09	135	\N	\N
36	f474ca34-dc56-4432-add4-2c80ee3c321c	136	36	136	36	37.5036000	127.0036000	76.00	-5.00	2026-04-16 15:42:07.069522+09	MOBILE	2026-04-16 16:18:07.069522+09	t	136	2026-04-17 11:46:50.051974+09	136	\N	\N
37	fcf08f59-6c69-49a8-b923-c59a653062a7	137	37	137	37	37.5037000	127.0037000	77.00	\N	2026-04-16 15:41:07.069522+09	MOBILE	2026-04-16 16:18:07.069522+09	t	137	2026-04-17 11:46:50.051974+09	137	\N	\N
38	76e2e4f9-39d8-4c47-af1e-eb4945ba5c8b	138	38	138	38	37.5038000	127.0038000	78.00	\N	2026-04-16 15:40:07.069522+09	MOBILE	2026-04-16 16:18:07.069522+09	t	138	2026-04-17 11:46:50.051974+09	138	\N	\N
39	3f0bcc2b-bbcf-40d8-856e-e9c5c52bb7ae	139	39	139	39	37.5039000	127.0039000	79.00	\N	2026-04-16 15:39:07.069522+09	MOBILE	2026-04-16 16:18:07.069522+09	t	139	2026-04-17 11:46:50.051974+09	139	\N	\N
40	a9bb4bda-29db-47e6-b784-d7c974ea3c79	140	40	140	40	37.5040000	127.0040000	60.00	-5.00	2026-04-16 15:38:07.069522+09	MOBILE	2026-04-16 16:18:07.069522+09	t	140	2026-04-17 11:46:50.051974+09	140	\N	\N
41	f084aad4-320f-4c39-81ca-495606508c35	141	41	141	41	37.5041000	127.0041000	61.00	\N	2026-04-16 15:37:07.069522+09	MOBILE	2026-04-16 16:18:07.069522+09	t	141	2026-04-17 11:46:50.051974+09	141	\N	\N
42	601a39e6-61f0-410b-8a37-a1dd09bf153f	142	42	142	42	37.5042000	127.0042000	62.00	\N	2026-04-16 15:36:07.069522+09	MOBILE	2026-04-16 16:18:07.069522+09	t	142	2026-04-17 11:46:50.051974+09	142	\N	\N
43	34c9928d-2409-42bd-aa10-4a869dc912d3	143	43	143	43	37.5043000	127.0043000	63.00	\N	2026-04-16 15:35:07.069522+09	MOBILE	2026-04-16 16:18:07.069522+09	t	143	2026-04-17 11:46:50.051974+09	143	\N	\N
44	f2fd5559-301c-4a36-a73d-0b01e89d5111	144	44	144	44	37.5044000	127.0044000	64.00	-5.00	2026-04-16 15:34:07.069522+09	MOBILE	2026-04-16 16:18:07.069522+09	t	144	2026-04-17 11:46:50.051974+09	144	\N	\N
45	eb776ac6-aa47-4bb8-82eb-daeec87f4daf	145	45	145	45	37.5045000	127.0045000	65.00	\N	2026-04-16 15:33:07.069522+09	MOBILE	2026-04-16 16:18:07.069522+09	t	145	2026-04-17 11:46:50.051974+09	145	\N	\N
46	c4724c42-c634-4936-a533-56f6b56bb3bd	146	46	146	46	37.5046000	127.0046000	66.00	\N	2026-04-16 15:32:07.069522+09	MOBILE	2026-04-16 16:18:07.069522+09	t	146	2026-04-17 11:46:50.051974+09	146	\N	\N
47	f78f380d-aa03-49a9-a862-e5de0262e621	147	47	147	47	37.5047000	127.0047000	67.00	\N	2026-04-16 15:31:07.069522+09	MOBILE	2026-04-16 16:18:07.069522+09	t	147	2026-04-17 11:46:50.051974+09	147	\N	\N
48	94358541-9372-4f91-a64e-6be33a0f8476	148	48	148	48	37.5048000	127.0048000	68.00	-5.00	2026-04-16 15:30:07.069522+09	MOBILE	2026-04-16 16:18:07.069522+09	t	148	2026-04-17 11:46:50.051974+09	148	\N	\N
49	37ef6a37-1cb3-40a9-9265-33c2ba9b1566	149	49	149	49	37.5049000	127.0049000	69.00	\N	2026-04-16 15:29:07.069522+09	MOBILE	2026-04-16 16:18:07.069522+09	t	149	2026-04-17 11:46:50.051974+09	149	\N	\N
50	c2de8a7d-e28d-4a14-9291-d9248ea28765	150	50	150	50	37.5050000	127.0050000	70.00	\N	2026-04-16 15:28:07.069522+09	MOBILE	2026-04-16 16:18:07.069522+09	t	150	2026-04-17 11:46:50.051974+09	150	\N	\N
51	3092849a-ae32-4feb-b4ea-8bde9741729c	151	51	151	51	37.5051000	127.0051000	71.00	\N	2026-04-16 15:27:07.069522+09	MOBILE	2026-04-16 16:18:07.069522+09	t	151	2026-04-17 11:46:50.051974+09	151	\N	\N
52	bb65662f-ef00-4358-a57b-857f6dfcaa5f	152	52	152	52	37.5052000	127.0052000	72.00	-5.00	2026-04-16 15:26:07.069522+09	MOBILE	2026-04-16 16:18:07.069522+09	t	152	2026-04-17 11:46:50.051974+09	152	\N	\N
53	eb96b428-e9bd-4133-8ef3-6514f1c5d5b3	153	53	153	53	37.5053000	127.0053000	73.00	\N	2026-04-16 15:25:07.069522+09	MOBILE	2026-04-16 16:18:07.069522+09	t	153	2026-04-17 11:46:50.051974+09	153	\N	\N
54	c62cc7f4-b548-4417-8b93-bb693c72c0fa	154	54	154	54	37.5054000	127.0054000	74.00	\N	2026-04-16 15:24:07.069522+09	MOBILE	2026-04-16 16:18:07.069522+09	t	154	2026-04-17 11:46:50.051974+09	154	\N	\N
55	b595b757-35bb-42c0-a1e6-3529107e7200	155	55	155	55	37.5055000	127.0055000	75.00	\N	2026-04-16 15:23:07.069522+09	MOBILE	2026-04-16 16:18:07.069522+09	t	155	2026-04-17 11:46:50.051974+09	155	\N	\N
56	add1e511-5b44-458b-8c5b-2fb35233a008	156	56	156	56	37.5056000	127.0056000	76.00	-5.00	2026-04-16 15:22:07.069522+09	MOBILE	2026-04-16 16:18:07.069522+09	t	156	2026-04-17 11:46:50.051974+09	156	\N	\N
57	d6155a6a-d9d7-4bfd-8d9f-1ea084160947	157	57	157	57	37.5057000	127.0057000	77.00	\N	2026-04-16 15:21:07.069522+09	MOBILE	2026-04-16 16:18:07.069522+09	t	157	2026-04-17 11:46:50.051974+09	157	\N	\N
58	d19127bd-8498-43ca-8eda-614ddd59fb5d	158	58	158	58	37.5058000	127.0058000	78.00	\N	2026-04-16 15:20:07.069522+09	MOBILE	2026-04-16 16:18:07.069522+09	t	158	2026-04-17 11:46:50.051974+09	158	\N	\N
59	768e391f-5bb1-42e1-84d0-db80b49c91f6	159	59	159	59	37.5059000	127.0059000	79.00	\N	2026-04-16 15:19:07.069522+09	MOBILE	2026-04-16 16:18:07.069522+09	t	159	2026-04-17 11:46:50.051974+09	159	\N	\N
60	e0717b50-96e1-4845-b33f-131c1264efbf	160	60	160	60	37.5060000	127.0060000	60.00	-5.00	2026-04-16 15:18:07.069522+09	MOBILE	2026-04-16 16:18:07.069522+09	t	160	2026-04-17 11:46:50.051974+09	160	\N	\N
61	5b8b56a2-b24b-4dd7-a849-8088dc89bd12	161	61	161	61	37.5061000	127.0061000	61.00	\N	2026-04-16 15:17:07.069522+09	MOBILE	2026-04-16 16:18:07.069522+09	t	161	2026-04-17 11:46:50.051974+09	161	\N	\N
62	d20d712f-af85-43e2-ba02-e5aeb48f9b45	162	62	162	62	37.5062000	127.0062000	62.00	\N	2026-04-16 15:16:07.069522+09	MOBILE	2026-04-16 16:18:07.069522+09	t	162	2026-04-17 11:46:50.051974+09	162	\N	\N
63	610f091d-919c-487d-be71-80d363a8779c	163	63	163	63	37.5063000	127.0063000	63.00	\N	2026-04-16 15:15:07.069522+09	MOBILE	2026-04-16 16:18:07.069522+09	t	163	2026-04-17 11:46:50.051974+09	163	\N	\N
64	ca269f02-e076-4723-8973-aee402070f0a	164	64	164	64	37.5064000	127.0064000	64.00	-5.00	2026-04-16 15:14:07.069522+09	MOBILE	2026-04-16 16:18:07.069522+09	t	164	2026-04-17 11:46:50.051974+09	164	\N	\N
65	bdbf1e3e-55e1-45e8-9ab6-72257c56d7ce	165	65	165	65	37.5065000	127.0065000	65.00	\N	2026-04-16 15:13:07.069522+09	MOBILE	2026-04-16 16:18:07.069522+09	t	165	2026-04-17 11:46:50.051974+09	165	\N	\N
66	8173ed4d-a779-4e9e-ba66-4f6f2c438364	166	66	166	66	37.5066000	127.0066000	66.00	\N	2026-04-16 15:12:07.069522+09	MOBILE	2026-04-16 16:18:07.069522+09	t	166	2026-04-17 11:46:50.051974+09	166	\N	\N
67	e3bf75c8-b6d2-4922-b2ef-fa9a4b5f1915	167	67	167	67	37.5067000	127.0067000	67.00	\N	2026-04-16 15:11:07.069522+09	MOBILE	2026-04-16 16:18:07.069522+09	t	167	2026-04-17 11:46:50.051974+09	167	\N	\N
68	d5e2d235-d567-4f2a-bb24-65df065e0d80	168	68	168	68	37.5068000	127.0068000	68.00	-5.00	2026-04-16 15:10:07.069522+09	MOBILE	2026-04-16 16:18:07.069522+09	t	168	2026-04-17 11:46:50.051974+09	168	\N	\N
69	961ff871-d916-4e2e-9e9c-5add9c8b146f	169	69	169	69	37.5069000	127.0069000	69.00	\N	2026-04-16 15:09:07.069522+09	MOBILE	2026-04-16 16:18:07.069522+09	t	169	2026-04-17 11:46:50.051974+09	169	\N	\N
70	873fa89a-2fad-43ad-8660-3b52e8b003dc	170	70	170	70	37.5070000	127.0070000	70.00	\N	2026-04-16 15:08:07.069522+09	MOBILE	2026-04-16 16:18:07.069522+09	t	170	2026-04-17 11:46:50.051974+09	170	\N	\N
71	ea4d18b2-e318-465b-810a-354af9ddb520	171	71	171	71	37.5071000	127.0071000	71.00	\N	2026-04-16 15:07:07.069522+09	MOBILE	2026-04-16 16:18:07.069522+09	t	171	2026-04-17 11:46:50.051974+09	171	\N	\N
72	af4593fc-bead-4c8e-b149-99555c16d56f	172	72	172	72	37.5072000	127.0072000	72.00	-5.00	2026-04-16 15:06:07.069522+09	MOBILE	2026-04-16 16:18:07.069522+09	t	172	2026-04-17 11:46:50.051974+09	172	\N	\N
73	0c1a7858-1d1e-462c-b62a-574c665b9ead	173	73	173	73	37.5073000	127.0073000	73.00	\N	2026-04-16 15:05:07.069522+09	MOBILE	2026-04-16 16:18:07.069522+09	t	173	2026-04-17 11:46:50.051974+09	173	\N	\N
74	53b8a3db-ac23-48d0-b005-4a1011a34645	174	74	174	74	37.5074000	127.0074000	74.00	\N	2026-04-16 15:04:07.069522+09	MOBILE	2026-04-16 16:18:07.069522+09	t	174	2026-04-17 11:46:50.051974+09	174	\N	\N
75	ae9021d8-4ab5-4f50-97b5-b4dc376517f2	175	75	175	75	37.5075000	127.0075000	75.00	\N	2026-04-16 15:03:07.069522+09	MOBILE	2026-04-16 16:18:07.069522+09	t	175	2026-04-17 11:46:50.051974+09	175	\N	\N
76	d9cf0c75-cf93-416b-bdac-0d6bbddcd6a8	176	76	176	76	37.5076000	127.0076000	76.00	-5.00	2026-04-16 15:02:07.069522+09	MOBILE	2026-04-16 16:18:07.069522+09	t	176	2026-04-17 11:46:50.051974+09	176	\N	\N
77	b181874c-ece3-447d-bb03-4a60ce208918	177	77	177	77	37.5077000	127.0077000	77.00	\N	2026-04-16 15:01:07.069522+09	MOBILE	2026-04-16 16:18:07.069522+09	t	177	2026-04-17 11:46:50.051974+09	177	\N	\N
78	effc8238-7ff6-489b-ae57-40694887840f	178	78	178	78	37.5078000	127.0078000	78.00	\N	2026-04-16 15:00:07.069522+09	MOBILE	2026-04-16 16:18:07.069522+09	t	178	2026-04-17 11:46:50.051974+09	178	\N	\N
79	8c82ed30-1df8-4fd0-a622-6d6ea2bab99a	179	79	179	79	37.5079000	127.0079000	79.00	\N	2026-04-16 14:59:07.069522+09	MOBILE	2026-04-16 16:18:07.069522+09	t	179	2026-04-17 11:46:50.051974+09	179	\N	\N
80	a4d7f8ad-e3f8-4286-9a0b-18d999bee1ca	180	80	180	80	37.5080000	127.0080000	60.00	-5.00	2026-04-16 14:58:07.069522+09	MOBILE	2026-04-16 16:18:07.069522+09	t	180	2026-04-17 11:46:50.051974+09	180	\N	\N
81	4d93f52f-9526-4b65-b567-9f91aa89cc5b	181	81	181	81	37.5081000	127.0081000	61.00	\N	2026-04-16 14:57:07.069522+09	MOBILE	2026-04-16 16:18:07.069522+09	t	181	2026-04-17 11:46:50.051974+09	181	\N	\N
82	f8f9b045-8aa6-4ecb-ade0-f28431989c9a	182	82	182	82	37.5082000	127.0082000	62.00	\N	2026-04-16 14:56:07.069522+09	MOBILE	2026-04-16 16:18:07.069522+09	t	182	2026-04-17 11:46:50.051974+09	182	\N	\N
83	79121a0e-5a70-476e-8c76-7520bd7c8a2d	183	83	183	83	37.5083000	127.0083000	63.00	\N	2026-04-16 14:55:07.069522+09	MOBILE	2026-04-16 16:18:07.069522+09	t	183	2026-04-17 11:46:50.051974+09	183	\N	\N
84	29e286ae-3e3a-47c8-8cd4-a951e7f447be	184	84	184	84	37.5084000	127.0084000	64.00	-5.00	2026-04-16 14:54:07.069522+09	MOBILE	2026-04-16 16:18:07.069522+09	t	184	2026-04-17 11:46:50.051974+09	184	\N	\N
85	ea779aa8-18cb-493a-8c36-5c73cc1450b6	185	85	185	85	37.5085000	127.0085000	65.00	\N	2026-04-16 14:53:07.069522+09	MOBILE	2026-04-16 16:18:07.069522+09	t	185	2026-04-17 11:46:50.051974+09	185	\N	\N
86	4fd188f9-6268-4662-a45b-5a3572a0c649	186	86	186	86	37.5086000	127.0086000	66.00	\N	2026-04-16 14:52:07.069522+09	MOBILE	2026-04-16 16:18:07.069522+09	t	186	2026-04-17 11:46:50.051974+09	186	\N	\N
87	68272541-0f47-4244-a919-fe57c472027e	187	87	187	87	37.5087000	127.0087000	67.00	\N	2026-04-16 14:51:07.069522+09	MOBILE	2026-04-16 16:18:07.069522+09	t	187	2026-04-17 11:46:50.051974+09	187	\N	\N
88	f85b3650-baa7-4a07-82fd-483403d0866c	188	88	188	88	37.5088000	127.0088000	68.00	-5.00	2026-04-16 14:50:07.069522+09	MOBILE	2026-04-16 16:18:07.069522+09	t	188	2026-04-17 11:46:50.051974+09	188	\N	\N
89	6f5dbdd4-01aa-4883-9220-c10e612ec0d8	189	89	189	89	37.5089000	127.0089000	69.00	\N	2026-04-16 14:49:07.069522+09	MOBILE	2026-04-16 16:18:07.069522+09	t	189	2026-04-17 11:46:50.051974+09	189	\N	\N
90	f8714275-6509-4bba-a44f-360ed5629604	190	90	190	90	37.5090000	127.0090000	70.00	\N	2026-04-16 14:48:07.069522+09	MOBILE	2026-04-16 16:18:07.069522+09	t	190	2026-04-17 11:46:50.051974+09	190	\N	\N
91	3b3966d6-805d-4d49-9434-145c0bd50130	191	91	191	91	37.5091000	127.0091000	71.00	\N	2026-04-16 14:47:07.069522+09	MOBILE	2026-04-16 16:18:07.069522+09	t	191	2026-04-17 11:46:50.051974+09	191	\N	\N
92	d3f3e8fc-d2b6-4edb-9d12-8bde670ed1df	192	92	192	92	37.5092000	127.0092000	72.00	-5.00	2026-04-16 14:46:07.069522+09	MOBILE	2026-04-16 16:18:07.069522+09	t	192	2026-04-17 11:46:50.051974+09	192	\N	\N
93	14a83b09-fbdb-4fbd-916f-d67e52b650ef	193	93	193	93	37.5093000	127.0093000	73.00	\N	2026-04-16 14:45:07.069522+09	MOBILE	2026-04-16 16:18:07.069522+09	t	193	2026-04-17 11:46:50.051974+09	193	\N	\N
94	08176a18-f6b7-4fac-9621-bdcf62959058	194	94	194	94	37.5094000	127.0094000	74.00	\N	2026-04-16 14:44:07.069522+09	MOBILE	2026-04-16 16:18:07.069522+09	t	194	2026-04-17 11:46:50.051974+09	194	\N	\N
95	cba044ae-cfb8-4864-93e1-f9317b2c9f73	195	95	195	95	37.5095000	127.0095000	75.00	\N	2026-04-16 14:43:07.069522+09	MOBILE	2026-04-16 16:18:07.069522+09	t	195	2026-04-17 11:46:50.051974+09	195	\N	\N
96	5ce0fc9c-e553-45bd-a1ee-e7244933a6e9	196	96	196	96	37.5096000	127.0096000	76.00	-5.00	2026-04-16 14:42:07.069522+09	MOBILE	2026-04-16 16:18:07.069522+09	t	196	2026-04-17 11:46:50.051974+09	196	\N	\N
97	08f1e05a-1d75-46f9-b890-e240d1a8b3d6	197	97	197	97	37.5097000	127.0097000	77.00	\N	2026-04-16 14:41:07.069522+09	MOBILE	2026-04-16 16:18:07.069522+09	t	197	2026-04-17 11:46:50.051974+09	197	\N	\N
98	a3f579d5-4705-4b2b-be78-803e256e022c	198	98	198	98	37.5098000	127.0098000	78.00	\N	2026-04-16 14:40:07.069522+09	MOBILE	2026-04-16 16:18:07.069522+09	t	198	2026-04-17 11:46:50.051974+09	198	\N	\N
99	ae817111-d55d-44d4-8097-57a5ca55c067	199	99	199	99	37.5099000	127.0099000	79.00	\N	2026-04-16 14:39:07.069522+09	MOBILE	2026-04-16 16:18:07.069522+09	t	199	2026-04-17 11:46:50.051974+09	199	\N	\N
100	415bb70c-84a1-4401-a189-dfe0690de726	200	100	200	100	37.5100000	127.0100000	60.00	-5.00	2026-04-16 14:38:07.069522+09	MOBILE	2026-04-16 16:18:07.069522+09	t	200	2026-04-17 11:46:50.051974+09	200	\N	\N
\.


--
-- Data for Name: incidents; Type: TABLE DATA; Schema: exec; Owner: -
--

COPY exec.incidents (incident_id, incident_uid, tenant_id, dispatch_id, execution_result_id, incident_no, incident_type, severity, status_code, occurred_at, description, responsibility_type, estimated_claim_amount, resolved_at, resolved_by, created_by, created_at, updated_at, is_active, updated_by, deleted_at, deleted_by) FROM stdin;
19	9226cfb6-e5dd-4415-828f-e4e839566a78	119	19	19	INC000019	ETC	NORMAL	RESOLVED	2026-04-16 15:18:07.069522+09	Test incident 19	CARRIER	19000.00	2026-04-16 16:18:07.069522+09	119	119	2026-04-16 16:18:07.069522+09	2026-04-17 11:46:50.051974+09	t	119	\N	\N
20	2a7d551e-5480-4d05-b00e-5f473a11a00e	120	20	20	INC000020	DELAY	HIGH	RESOLVED	2026-04-16 15:18:07.069522+09	Test incident 20	CARRIER	20000.00	2026-04-16 16:18:07.069522+09	120	120	2026-04-16 16:18:07.069522+09	2026-04-17 11:46:50.051974+09	t	120	\N	\N
21	0f508a82-a7cc-4c6b-ace1-68b7cacbaf65	121	21	21	INC000021	DAMAGE	NORMAL	RESOLVED	2026-04-16 15:18:07.069522+09	Test incident 21	CARRIER	21000.00	2026-04-16 16:18:07.069522+09	121	121	2026-04-16 16:18:07.069522+09	2026-04-17 11:46:50.051974+09	t	121	\N	\N
22	5af215f3-4e6c-44b4-99da-b235da6843e8	122	22	22	INC000022	SHORTAGE	NORMAL	RESOLVED	2026-04-16 15:18:07.069522+09	Test incident 22	CARRIER	22000.00	2026-04-16 16:18:07.069522+09	122	122	2026-04-16 16:18:07.069522+09	2026-04-17 11:46:50.051974+09	t	122	\N	\N
23	c6ac1864-e4f7-48c8-a504-614bca376f43	123	23	23	INC000023	ETC	NORMAL	RESOLVED	2026-04-16 15:18:07.069522+09	Test incident 23	CARRIER	23000.00	2026-04-16 16:18:07.069522+09	123	123	2026-04-16 16:18:07.069522+09	2026-04-17 11:46:50.051974+09	t	123	\N	\N
24	1a98f4df-7893-4e22-b67e-c5f8721f7ce1	124	24	24	INC000024	DELAY	NORMAL	RESOLVED	2026-04-16 15:18:07.069522+09	Test incident 24	CARRIER	24000.00	2026-04-16 16:18:07.069522+09	124	124	2026-04-16 16:18:07.069522+09	2026-04-17 11:46:50.051974+09	t	124	\N	\N
25	76e987fa-de2f-417f-b1cc-7a53eb3bbedf	125	25	25	INC000025	DAMAGE	NORMAL	RESOLVED	2026-04-16 15:18:07.069522+09	Test incident 25	CARRIER	25000.00	2026-04-16 16:18:07.069522+09	125	125	2026-04-16 16:18:07.069522+09	2026-04-17 11:46:50.051974+09	t	125	\N	\N
26	7579f3ab-2a6f-4919-af6f-82cdc36c96f9	126	26	26	INC000026	SHORTAGE	NORMAL	RESOLVED	2026-04-16 15:18:07.069522+09	Test incident 26	CARRIER	26000.00	2026-04-16 16:18:07.069522+09	126	126	2026-04-16 16:18:07.069522+09	2026-04-17 11:46:50.051974+09	t	126	\N	\N
27	562a4d88-c850-4854-bb7a-a4bbfc384400	127	27	27	INC000027	ETC	NORMAL	RESOLVED	2026-04-16 15:18:07.069522+09	Test incident 27	CARRIER	27000.00	2026-04-16 16:18:07.069522+09	127	127	2026-04-16 16:18:07.069522+09	2026-04-17 11:46:50.051974+09	t	127	\N	\N
28	b7a46d4d-2deb-48d6-9f66-8feac8e87a8f	128	28	28	INC000028	DELAY	NORMAL	RESOLVED	2026-04-16 15:18:07.069522+09	Test incident 28	CARRIER	28000.00	2026-04-16 16:18:07.069522+09	128	128	2026-04-16 16:18:07.069522+09	2026-04-17 11:46:50.051974+09	t	128	\N	\N
29	1a851c54-d1c1-46f6-8f4a-80d4bf234b8a	129	29	29	INC000029	DAMAGE	NORMAL	RESOLVED	2026-04-16 15:18:07.069522+09	Test incident 29	CARRIER	29000.00	2026-04-16 16:18:07.069522+09	129	129	2026-04-16 16:18:07.069522+09	2026-04-17 11:46:50.051974+09	t	129	\N	\N
30	43569314-e3e1-4674-aec9-cfd7b5e4d642	130	30	30	INC000030	SHORTAGE	HIGH	RESOLVED	2026-04-16 15:18:07.069522+09	Test incident 30	CARRIER	30000.00	2026-04-16 16:18:07.069522+09	130	130	2026-04-16 16:18:07.069522+09	2026-04-17 11:46:50.051974+09	t	130	\N	\N
31	e166b640-dbce-4753-9b05-fb1d066169bd	131	31	31	INC000031	ETC	NORMAL	RESOLVED	2026-04-16 15:18:07.069522+09	Test incident 31	CARRIER	31000.00	2026-04-16 16:18:07.069522+09	131	131	2026-04-16 16:18:07.069522+09	2026-04-17 11:46:50.051974+09	t	131	\N	\N
32	3f90b20b-1c4e-421f-9c01-b30a4ce95c2e	132	32	32	INC000032	DELAY	NORMAL	RESOLVED	2026-04-16 15:18:07.069522+09	Test incident 32	CARRIER	32000.00	2026-04-16 16:18:07.069522+09	132	132	2026-04-16 16:18:07.069522+09	2026-04-17 11:46:50.051974+09	t	132	\N	\N
33	056dce79-5e14-4437-b6ae-9b8b05cec3bd	133	33	33	INC000033	DAMAGE	NORMAL	RESOLVED	2026-04-16 15:18:07.069522+09	Test incident 33	CARRIER	33000.00	2026-04-16 16:18:07.069522+09	133	133	2026-04-16 16:18:07.069522+09	2026-04-17 11:46:50.051974+09	t	133	\N	\N
34	0d689781-b5e0-49c0-a644-be88d1f3ad90	134	34	34	INC000034	SHORTAGE	NORMAL	RESOLVED	2026-04-16 15:18:07.069522+09	Test incident 34	CARRIER	34000.00	2026-04-16 16:18:07.069522+09	134	134	2026-04-16 16:18:07.069522+09	2026-04-17 11:46:50.051974+09	t	134	\N	\N
35	bbba1545-bb32-49df-bbee-d4ccbf5fc0e8	135	35	35	INC000035	ETC	NORMAL	RESOLVED	2026-04-16 15:18:07.069522+09	Test incident 35	CARRIER	35000.00	2026-04-16 16:18:07.069522+09	135	135	2026-04-16 16:18:07.069522+09	2026-04-17 11:46:50.051974+09	t	135	\N	\N
36	bbb947ee-b3f1-4b2b-b42f-29222248547e	136	36	36	INC000036	DELAY	NORMAL	RESOLVED	2026-04-16 15:18:07.069522+09	Test incident 36	CARRIER	36000.00	2026-04-16 16:18:07.069522+09	136	136	2026-04-16 16:18:07.069522+09	2026-04-17 11:46:50.051974+09	t	136	\N	\N
37	9b07130b-5969-4460-908b-e308b45c1cc0	137	37	37	INC000037	DAMAGE	NORMAL	RESOLVED	2026-04-16 15:18:07.069522+09	Test incident 37	CARRIER	37000.00	2026-04-16 16:18:07.069522+09	137	137	2026-04-16 16:18:07.069522+09	2026-04-17 11:46:50.051974+09	t	137	\N	\N
38	cfcc1fec-dabd-4a16-a166-a8a052989df6	138	38	38	INC000038	SHORTAGE	NORMAL	RESOLVED	2026-04-16 15:18:07.069522+09	Test incident 38	CARRIER	38000.00	2026-04-16 16:18:07.069522+09	138	138	2026-04-16 16:18:07.069522+09	2026-04-17 11:46:50.051974+09	t	138	\N	\N
39	bb7a6e5e-bf09-4760-9f56-2a4c3c8cfb93	139	39	39	INC000039	ETC	NORMAL	RESOLVED	2026-04-16 15:18:07.069522+09	Test incident 39	CARRIER	39000.00	2026-04-16 16:18:07.069522+09	139	139	2026-04-16 16:18:07.069522+09	2026-04-17 11:46:50.051974+09	t	139	\N	\N
40	b2b41b80-3e27-4ebd-b002-75a0314c40f8	140	40	40	INC000040	DELAY	HIGH	RESOLVED	2026-04-16 15:18:07.069522+09	Test incident 40	CARRIER	40000.00	2026-04-16 16:18:07.069522+09	140	140	2026-04-16 16:18:07.069522+09	2026-04-17 11:46:50.051974+09	t	140	\N	\N
41	abf04b44-3a54-43f5-9115-cbe848252dc4	141	41	41	INC000041	DAMAGE	NORMAL	RESOLVED	2026-04-16 15:18:07.069522+09	Test incident 41	CARRIER	41000.00	2026-04-16 16:18:07.069522+09	141	141	2026-04-16 16:18:07.069522+09	2026-04-17 11:46:50.051974+09	t	141	\N	\N
42	dacb1994-2010-4355-b4e3-89db5f9caceb	142	42	42	INC000042	SHORTAGE	NORMAL	RESOLVED	2026-04-16 15:18:07.069522+09	Test incident 42	CARRIER	42000.00	2026-04-16 16:18:07.069522+09	142	142	2026-04-16 16:18:07.069522+09	2026-04-17 11:46:50.051974+09	t	142	\N	\N
43	e3e3c228-01ea-4acc-9191-2169f8fdff8c	143	43	43	INC000043	ETC	NORMAL	RESOLVED	2026-04-16 15:18:07.069522+09	Test incident 43	CARRIER	43000.00	2026-04-16 16:18:07.069522+09	143	143	2026-04-16 16:18:07.069522+09	2026-04-17 11:46:50.051974+09	t	143	\N	\N
44	f317a916-d312-4d4c-8641-bcda533e49b5	144	44	44	INC000044	DELAY	NORMAL	RESOLVED	2026-04-16 15:18:07.069522+09	Test incident 44	CARRIER	44000.00	2026-04-16 16:18:07.069522+09	144	144	2026-04-16 16:18:07.069522+09	2026-04-17 11:46:50.051974+09	t	144	\N	\N
45	f533f7b9-4b4d-433d-a57a-ad2c2a3340b9	145	45	45	INC000045	DAMAGE	NORMAL	RESOLVED	2026-04-16 15:18:07.069522+09	Test incident 45	CARRIER	45000.00	2026-04-16 16:18:07.069522+09	145	145	2026-04-16 16:18:07.069522+09	2026-04-17 11:46:50.051974+09	t	145	\N	\N
46	4b12e04d-f63a-4e02-88ee-1ea833b08c9d	146	46	46	INC000046	SHORTAGE	NORMAL	RESOLVED	2026-04-16 15:18:07.069522+09	Test incident 46	CARRIER	46000.00	2026-04-16 16:18:07.069522+09	146	146	2026-04-16 16:18:07.069522+09	2026-04-17 11:46:50.051974+09	t	146	\N	\N
47	b7e42af9-e80d-4c14-9692-fbb69834345d	147	47	47	INC000047	ETC	NORMAL	RESOLVED	2026-04-16 15:18:07.069522+09	Test incident 47	CARRIER	47000.00	2026-04-16 16:18:07.069522+09	147	147	2026-04-16 16:18:07.069522+09	2026-04-17 11:46:50.051974+09	t	147	\N	\N
48	2ab77186-2bdb-41c2-9b21-e62311f99d6c	148	48	48	INC000048	DELAY	NORMAL	RESOLVED	2026-04-16 15:18:07.069522+09	Test incident 48	CARRIER	48000.00	2026-04-16 16:18:07.069522+09	148	148	2026-04-16 16:18:07.069522+09	2026-04-17 11:46:50.051974+09	t	148	\N	\N
49	c73204b9-eecd-46b5-8c24-2ca2d219c374	149	49	49	INC000049	DAMAGE	NORMAL	RESOLVED	2026-04-16 15:18:07.069522+09	Test incident 49	CARRIER	49000.00	2026-04-16 16:18:07.069522+09	149	149	2026-04-16 16:18:07.069522+09	2026-04-17 11:46:50.051974+09	t	149	\N	\N
50	cbdaa345-0cd8-4c59-b037-bd2715d9b220	150	50	50	INC000050	SHORTAGE	HIGH	RESOLVED	2026-04-16 15:18:07.069522+09	Test incident 50	CARRIER	50000.00	2026-04-16 16:18:07.069522+09	150	150	2026-04-16 16:18:07.069522+09	2026-04-17 11:46:50.051974+09	t	150	\N	\N
51	e071e421-2259-46c9-b1cd-654e63d03bd1	151	51	51	INC000051	ETC	NORMAL	RESOLVED	2026-04-16 15:18:07.069522+09	Test incident 51	CARRIER	51000.00	2026-04-16 16:18:07.069522+09	151	151	2026-04-16 16:18:07.069522+09	2026-04-17 11:46:50.051974+09	t	151	\N	\N
52	d55e02c3-8aba-455a-9638-a44eff579691	152	52	52	INC000052	DELAY	NORMAL	RESOLVED	2026-04-16 15:18:07.069522+09	Test incident 52	CARRIER	52000.00	2026-04-16 16:18:07.069522+09	152	152	2026-04-16 16:18:07.069522+09	2026-04-17 11:46:50.051974+09	t	152	\N	\N
53	c8f449a9-a433-4f73-8e21-36794219cd27	153	53	53	INC000053	DAMAGE	NORMAL	RESOLVED	2026-04-16 15:18:07.069522+09	Test incident 53	CARRIER	53000.00	2026-04-16 16:18:07.069522+09	153	153	2026-04-16 16:18:07.069522+09	2026-04-17 11:46:50.051974+09	t	153	\N	\N
54	97c00a0b-ebff-4d66-a5d6-0f325f2f803b	154	54	54	INC000054	SHORTAGE	NORMAL	RESOLVED	2026-04-16 15:18:07.069522+09	Test incident 54	CARRIER	54000.00	2026-04-16 16:18:07.069522+09	154	154	2026-04-16 16:18:07.069522+09	2026-04-17 11:46:50.051974+09	t	154	\N	\N
55	b7d4daee-5816-4747-b3fb-8854553ffea9	155	55	55	INC000055	ETC	NORMAL	RESOLVED	2026-04-16 15:18:07.069522+09	Test incident 55	CARRIER	55000.00	2026-04-16 16:18:07.069522+09	155	155	2026-04-16 16:18:07.069522+09	2026-04-17 11:46:50.051974+09	t	155	\N	\N
56	fcc16c44-2ca1-443b-b05e-d5769ba9aea3	156	56	56	INC000056	DELAY	NORMAL	RESOLVED	2026-04-16 15:18:07.069522+09	Test incident 56	CARRIER	56000.00	2026-04-16 16:18:07.069522+09	156	156	2026-04-16 16:18:07.069522+09	2026-04-17 11:46:50.051974+09	t	156	\N	\N
57	e357660f-5edf-4100-9601-618af6aa66a2	157	57	57	INC000057	DAMAGE	NORMAL	RESOLVED	2026-04-16 15:18:07.069522+09	Test incident 57	CARRIER	57000.00	2026-04-16 16:18:07.069522+09	157	157	2026-04-16 16:18:07.069522+09	2026-04-17 11:46:50.051974+09	t	157	\N	\N
58	299b6a7a-be5e-4a04-9b9c-19345d868ec9	158	58	58	INC000058	SHORTAGE	NORMAL	RESOLVED	2026-04-16 15:18:07.069522+09	Test incident 58	CARRIER	58000.00	2026-04-16 16:18:07.069522+09	158	158	2026-04-16 16:18:07.069522+09	2026-04-17 11:46:50.051974+09	t	158	\N	\N
59	05303d0f-4bde-40fc-a498-9d898dcfbb33	159	59	59	INC000059	ETC	NORMAL	RESOLVED	2026-04-16 15:18:07.069522+09	Test incident 59	CARRIER	59000.00	2026-04-16 16:18:07.069522+09	159	159	2026-04-16 16:18:07.069522+09	2026-04-17 11:46:50.051974+09	t	159	\N	\N
60	7cee5dad-c096-46ff-9bed-eb76ae84908e	160	60	60	INC000060	DELAY	HIGH	RESOLVED	2026-04-16 15:18:07.069522+09	Test incident 60	CARRIER	60000.00	2026-04-16 16:18:07.069522+09	160	160	2026-04-16 16:18:07.069522+09	2026-04-17 11:46:50.051974+09	t	160	\N	\N
63	00bd347d-cd2a-4da8-aa34-f7a650cbeb9f	163	63	63	INC000063	ETC	NORMAL	RESOLVED	2026-04-16 15:18:07.069522+09	Test incident 63	CARRIER	63000.00	2026-04-16 16:18:07.069522+09	163	163	2026-04-16 16:18:07.069522+09	2026-04-17 11:46:50.051974+09	t	163	\N	\N
64	bae83d6f-26c8-439e-a3f6-b89749b4f78a	164	64	64	INC000064	DELAY	NORMAL	RESOLVED	2026-04-16 15:18:07.069522+09	Test incident 64	CARRIER	64000.00	2026-04-16 16:18:07.069522+09	164	164	2026-04-16 16:18:07.069522+09	2026-04-17 11:46:50.051974+09	t	164	\N	\N
65	43c945aa-edaa-4ac8-b11f-99217cc4cfbb	165	65	65	INC000065	DAMAGE	NORMAL	RESOLVED	2026-04-16 15:18:07.069522+09	Test incident 65	CARRIER	65000.00	2026-04-16 16:18:07.069522+09	165	165	2026-04-16 16:18:07.069522+09	2026-04-17 11:46:50.051974+09	t	165	\N	\N
66	494887ff-c7da-458c-8c0d-c5b1cd92186d	166	66	66	INC000066	SHORTAGE	NORMAL	RESOLVED	2026-04-16 15:18:07.069522+09	Test incident 66	CARRIER	66000.00	2026-04-16 16:18:07.069522+09	166	166	2026-04-16 16:18:07.069522+09	2026-04-17 11:46:50.051974+09	t	166	\N	\N
67	e4ec52f9-c1e9-4bb5-9d2e-67917cf27961	167	67	67	INC000067	ETC	NORMAL	RESOLVED	2026-04-16 15:18:07.069522+09	Test incident 67	CARRIER	67000.00	2026-04-16 16:18:07.069522+09	167	167	2026-04-16 16:18:07.069522+09	2026-04-17 11:46:50.051974+09	t	167	\N	\N
68	007bb1e9-01b5-4aa9-b706-392979563cf8	168	68	68	INC000068	DELAY	NORMAL	RESOLVED	2026-04-16 15:18:07.069522+09	Test incident 68	CARRIER	68000.00	2026-04-16 16:18:07.069522+09	168	168	2026-04-16 16:18:07.069522+09	2026-04-17 11:46:50.051974+09	t	168	\N	\N
69	aaa91052-a40a-45a0-9dc6-17f4efed3e3e	169	69	69	INC000069	DAMAGE	NORMAL	RESOLVED	2026-04-16 15:18:07.069522+09	Test incident 69	CARRIER	69000.00	2026-04-16 16:18:07.069522+09	169	169	2026-04-16 16:18:07.069522+09	2026-04-17 11:46:50.051974+09	t	169	\N	\N
70	f1fc0171-5036-4bdb-baab-7da52765dcb8	170	70	70	INC000070	SHORTAGE	HIGH	RESOLVED	2026-04-16 15:18:07.069522+09	Test incident 70	CARRIER	70000.00	2026-04-16 16:18:07.069522+09	170	170	2026-04-16 16:18:07.069522+09	2026-04-17 11:46:50.051974+09	t	170	\N	\N
71	2c6e5627-925b-45a3-a5e4-65eb5c48349c	171	71	71	INC000071	ETC	NORMAL	RESOLVED	2026-04-16 15:18:07.069522+09	Test incident 71	CARRIER	71000.00	2026-04-16 16:18:07.069522+09	171	171	2026-04-16 16:18:07.069522+09	2026-04-17 11:46:50.051974+09	t	171	\N	\N
72	13971058-2a38-417a-8af4-9caed72c0468	172	72	72	INC000072	DELAY	NORMAL	RESOLVED	2026-04-16 15:18:07.069522+09	Test incident 72	CARRIER	72000.00	2026-04-16 16:18:07.069522+09	172	172	2026-04-16 16:18:07.069522+09	2026-04-17 11:46:50.051974+09	t	172	\N	\N
73	26c4c23c-a1ef-42b2-95dd-b73b0dbe8cd3	173	73	73	INC000073	DAMAGE	NORMAL	RESOLVED	2026-04-16 15:18:07.069522+09	Test incident 73	CARRIER	73000.00	2026-04-16 16:18:07.069522+09	173	173	2026-04-16 16:18:07.069522+09	2026-04-17 11:46:50.051974+09	t	173	\N	\N
74	917729ef-6aeb-4b4e-92e7-6dfae18c6f99	174	74	74	INC000074	SHORTAGE	NORMAL	RESOLVED	2026-04-16 15:18:07.069522+09	Test incident 74	CARRIER	74000.00	2026-04-16 16:18:07.069522+09	174	174	2026-04-16 16:18:07.069522+09	2026-04-17 11:46:50.051974+09	t	174	\N	\N
75	237b601e-e534-4be5-bfa7-0b36f15b2c4f	175	75	75	INC000075	ETC	NORMAL	RESOLVED	2026-04-16 15:18:07.069522+09	Test incident 75	CARRIER	75000.00	2026-04-16 16:18:07.069522+09	175	175	2026-04-16 16:18:07.069522+09	2026-04-17 11:46:50.051974+09	t	175	\N	\N
76	bd98c251-df42-47af-8af7-cca867d33c42	176	76	76	INC000076	DELAY	NORMAL	RESOLVED	2026-04-16 15:18:07.069522+09	Test incident 76	CARRIER	76000.00	2026-04-16 16:18:07.069522+09	176	176	2026-04-16 16:18:07.069522+09	2026-04-17 11:46:50.051974+09	t	176	\N	\N
77	5f5bcf1c-846e-4c2d-b19a-09fecad1adbb	177	77	77	INC000077	DAMAGE	NORMAL	RESOLVED	2026-04-16 15:18:07.069522+09	Test incident 77	CARRIER	77000.00	2026-04-16 16:18:07.069522+09	177	177	2026-04-16 16:18:07.069522+09	2026-04-17 11:46:50.051974+09	t	177	\N	\N
78	cf04ee64-f3ce-4e8e-89f9-f8bb1116ae9e	178	78	78	INC000078	SHORTAGE	NORMAL	RESOLVED	2026-04-16 15:18:07.069522+09	Test incident 78	CARRIER	78000.00	2026-04-16 16:18:07.069522+09	178	178	2026-04-16 16:18:07.069522+09	2026-04-17 11:46:50.051974+09	t	178	\N	\N
79	6372bf7a-bc4e-4c07-90ea-82faeedc3a8d	179	79	79	INC000079	ETC	NORMAL	RESOLVED	2026-04-16 15:18:07.069522+09	Test incident 79	CARRIER	79000.00	2026-04-16 16:18:07.069522+09	179	179	2026-04-16 16:18:07.069522+09	2026-04-17 11:46:50.051974+09	t	179	\N	\N
80	7a73c334-d1fe-4ce4-978f-dc9907e9c2d0	180	80	80	INC000080	DELAY	HIGH	RESOLVED	2026-04-16 15:18:07.069522+09	Test incident 80	CARRIER	80000.00	2026-04-16 16:18:07.069522+09	180	180	2026-04-16 16:18:07.069522+09	2026-04-17 11:46:50.051974+09	t	180	\N	\N
81	21317df6-4265-4685-88b6-beae0bc4ddd5	181	81	81	INC000081	DAMAGE	NORMAL	RESOLVED	2026-04-16 15:18:07.069522+09	Test incident 81	CARRIER	81000.00	2026-04-16 16:18:07.069522+09	181	181	2026-04-16 16:18:07.069522+09	2026-04-17 11:46:50.051974+09	t	181	\N	\N
82	98f41d4f-9c17-44b0-a6d3-85aff9f7319f	182	82	82	INC000082	SHORTAGE	NORMAL	RESOLVED	2026-04-16 15:18:07.069522+09	Test incident 82	CARRIER	82000.00	2026-04-16 16:18:07.069522+09	182	182	2026-04-16 16:18:07.069522+09	2026-04-17 11:46:50.051974+09	t	182	\N	\N
83	f104a658-fe57-4063-811b-7fdf0da1f0a0	183	83	83	INC000083	ETC	NORMAL	RESOLVED	2026-04-16 15:18:07.069522+09	Test incident 83	CARRIER	83000.00	2026-04-16 16:18:07.069522+09	183	183	2026-04-16 16:18:07.069522+09	2026-04-17 11:46:50.051974+09	t	183	\N	\N
84	e0c8bbd2-843a-4f39-8bad-48a6db4f65a4	184	84	84	INC000084	DELAY	NORMAL	RESOLVED	2026-04-16 15:18:07.069522+09	Test incident 84	CARRIER	84000.00	2026-04-16 16:18:07.069522+09	184	184	2026-04-16 16:18:07.069522+09	2026-04-17 11:46:50.051974+09	t	184	\N	\N
85	aa92b76b-28b7-4675-a301-8c877de94207	185	85	85	INC000085	DAMAGE	NORMAL	RESOLVED	2026-04-16 15:18:07.069522+09	Test incident 85	CARRIER	85000.00	2026-04-16 16:18:07.069522+09	185	185	2026-04-16 16:18:07.069522+09	2026-04-17 11:46:50.051974+09	t	185	\N	\N
86	3caa4259-6379-4d08-a61e-0cacad3859e4	186	86	86	INC000086	SHORTAGE	NORMAL	RESOLVED	2026-04-16 15:18:07.069522+09	Test incident 86	CARRIER	86000.00	2026-04-16 16:18:07.069522+09	186	186	2026-04-16 16:18:07.069522+09	2026-04-17 11:46:50.051974+09	t	186	\N	\N
87	17cc68e9-e31b-4c19-8d96-9b776745bb36	187	87	87	INC000087	ETC	NORMAL	RESOLVED	2026-04-16 15:18:07.069522+09	Test incident 87	CARRIER	87000.00	2026-04-16 16:18:07.069522+09	187	187	2026-04-16 16:18:07.069522+09	2026-04-17 11:46:50.051974+09	t	187	\N	\N
88	03773857-8035-4f24-aae6-553501c4d4cf	188	88	88	INC000088	DELAY	NORMAL	RESOLVED	2026-04-16 15:18:07.069522+09	Test incident 88	CARRIER	88000.00	2026-04-16 16:18:07.069522+09	188	188	2026-04-16 16:18:07.069522+09	2026-04-17 11:46:50.051974+09	t	188	\N	\N
89	798eec71-2dbb-4d09-b8d9-e0722348d680	189	89	89	INC000089	DAMAGE	NORMAL	RESOLVED	2026-04-16 15:18:07.069522+09	Test incident 89	CARRIER	89000.00	2026-04-16 16:18:07.069522+09	189	189	2026-04-16 16:18:07.069522+09	2026-04-17 11:46:50.051974+09	t	189	\N	\N
90	e8d0f96d-f4a5-400b-b310-465ddb6a1d84	190	90	90	INC000090	SHORTAGE	HIGH	RESOLVED	2026-04-16 15:18:07.069522+09	Test incident 90	CARRIER	90000.00	2026-04-16 16:18:07.069522+09	190	190	2026-04-16 16:18:07.069522+09	2026-04-17 11:46:50.051974+09	t	190	\N	\N
91	057479d7-c496-40b8-a105-1569e300af0c	191	91	91	INC000091	ETC	NORMAL	RESOLVED	2026-04-16 15:18:07.069522+09	Test incident 91	CARRIER	91000.00	2026-04-16 16:18:07.069522+09	191	191	2026-04-16 16:18:07.069522+09	2026-04-17 11:46:50.051974+09	t	191	\N	\N
92	d8c9a53c-e5f2-4b49-a909-e34c590fbeee	192	92	92	INC000092	DELAY	NORMAL	RESOLVED	2026-04-16 15:18:07.069522+09	Test incident 92	CARRIER	92000.00	2026-04-16 16:18:07.069522+09	192	192	2026-04-16 16:18:07.069522+09	2026-04-17 11:46:50.051974+09	t	192	\N	\N
93	ee6965e9-2a1a-4482-9417-4c502642fb61	193	93	93	INC000093	DAMAGE	NORMAL	RESOLVED	2026-04-16 15:18:07.069522+09	Test incident 93	CARRIER	93000.00	2026-04-16 16:18:07.069522+09	193	193	2026-04-16 16:18:07.069522+09	2026-04-17 11:46:50.051974+09	t	193	\N	\N
94	8811a5d0-9b03-46b3-bbef-43df00c710cc	194	94	94	INC000094	SHORTAGE	NORMAL	RESOLVED	2026-04-16 15:18:07.069522+09	Test incident 94	CARRIER	94000.00	2026-04-16 16:18:07.069522+09	194	194	2026-04-16 16:18:07.069522+09	2026-04-17 11:46:50.051974+09	t	194	\N	\N
1	15d21a12-06ef-4102-a1b6-7e205938961e	101	1	1	INC000001	DAMAGE	NORMAL	RESOLVED	2026-04-16 15:18:07.069522+09	Test incident 1	CARRIER	1000.00	2026-04-16 16:18:07.069522+09	101	101	2026-04-16 16:18:07.069522+09	2026-04-17 11:46:50.051974+09	t	101	\N	\N
2	b4b8cc11-133c-410f-b053-d9c4924dd18b	102	2	2	INC000002	SHORTAGE	NORMAL	RESOLVED	2026-04-16 15:18:07.069522+09	Test incident 2	CARRIER	2000.00	2026-04-16 16:18:07.069522+09	102	102	2026-04-16 16:18:07.069522+09	2026-04-17 11:46:50.051974+09	t	102	\N	\N
3	e3e8f982-f503-4992-89d6-46216ea003f8	103	3	3	INC000003	ETC	NORMAL	RESOLVED	2026-04-16 15:18:07.069522+09	Test incident 3	CARRIER	3000.00	2026-04-16 16:18:07.069522+09	103	103	2026-04-16 16:18:07.069522+09	2026-04-17 11:46:50.051974+09	t	103	\N	\N
4	19813805-ea58-42a2-b6de-eaac7ea51ac3	104	4	4	INC000004	DELAY	NORMAL	RESOLVED	2026-04-16 15:18:07.069522+09	Test incident 4	CARRIER	4000.00	2026-04-16 16:18:07.069522+09	104	104	2026-04-16 16:18:07.069522+09	2026-04-17 11:46:50.051974+09	t	104	\N	\N
5	528b3776-9864-487f-a675-0bd253a44c7f	105	5	5	INC000005	DAMAGE	NORMAL	RESOLVED	2026-04-16 15:18:07.069522+09	Test incident 5	CARRIER	5000.00	2026-04-16 16:18:07.069522+09	105	105	2026-04-16 16:18:07.069522+09	2026-04-17 11:46:50.051974+09	t	105	\N	\N
6	90a00cb8-65f9-430f-b5ed-82e420b0bbe3	106	6	6	INC000006	SHORTAGE	NORMAL	RESOLVED	2026-04-16 15:18:07.069522+09	Test incident 6	CARRIER	6000.00	2026-04-16 16:18:07.069522+09	106	106	2026-04-16 16:18:07.069522+09	2026-04-17 11:46:50.051974+09	t	106	\N	\N
7	d525054b-c5e9-4a13-be9a-4367e93d22fe	107	7	7	INC000007	ETC	NORMAL	RESOLVED	2026-04-16 15:18:07.069522+09	Test incident 7	CARRIER	7000.00	2026-04-16 16:18:07.069522+09	107	107	2026-04-16 16:18:07.069522+09	2026-04-17 11:46:50.051974+09	t	107	\N	\N
8	fa203afe-b9f4-4387-81b3-21b5318537d6	108	8	8	INC000008	DELAY	NORMAL	RESOLVED	2026-04-16 15:18:07.069522+09	Test incident 8	CARRIER	8000.00	2026-04-16 16:18:07.069522+09	108	108	2026-04-16 16:18:07.069522+09	2026-04-17 11:46:50.051974+09	t	108	\N	\N
9	23d00768-540f-4921-82dc-7bdd2cfc02fe	109	9	9	INC000009	DAMAGE	NORMAL	RESOLVED	2026-04-16 15:18:07.069522+09	Test incident 9	CARRIER	9000.00	2026-04-16 16:18:07.069522+09	109	109	2026-04-16 16:18:07.069522+09	2026-04-17 11:46:50.051974+09	t	109	\N	\N
10	33daa1b8-cc25-4998-8a8b-bf60bda85434	110	10	10	INC000010	SHORTAGE	HIGH	RESOLVED	2026-04-16 15:18:07.069522+09	Test incident 10	CARRIER	10000.00	2026-04-16 16:18:07.069522+09	110	110	2026-04-16 16:18:07.069522+09	2026-04-17 11:46:50.051974+09	t	110	\N	\N
11	990e408e-e10e-40df-89f4-61bb0d1b24be	111	11	11	INC000011	ETC	NORMAL	RESOLVED	2026-04-16 15:18:07.069522+09	Test incident 11	CARRIER	11000.00	2026-04-16 16:18:07.069522+09	111	111	2026-04-16 16:18:07.069522+09	2026-04-17 11:46:50.051974+09	t	111	\N	\N
12	f0de5395-07ea-439f-8a73-a16e5ca7cd33	112	12	12	INC000012	DELAY	NORMAL	RESOLVED	2026-04-16 15:18:07.069522+09	Test incident 12	CARRIER	12000.00	2026-04-16 16:18:07.069522+09	112	112	2026-04-16 16:18:07.069522+09	2026-04-17 11:46:50.051974+09	t	112	\N	\N
13	5332701a-b432-41f3-8f11-2c18cf5e22a5	113	13	13	INC000013	DAMAGE	NORMAL	RESOLVED	2026-04-16 15:18:07.069522+09	Test incident 13	CARRIER	13000.00	2026-04-16 16:18:07.069522+09	113	113	2026-04-16 16:18:07.069522+09	2026-04-17 11:46:50.051974+09	t	113	\N	\N
14	83edc905-639d-431a-848f-955f8866ab7a	114	14	14	INC000014	SHORTAGE	NORMAL	RESOLVED	2026-04-16 15:18:07.069522+09	Test incident 14	CARRIER	14000.00	2026-04-16 16:18:07.069522+09	114	114	2026-04-16 16:18:07.069522+09	2026-04-17 11:46:50.051974+09	t	114	\N	\N
15	c4865afa-b257-4c66-a7ee-fc5d813ed85d	115	15	15	INC000015	ETC	NORMAL	RESOLVED	2026-04-16 15:18:07.069522+09	Test incident 15	CARRIER	15000.00	2026-04-16 16:18:07.069522+09	115	115	2026-04-16 16:18:07.069522+09	2026-04-17 11:46:50.051974+09	t	115	\N	\N
16	47a48e99-db4e-4891-9676-6be1f1c9b189	116	16	16	INC000016	DELAY	NORMAL	RESOLVED	2026-04-16 15:18:07.069522+09	Test incident 16	CARRIER	16000.00	2026-04-16 16:18:07.069522+09	116	116	2026-04-16 16:18:07.069522+09	2026-04-17 11:46:50.051974+09	t	116	\N	\N
17	5f8ef256-6bdb-4548-b147-f6c160e5a7e2	117	17	17	INC000017	DAMAGE	NORMAL	RESOLVED	2026-04-16 15:18:07.069522+09	Test incident 17	CARRIER	17000.00	2026-04-16 16:18:07.069522+09	117	117	2026-04-16 16:18:07.069522+09	2026-04-17 11:46:50.051974+09	t	117	\N	\N
18	26339fcc-02e7-4c7f-8161-8bd792f9018f	118	18	18	INC000018	SHORTAGE	NORMAL	RESOLVED	2026-04-16 15:18:07.069522+09	Test incident 18	CARRIER	18000.00	2026-04-16 16:18:07.069522+09	118	118	2026-04-16 16:18:07.069522+09	2026-04-17 11:46:50.051974+09	t	118	\N	\N
95	d6e5db27-fe04-453a-b69c-1daebbe278c7	195	95	95	INC000095	ETC	NORMAL	RESOLVED	2026-04-16 15:18:07.069522+09	Test incident 95	CARRIER	95000.00	2026-04-16 16:18:07.069522+09	195	195	2026-04-16 16:18:07.069522+09	2026-04-17 11:46:50.051974+09	t	195	\N	\N
96	af4ffa21-f596-4f4a-8809-64aef999868e	196	96	96	INC000096	DELAY	NORMAL	RESOLVED	2026-04-16 15:18:07.069522+09	Test incident 96	CARRIER	96000.00	2026-04-16 16:18:07.069522+09	196	196	2026-04-16 16:18:07.069522+09	2026-04-17 11:46:50.051974+09	t	196	\N	\N
97	2f251ef5-159f-4bc8-aa7b-8ec8e79731a3	197	97	97	INC000097	DAMAGE	NORMAL	RESOLVED	2026-04-16 15:18:07.069522+09	Test incident 97	CARRIER	97000.00	2026-04-16 16:18:07.069522+09	197	197	2026-04-16 16:18:07.069522+09	2026-04-17 11:46:50.051974+09	t	197	\N	\N
61	efb00bd8-f7bc-4cad-8ccc-2f004bdd7d75	161	61	61	INC000061	DAMAGE	NORMAL	RESOLVED	2026-04-16 15:18:07.069522+09	Test incident 61	CARRIER	61000.00	2026-04-16 16:18:07.069522+09	161	161	2026-04-16 16:18:07.069522+09	2026-04-17 11:46:50.051974+09	t	161	\N	\N
62	063f5358-ae0d-4400-98bc-5bd6e7544f70	162	62	62	INC000062	SHORTAGE	NORMAL	RESOLVED	2026-04-16 15:18:07.069522+09	Test incident 62	CARRIER	62000.00	2026-04-16 16:18:07.069522+09	162	162	2026-04-16 16:18:07.069522+09	2026-04-17 11:46:50.051974+09	t	162	\N	\N
98	4632b48e-0025-4c8a-9676-5482ff2b14e9	198	98	98	INC000098	SHORTAGE	NORMAL	RESOLVED	2026-04-16 15:18:07.069522+09	Test incident 98	CARRIER	98000.00	2026-04-16 16:18:07.069522+09	198	198	2026-04-16 16:18:07.069522+09	2026-04-17 11:46:50.051974+09	t	198	\N	\N
99	53fc4f87-427b-4b6d-9721-e7205e9ff37b	199	99	99	INC000099	ETC	NORMAL	RESOLVED	2026-04-16 15:18:07.069522+09	Test incident 99	CARRIER	99000.00	2026-04-16 16:18:07.069522+09	199	199	2026-04-16 16:18:07.069522+09	2026-04-17 11:46:50.051974+09	t	199	\N	\N
100	a1c071a5-4818-44de-a5ed-730413cc38fe	200	100	100	INC000100	DELAY	HIGH	RESOLVED	2026-04-16 15:18:07.069522+09	Test incident 100	CARRIER	100000.00	2026-04-16 16:18:07.069522+09	200	200	2026-04-16 16:18:07.069522+09	2026-04-17 11:46:50.051974+09	t	200	\N	\N
\.


--
-- Data for Name: pod_documents; Type: TABLE DATA; Schema: exec; Owner: -
--

COPY exec.pod_documents (pod_document_id, pod_document_uid, tenant_id, execution_result_id, stop_result_id, document_type, file_name, file_url, submitted_by, submitted_at, reviewed_by, reviewed_at, review_status, is_active, created_at, created_by, updated_at, updated_by, deleted_at, deleted_by) FROM stdin;
1	78256b84-01c4-4c98-8ad1-c194df0bb347	101	1	1	PHOTO	pod_000001.jpg	https://files.example.test/pod/000001.jpg	101	2026-04-16 16:18:07.069522+09	101	2026-04-16 16:18:07.069522+09	APPROVED	t	2026-04-17 11:41:57.024596+09	101	2026-04-17 11:46:50.051974+09	101	\N	\N
2	32c632c5-91e8-48f9-a43c-ac30708329e3	102	2	2	PHOTO	pod_000002.jpg	https://files.example.test/pod/000002.jpg	102	2026-04-16 16:18:07.069522+09	102	2026-04-16 16:18:07.069522+09	APPROVED	t	2026-04-17 11:41:57.024596+09	102	2026-04-17 11:46:50.051974+09	102	\N	\N
3	ded3388a-c0e9-42a8-8d14-acce7a37b158	103	3	3	PHOTO	pod_000003.jpg	https://files.example.test/pod/000003.jpg	103	2026-04-16 16:18:07.069522+09	103	2026-04-16 16:18:07.069522+09	APPROVED	t	2026-04-17 11:41:57.024596+09	103	2026-04-17 11:46:50.051974+09	103	\N	\N
4	fd294528-8710-4d43-a137-833ff22d7c40	104	4	4	PHOTO	pod_000004.jpg	https://files.example.test/pod/000004.jpg	104	2026-04-16 16:18:07.069522+09	104	2026-04-16 16:18:07.069522+09	APPROVED	t	2026-04-17 11:41:57.024596+09	104	2026-04-17 11:46:50.051974+09	104	\N	\N
5	8c4e97cf-dd73-4bff-9508-1d794156e333	105	5	5	PHOTO	pod_000005.jpg	https://files.example.test/pod/000005.jpg	105	2026-04-16 16:18:07.069522+09	105	2026-04-16 16:18:07.069522+09	APPROVED	t	2026-04-17 11:41:57.024596+09	105	2026-04-17 11:46:50.051974+09	105	\N	\N
6	2ac2c01d-2ae9-4fe5-a135-2c2da5a2f338	106	6	6	PHOTO	pod_000006.jpg	https://files.example.test/pod/000006.jpg	106	2026-04-16 16:18:07.069522+09	106	2026-04-16 16:18:07.069522+09	APPROVED	t	2026-04-17 11:41:57.024596+09	106	2026-04-17 11:46:50.051974+09	106	\N	\N
7	feb0b950-10dd-4f34-b45d-1e614a8cc6e1	107	7	7	PHOTO	pod_000007.jpg	https://files.example.test/pod/000007.jpg	107	2026-04-16 16:18:07.069522+09	107	2026-04-16 16:18:07.069522+09	APPROVED	t	2026-04-17 11:41:57.024596+09	107	2026-04-17 11:46:50.051974+09	107	\N	\N
8	71bf7f46-6ed5-4a0d-b920-3c89e5ec2887	108	8	8	PHOTO	pod_000008.jpg	https://files.example.test/pod/000008.jpg	108	2026-04-16 16:18:07.069522+09	108	2026-04-16 16:18:07.069522+09	APPROVED	t	2026-04-17 11:41:57.024596+09	108	2026-04-17 11:46:50.051974+09	108	\N	\N
9	e8e974e4-dd8f-48bc-acbc-25c554c540da	109	9	9	PHOTO	pod_000009.jpg	https://files.example.test/pod/000009.jpg	109	2026-04-16 16:18:07.069522+09	109	2026-04-16 16:18:07.069522+09	APPROVED	t	2026-04-17 11:41:57.024596+09	109	2026-04-17 11:46:50.051974+09	109	\N	\N
10	ea21806c-6cae-4242-995e-215d088027ec	110	10	10	PHOTO	pod_000010.jpg	https://files.example.test/pod/000010.jpg	110	2026-04-16 16:18:07.069522+09	110	2026-04-16 16:18:07.069522+09	APPROVED	t	2026-04-17 11:41:57.024596+09	110	2026-04-17 11:46:50.051974+09	110	\N	\N
11	fb1aef1c-bf17-4a67-a849-829d143b5ab7	111	11	11	PHOTO	pod_000011.jpg	https://files.example.test/pod/000011.jpg	111	2026-04-16 16:18:07.069522+09	111	2026-04-16 16:18:07.069522+09	APPROVED	t	2026-04-17 11:41:57.024596+09	111	2026-04-17 11:46:50.051974+09	111	\N	\N
12	93ba98ff-05bc-4e6b-b589-fcb2b90f5465	112	12	12	PHOTO	pod_000012.jpg	https://files.example.test/pod/000012.jpg	112	2026-04-16 16:18:07.069522+09	112	2026-04-16 16:18:07.069522+09	APPROVED	t	2026-04-17 11:41:57.024596+09	112	2026-04-17 11:46:50.051974+09	112	\N	\N
13	9920b4bc-9b82-4068-b10a-e52495c43b09	113	13	13	PHOTO	pod_000013.jpg	https://files.example.test/pod/000013.jpg	113	2026-04-16 16:18:07.069522+09	113	2026-04-16 16:18:07.069522+09	APPROVED	t	2026-04-17 11:41:57.024596+09	113	2026-04-17 11:46:50.051974+09	113	\N	\N
14	006bdffd-8dc5-4146-84e4-6c265bb3645f	114	14	14	PHOTO	pod_000014.jpg	https://files.example.test/pod/000014.jpg	114	2026-04-16 16:18:07.069522+09	114	2026-04-16 16:18:07.069522+09	APPROVED	t	2026-04-17 11:41:57.024596+09	114	2026-04-17 11:46:50.051974+09	114	\N	\N
15	3e773f26-42ef-4652-ad1c-fdf328ae2087	115	15	15	PHOTO	pod_000015.jpg	https://files.example.test/pod/000015.jpg	115	2026-04-16 16:18:07.069522+09	115	2026-04-16 16:18:07.069522+09	APPROVED	t	2026-04-17 11:41:57.024596+09	115	2026-04-17 11:46:50.051974+09	115	\N	\N
16	099a2cb7-8a20-48d2-88b6-8480ec7e3a06	116	16	16	PHOTO	pod_000016.jpg	https://files.example.test/pod/000016.jpg	116	2026-04-16 16:18:07.069522+09	116	2026-04-16 16:18:07.069522+09	APPROVED	t	2026-04-17 11:41:57.024596+09	116	2026-04-17 11:46:50.051974+09	116	\N	\N
17	4b085f48-f0f0-4c33-b2a4-eb8632c5fd28	117	17	17	PHOTO	pod_000017.jpg	https://files.example.test/pod/000017.jpg	117	2026-04-16 16:18:07.069522+09	117	2026-04-16 16:18:07.069522+09	APPROVED	t	2026-04-17 11:41:57.024596+09	117	2026-04-17 11:46:50.051974+09	117	\N	\N
18	0ef8de8e-82a6-42d4-9bb4-ad7f57bf7e92	118	18	18	PHOTO	pod_000018.jpg	https://files.example.test/pod/000018.jpg	118	2026-04-16 16:18:07.069522+09	118	2026-04-16 16:18:07.069522+09	APPROVED	t	2026-04-17 11:41:57.024596+09	118	2026-04-17 11:46:50.051974+09	118	\N	\N
19	77fbdcf4-e126-4e7b-83d3-0760c04050ce	119	19	19	PHOTO	pod_000019.jpg	https://files.example.test/pod/000019.jpg	119	2026-04-16 16:18:07.069522+09	119	2026-04-16 16:18:07.069522+09	APPROVED	t	2026-04-17 11:41:57.024596+09	119	2026-04-17 11:46:50.051974+09	119	\N	\N
20	324af874-47f9-47c9-9a91-cb00956032cc	120	20	20	PHOTO	pod_000020.jpg	https://files.example.test/pod/000020.jpg	120	2026-04-16 16:18:07.069522+09	120	2026-04-16 16:18:07.069522+09	APPROVED	t	2026-04-17 11:41:57.024596+09	120	2026-04-17 11:46:50.051974+09	120	\N	\N
21	e91063ed-ef77-4b1a-8e9a-fc84ee5f28c9	121	21	21	PHOTO	pod_000021.jpg	https://files.example.test/pod/000021.jpg	121	2026-04-16 16:18:07.069522+09	121	2026-04-16 16:18:07.069522+09	APPROVED	t	2026-04-17 11:41:57.024596+09	121	2026-04-17 11:46:50.051974+09	121	\N	\N
22	d9b3c79f-0aa0-4d1c-8d10-d11d15e12598	122	22	22	PHOTO	pod_000022.jpg	https://files.example.test/pod/000022.jpg	122	2026-04-16 16:18:07.069522+09	122	2026-04-16 16:18:07.069522+09	APPROVED	t	2026-04-17 11:41:57.024596+09	122	2026-04-17 11:46:50.051974+09	122	\N	\N
23	f2745cd0-c7ba-41bb-b242-48fd35ca4ea4	123	23	23	PHOTO	pod_000023.jpg	https://files.example.test/pod/000023.jpg	123	2026-04-16 16:18:07.069522+09	123	2026-04-16 16:18:07.069522+09	APPROVED	t	2026-04-17 11:41:57.024596+09	123	2026-04-17 11:46:50.051974+09	123	\N	\N
24	6514c06b-71dd-4f3d-ab66-2e662981ef8b	124	24	24	PHOTO	pod_000024.jpg	https://files.example.test/pod/000024.jpg	124	2026-04-16 16:18:07.069522+09	124	2026-04-16 16:18:07.069522+09	APPROVED	t	2026-04-17 11:41:57.024596+09	124	2026-04-17 11:46:50.051974+09	124	\N	\N
25	6834cb7c-7dcc-4ce6-9c21-a3f0d15e262d	125	25	25	PHOTO	pod_000025.jpg	https://files.example.test/pod/000025.jpg	125	2026-04-16 16:18:07.069522+09	125	2026-04-16 16:18:07.069522+09	APPROVED	t	2026-04-17 11:41:57.024596+09	125	2026-04-17 11:46:50.051974+09	125	\N	\N
26	4dc0a9a1-23cc-4dbd-8d87-c11ef608041e	126	26	26	PHOTO	pod_000026.jpg	https://files.example.test/pod/000026.jpg	126	2026-04-16 16:18:07.069522+09	126	2026-04-16 16:18:07.069522+09	APPROVED	t	2026-04-17 11:41:57.024596+09	126	2026-04-17 11:46:50.051974+09	126	\N	\N
27	a004570f-09f8-4db0-8c18-8ea117529c9a	127	27	27	PHOTO	pod_000027.jpg	https://files.example.test/pod/000027.jpg	127	2026-04-16 16:18:07.069522+09	127	2026-04-16 16:18:07.069522+09	APPROVED	t	2026-04-17 11:41:57.024596+09	127	2026-04-17 11:46:50.051974+09	127	\N	\N
28	ae4ed2bc-f32e-454c-95ae-c75f47a5eae4	128	28	28	PHOTO	pod_000028.jpg	https://files.example.test/pod/000028.jpg	128	2026-04-16 16:18:07.069522+09	128	2026-04-16 16:18:07.069522+09	APPROVED	t	2026-04-17 11:41:57.024596+09	128	2026-04-17 11:46:50.051974+09	128	\N	\N
29	c71168b7-738d-40b6-a89c-de21b516d748	129	29	29	PHOTO	pod_000029.jpg	https://files.example.test/pod/000029.jpg	129	2026-04-16 16:18:07.069522+09	129	2026-04-16 16:18:07.069522+09	APPROVED	t	2026-04-17 11:41:57.024596+09	129	2026-04-17 11:46:50.051974+09	129	\N	\N
30	442fcdf2-72c8-47bf-a7b8-a5b65ab45364	130	30	30	PHOTO	pod_000030.jpg	https://files.example.test/pod/000030.jpg	130	2026-04-16 16:18:07.069522+09	130	2026-04-16 16:18:07.069522+09	APPROVED	t	2026-04-17 11:41:57.024596+09	130	2026-04-17 11:46:50.051974+09	130	\N	\N
31	4e22e810-1461-49e7-a4c1-6b943251155f	131	31	31	PHOTO	pod_000031.jpg	https://files.example.test/pod/000031.jpg	131	2026-04-16 16:18:07.069522+09	131	2026-04-16 16:18:07.069522+09	APPROVED	t	2026-04-17 11:41:57.024596+09	131	2026-04-17 11:46:50.051974+09	131	\N	\N
32	f063ca32-a2ea-41ec-81a9-49672ce6940c	132	32	32	PHOTO	pod_000032.jpg	https://files.example.test/pod/000032.jpg	132	2026-04-16 16:18:07.069522+09	132	2026-04-16 16:18:07.069522+09	APPROVED	t	2026-04-17 11:41:57.024596+09	132	2026-04-17 11:46:50.051974+09	132	\N	\N
33	598a227b-03b8-49a2-b960-28dfece15372	133	33	33	PHOTO	pod_000033.jpg	https://files.example.test/pod/000033.jpg	133	2026-04-16 16:18:07.069522+09	133	2026-04-16 16:18:07.069522+09	APPROVED	t	2026-04-17 11:41:57.024596+09	133	2026-04-17 11:46:50.051974+09	133	\N	\N
34	d97d8944-5964-4f59-9b15-a628bb2019a6	134	34	34	PHOTO	pod_000034.jpg	https://files.example.test/pod/000034.jpg	134	2026-04-16 16:18:07.069522+09	134	2026-04-16 16:18:07.069522+09	APPROVED	t	2026-04-17 11:41:57.024596+09	134	2026-04-17 11:46:50.051974+09	134	\N	\N
35	563fd264-da57-4a87-bbc0-f495f223acc2	135	35	35	PHOTO	pod_000035.jpg	https://files.example.test/pod/000035.jpg	135	2026-04-16 16:18:07.069522+09	135	2026-04-16 16:18:07.069522+09	APPROVED	t	2026-04-17 11:41:57.024596+09	135	2026-04-17 11:46:50.051974+09	135	\N	\N
36	d770fd13-ddfc-459d-a8b5-ab38f5c7a186	136	36	36	PHOTO	pod_000036.jpg	https://files.example.test/pod/000036.jpg	136	2026-04-16 16:18:07.069522+09	136	2026-04-16 16:18:07.069522+09	APPROVED	t	2026-04-17 11:41:57.024596+09	136	2026-04-17 11:46:50.051974+09	136	\N	\N
37	70d9caaf-860d-4af5-bd46-08a9ac4a951f	137	37	37	PHOTO	pod_000037.jpg	https://files.example.test/pod/000037.jpg	137	2026-04-16 16:18:07.069522+09	137	2026-04-16 16:18:07.069522+09	APPROVED	t	2026-04-17 11:41:57.024596+09	137	2026-04-17 11:46:50.051974+09	137	\N	\N
38	292d08c3-e496-4bcd-8f93-0974d174dc76	138	38	38	PHOTO	pod_000038.jpg	https://files.example.test/pod/000038.jpg	138	2026-04-16 16:18:07.069522+09	138	2026-04-16 16:18:07.069522+09	APPROVED	t	2026-04-17 11:41:57.024596+09	138	2026-04-17 11:46:50.051974+09	138	\N	\N
39	ad2e1b77-0f40-4442-a0eb-bc1cd9bf27fe	139	39	39	PHOTO	pod_000039.jpg	https://files.example.test/pod/000039.jpg	139	2026-04-16 16:18:07.069522+09	139	2026-04-16 16:18:07.069522+09	APPROVED	t	2026-04-17 11:41:57.024596+09	139	2026-04-17 11:46:50.051974+09	139	\N	\N
40	85e4c0db-7066-422e-b1dc-7777c63ebdd7	140	40	40	PHOTO	pod_000040.jpg	https://files.example.test/pod/000040.jpg	140	2026-04-16 16:18:07.069522+09	140	2026-04-16 16:18:07.069522+09	APPROVED	t	2026-04-17 11:41:57.024596+09	140	2026-04-17 11:46:50.051974+09	140	\N	\N
41	d6feee66-400d-4326-b927-91202cdff843	141	41	41	PHOTO	pod_000041.jpg	https://files.example.test/pod/000041.jpg	141	2026-04-16 16:18:07.069522+09	141	2026-04-16 16:18:07.069522+09	APPROVED	t	2026-04-17 11:41:57.024596+09	141	2026-04-17 11:46:50.051974+09	141	\N	\N
42	a2ac5a8a-09ea-4e68-9cd5-0c026a82d358	142	42	42	PHOTO	pod_000042.jpg	https://files.example.test/pod/000042.jpg	142	2026-04-16 16:18:07.069522+09	142	2026-04-16 16:18:07.069522+09	APPROVED	t	2026-04-17 11:41:57.024596+09	142	2026-04-17 11:46:50.051974+09	142	\N	\N
43	aef21a60-5a2b-48a1-9289-1813be2e89ee	143	43	43	PHOTO	pod_000043.jpg	https://files.example.test/pod/000043.jpg	143	2026-04-16 16:18:07.069522+09	143	2026-04-16 16:18:07.069522+09	APPROVED	t	2026-04-17 11:41:57.024596+09	143	2026-04-17 11:46:50.051974+09	143	\N	\N
44	4cef956d-e5d1-4000-aeb2-a04e245cbdd7	144	44	44	PHOTO	pod_000044.jpg	https://files.example.test/pod/000044.jpg	144	2026-04-16 16:18:07.069522+09	144	2026-04-16 16:18:07.069522+09	APPROVED	t	2026-04-17 11:41:57.024596+09	144	2026-04-17 11:46:50.051974+09	144	\N	\N
45	1e0b33cd-9d7e-4840-9f75-b58358461034	145	45	45	PHOTO	pod_000045.jpg	https://files.example.test/pod/000045.jpg	145	2026-04-16 16:18:07.069522+09	145	2026-04-16 16:18:07.069522+09	APPROVED	t	2026-04-17 11:41:57.024596+09	145	2026-04-17 11:46:50.051974+09	145	\N	\N
46	6ce39a36-24a8-45e5-8b65-db9e1471db51	146	46	46	PHOTO	pod_000046.jpg	https://files.example.test/pod/000046.jpg	146	2026-04-16 16:18:07.069522+09	146	2026-04-16 16:18:07.069522+09	APPROVED	t	2026-04-17 11:41:57.024596+09	146	2026-04-17 11:46:50.051974+09	146	\N	\N
47	e205c75f-3224-472b-b24b-d812efb700c0	147	47	47	PHOTO	pod_000047.jpg	https://files.example.test/pod/000047.jpg	147	2026-04-16 16:18:07.069522+09	147	2026-04-16 16:18:07.069522+09	APPROVED	t	2026-04-17 11:41:57.024596+09	147	2026-04-17 11:46:50.051974+09	147	\N	\N
48	9518da07-c6f4-4ef7-b432-3ca7d26974d5	148	48	48	PHOTO	pod_000048.jpg	https://files.example.test/pod/000048.jpg	148	2026-04-16 16:18:07.069522+09	148	2026-04-16 16:18:07.069522+09	APPROVED	t	2026-04-17 11:41:57.024596+09	148	2026-04-17 11:46:50.051974+09	148	\N	\N
49	d789d5bd-76d7-4c16-a969-15418f769643	149	49	49	PHOTO	pod_000049.jpg	https://files.example.test/pod/000049.jpg	149	2026-04-16 16:18:07.069522+09	149	2026-04-16 16:18:07.069522+09	APPROVED	t	2026-04-17 11:41:57.024596+09	149	2026-04-17 11:46:50.051974+09	149	\N	\N
50	c7796b39-a626-4b72-bc2b-90e816090110	150	50	50	PHOTO	pod_000050.jpg	https://files.example.test/pod/000050.jpg	150	2026-04-16 16:18:07.069522+09	150	2026-04-16 16:18:07.069522+09	APPROVED	t	2026-04-17 11:41:57.024596+09	150	2026-04-17 11:46:50.051974+09	150	\N	\N
51	d2e05455-5aff-4771-96de-66e0b66d294c	151	51	51	PHOTO	pod_000051.jpg	https://files.example.test/pod/000051.jpg	151	2026-04-16 16:18:07.069522+09	151	2026-04-16 16:18:07.069522+09	APPROVED	t	2026-04-17 11:41:57.024596+09	151	2026-04-17 11:46:50.051974+09	151	\N	\N
52	9c85c13f-d577-4b65-8598-c198ce59303c	152	52	52	PHOTO	pod_000052.jpg	https://files.example.test/pod/000052.jpg	152	2026-04-16 16:18:07.069522+09	152	2026-04-16 16:18:07.069522+09	APPROVED	t	2026-04-17 11:41:57.024596+09	152	2026-04-17 11:46:50.051974+09	152	\N	\N
53	3b68de35-5bfd-4f56-841f-f520db5f7f2b	153	53	53	PHOTO	pod_000053.jpg	https://files.example.test/pod/000053.jpg	153	2026-04-16 16:18:07.069522+09	153	2026-04-16 16:18:07.069522+09	APPROVED	t	2026-04-17 11:41:57.024596+09	153	2026-04-17 11:46:50.051974+09	153	\N	\N
54	9f476068-b9b5-4410-9a11-82d1e2cbb834	154	54	54	PHOTO	pod_000054.jpg	https://files.example.test/pod/000054.jpg	154	2026-04-16 16:18:07.069522+09	154	2026-04-16 16:18:07.069522+09	APPROVED	t	2026-04-17 11:41:57.024596+09	154	2026-04-17 11:46:50.051974+09	154	\N	\N
55	6891ac27-c312-4336-87dd-a80f29f4950e	155	55	55	PHOTO	pod_000055.jpg	https://files.example.test/pod/000055.jpg	155	2026-04-16 16:18:07.069522+09	155	2026-04-16 16:18:07.069522+09	APPROVED	t	2026-04-17 11:41:57.024596+09	155	2026-04-17 11:46:50.051974+09	155	\N	\N
56	98fe628b-a2e2-4f31-9d4b-a0e9c2273b97	156	56	56	PHOTO	pod_000056.jpg	https://files.example.test/pod/000056.jpg	156	2026-04-16 16:18:07.069522+09	156	2026-04-16 16:18:07.069522+09	APPROVED	t	2026-04-17 11:41:57.024596+09	156	2026-04-17 11:46:50.051974+09	156	\N	\N
57	e68d2db9-b517-4cf9-80a5-c2565183f5c1	157	57	57	PHOTO	pod_000057.jpg	https://files.example.test/pod/000057.jpg	157	2026-04-16 16:18:07.069522+09	157	2026-04-16 16:18:07.069522+09	APPROVED	t	2026-04-17 11:41:57.024596+09	157	2026-04-17 11:46:50.051974+09	157	\N	\N
58	b73ea12f-6003-4626-86ba-8f94423d151f	158	58	58	PHOTO	pod_000058.jpg	https://files.example.test/pod/000058.jpg	158	2026-04-16 16:18:07.069522+09	158	2026-04-16 16:18:07.069522+09	APPROVED	t	2026-04-17 11:41:57.024596+09	158	2026-04-17 11:46:50.051974+09	158	\N	\N
59	db88de51-7fde-47df-92cf-d414be52e492	159	59	59	PHOTO	pod_000059.jpg	https://files.example.test/pod/000059.jpg	159	2026-04-16 16:18:07.069522+09	159	2026-04-16 16:18:07.069522+09	APPROVED	t	2026-04-17 11:41:57.024596+09	159	2026-04-17 11:46:50.051974+09	159	\N	\N
60	b3dfe34a-27be-4197-a3e6-610597df917b	160	60	60	PHOTO	pod_000060.jpg	https://files.example.test/pod/000060.jpg	160	2026-04-16 16:18:07.069522+09	160	2026-04-16 16:18:07.069522+09	APPROVED	t	2026-04-17 11:41:57.024596+09	160	2026-04-17 11:46:50.051974+09	160	\N	\N
61	eafb6bf8-b0de-48a6-83e1-59d576ff522b	161	61	61	PHOTO	pod_000061.jpg	https://files.example.test/pod/000061.jpg	161	2026-04-16 16:18:07.069522+09	161	2026-04-16 16:18:07.069522+09	APPROVED	t	2026-04-17 11:41:57.024596+09	161	2026-04-17 11:46:50.051974+09	161	\N	\N
62	6776dc87-db6c-42f7-8d78-cfd4b0b8f131	162	62	62	PHOTO	pod_000062.jpg	https://files.example.test/pod/000062.jpg	162	2026-04-16 16:18:07.069522+09	162	2026-04-16 16:18:07.069522+09	APPROVED	t	2026-04-17 11:41:57.024596+09	162	2026-04-17 11:46:50.051974+09	162	\N	\N
63	8fd73d54-3bc7-4025-a5e4-af00a16117a7	163	63	63	PHOTO	pod_000063.jpg	https://files.example.test/pod/000063.jpg	163	2026-04-16 16:18:07.069522+09	163	2026-04-16 16:18:07.069522+09	APPROVED	t	2026-04-17 11:41:57.024596+09	163	2026-04-17 11:46:50.051974+09	163	\N	\N
64	307d9e0e-87e0-47d0-8c39-495d6bb182a2	164	64	64	PHOTO	pod_000064.jpg	https://files.example.test/pod/000064.jpg	164	2026-04-16 16:18:07.069522+09	164	2026-04-16 16:18:07.069522+09	APPROVED	t	2026-04-17 11:41:57.024596+09	164	2026-04-17 11:46:50.051974+09	164	\N	\N
65	0235df0c-c2af-4d3a-97f2-66301f7a5e53	165	65	65	PHOTO	pod_000065.jpg	https://files.example.test/pod/000065.jpg	165	2026-04-16 16:18:07.069522+09	165	2026-04-16 16:18:07.069522+09	APPROVED	t	2026-04-17 11:41:57.024596+09	165	2026-04-17 11:46:50.051974+09	165	\N	\N
66	94fa72ca-1c7f-4ff7-b91b-a7805244639a	166	66	66	PHOTO	pod_000066.jpg	https://files.example.test/pod/000066.jpg	166	2026-04-16 16:18:07.069522+09	166	2026-04-16 16:18:07.069522+09	APPROVED	t	2026-04-17 11:41:57.024596+09	166	2026-04-17 11:46:50.051974+09	166	\N	\N
67	66aea4db-ad7a-4fad-b1e8-21223cf988e9	167	67	67	PHOTO	pod_000067.jpg	https://files.example.test/pod/000067.jpg	167	2026-04-16 16:18:07.069522+09	167	2026-04-16 16:18:07.069522+09	APPROVED	t	2026-04-17 11:41:57.024596+09	167	2026-04-17 11:46:50.051974+09	167	\N	\N
68	5e4d51c4-361c-4585-9546-df473e6a84a3	168	68	68	PHOTO	pod_000068.jpg	https://files.example.test/pod/000068.jpg	168	2026-04-16 16:18:07.069522+09	168	2026-04-16 16:18:07.069522+09	APPROVED	t	2026-04-17 11:41:57.024596+09	168	2026-04-17 11:46:50.051974+09	168	\N	\N
69	7a291918-1560-4680-a7ba-901fef4185c8	169	69	69	PHOTO	pod_000069.jpg	https://files.example.test/pod/000069.jpg	169	2026-04-16 16:18:07.069522+09	169	2026-04-16 16:18:07.069522+09	APPROVED	t	2026-04-17 11:41:57.024596+09	169	2026-04-17 11:46:50.051974+09	169	\N	\N
70	92b4e4ca-a3a3-4970-8f5c-2e817e592ce1	170	70	70	PHOTO	pod_000070.jpg	https://files.example.test/pod/000070.jpg	170	2026-04-16 16:18:07.069522+09	170	2026-04-16 16:18:07.069522+09	APPROVED	t	2026-04-17 11:41:57.024596+09	170	2026-04-17 11:46:50.051974+09	170	\N	\N
71	e5739eb4-2062-4fd9-bc89-4233c234da3f	171	71	71	PHOTO	pod_000071.jpg	https://files.example.test/pod/000071.jpg	171	2026-04-16 16:18:07.069522+09	171	2026-04-16 16:18:07.069522+09	APPROVED	t	2026-04-17 11:41:57.024596+09	171	2026-04-17 11:46:50.051974+09	171	\N	\N
72	217a8613-de1d-41ba-807f-ec639fbde4fd	172	72	72	PHOTO	pod_000072.jpg	https://files.example.test/pod/000072.jpg	172	2026-04-16 16:18:07.069522+09	172	2026-04-16 16:18:07.069522+09	APPROVED	t	2026-04-17 11:41:57.024596+09	172	2026-04-17 11:46:50.051974+09	172	\N	\N
73	34ab9db3-438c-4006-b597-dd665b515964	173	73	73	PHOTO	pod_000073.jpg	https://files.example.test/pod/000073.jpg	173	2026-04-16 16:18:07.069522+09	173	2026-04-16 16:18:07.069522+09	APPROVED	t	2026-04-17 11:41:57.024596+09	173	2026-04-17 11:46:50.051974+09	173	\N	\N
74	6fe382c7-d703-4164-9191-84ef6fa0df59	174	74	74	PHOTO	pod_000074.jpg	https://files.example.test/pod/000074.jpg	174	2026-04-16 16:18:07.069522+09	174	2026-04-16 16:18:07.069522+09	APPROVED	t	2026-04-17 11:41:57.024596+09	174	2026-04-17 11:46:50.051974+09	174	\N	\N
75	52cb1ce6-9674-474b-b326-635a22dfb3f7	175	75	75	PHOTO	pod_000075.jpg	https://files.example.test/pod/000075.jpg	175	2026-04-16 16:18:07.069522+09	175	2026-04-16 16:18:07.069522+09	APPROVED	t	2026-04-17 11:41:57.024596+09	175	2026-04-17 11:46:50.051974+09	175	\N	\N
76	08c9b2cd-f10a-423d-b618-a06f1c087323	176	76	76	PHOTO	pod_000076.jpg	https://files.example.test/pod/000076.jpg	176	2026-04-16 16:18:07.069522+09	176	2026-04-16 16:18:07.069522+09	APPROVED	t	2026-04-17 11:41:57.024596+09	176	2026-04-17 11:46:50.051974+09	176	\N	\N
77	2f9504b8-9330-4ecb-b97f-bd307b4801d3	177	77	77	PHOTO	pod_000077.jpg	https://files.example.test/pod/000077.jpg	177	2026-04-16 16:18:07.069522+09	177	2026-04-16 16:18:07.069522+09	APPROVED	t	2026-04-17 11:41:57.024596+09	177	2026-04-17 11:46:50.051974+09	177	\N	\N
78	2f626b0a-5ee2-40ff-bbbc-1518798fbe19	178	78	78	PHOTO	pod_000078.jpg	https://files.example.test/pod/000078.jpg	178	2026-04-16 16:18:07.069522+09	178	2026-04-16 16:18:07.069522+09	APPROVED	t	2026-04-17 11:41:57.024596+09	178	2026-04-17 11:46:50.051974+09	178	\N	\N
79	f2166bc4-5c35-43a9-9216-5705bf949499	179	79	79	PHOTO	pod_000079.jpg	https://files.example.test/pod/000079.jpg	179	2026-04-16 16:18:07.069522+09	179	2026-04-16 16:18:07.069522+09	APPROVED	t	2026-04-17 11:41:57.024596+09	179	2026-04-17 11:46:50.051974+09	179	\N	\N
80	ffef8cbb-fbbe-42f2-9786-177059bbdde9	180	80	80	PHOTO	pod_000080.jpg	https://files.example.test/pod/000080.jpg	180	2026-04-16 16:18:07.069522+09	180	2026-04-16 16:18:07.069522+09	APPROVED	t	2026-04-17 11:41:57.024596+09	180	2026-04-17 11:46:50.051974+09	180	\N	\N
81	bf95864e-4db4-4143-9152-e73eef6b7c24	181	81	81	PHOTO	pod_000081.jpg	https://files.example.test/pod/000081.jpg	181	2026-04-16 16:18:07.069522+09	181	2026-04-16 16:18:07.069522+09	APPROVED	t	2026-04-17 11:41:57.024596+09	181	2026-04-17 11:46:50.051974+09	181	\N	\N
82	674c3f2c-8b14-4560-bd54-93d74118724e	182	82	82	PHOTO	pod_000082.jpg	https://files.example.test/pod/000082.jpg	182	2026-04-16 16:18:07.069522+09	182	2026-04-16 16:18:07.069522+09	APPROVED	t	2026-04-17 11:41:57.024596+09	182	2026-04-17 11:46:50.051974+09	182	\N	\N
83	1545dd3d-3628-47bb-94a0-e6116d7fb2d8	183	83	83	PHOTO	pod_000083.jpg	https://files.example.test/pod/000083.jpg	183	2026-04-16 16:18:07.069522+09	183	2026-04-16 16:18:07.069522+09	APPROVED	t	2026-04-17 11:41:57.024596+09	183	2026-04-17 11:46:50.051974+09	183	\N	\N
84	ba346fcd-d3df-45b6-8614-5f18742407bb	184	84	84	PHOTO	pod_000084.jpg	https://files.example.test/pod/000084.jpg	184	2026-04-16 16:18:07.069522+09	184	2026-04-16 16:18:07.069522+09	APPROVED	t	2026-04-17 11:41:57.024596+09	184	2026-04-17 11:46:50.051974+09	184	\N	\N
85	77c52550-c2d6-4eb2-91d8-67709bee783e	185	85	85	PHOTO	pod_000085.jpg	https://files.example.test/pod/000085.jpg	185	2026-04-16 16:18:07.069522+09	185	2026-04-16 16:18:07.069522+09	APPROVED	t	2026-04-17 11:41:57.024596+09	185	2026-04-17 11:46:50.051974+09	185	\N	\N
86	cfea53ac-960b-462e-9c62-ef4cadc3ea9b	186	86	86	PHOTO	pod_000086.jpg	https://files.example.test/pod/000086.jpg	186	2026-04-16 16:18:07.069522+09	186	2026-04-16 16:18:07.069522+09	APPROVED	t	2026-04-17 11:41:57.024596+09	186	2026-04-17 11:46:50.051974+09	186	\N	\N
87	2c5539fb-5ea9-4831-88a1-8671710b4041	187	87	87	PHOTO	pod_000087.jpg	https://files.example.test/pod/000087.jpg	187	2026-04-16 16:18:07.069522+09	187	2026-04-16 16:18:07.069522+09	APPROVED	t	2026-04-17 11:41:57.024596+09	187	2026-04-17 11:46:50.051974+09	187	\N	\N
88	560cc9c3-f9c2-4031-b1ef-edc7092a7133	188	88	88	PHOTO	pod_000088.jpg	https://files.example.test/pod/000088.jpg	188	2026-04-16 16:18:07.069522+09	188	2026-04-16 16:18:07.069522+09	APPROVED	t	2026-04-17 11:41:57.024596+09	188	2026-04-17 11:46:50.051974+09	188	\N	\N
89	9095fa05-bff7-497b-b849-d7aac7e60049	189	89	89	PHOTO	pod_000089.jpg	https://files.example.test/pod/000089.jpg	189	2026-04-16 16:18:07.069522+09	189	2026-04-16 16:18:07.069522+09	APPROVED	t	2026-04-17 11:41:57.024596+09	189	2026-04-17 11:46:50.051974+09	189	\N	\N
90	317dc971-203e-4703-92a1-7f287bc9a1d1	190	90	90	PHOTO	pod_000090.jpg	https://files.example.test/pod/000090.jpg	190	2026-04-16 16:18:07.069522+09	190	2026-04-16 16:18:07.069522+09	APPROVED	t	2026-04-17 11:41:57.024596+09	190	2026-04-17 11:46:50.051974+09	190	\N	\N
91	2bb181ba-0386-46ff-911f-deb85c8f55f9	191	91	91	PHOTO	pod_000091.jpg	https://files.example.test/pod/000091.jpg	191	2026-04-16 16:18:07.069522+09	191	2026-04-16 16:18:07.069522+09	APPROVED	t	2026-04-17 11:41:57.024596+09	191	2026-04-17 11:46:50.051974+09	191	\N	\N
92	42e6180e-3ee1-4627-9c19-b5d49a81ba26	192	92	92	PHOTO	pod_000092.jpg	https://files.example.test/pod/000092.jpg	192	2026-04-16 16:18:07.069522+09	192	2026-04-16 16:18:07.069522+09	APPROVED	t	2026-04-17 11:41:57.024596+09	192	2026-04-17 11:46:50.051974+09	192	\N	\N
93	63860e89-1cbd-48e0-b731-5094c2a2d482	193	93	93	PHOTO	pod_000093.jpg	https://files.example.test/pod/000093.jpg	193	2026-04-16 16:18:07.069522+09	193	2026-04-16 16:18:07.069522+09	APPROVED	t	2026-04-17 11:41:57.024596+09	193	2026-04-17 11:46:50.051974+09	193	\N	\N
94	a6c40600-27b7-4d40-83b3-5d7c950990ac	194	94	94	PHOTO	pod_000094.jpg	https://files.example.test/pod/000094.jpg	194	2026-04-16 16:18:07.069522+09	194	2026-04-16 16:18:07.069522+09	APPROVED	t	2026-04-17 11:41:57.024596+09	194	2026-04-17 11:46:50.051974+09	194	\N	\N
95	4e78e04d-c06d-4415-ab8a-68ddae2db866	195	95	95	PHOTO	pod_000095.jpg	https://files.example.test/pod/000095.jpg	195	2026-04-16 16:18:07.069522+09	195	2026-04-16 16:18:07.069522+09	APPROVED	t	2026-04-17 11:41:57.024596+09	195	2026-04-17 11:46:50.051974+09	195	\N	\N
96	1e856740-392f-4ab8-86b7-8c8ea0f239e0	196	96	96	PHOTO	pod_000096.jpg	https://files.example.test/pod/000096.jpg	196	2026-04-16 16:18:07.069522+09	196	2026-04-16 16:18:07.069522+09	APPROVED	t	2026-04-17 11:41:57.024596+09	196	2026-04-17 11:46:50.051974+09	196	\N	\N
97	3e3a01cd-d514-45ed-893a-8d842f1c2ae0	197	97	97	PHOTO	pod_000097.jpg	https://files.example.test/pod/000097.jpg	197	2026-04-16 16:18:07.069522+09	197	2026-04-16 16:18:07.069522+09	APPROVED	t	2026-04-17 11:41:57.024596+09	197	2026-04-17 11:46:50.051974+09	197	\N	\N
98	c74b0ae3-c0b3-4f12-af34-0fe2006267ea	198	98	98	PHOTO	pod_000098.jpg	https://files.example.test/pod/000098.jpg	198	2026-04-16 16:18:07.069522+09	198	2026-04-16 16:18:07.069522+09	APPROVED	t	2026-04-17 11:41:57.024596+09	198	2026-04-17 11:46:50.051974+09	198	\N	\N
99	99b6aa52-aabc-4ff8-96a1-88c1e9d57331	199	99	99	PHOTO	pod_000099.jpg	https://files.example.test/pod/000099.jpg	199	2026-04-16 16:18:07.069522+09	199	2026-04-16 16:18:07.069522+09	APPROVED	t	2026-04-17 11:41:57.024596+09	199	2026-04-17 11:46:50.051974+09	199	\N	\N
100	b0b0ef86-a8ea-407e-9641-c6bed1eaea49	200	100	100	PHOTO	pod_000100.jpg	https://files.example.test/pod/000100.jpg	200	2026-04-16 16:18:07.069522+09	200	2026-04-16 16:18:07.069522+09	APPROVED	t	2026-04-17 11:41:57.024596+09	200	2026-04-17 11:46:50.051974+09	200	\N	\N
\.


--
-- Data for Name: stop_results; Type: TABLE DATA; Schema: exec; Owner: -
--

COPY exec.stop_results (stop_result_id, stop_result_uid, tenant_id, execution_result_id, plan_stop_id, actual_arrival_at, actual_departure_at, actual_qty, damaged_qty, shortage_qty, waiting_minutes, signed_by, result_code, note, created_at, updated_at, is_active, created_by, updated_by, deleted_at, deleted_by) FROM stdin;
10	2c371202-300c-4645-9611-4bde53ae7540	110	10	10	2026-04-17 02:23:07.069522+09	2026-04-17 02:53:07.069522+09	20.000	0.000	0.000	10	Receiver 10	NORMAL	Test stop result 10	2026-04-16 16:18:07.069522+09	2026-04-17 11:46:50.051974+09	t	110	110	\N	\N
11	27840e66-17d6-495f-8c7b-f4ced883d228	111	11	11	2026-04-17 03:23:07.069522+09	2026-04-17 03:53:07.069522+09	21.000	0.000	0.000	11	Receiver 11	NORMAL	Test stop result 11	2026-04-16 16:18:07.069522+09	2026-04-17 11:46:50.051974+09	t	111	111	\N	\N
12	13cfcfcb-bc83-4368-b125-658287b063c9	112	12	12	2026-04-17 04:23:07.069522+09	2026-04-17 04:53:07.069522+09	22.000	0.000	0.000	12	Receiver 12	NORMAL	Test stop result 12	2026-04-16 16:18:07.069522+09	2026-04-17 11:46:50.051974+09	t	112	112	\N	\N
13	4b31366e-f3a9-4d8e-9f10-78e0ef4a41fa	113	13	13	2026-04-17 05:23:07.069522+09	2026-04-17 05:53:07.069522+09	23.000	0.000	0.000	13	Receiver 13	NORMAL	Test stop result 13	2026-04-16 16:18:07.069522+09	2026-04-17 11:46:50.051974+09	t	113	113	\N	\N
14	6583c3fe-f95d-48c0-9739-1c1e7bd694d8	114	14	14	2026-04-17 06:23:07.069522+09	2026-04-17 06:53:07.069522+09	24.000	0.000	0.000	14	Receiver 14	NORMAL	Test stop result 14	2026-04-16 16:18:07.069522+09	2026-04-17 11:46:50.051974+09	t	114	114	\N	\N
15	4548d3f7-d5f6-4339-8a73-41dd064d5ded	115	15	15	2026-04-17 07:23:07.069522+09	2026-04-17 07:53:07.069522+09	25.000	0.000	0.000	15	Receiver 15	NORMAL	Test stop result 15	2026-04-16 16:18:07.069522+09	2026-04-17 11:46:50.051974+09	t	115	115	\N	\N
16	a14f21dd-7dfc-45ce-ad4c-bf22c19ae7c7	116	16	16	2026-04-17 08:23:07.069522+09	2026-04-17 08:53:07.069522+09	26.000	0.000	0.000	16	Receiver 16	NORMAL	Test stop result 16	2026-04-16 16:18:07.069522+09	2026-04-17 11:46:50.051974+09	t	116	116	\N	\N
17	81466aeb-e08f-4f53-b5b5-04a5e601f1de	117	17	17	2026-04-17 09:23:07.069522+09	2026-04-17 09:53:07.069522+09	27.000	0.000	0.000	17	Receiver 17	NORMAL	Test stop result 17	2026-04-16 16:18:07.069522+09	2026-04-17 11:46:50.051974+09	t	117	117	\N	\N
18	aeb676e4-7898-4156-a77d-ddea82696929	118	18	18	2026-04-17 10:23:07.069522+09	2026-04-17 10:53:07.069522+09	28.000	0.000	0.000	18	Receiver 18	NORMAL	Test stop result 18	2026-04-16 16:18:07.069522+09	2026-04-17 11:46:50.051974+09	t	118	118	\N	\N
19	e26dbf78-cc7e-468a-8797-9ab1dd196638	119	19	19	2026-04-17 11:23:07.069522+09	2026-04-17 11:53:07.069522+09	29.000	0.000	0.000	19	Receiver 19	NORMAL	Test stop result 19	2026-04-16 16:18:07.069522+09	2026-04-17 11:46:50.051974+09	t	119	119	\N	\N
20	cd089ebe-81fd-4683-bf14-25e96343ace5	120	20	20	2026-04-17 12:23:07.069522+09	2026-04-17 12:53:07.069522+09	30.000	0.000	0.000	20	Receiver 20	NORMAL	Test stop result 20	2026-04-16 16:18:07.069522+09	2026-04-17 11:46:50.051974+09	t	120	120	\N	\N
21	80288ea7-5994-4404-a326-576b34ee19ae	121	21	21	2026-04-17 13:23:07.069522+09	2026-04-17 13:53:07.069522+09	31.000	0.000	0.000	21	Receiver 21	NORMAL	Test stop result 21	2026-04-16 16:18:07.069522+09	2026-04-17 11:46:50.051974+09	t	121	121	\N	\N
22	e36d897c-20bc-4db1-9287-e680f1c5d94d	122	22	22	2026-04-17 14:23:07.069522+09	2026-04-17 14:53:07.069522+09	32.000	0.000	0.000	22	Receiver 22	NORMAL	Test stop result 22	2026-04-16 16:18:07.069522+09	2026-04-17 11:46:50.051974+09	t	122	122	\N	\N
23	01a3bfac-3f09-4563-ae1f-245b58e48775	123	23	23	2026-04-17 15:23:07.069522+09	2026-04-17 15:53:07.069522+09	33.000	0.000	0.000	23	Receiver 23	NORMAL	Test stop result 23	2026-04-16 16:18:07.069522+09	2026-04-17 11:46:50.051974+09	t	123	123	\N	\N
24	7ff362eb-b17d-4a31-8631-117970bbdcc3	124	24	24	2026-04-17 16:23:07.069522+09	2026-04-17 16:53:07.069522+09	34.000	0.000	0.000	24	Receiver 24	NORMAL	Test stop result 24	2026-04-16 16:18:07.069522+09	2026-04-17 11:46:50.051974+09	t	124	124	\N	\N
25	f08b90e3-2894-4cdb-82a2-d8f592abc232	125	25	25	2026-04-17 17:23:07.069522+09	2026-04-17 17:53:07.069522+09	35.000	0.000	0.000	25	Receiver 25	NORMAL	Test stop result 25	2026-04-16 16:18:07.069522+09	2026-04-17 11:46:50.051974+09	t	125	125	\N	\N
26	4b0d922e-5d57-4391-bd97-d1b523d1ea39	126	26	26	2026-04-17 18:23:07.069522+09	2026-04-17 18:53:07.069522+09	36.000	0.000	0.000	26	Receiver 26	NORMAL	Test stop result 26	2026-04-16 16:18:07.069522+09	2026-04-17 11:46:50.051974+09	t	126	126	\N	\N
27	358b5aa7-c839-42ed-9511-ff73cbe7c1fa	127	27	27	2026-04-17 19:23:07.069522+09	2026-04-17 19:53:07.069522+09	37.000	0.000	0.000	27	Receiver 27	NORMAL	Test stop result 27	2026-04-16 16:18:07.069522+09	2026-04-17 11:46:50.051974+09	t	127	127	\N	\N
28	a1fa13b1-32b5-43d7-b8d9-b610a1387e6f	128	28	28	2026-04-17 20:23:07.069522+09	2026-04-17 20:53:07.069522+09	38.000	0.000	0.000	28	Receiver 28	NORMAL	Test stop result 28	2026-04-16 16:18:07.069522+09	2026-04-17 11:46:50.051974+09	t	128	128	\N	\N
29	8ec2e2a8-cda5-449c-af20-3a6c03e3d315	129	29	29	2026-04-17 21:23:07.069522+09	2026-04-17 21:53:07.069522+09	39.000	0.000	0.000	29	Receiver 29	NORMAL	Test stop result 29	2026-04-16 16:18:07.069522+09	2026-04-17 11:46:50.051974+09	t	129	129	\N	\N
30	baba3a9a-5576-41b5-a249-97c9cc3fe165	130	30	30	2026-04-17 22:23:07.069522+09	2026-04-17 22:53:07.069522+09	40.000	0.000	0.000	0	Receiver 30	NORMAL	Test stop result 30	2026-04-16 16:18:07.069522+09	2026-04-17 11:46:50.051974+09	t	130	130	\N	\N
31	b2d79cfe-5f9f-49ad-9ec0-966bf1af895a	131	31	31	2026-04-17 23:23:07.069522+09	2026-04-17 23:53:07.069522+09	41.000	0.000	0.000	1	Receiver 31	NORMAL	Test stop result 31	2026-04-16 16:18:07.069522+09	2026-04-17 11:46:50.051974+09	t	131	131	\N	\N
32	d5c6aaa0-93da-487a-8ccf-e17942f79905	132	32	32	2026-04-18 00:23:07.069522+09	2026-04-18 00:53:07.069522+09	42.000	0.000	0.000	2	Receiver 32	NORMAL	Test stop result 32	2026-04-16 16:18:07.069522+09	2026-04-17 11:46:50.051974+09	t	132	132	\N	\N
33	9f897676-06ff-4e91-99c7-fa5fe03e5a2b	133	33	33	2026-04-18 01:23:07.069522+09	2026-04-18 01:53:07.069522+09	43.000	0.000	0.000	3	Receiver 33	NORMAL	Test stop result 33	2026-04-16 16:18:07.069522+09	2026-04-17 11:46:50.051974+09	t	133	133	\N	\N
34	fc41b8b0-cba6-4803-bcf5-bfe55eb5e735	134	34	34	2026-04-18 02:23:07.069522+09	2026-04-18 02:53:07.069522+09	44.000	0.000	0.000	4	Receiver 34	NORMAL	Test stop result 34	2026-04-16 16:18:07.069522+09	2026-04-17 11:46:50.051974+09	t	134	134	\N	\N
35	7b5559c5-1d80-44f7-b0c0-d11d5a969105	135	35	35	2026-04-18 03:23:07.069522+09	2026-04-18 03:53:07.069522+09	45.000	0.000	0.000	5	Receiver 35	NORMAL	Test stop result 35	2026-04-16 16:18:07.069522+09	2026-04-17 11:46:50.051974+09	t	135	135	\N	\N
36	ba1dc202-2156-45e5-8d6b-89bad05b5763	136	36	36	2026-04-18 04:23:07.069522+09	2026-04-18 04:53:07.069522+09	46.000	0.000	0.000	6	Receiver 36	NORMAL	Test stop result 36	2026-04-16 16:18:07.069522+09	2026-04-17 11:46:50.051974+09	t	136	136	\N	\N
37	71190d14-c9a3-4c7b-a877-cb9d4dd9d496	137	37	37	2026-04-18 05:23:07.069522+09	2026-04-18 05:53:07.069522+09	47.000	0.000	0.000	7	Receiver 37	NORMAL	Test stop result 37	2026-04-16 16:18:07.069522+09	2026-04-17 11:46:50.051974+09	t	137	137	\N	\N
38	2d303b48-a3ee-4d4d-8ed9-9cf0af2b03b4	138	38	38	2026-04-18 06:23:07.069522+09	2026-04-18 06:53:07.069522+09	48.000	0.000	0.000	8	Receiver 38	NORMAL	Test stop result 38	2026-04-16 16:18:07.069522+09	2026-04-17 11:46:50.051974+09	t	138	138	\N	\N
39	30f41880-31ad-4a37-8cad-76b78248c6e3	139	39	39	2026-04-18 07:23:07.069522+09	2026-04-18 07:53:07.069522+09	49.000	0.000	0.000	9	Receiver 39	NORMAL	Test stop result 39	2026-04-16 16:18:07.069522+09	2026-04-17 11:46:50.051974+09	t	139	139	\N	\N
40	b652474c-42cd-4f1c-b8bc-b54cca81f99b	140	40	40	2026-04-18 08:23:07.069522+09	2026-04-18 08:53:07.069522+09	50.000	0.000	0.000	10	Receiver 40	NORMAL	Test stop result 40	2026-04-16 16:18:07.069522+09	2026-04-17 11:46:50.051974+09	t	140	140	\N	\N
41	8291089d-ce6d-4f2e-8e8b-832e71ad44d1	141	41	41	2026-04-18 09:23:07.069522+09	2026-04-18 09:53:07.069522+09	51.000	0.000	0.000	11	Receiver 41	NORMAL	Test stop result 41	2026-04-16 16:18:07.069522+09	2026-04-17 11:46:50.051974+09	t	141	141	\N	\N
42	0a9d4871-f56a-42fb-83d6-6e48ca30f28b	142	42	42	2026-04-18 10:23:07.069522+09	2026-04-18 10:53:07.069522+09	52.000	0.000	0.000	12	Receiver 42	NORMAL	Test stop result 42	2026-04-16 16:18:07.069522+09	2026-04-17 11:46:50.051974+09	t	142	142	\N	\N
43	1f76b549-e37f-476b-8215-c93a30ecfcef	143	43	43	2026-04-18 11:23:07.069522+09	2026-04-18 11:53:07.069522+09	53.000	0.000	0.000	13	Receiver 43	NORMAL	Test stop result 43	2026-04-16 16:18:07.069522+09	2026-04-17 11:46:50.051974+09	t	143	143	\N	\N
44	be2815bd-bf3a-4391-829b-08d722783dd2	144	44	44	2026-04-18 12:23:07.069522+09	2026-04-18 12:53:07.069522+09	54.000	0.000	0.000	14	Receiver 44	NORMAL	Test stop result 44	2026-04-16 16:18:07.069522+09	2026-04-17 11:46:50.051974+09	t	144	144	\N	\N
45	14dee0fa-7ad5-49da-b20f-1630685e6605	145	45	45	2026-04-18 13:23:07.069522+09	2026-04-18 13:53:07.069522+09	55.000	0.000	0.000	15	Receiver 45	NORMAL	Test stop result 45	2026-04-16 16:18:07.069522+09	2026-04-17 11:46:50.051974+09	t	145	145	\N	\N
46	71b8648b-322b-49b5-b721-e8c8a1cd0b80	146	46	46	2026-04-18 14:23:07.069522+09	2026-04-18 14:53:07.069522+09	56.000	0.000	0.000	16	Receiver 46	NORMAL	Test stop result 46	2026-04-16 16:18:07.069522+09	2026-04-17 11:46:50.051974+09	t	146	146	\N	\N
47	2ecfa01a-d634-4027-a5c8-7a4a9af8cdd3	147	47	47	2026-04-18 15:23:07.069522+09	2026-04-18 15:53:07.069522+09	57.000	0.000	0.000	17	Receiver 47	NORMAL	Test stop result 47	2026-04-16 16:18:07.069522+09	2026-04-17 11:46:50.051974+09	t	147	147	\N	\N
48	cb5d5f9a-88ae-45a0-809d-f37d51473f29	148	48	48	2026-04-18 16:23:07.069522+09	2026-04-18 16:53:07.069522+09	58.000	0.000	0.000	18	Receiver 48	NORMAL	Test stop result 48	2026-04-16 16:18:07.069522+09	2026-04-17 11:46:50.051974+09	t	148	148	\N	\N
49	df8c8e38-bc08-4ac0-8104-93b16ab373d8	149	49	49	2026-04-18 17:23:07.069522+09	2026-04-18 17:53:07.069522+09	59.000	0.000	0.000	19	Receiver 49	NORMAL	Test stop result 49	2026-04-16 16:18:07.069522+09	2026-04-17 11:46:50.051974+09	t	149	149	\N	\N
50	0f8c57b5-c8fb-4c41-9156-14730651422a	150	50	50	2026-04-18 18:23:07.069522+09	2026-04-18 18:53:07.069522+09	60.000	0.000	0.000	20	Receiver 50	NORMAL	Test stop result 50	2026-04-16 16:18:07.069522+09	2026-04-17 11:46:50.051974+09	t	150	150	\N	\N
51	7e0d9a3c-b3a1-4d6f-b635-1540584aed4b	151	51	51	2026-04-18 19:23:07.069522+09	2026-04-18 19:53:07.069522+09	61.000	0.000	0.000	21	Receiver 51	NORMAL	Test stop result 51	2026-04-16 16:18:07.069522+09	2026-04-17 11:46:50.051974+09	t	151	151	\N	\N
52	8c162f19-ccef-455e-8a25-a7373658ecb7	152	52	52	2026-04-18 20:23:07.069522+09	2026-04-18 20:53:07.069522+09	62.000	0.000	0.000	22	Receiver 52	NORMAL	Test stop result 52	2026-04-16 16:18:07.069522+09	2026-04-17 11:46:50.051974+09	t	152	152	\N	\N
53	43ab99bf-e883-43eb-9884-24088026d9ec	153	53	53	2026-04-18 21:23:07.069522+09	2026-04-18 21:53:07.069522+09	63.000	0.000	0.000	23	Receiver 53	NORMAL	Test stop result 53	2026-04-16 16:18:07.069522+09	2026-04-17 11:46:50.051974+09	t	153	153	\N	\N
54	10bb774d-5477-41e9-a4c0-d483fde72937	154	54	54	2026-04-18 22:23:07.069522+09	2026-04-18 22:53:07.069522+09	64.000	0.000	0.000	24	Receiver 54	NORMAL	Test stop result 54	2026-04-16 16:18:07.069522+09	2026-04-17 11:46:50.051974+09	t	154	154	\N	\N
55	8a25ceca-f009-4a7a-bd63-ed51541daf6b	155	55	55	2026-04-18 23:23:07.069522+09	2026-04-18 23:53:07.069522+09	65.000	0.000	0.000	25	Receiver 55	NORMAL	Test stop result 55	2026-04-16 16:18:07.069522+09	2026-04-17 11:46:50.051974+09	t	155	155	\N	\N
56	a6de8576-6f0a-4382-b80a-1ae2b9c3a4dc	156	56	56	2026-04-19 00:23:07.069522+09	2026-04-19 00:53:07.069522+09	66.000	0.000	0.000	26	Receiver 56	NORMAL	Test stop result 56	2026-04-16 16:18:07.069522+09	2026-04-17 11:46:50.051974+09	t	156	156	\N	\N
57	c106fe86-0a99-4af9-b096-1bd368e3d074	157	57	57	2026-04-19 01:23:07.069522+09	2026-04-19 01:53:07.069522+09	67.000	0.000	0.000	27	Receiver 57	NORMAL	Test stop result 57	2026-04-16 16:18:07.069522+09	2026-04-17 11:46:50.051974+09	t	157	157	\N	\N
58	ad7c74e8-5157-4e2e-a0db-cd8b9fe640ce	158	58	58	2026-04-19 02:23:07.069522+09	2026-04-19 02:53:07.069522+09	68.000	0.000	0.000	28	Receiver 58	NORMAL	Test stop result 58	2026-04-16 16:18:07.069522+09	2026-04-17 11:46:50.051974+09	t	158	158	\N	\N
59	c5838bfa-c9be-4512-8c5d-f5504d92963a	159	59	59	2026-04-19 03:23:07.069522+09	2026-04-19 03:53:07.069522+09	69.000	0.000	0.000	29	Receiver 59	NORMAL	Test stop result 59	2026-04-16 16:18:07.069522+09	2026-04-17 11:46:50.051974+09	t	159	159	\N	\N
60	00ad373d-9893-4d4f-976b-4f642744b9ff	160	60	60	2026-04-19 04:23:07.069522+09	2026-04-19 04:53:07.069522+09	70.000	0.000	0.000	0	Receiver 60	NORMAL	Test stop result 60	2026-04-16 16:18:07.069522+09	2026-04-17 11:46:50.051974+09	t	160	160	\N	\N
61	dd8e1f25-8398-4ba3-8992-65fb4c536625	161	61	61	2026-04-19 05:23:07.069522+09	2026-04-19 05:53:07.069522+09	71.000	0.000	0.000	1	Receiver 61	NORMAL	Test stop result 61	2026-04-16 16:18:07.069522+09	2026-04-17 11:46:50.051974+09	t	161	161	\N	\N
62	b4b1c8e7-367c-46ab-8b49-e567418a77bd	162	62	62	2026-04-19 06:23:07.069522+09	2026-04-19 06:53:07.069522+09	72.000	0.000	0.000	2	Receiver 62	NORMAL	Test stop result 62	2026-04-16 16:18:07.069522+09	2026-04-17 11:46:50.051974+09	t	162	162	\N	\N
63	f0fdf18b-a4a0-4d19-b0f9-bc30e4abcef2	163	63	63	2026-04-19 07:23:07.069522+09	2026-04-19 07:53:07.069522+09	73.000	0.000	0.000	3	Receiver 63	NORMAL	Test stop result 63	2026-04-16 16:18:07.069522+09	2026-04-17 11:46:50.051974+09	t	163	163	\N	\N
64	a6cfbd99-0376-4074-b8ee-9a52a75d87aa	164	64	64	2026-04-19 08:23:07.069522+09	2026-04-19 08:53:07.069522+09	74.000	0.000	0.000	4	Receiver 64	NORMAL	Test stop result 64	2026-04-16 16:18:07.069522+09	2026-04-17 11:46:50.051974+09	t	164	164	\N	\N
65	de7902ed-57f6-4879-b9b0-239c4f1cd8d2	165	65	65	2026-04-19 09:23:07.069522+09	2026-04-19 09:53:07.069522+09	75.000	0.000	0.000	5	Receiver 65	NORMAL	Test stop result 65	2026-04-16 16:18:07.069522+09	2026-04-17 11:46:50.051974+09	t	165	165	\N	\N
66	0d11fed5-3ed7-42ba-9be9-1b9cafb6af9e	166	66	66	2026-04-19 10:23:07.069522+09	2026-04-19 10:53:07.069522+09	76.000	0.000	0.000	6	Receiver 66	NORMAL	Test stop result 66	2026-04-16 16:18:07.069522+09	2026-04-17 11:46:50.051974+09	t	166	166	\N	\N
67	7b53d4e4-b27a-4d57-99b0-a7763fc83f1f	167	67	67	2026-04-19 11:23:07.069522+09	2026-04-19 11:53:07.069522+09	77.000	0.000	0.000	7	Receiver 67	NORMAL	Test stop result 67	2026-04-16 16:18:07.069522+09	2026-04-17 11:46:50.051974+09	t	167	167	\N	\N
68	2c34655e-44a1-49a7-8ace-32449de48592	168	68	68	2026-04-19 12:23:07.069522+09	2026-04-19 12:53:07.069522+09	78.000	0.000	0.000	8	Receiver 68	NORMAL	Test stop result 68	2026-04-16 16:18:07.069522+09	2026-04-17 11:46:50.051974+09	t	168	168	\N	\N
69	349a0671-f487-4c3b-9a61-56cc43992f3d	169	69	69	2026-04-19 13:23:07.069522+09	2026-04-19 13:53:07.069522+09	79.000	0.000	0.000	9	Receiver 69	NORMAL	Test stop result 69	2026-04-16 16:18:07.069522+09	2026-04-17 11:46:50.051974+09	t	169	169	\N	\N
70	a3be5a09-d92b-4d2f-a4f7-8fce6c444a32	170	70	70	2026-04-19 14:23:07.069522+09	2026-04-19 14:53:07.069522+09	80.000	0.000	0.000	10	Receiver 70	NORMAL	Test stop result 70	2026-04-16 16:18:07.069522+09	2026-04-17 11:46:50.051974+09	t	170	170	\N	\N
71	0c50071a-7a5a-479b-928b-91c7d4ec4564	171	71	71	2026-04-19 15:23:07.069522+09	2026-04-19 15:53:07.069522+09	81.000	0.000	0.000	11	Receiver 71	NORMAL	Test stop result 71	2026-04-16 16:18:07.069522+09	2026-04-17 11:46:50.051974+09	t	171	171	\N	\N
72	5963a132-3f51-4ad4-8685-4b5d13ae0738	172	72	72	2026-04-19 16:23:07.069522+09	2026-04-19 16:53:07.069522+09	82.000	0.000	0.000	12	Receiver 72	NORMAL	Test stop result 72	2026-04-16 16:18:07.069522+09	2026-04-17 11:46:50.051974+09	t	172	172	\N	\N
73	c293b70f-d341-4d2c-9c9b-9b83910255dd	173	73	73	2026-04-19 17:23:07.069522+09	2026-04-19 17:53:07.069522+09	83.000	0.000	0.000	13	Receiver 73	NORMAL	Test stop result 73	2026-04-16 16:18:07.069522+09	2026-04-17 11:46:50.051974+09	t	173	173	\N	\N
74	a7be10d2-023c-4374-ae98-b17233ca098b	174	74	74	2026-04-19 18:23:07.069522+09	2026-04-19 18:53:07.069522+09	84.000	0.000	0.000	14	Receiver 74	NORMAL	Test stop result 74	2026-04-16 16:18:07.069522+09	2026-04-17 11:46:50.051974+09	t	174	174	\N	\N
75	7dd08a53-ecc0-4753-a514-5c0896fa06c8	175	75	75	2026-04-19 19:23:07.069522+09	2026-04-19 19:53:07.069522+09	85.000	0.000	0.000	15	Receiver 75	NORMAL	Test stop result 75	2026-04-16 16:18:07.069522+09	2026-04-17 11:46:50.051974+09	t	175	175	\N	\N
76	cdd852c9-2afb-4580-92d1-cc65b94cad60	176	76	76	2026-04-19 20:23:07.069522+09	2026-04-19 20:53:07.069522+09	86.000	0.000	0.000	16	Receiver 76	NORMAL	Test stop result 76	2026-04-16 16:18:07.069522+09	2026-04-17 11:46:50.051974+09	t	176	176	\N	\N
77	9ffaafc7-ff3f-4f94-98a7-2edecf9cfc95	177	77	77	2026-04-19 21:23:07.069522+09	2026-04-19 21:53:07.069522+09	87.000	0.000	0.000	17	Receiver 77	NORMAL	Test stop result 77	2026-04-16 16:18:07.069522+09	2026-04-17 11:46:50.051974+09	t	177	177	\N	\N
78	48b3725c-e1f1-4dbf-8a09-c4c9e9b291c0	178	78	78	2026-04-19 22:23:07.069522+09	2026-04-19 22:53:07.069522+09	88.000	0.000	0.000	18	Receiver 78	NORMAL	Test stop result 78	2026-04-16 16:18:07.069522+09	2026-04-17 11:46:50.051974+09	t	178	178	\N	\N
79	204bef94-2293-4ad1-8a90-28b3be2cd71d	179	79	79	2026-04-19 23:23:07.069522+09	2026-04-19 23:53:07.069522+09	89.000	0.000	0.000	19	Receiver 79	NORMAL	Test stop result 79	2026-04-16 16:18:07.069522+09	2026-04-17 11:46:50.051974+09	t	179	179	\N	\N
80	df72eab6-efc8-4ee5-b649-490ee5bafadc	180	80	80	2026-04-20 00:23:07.069522+09	2026-04-20 00:53:07.069522+09	90.000	0.000	0.000	20	Receiver 80	NORMAL	Test stop result 80	2026-04-16 16:18:07.069522+09	2026-04-17 11:46:50.051974+09	t	180	180	\N	\N
81	4373677c-ddc2-42d5-8458-b1ec725045f8	181	81	81	2026-04-20 01:23:07.069522+09	2026-04-20 01:53:07.069522+09	91.000	0.000	0.000	21	Receiver 81	NORMAL	Test stop result 81	2026-04-16 16:18:07.069522+09	2026-04-17 11:46:50.051974+09	t	181	181	\N	\N
82	d6435e6e-2e5f-4901-b517-ad2fed3b5e58	182	82	82	2026-04-20 02:23:07.069522+09	2026-04-20 02:53:07.069522+09	92.000	0.000	0.000	22	Receiver 82	NORMAL	Test stop result 82	2026-04-16 16:18:07.069522+09	2026-04-17 11:46:50.051974+09	t	182	182	\N	\N
83	015678a1-65ba-4ebb-abd8-acad2cec50df	183	83	83	2026-04-20 03:23:07.069522+09	2026-04-20 03:53:07.069522+09	93.000	0.000	0.000	23	Receiver 83	NORMAL	Test stop result 83	2026-04-16 16:18:07.069522+09	2026-04-17 11:46:50.051974+09	t	183	183	\N	\N
84	ccd82dd7-b454-4ca5-be03-c370651cc19c	184	84	84	2026-04-20 04:23:07.069522+09	2026-04-20 04:53:07.069522+09	94.000	0.000	0.000	24	Receiver 84	NORMAL	Test stop result 84	2026-04-16 16:18:07.069522+09	2026-04-17 11:46:50.051974+09	t	184	184	\N	\N
85	5959b6f4-c9da-4059-92de-dddf7d32f835	185	85	85	2026-04-20 05:23:07.069522+09	2026-04-20 05:53:07.069522+09	95.000	0.000	0.000	25	Receiver 85	NORMAL	Test stop result 85	2026-04-16 16:18:07.069522+09	2026-04-17 11:46:50.051974+09	t	185	185	\N	\N
86	ba1acedb-7815-45bc-8565-c31372e52d27	186	86	86	2026-04-20 06:23:07.069522+09	2026-04-20 06:53:07.069522+09	96.000	0.000	0.000	26	Receiver 86	NORMAL	Test stop result 86	2026-04-16 16:18:07.069522+09	2026-04-17 11:46:50.051974+09	t	186	186	\N	\N
87	18274fc2-70ce-4852-9b91-f8925f961d23	187	87	87	2026-04-20 07:23:07.069522+09	2026-04-20 07:53:07.069522+09	97.000	0.000	0.000	27	Receiver 87	NORMAL	Test stop result 87	2026-04-16 16:18:07.069522+09	2026-04-17 11:46:50.051974+09	t	187	187	\N	\N
1	672cecfc-bf1d-4ec0-9a75-c0be10f55b15	101	1	1	2026-04-16 17:23:07.069522+09	2026-04-16 17:53:07.069522+09	11.000	0.000	0.000	1	Receiver 1	NORMAL	Test stop result 1	2026-04-16 16:18:07.069522+09	2026-04-17 11:46:50.051974+09	t	101	101	\N	\N
2	bfdfe868-c2ba-4e91-8df6-f8ce36d73925	102	2	2	2026-04-16 18:23:07.069522+09	2026-04-16 18:53:07.069522+09	12.000	0.000	0.000	2	Receiver 2	NORMAL	Test stop result 2	2026-04-16 16:18:07.069522+09	2026-04-17 11:46:50.051974+09	t	102	102	\N	\N
3	3ec96537-076f-4333-ad36-d20a6a27bb9f	103	3	3	2026-04-16 19:23:07.069522+09	2026-04-16 19:53:07.069522+09	13.000	0.000	0.000	3	Receiver 3	NORMAL	Test stop result 3	2026-04-16 16:18:07.069522+09	2026-04-17 11:46:50.051974+09	t	103	103	\N	\N
4	84f739bf-0ec7-4112-8178-5c5f76883a9a	104	4	4	2026-04-16 20:23:07.069522+09	2026-04-16 20:53:07.069522+09	14.000	0.000	0.000	4	Receiver 4	NORMAL	Test stop result 4	2026-04-16 16:18:07.069522+09	2026-04-17 11:46:50.051974+09	t	104	104	\N	\N
5	e37d68c2-5dd1-472c-9229-644722a24e03	105	5	5	2026-04-16 21:23:07.069522+09	2026-04-16 21:53:07.069522+09	15.000	0.000	0.000	5	Receiver 5	NORMAL	Test stop result 5	2026-04-16 16:18:07.069522+09	2026-04-17 11:46:50.051974+09	t	105	105	\N	\N
6	5bbcf777-5ead-4911-83b7-76ef0d6a6cc2	106	6	6	2026-04-16 22:23:07.069522+09	2026-04-16 22:53:07.069522+09	16.000	0.000	0.000	6	Receiver 6	NORMAL	Test stop result 6	2026-04-16 16:18:07.069522+09	2026-04-17 11:46:50.051974+09	t	106	106	\N	\N
7	3c8909c5-2967-4867-8c1a-e68d3a37ec11	107	7	7	2026-04-16 23:23:07.069522+09	2026-04-16 23:53:07.069522+09	17.000	0.000	0.000	7	Receiver 7	NORMAL	Test stop result 7	2026-04-16 16:18:07.069522+09	2026-04-17 11:46:50.051974+09	t	107	107	\N	\N
8	5e086c05-1ed2-411b-ae05-e2237dec7f35	108	8	8	2026-04-17 00:23:07.069522+09	2026-04-17 00:53:07.069522+09	18.000	0.000	0.000	8	Receiver 8	NORMAL	Test stop result 8	2026-04-16 16:18:07.069522+09	2026-04-17 11:46:50.051974+09	t	108	108	\N	\N
9	79052382-ecba-4630-9d61-444ea9b1f95b	109	9	9	2026-04-17 01:23:07.069522+09	2026-04-17 01:53:07.069522+09	19.000	0.000	0.000	9	Receiver 9	NORMAL	Test stop result 9	2026-04-16 16:18:07.069522+09	2026-04-17 11:46:50.051974+09	t	109	109	\N	\N
88	8cc5b280-cd39-4160-9e9a-e8501adc75d1	188	88	88	2026-04-20 08:23:07.069522+09	2026-04-20 08:53:07.069522+09	98.000	0.000	0.000	28	Receiver 88	NORMAL	Test stop result 88	2026-04-16 16:18:07.069522+09	2026-04-17 11:46:50.051974+09	t	188	188	\N	\N
89	7a431d4d-1aa7-43ab-9e0f-1b07df91f16c	189	89	89	2026-04-20 09:23:07.069522+09	2026-04-20 09:53:07.069522+09	99.000	0.000	0.000	29	Receiver 89	NORMAL	Test stop result 89	2026-04-16 16:18:07.069522+09	2026-04-17 11:46:50.051974+09	t	189	189	\N	\N
90	be1e3457-9240-4d18-b1b1-6373819c7a7a	190	90	90	2026-04-20 10:23:07.069522+09	2026-04-20 10:53:07.069522+09	100.000	0.000	0.000	0	Receiver 90	NORMAL	Test stop result 90	2026-04-16 16:18:07.069522+09	2026-04-17 11:46:50.051974+09	t	190	190	\N	\N
91	9d9bfc12-1a7a-447b-bc76-8da85a8100d1	191	91	91	2026-04-20 11:23:07.069522+09	2026-04-20 11:53:07.069522+09	101.000	0.000	0.000	1	Receiver 91	NORMAL	Test stop result 91	2026-04-16 16:18:07.069522+09	2026-04-17 11:46:50.051974+09	t	191	191	\N	\N
92	5d32544e-50ea-4fff-ab3e-57daa436e0e4	192	92	92	2026-04-20 12:23:07.069522+09	2026-04-20 12:53:07.069522+09	102.000	0.000	0.000	2	Receiver 92	NORMAL	Test stop result 92	2026-04-16 16:18:07.069522+09	2026-04-17 11:46:50.051974+09	t	192	192	\N	\N
93	62c991da-584f-419a-a47c-98994498dc48	193	93	93	2026-04-20 13:23:07.069522+09	2026-04-20 13:53:07.069522+09	103.000	0.000	0.000	3	Receiver 93	NORMAL	Test stop result 93	2026-04-16 16:18:07.069522+09	2026-04-17 11:46:50.051974+09	t	193	193	\N	\N
94	b69cabfc-01e5-4542-87d5-bb90f24c8ef5	194	94	94	2026-04-20 14:23:07.069522+09	2026-04-20 14:53:07.069522+09	104.000	0.000	0.000	4	Receiver 94	NORMAL	Test stop result 94	2026-04-16 16:18:07.069522+09	2026-04-17 11:46:50.051974+09	t	194	194	\N	\N
95	7c227a1d-8f52-450c-82ab-c7dc03f235a2	195	95	95	2026-04-20 15:23:07.069522+09	2026-04-20 15:53:07.069522+09	105.000	0.000	0.000	5	Receiver 95	NORMAL	Test stop result 95	2026-04-16 16:18:07.069522+09	2026-04-17 11:46:50.051974+09	t	195	195	\N	\N
96	c958ce60-d415-4a76-820a-935518d194e9	196	96	96	2026-04-20 16:23:07.069522+09	2026-04-20 16:53:07.069522+09	106.000	0.000	0.000	6	Receiver 96	NORMAL	Test stop result 96	2026-04-16 16:18:07.069522+09	2026-04-17 11:46:50.051974+09	t	196	196	\N	\N
97	1a412116-2380-4046-b008-f14fb0e67a1f	197	97	97	2026-04-20 17:23:07.069522+09	2026-04-20 17:53:07.069522+09	107.000	0.000	0.000	7	Receiver 97	NORMAL	Test stop result 97	2026-04-16 16:18:07.069522+09	2026-04-17 11:46:50.051974+09	t	197	197	\N	\N
98	b948d7d2-77ee-4825-b1f0-2f511e6152b7	198	98	98	2026-04-20 18:23:07.069522+09	2026-04-20 18:53:07.069522+09	108.000	0.000	0.000	8	Receiver 98	NORMAL	Test stop result 98	2026-04-16 16:18:07.069522+09	2026-04-17 11:46:50.051974+09	t	198	198	\N	\N
99	41b69af7-b06c-41ca-be21-024d9a004fbb	199	99	99	2026-04-20 19:23:07.069522+09	2026-04-20 19:53:07.069522+09	109.000	0.000	0.000	9	Receiver 99	NORMAL	Test stop result 99	2026-04-16 16:18:07.069522+09	2026-04-17 11:46:50.051974+09	t	199	199	\N	\N
100	785710d2-9a11-422d-bba2-8ff84bc61aa0	200	100	100	2026-04-20 20:23:07.069522+09	2026-04-20 20:53:07.069522+09	110.000	0.000	0.000	10	Receiver 100	NORMAL	Test stop result 100	2026-04-16 16:18:07.069522+09	2026-04-17 11:46:50.051974+09	t	200	200	\N	\N
\.


--
-- Data for Name: business_partners; Type: TABLE DATA; Schema: mdm; Owner: -
--

COPY mdm.business_partners (partner_id, partner_uid, tenant_id, partner_code, partner_name, partner_type, business_no, phone, email, payment_terms, is_active, created_at, updated_at, created_by, updated_by, deleted_at, deleted_by) FROM stdin;
108	b58b73b1-4e29-4b58-a5bb-ece0eecb4582	108	BP008	Test Partner 108	BOTH	200-00-00008	02-2000-0008	partner008@example.test	NET30	t	2026-04-16 16:18:07.069522+09	2026-04-17 11:46:50.051974+09	108	108	\N	\N
109	0225fcfc-1661-4ef8-b045-807e42b71679	109	BP009	Test Partner 109	CARRIER	200-00-00009	02-2000-0009	partner009@example.test	NET30	t	2026-04-16 16:18:07.069522+09	2026-04-17 11:46:50.051974+09	109	109	\N	\N
110	4b808627-b786-4da1-8554-27c4905e987c	110	BP010	Test Partner 110	CUSTOMER	200-00-00010	02-2000-0010	partner010@example.test	NET30	t	2026-04-16 16:18:07.069522+09	2026-04-17 11:46:50.051974+09	110	110	\N	\N
111	72f45452-90bb-4bd5-8ab3-088ee2b27480	111	BP011	Test Partner 111	BOTH	200-00-00011	02-2000-0011	partner011@example.test	NET30	t	2026-04-16 16:18:07.069522+09	2026-04-17 11:46:50.051974+09	111	111	\N	\N
112	746e3e70-c0c0-4373-b4a0-5af4a55aed1f	112	BP012	Test Partner 112	CARRIER	200-00-00012	02-2000-0012	partner012@example.test	NET30	t	2026-04-16 16:18:07.069522+09	2026-04-17 11:46:50.051974+09	112	112	\N	\N
113	4682be35-f0fa-4b2e-af67-9c3824d90eb1	113	BP013	Test Partner 113	CUSTOMER	200-00-00013	02-2000-0013	partner013@example.test	NET30	t	2026-04-16 16:18:07.069522+09	2026-04-17 11:46:50.051974+09	113	113	\N	\N
114	4312957a-a508-45e0-9755-440eb0bcaf89	114	BP014	Test Partner 114	BOTH	200-00-00014	02-2000-0014	partner014@example.test	NET30	t	2026-04-16 16:18:07.069522+09	2026-04-17 11:46:50.051974+09	114	114	\N	\N
115	da4355e6-454e-4025-aa65-c0fa81e485d8	115	BP015	Test Partner 115	CARRIER	200-00-00015	02-2000-0015	partner015@example.test	NET30	t	2026-04-16 16:18:07.069522+09	2026-04-17 11:46:50.051974+09	115	115	\N	\N
116	c2504007-e17c-4a03-b16b-71c1b0610a6a	116	BP016	Test Partner 116	CUSTOMER	200-00-00016	02-2000-0016	partner016@example.test	NET30	t	2026-04-16 16:18:07.069522+09	2026-04-17 11:46:50.051974+09	116	116	\N	\N
117	da20246a-73ce-47b6-a367-e898e1d2848a	117	BP017	Test Partner 117	BOTH	200-00-00017	02-2000-0017	partner017@example.test	NET30	t	2026-04-16 16:18:07.069522+09	2026-04-17 11:46:50.051974+09	117	117	\N	\N
118	706ea2bb-df52-49d2-afdf-99568178b7f4	118	BP018	Test Partner 118	CARRIER	200-00-00018	02-2000-0018	partner018@example.test	NET30	t	2026-04-16 16:18:07.069522+09	2026-04-17 11:46:50.051974+09	118	118	\N	\N
119	b96d2bf0-07a7-4c6d-a6c9-c65400e609a6	119	BP019	Test Partner 119	CUSTOMER	200-00-00019	02-2000-0019	partner019@example.test	NET30	t	2026-04-16 16:18:07.069522+09	2026-04-17 11:46:50.051974+09	119	119	\N	\N
120	24cf1050-dbbc-4ef3-83bd-3ff4e6785e66	120	BP020	Test Partner 120	BOTH	200-00-00020	02-2000-0020	partner020@example.test	NET30	t	2026-04-16 16:18:07.069522+09	2026-04-17 11:46:50.051974+09	120	120	\N	\N
121	c857d3db-2826-49e9-93f0-f5201ccde1a6	121	BP021	Test Partner 121	CARRIER	200-00-00021	02-2000-0021	partner021@example.test	NET30	t	2026-04-16 16:18:07.069522+09	2026-04-17 11:46:50.051974+09	121	121	\N	\N
122	07351af9-fa80-4c51-a656-c8df54b2bd13	122	BP022	Test Partner 122	CUSTOMER	200-00-00022	02-2000-0022	partner022@example.test	NET30	t	2026-04-16 16:18:07.069522+09	2026-04-17 11:46:50.051974+09	122	122	\N	\N
123	70e3fe6e-8009-492c-a00b-da3f8d354078	123	BP023	Test Partner 123	BOTH	200-00-00023	02-2000-0023	partner023@example.test	NET30	t	2026-04-16 16:18:07.069522+09	2026-04-17 11:46:50.051974+09	123	123	\N	\N
124	49bb85fc-824d-4db4-9917-e22b56e44333	124	BP024	Test Partner 124	CARRIER	200-00-00024	02-2000-0024	partner024@example.test	NET30	t	2026-04-16 16:18:07.069522+09	2026-04-17 11:46:50.051974+09	124	124	\N	\N
125	03901e6a-9eb2-494a-81b2-659f54ffd9e3	125	BP025	Test Partner 125	CUSTOMER	200-00-00025	02-2000-0025	partner025@example.test	NET30	t	2026-04-16 16:18:07.069522+09	2026-04-17 11:46:50.051974+09	125	125	\N	\N
126	7345f4c8-ab48-4da9-9ec4-47683659c0f1	126	BP026	Test Partner 126	BOTH	200-00-00026	02-2000-0026	partner026@example.test	NET30	t	2026-04-16 16:18:07.069522+09	2026-04-17 11:46:50.051974+09	126	126	\N	\N
127	c8172067-c7ad-4bfa-a66e-1e95e6726e5a	127	BP027	Test Partner 127	CARRIER	200-00-00027	02-2000-0027	partner027@example.test	NET30	t	2026-04-16 16:18:07.069522+09	2026-04-17 11:46:50.051974+09	127	127	\N	\N
128	1d60e74a-89fa-4985-9ade-f6ee1ca54cdd	128	BP028	Test Partner 128	CUSTOMER	200-00-00028	02-2000-0028	partner028@example.test	NET30	t	2026-04-16 16:18:07.069522+09	2026-04-17 11:46:50.051974+09	128	128	\N	\N
129	8324650f-1a40-4a6a-aa7d-d3dc7cf7e792	129	BP029	Test Partner 129	BOTH	200-00-00029	02-2000-0029	partner029@example.test	NET30	t	2026-04-16 16:18:07.069522+09	2026-04-17 11:46:50.051974+09	129	129	\N	\N
130	306156b5-1c9f-4b99-9b04-26d5d03560c3	130	BP030	Test Partner 130	CARRIER	200-00-00030	02-2000-0030	partner030@example.test	NET30	t	2026-04-16 16:18:07.069522+09	2026-04-17 11:46:50.051974+09	130	130	\N	\N
131	f6ec35e1-d6da-48d7-9088-ab9f9f951226	131	BP031	Test Partner 131	CUSTOMER	200-00-00031	02-2000-0031	partner031@example.test	NET30	t	2026-04-16 16:18:07.069522+09	2026-04-17 11:46:50.051974+09	131	131	\N	\N
132	f56a9ef2-8952-40d3-978a-d2c9b1a2e4d9	132	BP032	Test Partner 132	BOTH	200-00-00032	02-2000-0032	partner032@example.test	NET30	t	2026-04-16 16:18:07.069522+09	2026-04-17 11:46:50.051974+09	132	132	\N	\N
133	5904f1af-ad93-44b9-9abb-f9940b1d5065	133	BP033	Test Partner 133	CARRIER	200-00-00033	02-2000-0033	partner033@example.test	NET30	t	2026-04-16 16:18:07.069522+09	2026-04-17 11:46:50.051974+09	133	133	\N	\N
134	de2823ca-c561-4465-a4e5-9a28febd3744	134	BP034	Test Partner 134	CUSTOMER	200-00-00034	02-2000-0034	partner034@example.test	NET30	t	2026-04-16 16:18:07.069522+09	2026-04-17 11:46:50.051974+09	134	134	\N	\N
135	30d80f8c-3747-4af4-aab8-785444835eee	135	BP035	Test Partner 135	BOTH	200-00-00035	02-2000-0035	partner035@example.test	NET30	t	2026-04-16 16:18:07.069522+09	2026-04-17 11:46:50.051974+09	135	135	\N	\N
136	319401b0-b218-4e42-b12a-4b53a637c81d	136	BP036	Test Partner 136	CARRIER	200-00-00036	02-2000-0036	partner036@example.test	NET30	t	2026-04-16 16:18:07.069522+09	2026-04-17 11:46:50.051974+09	136	136	\N	\N
137	88146c25-7a8b-4291-8d94-a9e56d7aa5d6	137	BP037	Test Partner 137	CUSTOMER	200-00-00037	02-2000-0037	partner037@example.test	NET30	t	2026-04-16 16:18:07.069522+09	2026-04-17 11:46:50.051974+09	137	137	\N	\N
138	1b19371c-dada-41d7-b519-f1b1b6120702	138	BP038	Test Partner 138	BOTH	200-00-00038	02-2000-0038	partner038@example.test	NET30	t	2026-04-16 16:18:07.069522+09	2026-04-17 11:46:50.051974+09	138	138	\N	\N
139	28844649-12bd-4e2b-acda-b59aa0da8da2	139	BP039	Test Partner 139	CARRIER	200-00-00039	02-2000-0039	partner039@example.test	NET30	t	2026-04-16 16:18:07.069522+09	2026-04-17 11:46:50.051974+09	139	139	\N	\N
140	ae70ac01-8bf3-4d5c-8c69-1f594ed3909c	140	BP040	Test Partner 140	CUSTOMER	200-00-00040	02-2000-0040	partner040@example.test	NET30	t	2026-04-16 16:18:07.069522+09	2026-04-17 11:46:50.051974+09	140	140	\N	\N
141	cd9d48f8-bb21-439a-8501-4c3c9d67c410	141	BP041	Test Partner 141	BOTH	200-00-00041	02-2000-0041	partner041@example.test	NET30	t	2026-04-16 16:18:07.069522+09	2026-04-17 11:46:50.051974+09	141	141	\N	\N
142	76040d72-87d7-4e09-b215-94bff5988cf3	142	BP042	Test Partner 142	CARRIER	200-00-00042	02-2000-0042	partner042@example.test	NET30	t	2026-04-16 16:18:07.069522+09	2026-04-17 11:46:50.051974+09	142	142	\N	\N
143	0da0ea75-34db-4a48-8bf5-3514485a6997	143	BP043	Test Partner 143	CUSTOMER	200-00-00043	02-2000-0043	partner043@example.test	NET30	t	2026-04-16 16:18:07.069522+09	2026-04-17 11:46:50.051974+09	143	143	\N	\N
144	bbe48326-4530-46e4-b0d9-a9c94309ee9c	144	BP044	Test Partner 144	BOTH	200-00-00044	02-2000-0044	partner044@example.test	NET30	t	2026-04-16 16:18:07.069522+09	2026-04-17 11:46:50.051974+09	144	144	\N	\N
145	45ed7231-ecc2-40c8-80a7-f7e005be0eb4	145	BP045	Test Partner 145	CARRIER	200-00-00045	02-2000-0045	partner045@example.test	NET30	t	2026-04-16 16:18:07.069522+09	2026-04-17 11:46:50.051974+09	145	145	\N	\N
146	19d22a81-ebe3-4b26-be3d-ac975e3f5bd9	146	BP046	Test Partner 146	CUSTOMER	200-00-00046	02-2000-0046	partner046@example.test	NET30	t	2026-04-16 16:18:07.069522+09	2026-04-17 11:46:50.051974+09	146	146	\N	\N
147	83a379b8-7cd6-4492-a0e6-5b596752a144	147	BP047	Test Partner 147	BOTH	200-00-00047	02-2000-0047	partner047@example.test	NET30	t	2026-04-16 16:18:07.069522+09	2026-04-17 11:46:50.051974+09	147	147	\N	\N
148	334aeda4-4d63-41ad-8d53-491c262ea494	148	BP048	Test Partner 148	CARRIER	200-00-00048	02-2000-0048	partner048@example.test	NET30	t	2026-04-16 16:18:07.069522+09	2026-04-17 11:46:50.051974+09	148	148	\N	\N
149	6c32f6f6-d33d-4c71-974c-91a056f70288	149	BP049	Test Partner 149	CUSTOMER	200-00-00049	02-2000-0049	partner049@example.test	NET30	t	2026-04-16 16:18:07.069522+09	2026-04-17 11:46:50.051974+09	149	149	\N	\N
150	e9680403-0909-42e1-a55b-b06bf2a1455c	150	BP050	Test Partner 150	BOTH	200-00-00050	02-2000-0050	partner050@example.test	NET30	t	2026-04-16 16:18:07.069522+09	2026-04-17 11:46:50.051974+09	150	150	\N	\N
151	0b631283-304f-40c3-9e29-12002e3c86e2	151	BP051	Test Partner 151	CARRIER	200-00-00051	02-2000-0051	partner051@example.test	NET30	t	2026-04-16 16:18:07.069522+09	2026-04-17 11:46:50.051974+09	151	151	\N	\N
152	44a6ca97-19d5-45c7-8a3a-69b86dc8202f	152	BP052	Test Partner 152	CUSTOMER	200-00-00052	02-2000-0052	partner052@example.test	NET30	t	2026-04-16 16:18:07.069522+09	2026-04-17 11:46:50.051974+09	152	152	\N	\N
153	832818da-db13-4bc0-a90c-9dabd96e2a56	153	BP053	Test Partner 153	BOTH	200-00-00053	02-2000-0053	partner053@example.test	NET30	t	2026-04-16 16:18:07.069522+09	2026-04-17 11:46:50.051974+09	153	153	\N	\N
154	713bf66c-0d53-4be5-9e57-673a44321a9e	154	BP054	Test Partner 154	CARRIER	200-00-00054	02-2000-0054	partner054@example.test	NET30	t	2026-04-16 16:18:07.069522+09	2026-04-17 11:46:50.051974+09	154	154	\N	\N
155	132df94b-fff1-4241-8c4c-e1f97ba47b8a	155	BP055	Test Partner 155	CUSTOMER	200-00-00055	02-2000-0055	partner055@example.test	NET30	t	2026-04-16 16:18:07.069522+09	2026-04-17 11:46:50.051974+09	155	155	\N	\N
156	703308fc-86de-4a4a-9bf8-15fac3146dcc	156	BP056	Test Partner 156	BOTH	200-00-00056	02-2000-0056	partner056@example.test	NET30	t	2026-04-16 16:18:07.069522+09	2026-04-17 11:46:50.051974+09	156	156	\N	\N
157	f8c60cfe-51e8-48a1-b2c6-ff753bcdbe09	157	BP057	Test Partner 157	CARRIER	200-00-00057	02-2000-0057	partner057@example.test	NET30	t	2026-04-16 16:18:07.069522+09	2026-04-17 11:46:50.051974+09	157	157	\N	\N
158	07c28598-7911-4374-ab59-6431b4e7e3e5	158	BP058	Test Partner 158	CUSTOMER	200-00-00058	02-2000-0058	partner058@example.test	NET30	t	2026-04-16 16:18:07.069522+09	2026-04-17 11:46:50.051974+09	158	158	\N	\N
159	e471af28-662d-49a3-ac49-a92af1fe9b88	159	BP059	Test Partner 159	BOTH	200-00-00059	02-2000-0059	partner059@example.test	NET30	t	2026-04-16 16:18:07.069522+09	2026-04-17 11:46:50.051974+09	159	159	\N	\N
160	d67cf1b5-93d1-4abd-8365-67a10a8a1034	160	BP060	Test Partner 160	CARRIER	200-00-00060	02-2000-0060	partner060@example.test	NET30	t	2026-04-16 16:18:07.069522+09	2026-04-17 11:46:50.051974+09	160	160	\N	\N
161	d19859e5-d6d2-4508-9966-3013a32a8383	161	BP061	Test Partner 161	CUSTOMER	200-00-00061	02-2000-0061	partner061@example.test	NET30	t	2026-04-16 16:18:07.069522+09	2026-04-17 11:46:50.051974+09	161	161	\N	\N
162	09aa5e76-9256-4e18-b7ed-1323862ae073	162	BP062	Test Partner 162	BOTH	200-00-00062	02-2000-0062	partner062@example.test	NET30	t	2026-04-16 16:18:07.069522+09	2026-04-17 11:46:50.051974+09	162	162	\N	\N
163	4664d8a0-5610-42b9-b5d2-ebd19f61f502	163	BP063	Test Partner 163	CARRIER	200-00-00063	02-2000-0063	partner063@example.test	NET30	t	2026-04-16 16:18:07.069522+09	2026-04-17 11:46:50.051974+09	163	163	\N	\N
164	69fc67ed-1a2b-4d2b-bf4c-7c94ff6731ac	164	BP064	Test Partner 164	CUSTOMER	200-00-00064	02-2000-0064	partner064@example.test	NET30	t	2026-04-16 16:18:07.069522+09	2026-04-17 11:46:50.051974+09	164	164	\N	\N
165	ad9680e9-ef70-43fe-936d-88b556ba802c	165	BP065	Test Partner 165	BOTH	200-00-00065	02-2000-0065	partner065@example.test	NET30	t	2026-04-16 16:18:07.069522+09	2026-04-17 11:46:50.051974+09	165	165	\N	\N
166	0dc0f81d-3e79-458c-bc13-b083357f9025	166	BP066	Test Partner 166	CARRIER	200-00-00066	02-2000-0066	partner066@example.test	NET30	t	2026-04-16 16:18:07.069522+09	2026-04-17 11:46:50.051974+09	166	166	\N	\N
167	61fd47cf-ec8b-45ef-9a00-962e13eb6412	167	BP067	Test Partner 167	CUSTOMER	200-00-00067	02-2000-0067	partner067@example.test	NET30	t	2026-04-16 16:18:07.069522+09	2026-04-17 11:46:50.051974+09	167	167	\N	\N
168	4e3295f8-3115-4535-8ce9-c398025107b3	168	BP068	Test Partner 168	BOTH	200-00-00068	02-2000-0068	partner068@example.test	NET30	t	2026-04-16 16:18:07.069522+09	2026-04-17 11:46:50.051974+09	168	168	\N	\N
169	9e1e9fcc-98da-42a8-929d-004598df2985	169	BP069	Test Partner 169	CARRIER	200-00-00069	02-2000-0069	partner069@example.test	NET30	t	2026-04-16 16:18:07.069522+09	2026-04-17 11:46:50.051974+09	169	169	\N	\N
170	46e14b33-3940-4a7e-98ee-c3cb79703ff9	170	BP070	Test Partner 170	CUSTOMER	200-00-00070	02-2000-0070	partner070@example.test	NET30	t	2026-04-16 16:18:07.069522+09	2026-04-17 11:46:50.051974+09	170	170	\N	\N
171	4e7822eb-8c5c-4811-9bd4-648944a827de	171	BP071	Test Partner 171	BOTH	200-00-00071	02-2000-0071	partner071@example.test	NET30	t	2026-04-16 16:18:07.069522+09	2026-04-17 11:46:50.051974+09	171	171	\N	\N
172	1558422b-2550-4a17-91b0-b1373ac04b9a	172	BP072	Test Partner 172	CARRIER	200-00-00072	02-2000-0072	partner072@example.test	NET30	t	2026-04-16 16:18:07.069522+09	2026-04-17 11:46:50.051974+09	172	172	\N	\N
173	2cdd8de2-bf83-4c15-97d0-b3d5275d723f	173	BP073	Test Partner 173	CUSTOMER	200-00-00073	02-2000-0073	partner073@example.test	NET30	t	2026-04-16 16:18:07.069522+09	2026-04-17 11:46:50.051974+09	173	173	\N	\N
174	97547ff2-fed9-418d-9510-1bac10998a65	174	BP074	Test Partner 174	BOTH	200-00-00074	02-2000-0074	partner074@example.test	NET30	t	2026-04-16 16:18:07.069522+09	2026-04-17 11:46:50.051974+09	174	174	\N	\N
175	0cfd30c4-93fc-411c-b6f2-58b452a5c053	175	BP075	Test Partner 175	CARRIER	200-00-00075	02-2000-0075	partner075@example.test	NET30	t	2026-04-16 16:18:07.069522+09	2026-04-17 11:46:50.051974+09	175	175	\N	\N
176	d75ad133-28e3-4e11-ac8a-bd1ab5588c4e	176	BP076	Test Partner 176	CUSTOMER	200-00-00076	02-2000-0076	partner076@example.test	NET30	t	2026-04-16 16:18:07.069522+09	2026-04-17 11:46:50.051974+09	176	176	\N	\N
177	04bc1103-c57a-4b4c-bf3b-ecdae7e5184f	177	BP077	Test Partner 177	BOTH	200-00-00077	02-2000-0077	partner077@example.test	NET30	t	2026-04-16 16:18:07.069522+09	2026-04-17 11:46:50.051974+09	177	177	\N	\N
178	2b5fcbb2-62b9-413c-a963-94b9462d984c	178	BP078	Test Partner 178	CARRIER	200-00-00078	02-2000-0078	partner078@example.test	NET30	t	2026-04-16 16:18:07.069522+09	2026-04-17 11:46:50.051974+09	178	178	\N	\N
179	45638e80-9fca-4fee-b762-fed5c48c52f1	179	BP079	Test Partner 179	CUSTOMER	200-00-00079	02-2000-0079	partner079@example.test	NET30	t	2026-04-16 16:18:07.069522+09	2026-04-17 11:46:50.051974+09	179	179	\N	\N
180	f17be804-b8fc-49e2-8f1b-37424dc12183	180	BP080	Test Partner 180	BOTH	200-00-00080	02-2000-0080	partner080@example.test	NET30	t	2026-04-16 16:18:07.069522+09	2026-04-17 11:46:50.051974+09	180	180	\N	\N
181	c02ea710-afca-496f-a4a8-f9067d662097	181	BP081	Test Partner 181	CARRIER	200-00-00081	02-2000-0081	partner081@example.test	NET30	t	2026-04-16 16:18:07.069522+09	2026-04-17 11:46:50.051974+09	181	181	\N	\N
182	07bf69b5-0092-4577-a831-2a04548e4d62	182	BP082	Test Partner 182	CUSTOMER	200-00-00082	02-2000-0082	partner082@example.test	NET30	t	2026-04-16 16:18:07.069522+09	2026-04-17 11:46:50.051974+09	182	182	\N	\N
183	b487207c-ef4b-4fff-92c5-108af3ee943d	183	BP083	Test Partner 183	BOTH	200-00-00083	02-2000-0083	partner083@example.test	NET30	t	2026-04-16 16:18:07.069522+09	2026-04-17 11:46:50.051974+09	183	183	\N	\N
184	018add76-30e4-49d5-b775-04965ca9ec02	184	BP084	Test Partner 184	CARRIER	200-00-00084	02-2000-0084	partner084@example.test	NET30	t	2026-04-16 16:18:07.069522+09	2026-04-17 11:46:50.051974+09	184	184	\N	\N
185	4cf9ceb1-37a8-470c-9489-b40151232809	185	BP085	Test Partner 185	CUSTOMER	200-00-00085	02-2000-0085	partner085@example.test	NET30	t	2026-04-16 16:18:07.069522+09	2026-04-17 11:46:50.051974+09	185	185	\N	\N
186	93982229-1e05-4248-b59b-bd19258c5788	186	BP086	Test Partner 186	BOTH	200-00-00086	02-2000-0086	partner086@example.test	NET30	t	2026-04-16 16:18:07.069522+09	2026-04-17 11:46:50.051974+09	186	186	\N	\N
187	36369cf4-1060-40b4-8e33-67b89bae9f21	187	BP087	Test Partner 187	CARRIER	200-00-00087	02-2000-0087	partner087@example.test	NET30	t	2026-04-16 16:18:07.069522+09	2026-04-17 11:46:50.051974+09	187	187	\N	\N
188	55ccfad6-7d0e-4cd1-bfc6-e3fea20f7f27	188	BP088	Test Partner 188	CUSTOMER	200-00-00088	02-2000-0088	partner088@example.test	NET30	t	2026-04-16 16:18:07.069522+09	2026-04-17 11:46:50.051974+09	188	188	\N	\N
189	f87a1128-529f-4a8e-97d3-50ed2802a242	189	BP089	Test Partner 189	BOTH	200-00-00089	02-2000-0089	partner089@example.test	NET30	t	2026-04-16 16:18:07.069522+09	2026-04-17 11:46:50.051974+09	189	189	\N	\N
101	85b9715a-1241-4490-92a6-81b5a5b2e109	101	BP001	Test Partner 101	CUSTOMER	200-00-00001	02-2000-0001	partner001@example.test	NET30	t	2026-04-16 16:18:07.069522+09	2026-04-17 11:46:50.051974+09	101	101	\N	\N
102	a6377ff3-1a82-4f67-8d58-0816fb24ce67	102	BP002	Test Partner 102	BOTH	200-00-00002	02-2000-0002	partner002@example.test	NET30	t	2026-04-16 16:18:07.069522+09	2026-04-17 11:46:50.051974+09	102	102	\N	\N
103	fd51deac-b0fb-4c12-820d-797a9940aa3b	103	BP003	Test Partner 103	CARRIER	200-00-00003	02-2000-0003	partner003@example.test	NET30	t	2026-04-16 16:18:07.069522+09	2026-04-17 11:46:50.051974+09	103	103	\N	\N
104	56259278-e600-4fa4-867b-663c00b3afe1	104	BP004	Test Partner 104	CUSTOMER	200-00-00004	02-2000-0004	partner004@example.test	NET30	t	2026-04-16 16:18:07.069522+09	2026-04-17 11:46:50.051974+09	104	104	\N	\N
105	473fa0c1-689b-496b-996f-b55c888ce2ca	105	BP005	Test Partner 105	BOTH	200-00-00005	02-2000-0005	partner005@example.test	NET30	t	2026-04-16 16:18:07.069522+09	2026-04-17 11:46:50.051974+09	105	105	\N	\N
106	b877dda4-25c2-4303-a270-8de2af4adfd9	106	BP006	Test Partner 106	CARRIER	200-00-00006	02-2000-0006	partner006@example.test	NET30	t	2026-04-16 16:18:07.069522+09	2026-04-17 11:46:50.051974+09	106	106	\N	\N
107	012002d1-ccd5-45e5-9bd9-5ed501b9eb28	107	BP007	Test Partner 107	CUSTOMER	200-00-00007	02-2000-0007	partner007@example.test	NET30	t	2026-04-16 16:18:07.069522+09	2026-04-17 11:46:50.051974+09	107	107	\N	\N
190	e4d39d19-fca7-4f18-b6e4-1917ce508a97	190	BP090	Test Partner 190	CARRIER	200-00-00090	02-2000-0090	partner090@example.test	NET30	t	2026-04-16 16:18:07.069522+09	2026-04-17 11:46:50.051974+09	190	190	\N	\N
191	de432e65-22db-4011-a4f0-caa9b36e9f71	191	BP091	Test Partner 191	CUSTOMER	200-00-00091	02-2000-0091	partner091@example.test	NET30	t	2026-04-16 16:18:07.069522+09	2026-04-17 11:46:50.051974+09	191	191	\N	\N
192	fa5a68dc-eb0d-44ca-8eda-b67e9c05aa68	192	BP092	Test Partner 192	BOTH	200-00-00092	02-2000-0092	partner092@example.test	NET30	t	2026-04-16 16:18:07.069522+09	2026-04-17 11:46:50.051974+09	192	192	\N	\N
193	53e0c121-63af-412f-b5e2-330af2528535	193	BP093	Test Partner 193	CARRIER	200-00-00093	02-2000-0093	partner093@example.test	NET30	t	2026-04-16 16:18:07.069522+09	2026-04-17 11:46:50.051974+09	193	193	\N	\N
194	b798288c-dc1e-4c05-b905-0d8277d47530	194	BP094	Test Partner 194	CUSTOMER	200-00-00094	02-2000-0094	partner094@example.test	NET30	t	2026-04-16 16:18:07.069522+09	2026-04-17 11:46:50.051974+09	194	194	\N	\N
195	c468550b-ce94-4488-9e9f-d57b346f0243	195	BP095	Test Partner 195	BOTH	200-00-00095	02-2000-0095	partner095@example.test	NET30	t	2026-04-16 16:18:07.069522+09	2026-04-17 11:46:50.051974+09	195	195	\N	\N
196	1eec7409-8eaf-463f-98bb-104b8d5aae52	196	BP096	Test Partner 196	CARRIER	200-00-00096	02-2000-0096	partner096@example.test	NET30	t	2026-04-16 16:18:07.069522+09	2026-04-17 11:46:50.051974+09	196	196	\N	\N
197	3749ee7b-69b7-4694-8f02-5d70d5b8c05a	197	BP097	Test Partner 197	CUSTOMER	200-00-00097	02-2000-0097	partner097@example.test	NET30	t	2026-04-16 16:18:07.069522+09	2026-04-17 11:46:50.051974+09	197	197	\N	\N
198	d6a496e9-6cbc-4998-9767-2a703c9a5da6	198	BP098	Test Partner 198	BOTH	200-00-00098	02-2000-0098	partner098@example.test	NET30	t	2026-04-16 16:18:07.069522+09	2026-04-17 11:46:50.051974+09	198	198	\N	\N
199	9925144c-7e4f-47bc-82ca-3f5dc4d4dc8b	199	BP099	Test Partner 199	CARRIER	200-00-00099	02-2000-0099	partner099@example.test	NET30	t	2026-04-16 16:18:07.069522+09	2026-04-17 11:46:50.051974+09	199	199	\N	\N
200	2cff76c2-1008-4f48-91eb-711597e8a3c2	200	BP100	Test Partner 200	CUSTOMER	200-00-00100	02-2000-0100	partner100@example.test	NET30	t	2026-04-16 16:18:07.069522+09	2026-04-17 11:46:50.051974+09	200	200	\N	\N
\.


--
-- Data for Name: carriers; Type: TABLE DATA; Schema: mdm; Owner: -
--

COPY mdm.carriers (carrier_id, carrier_uid, tenant_id, partner_id, carrier_code, carrier_name, settlement_partner_id, carrier_grade, allow_spot, is_active, created_at, updated_at, created_by, updated_by, deleted_at, deleted_by) FROM stdin;
125	71dda85e-4c10-4310-98f0-673f0488d8dc	125	125	CAR025	Test Carrier 125	125	B	t	t	2026-04-16 16:18:07.069522+09	2026-04-17 11:46:50.051974+09	125	125	\N	\N
126	64ce6b0c-fa69-4c22-a19f-4df32a64c526	126	126	CAR026	Test Carrier 126	126	C	t	t	2026-04-16 16:18:07.069522+09	2026-04-17 11:46:50.051974+09	126	126	\N	\N
127	e9beb71a-0383-4249-a14d-99ad164775df	127	127	CAR027	Test Carrier 127	127	A	t	t	2026-04-16 16:18:07.069522+09	2026-04-17 11:46:50.051974+09	127	127	\N	\N
128	382d709c-8b32-47fe-9fb8-5cd026c97e9d	128	128	CAR028	Test Carrier 128	128	B	t	t	2026-04-16 16:18:07.069522+09	2026-04-17 11:46:50.051974+09	128	128	\N	\N
129	5b009b34-1a05-48db-a2d8-99fcbcb1f175	129	129	CAR029	Test Carrier 129	129	C	t	t	2026-04-16 16:18:07.069522+09	2026-04-17 11:46:50.051974+09	129	129	\N	\N
130	c5268aac-4ca1-4d6c-997c-f7d41e155a3c	130	130	CAR030	Test Carrier 130	130	A	t	t	2026-04-16 16:18:07.069522+09	2026-04-17 11:46:50.051974+09	130	130	\N	\N
131	610f2852-ac9b-499d-a1a9-fa6780710983	131	131	CAR031	Test Carrier 131	131	B	t	t	2026-04-16 16:18:07.069522+09	2026-04-17 11:46:50.051974+09	131	131	\N	\N
132	cc80e8f2-3122-4264-8ee0-af2e4206f558	132	132	CAR032	Test Carrier 132	132	C	t	t	2026-04-16 16:18:07.069522+09	2026-04-17 11:46:50.051974+09	132	132	\N	\N
133	29137410-975d-4209-9417-64b8c085ce95	133	133	CAR033	Test Carrier 133	133	A	t	t	2026-04-16 16:18:07.069522+09	2026-04-17 11:46:50.051974+09	133	133	\N	\N
134	135bf62b-9d92-489a-8c2f-075d3469c260	134	134	CAR034	Test Carrier 134	134	B	t	t	2026-04-16 16:18:07.069522+09	2026-04-17 11:46:50.051974+09	134	134	\N	\N
135	78541a87-1260-4ba6-9cfc-c87c8d75d65c	135	135	CAR035	Test Carrier 135	135	C	t	t	2026-04-16 16:18:07.069522+09	2026-04-17 11:46:50.051974+09	135	135	\N	\N
136	12dcfff0-ecf6-4847-8765-0d598e88a032	136	136	CAR036	Test Carrier 136	136	A	t	t	2026-04-16 16:18:07.069522+09	2026-04-17 11:46:50.051974+09	136	136	\N	\N
137	e1a9f721-524b-466e-8af5-307a04b47187	137	137	CAR037	Test Carrier 137	137	B	t	t	2026-04-16 16:18:07.069522+09	2026-04-17 11:46:50.051974+09	137	137	\N	\N
138	687e4f91-d01d-4628-9573-407abe29dea4	138	138	CAR038	Test Carrier 138	138	C	t	t	2026-04-16 16:18:07.069522+09	2026-04-17 11:46:50.051974+09	138	138	\N	\N
139	156f3d83-e5af-4c98-a223-e74ca045edfc	139	139	CAR039	Test Carrier 139	139	A	t	t	2026-04-16 16:18:07.069522+09	2026-04-17 11:46:50.051974+09	139	139	\N	\N
140	0c2afcbd-193d-4822-97a2-126b3bc025bf	140	140	CAR040	Test Carrier 140	140	B	t	t	2026-04-16 16:18:07.069522+09	2026-04-17 11:46:50.051974+09	140	140	\N	\N
141	34ce145e-1b60-41a5-bce2-38d604f4b790	141	141	CAR041	Test Carrier 141	141	C	t	t	2026-04-16 16:18:07.069522+09	2026-04-17 11:46:50.051974+09	141	141	\N	\N
142	5a559238-0abe-4e98-bece-53b955692b64	142	142	CAR042	Test Carrier 142	142	A	t	t	2026-04-16 16:18:07.069522+09	2026-04-17 11:46:50.051974+09	142	142	\N	\N
143	5fe4cb2b-2b07-474d-a3db-10f47d31dea3	143	143	CAR043	Test Carrier 143	143	B	t	t	2026-04-16 16:18:07.069522+09	2026-04-17 11:46:50.051974+09	143	143	\N	\N
144	91ae3d8f-3740-441b-bfd8-a40559c118d8	144	144	CAR044	Test Carrier 144	144	C	t	t	2026-04-16 16:18:07.069522+09	2026-04-17 11:46:50.051974+09	144	144	\N	\N
145	309fb9e7-7d81-4bd4-b6c8-a9fea96f06ec	145	145	CAR045	Test Carrier 145	145	A	t	t	2026-04-16 16:18:07.069522+09	2026-04-17 11:46:50.051974+09	145	145	\N	\N
146	1dd2d32b-ed2c-4c4b-98a8-9c0db47c1453	146	146	CAR046	Test Carrier 146	146	B	t	t	2026-04-16 16:18:07.069522+09	2026-04-17 11:46:50.051974+09	146	146	\N	\N
147	accc1231-a6cb-4048-a996-33298725779d	147	147	CAR047	Test Carrier 147	147	C	t	t	2026-04-16 16:18:07.069522+09	2026-04-17 11:46:50.051974+09	147	147	\N	\N
148	ba299346-2c30-4d72-a51f-aff5b51955e3	148	148	CAR048	Test Carrier 148	148	A	t	t	2026-04-16 16:18:07.069522+09	2026-04-17 11:46:50.051974+09	148	148	\N	\N
149	313e9b37-1adb-4201-a649-2ed7922e0954	149	149	CAR049	Test Carrier 149	149	B	t	t	2026-04-16 16:18:07.069522+09	2026-04-17 11:46:50.051974+09	149	149	\N	\N
150	87601693-0b07-43f2-95e1-223d17ab4443	150	150	CAR050	Test Carrier 150	150	C	t	t	2026-04-16 16:18:07.069522+09	2026-04-17 11:46:50.051974+09	150	150	\N	\N
151	a9b149a8-7c42-499c-9613-1327f4047ec2	151	151	CAR051	Test Carrier 151	151	A	t	t	2026-04-16 16:18:07.069522+09	2026-04-17 11:46:50.051974+09	151	151	\N	\N
152	b8c5503b-0183-471c-9cf8-89a6940cca92	152	152	CAR052	Test Carrier 152	152	B	t	t	2026-04-16 16:18:07.069522+09	2026-04-17 11:46:50.051974+09	152	152	\N	\N
153	45d7a006-5b16-4f11-8750-0a1f45168534	153	153	CAR053	Test Carrier 153	153	C	t	t	2026-04-16 16:18:07.069522+09	2026-04-17 11:46:50.051974+09	153	153	\N	\N
154	1e339434-0b8a-4e2d-8fdf-767e2bd12e9d	154	154	CAR054	Test Carrier 154	154	A	t	t	2026-04-16 16:18:07.069522+09	2026-04-17 11:46:50.051974+09	154	154	\N	\N
155	5544019d-86ce-4b62-93c8-d167b89188f9	155	155	CAR055	Test Carrier 155	155	B	t	t	2026-04-16 16:18:07.069522+09	2026-04-17 11:46:50.051974+09	155	155	\N	\N
156	2f31648c-984f-4c59-b78a-0645505fbbe1	156	156	CAR056	Test Carrier 156	156	C	t	t	2026-04-16 16:18:07.069522+09	2026-04-17 11:46:50.051974+09	156	156	\N	\N
157	4ddc0a80-3cdb-4e78-9c88-23b8cdb958ee	157	157	CAR057	Test Carrier 157	157	A	t	t	2026-04-16 16:18:07.069522+09	2026-04-17 11:46:50.051974+09	157	157	\N	\N
158	402b111b-a800-499a-a468-3934945f08ed	158	158	CAR058	Test Carrier 158	158	B	t	t	2026-04-16 16:18:07.069522+09	2026-04-17 11:46:50.051974+09	158	158	\N	\N
159	3bed3806-9aa6-4bcc-9374-a87ad547b1ad	159	159	CAR059	Test Carrier 159	159	C	t	t	2026-04-16 16:18:07.069522+09	2026-04-17 11:46:50.051974+09	159	159	\N	\N
160	6f81c285-2eee-47e5-adba-0810d9654a73	160	160	CAR060	Test Carrier 160	160	A	t	t	2026-04-16 16:18:07.069522+09	2026-04-17 11:46:50.051974+09	160	160	\N	\N
161	7b0bf004-e09f-406b-a702-cd21626ec3f3	161	161	CAR061	Test Carrier 161	161	B	t	t	2026-04-16 16:18:07.069522+09	2026-04-17 11:46:50.051974+09	161	161	\N	\N
162	5108b93f-657c-4123-bd5d-159b08e276f8	162	162	CAR062	Test Carrier 162	162	C	t	t	2026-04-16 16:18:07.069522+09	2026-04-17 11:46:50.051974+09	162	162	\N	\N
163	f96d1d28-d362-4008-a8bb-54a903b067bd	163	163	CAR063	Test Carrier 163	163	A	t	t	2026-04-16 16:18:07.069522+09	2026-04-17 11:46:50.051974+09	163	163	\N	\N
164	6d1406b7-9214-485e-a147-998dee621b1b	164	164	CAR064	Test Carrier 164	164	B	t	t	2026-04-16 16:18:07.069522+09	2026-04-17 11:46:50.051974+09	164	164	\N	\N
165	a9b8e807-c091-4c1e-a2fa-72cdf6bd9cda	165	165	CAR065	Test Carrier 165	165	C	t	t	2026-04-16 16:18:07.069522+09	2026-04-17 11:46:50.051974+09	165	165	\N	\N
166	542f8c78-b1e0-49fd-a63e-d8f6707138c7	166	166	CAR066	Test Carrier 166	166	A	t	t	2026-04-16 16:18:07.069522+09	2026-04-17 11:46:50.051974+09	166	166	\N	\N
167	c9314373-5b8a-46ec-8dce-fb9b83097339	167	167	CAR067	Test Carrier 167	167	B	t	t	2026-04-16 16:18:07.069522+09	2026-04-17 11:46:50.051974+09	167	167	\N	\N
168	5234aa3d-dc0f-42af-880d-e2f2a5e962a5	168	168	CAR068	Test Carrier 168	168	C	t	t	2026-04-16 16:18:07.069522+09	2026-04-17 11:46:50.051974+09	168	168	\N	\N
169	6dbbfb54-b422-40be-b7ef-9a388da3cf6a	169	169	CAR069	Test Carrier 169	169	A	t	t	2026-04-16 16:18:07.069522+09	2026-04-17 11:46:50.051974+09	169	169	\N	\N
170	85e8786f-3af3-4e8b-aea2-b5f558dd37a1	170	170	CAR070	Test Carrier 170	170	B	t	t	2026-04-16 16:18:07.069522+09	2026-04-17 11:46:50.051974+09	170	170	\N	\N
171	6dd265c4-fc1e-467e-9946-0e2046bfef3b	171	171	CAR071	Test Carrier 171	171	C	t	t	2026-04-16 16:18:07.069522+09	2026-04-17 11:46:50.051974+09	171	171	\N	\N
172	1538dddc-5aab-4762-8a72-5b7f9e57f465	172	172	CAR072	Test Carrier 172	172	A	t	t	2026-04-16 16:18:07.069522+09	2026-04-17 11:46:50.051974+09	172	172	\N	\N
173	58096429-3eb2-4c87-a21b-a2ed42245c0b	173	173	CAR073	Test Carrier 173	173	B	t	t	2026-04-16 16:18:07.069522+09	2026-04-17 11:46:50.051974+09	173	173	\N	\N
174	f7efca05-4332-4c62-a1f8-89774971271e	174	174	CAR074	Test Carrier 174	174	C	t	t	2026-04-16 16:18:07.069522+09	2026-04-17 11:46:50.051974+09	174	174	\N	\N
175	53b34b59-4309-4523-bc54-6cf7eca6441c	175	175	CAR075	Test Carrier 175	175	A	t	t	2026-04-16 16:18:07.069522+09	2026-04-17 11:46:50.051974+09	175	175	\N	\N
176	e10cdeb2-cc59-4c4c-8000-d7b14f1f7210	176	176	CAR076	Test Carrier 176	176	B	t	t	2026-04-16 16:18:07.069522+09	2026-04-17 11:46:50.051974+09	176	176	\N	\N
177	1b4a7d11-d16a-42b6-bf1c-43a34b7c11f3	177	177	CAR077	Test Carrier 177	177	C	t	t	2026-04-16 16:18:07.069522+09	2026-04-17 11:46:50.051974+09	177	177	\N	\N
178	f11006c7-78d8-4a59-a575-70712aba4e42	178	178	CAR078	Test Carrier 178	178	A	t	t	2026-04-16 16:18:07.069522+09	2026-04-17 11:46:50.051974+09	178	178	\N	\N
179	793132ee-cc8f-45c0-88b8-48489448c3c7	179	179	CAR079	Test Carrier 179	179	B	t	t	2026-04-16 16:18:07.069522+09	2026-04-17 11:46:50.051974+09	179	179	\N	\N
101	9f0fddd0-6005-431b-93f5-03a5e50d24d8	101	101	CAR001	Test Carrier 101	101	B	t	t	2026-04-16 16:18:07.069522+09	2026-04-17 11:46:50.051974+09	101	101	\N	\N
102	2d266e21-71f7-4226-9483-6a1ca1de9ce8	102	102	CAR002	Test Carrier 102	102	C	t	t	2026-04-16 16:18:07.069522+09	2026-04-17 11:46:50.051974+09	102	102	\N	\N
103	f48fdb61-91a7-422b-a6bd-835227ff1385	103	103	CAR003	Test Carrier 103	103	A	t	t	2026-04-16 16:18:07.069522+09	2026-04-17 11:46:50.051974+09	103	103	\N	\N
104	51217fea-9b28-4eb4-95f0-0fb74de19fef	104	104	CAR004	Test Carrier 104	104	B	t	t	2026-04-16 16:18:07.069522+09	2026-04-17 11:46:50.051974+09	104	104	\N	\N
105	1b840445-cd9b-434b-9db2-0bdb3e304ba5	105	105	CAR005	Test Carrier 105	105	C	t	t	2026-04-16 16:18:07.069522+09	2026-04-17 11:46:50.051974+09	105	105	\N	\N
106	007fed88-1b53-4faf-bbf3-806cf3941e1a	106	106	CAR006	Test Carrier 106	106	A	t	t	2026-04-16 16:18:07.069522+09	2026-04-17 11:46:50.051974+09	106	106	\N	\N
107	9e28f6d1-8a78-45b2-adb1-1beb6a32ed9a	107	107	CAR007	Test Carrier 107	107	B	t	t	2026-04-16 16:18:07.069522+09	2026-04-17 11:46:50.051974+09	107	107	\N	\N
108	df78655d-348b-4e7d-8a23-ccdbd2c06930	108	108	CAR008	Test Carrier 108	108	C	t	t	2026-04-16 16:18:07.069522+09	2026-04-17 11:46:50.051974+09	108	108	\N	\N
109	195b89e4-40db-4a1e-98d8-15fc327825fd	109	109	CAR009	Test Carrier 109	109	A	t	t	2026-04-16 16:18:07.069522+09	2026-04-17 11:46:50.051974+09	109	109	\N	\N
110	f4525dc4-b78a-40b3-8e8b-cc045c54cb10	110	110	CAR010	Test Carrier 110	110	B	t	t	2026-04-16 16:18:07.069522+09	2026-04-17 11:46:50.051974+09	110	110	\N	\N
111	46c0515d-895b-4266-b0c5-7a8ae74a5f3f	111	111	CAR011	Test Carrier 111	111	C	t	t	2026-04-16 16:18:07.069522+09	2026-04-17 11:46:50.051974+09	111	111	\N	\N
112	2765311d-4511-45dd-b476-5c3ca9016002	112	112	CAR012	Test Carrier 112	112	A	t	t	2026-04-16 16:18:07.069522+09	2026-04-17 11:46:50.051974+09	112	112	\N	\N
113	60cd7533-930d-4881-9f29-528826628bfd	113	113	CAR013	Test Carrier 113	113	B	t	t	2026-04-16 16:18:07.069522+09	2026-04-17 11:46:50.051974+09	113	113	\N	\N
114	899ea36d-143a-4ca2-908b-f7e7aca7b56e	114	114	CAR014	Test Carrier 114	114	C	t	t	2026-04-16 16:18:07.069522+09	2026-04-17 11:46:50.051974+09	114	114	\N	\N
115	b7bab8f3-c5ca-4090-afdf-c92374673055	115	115	CAR015	Test Carrier 115	115	A	t	t	2026-04-16 16:18:07.069522+09	2026-04-17 11:46:50.051974+09	115	115	\N	\N
116	c596d578-e39f-4ce4-be82-fc120c291a37	116	116	CAR016	Test Carrier 116	116	B	t	t	2026-04-16 16:18:07.069522+09	2026-04-17 11:46:50.051974+09	116	116	\N	\N
117	087199c6-c318-466e-a679-97d05a9cf16b	117	117	CAR017	Test Carrier 117	117	C	t	t	2026-04-16 16:18:07.069522+09	2026-04-17 11:46:50.051974+09	117	117	\N	\N
118	0ac35a34-838e-4a94-9b98-25beb8d377ab	118	118	CAR018	Test Carrier 118	118	A	t	t	2026-04-16 16:18:07.069522+09	2026-04-17 11:46:50.051974+09	118	118	\N	\N
119	77f14b31-0e22-44e3-8ff0-7fd57a4bce90	119	119	CAR019	Test Carrier 119	119	B	t	t	2026-04-16 16:18:07.069522+09	2026-04-17 11:46:50.051974+09	119	119	\N	\N
120	85415b60-1b56-4c19-a72f-10f77e0632c2	120	120	CAR020	Test Carrier 120	120	C	t	t	2026-04-16 16:18:07.069522+09	2026-04-17 11:46:50.051974+09	120	120	\N	\N
121	887779da-cdb9-45d3-aa28-4603e0f8df4d	121	121	CAR021	Test Carrier 121	121	A	t	t	2026-04-16 16:18:07.069522+09	2026-04-17 11:46:50.051974+09	121	121	\N	\N
122	bc6e99f0-11c4-461c-a100-0e6eea50ca95	122	122	CAR022	Test Carrier 122	122	B	t	t	2026-04-16 16:18:07.069522+09	2026-04-17 11:46:50.051974+09	122	122	\N	\N
123	4c513ce4-1206-471c-aff2-0b914e9167fe	123	123	CAR023	Test Carrier 123	123	C	t	t	2026-04-16 16:18:07.069522+09	2026-04-17 11:46:50.051974+09	123	123	\N	\N
124	b5533864-8749-4da6-a963-0b90a0e067bf	124	124	CAR024	Test Carrier 124	124	A	t	t	2026-04-16 16:18:07.069522+09	2026-04-17 11:46:50.051974+09	124	124	\N	\N
180	d83a485f-29db-43b5-af26-7c2fca1e91c7	180	180	CAR080	Test Carrier 180	180	C	t	t	2026-04-16 16:18:07.069522+09	2026-04-17 11:46:50.051974+09	180	180	\N	\N
181	127bde11-ed6d-4542-a8f1-1b8eb0df2620	181	181	CAR081	Test Carrier 181	181	A	t	t	2026-04-16 16:18:07.069522+09	2026-04-17 11:46:50.051974+09	181	181	\N	\N
182	aa57d108-4bc5-4db4-9b1b-e547c7136f67	182	182	CAR082	Test Carrier 182	182	B	t	t	2026-04-16 16:18:07.069522+09	2026-04-17 11:46:50.051974+09	182	182	\N	\N
183	8e91dea4-c00d-4376-a784-97b322990e0c	183	183	CAR083	Test Carrier 183	183	C	t	t	2026-04-16 16:18:07.069522+09	2026-04-17 11:46:50.051974+09	183	183	\N	\N
184	39fae91f-8832-43ff-8612-e105cc1c8a1b	184	184	CAR084	Test Carrier 184	184	A	t	t	2026-04-16 16:18:07.069522+09	2026-04-17 11:46:50.051974+09	184	184	\N	\N
185	8762c233-fda2-4465-9728-bbeda6b68788	185	185	CAR085	Test Carrier 185	185	B	t	t	2026-04-16 16:18:07.069522+09	2026-04-17 11:46:50.051974+09	185	185	\N	\N
186	e51a72ae-1519-438c-8a11-b28899ffa096	186	186	CAR086	Test Carrier 186	186	C	t	t	2026-04-16 16:18:07.069522+09	2026-04-17 11:46:50.051974+09	186	186	\N	\N
187	6c15c0b0-5929-43bd-ad27-05c277fc989a	187	187	CAR087	Test Carrier 187	187	A	t	t	2026-04-16 16:18:07.069522+09	2026-04-17 11:46:50.051974+09	187	187	\N	\N
188	b0c11021-4038-4db0-b339-52be6d308854	188	188	CAR088	Test Carrier 188	188	B	t	t	2026-04-16 16:18:07.069522+09	2026-04-17 11:46:50.051974+09	188	188	\N	\N
189	3e4caca9-3296-45c9-a221-fb443e6ae147	189	189	CAR089	Test Carrier 189	189	C	t	t	2026-04-16 16:18:07.069522+09	2026-04-17 11:46:50.051974+09	189	189	\N	\N
190	84e8c3ca-82f9-4518-b83c-cf22175602c4	190	190	CAR090	Test Carrier 190	190	A	t	t	2026-04-16 16:18:07.069522+09	2026-04-17 11:46:50.051974+09	190	190	\N	\N
191	110a774d-d806-408c-baf7-2af77378ce75	191	191	CAR091	Test Carrier 191	191	B	t	t	2026-04-16 16:18:07.069522+09	2026-04-17 11:46:50.051974+09	191	191	\N	\N
192	3fe59d1d-2188-44ea-b6b9-aac3e3da0513	192	192	CAR092	Test Carrier 192	192	C	t	t	2026-04-16 16:18:07.069522+09	2026-04-17 11:46:50.051974+09	192	192	\N	\N
193	39989e53-fd01-4e17-bb64-7789dbda3304	193	193	CAR093	Test Carrier 193	193	A	t	t	2026-04-16 16:18:07.069522+09	2026-04-17 11:46:50.051974+09	193	193	\N	\N
194	8e108265-6f9e-46b0-968d-9eb152d09817	194	194	CAR094	Test Carrier 194	194	B	t	t	2026-04-16 16:18:07.069522+09	2026-04-17 11:46:50.051974+09	194	194	\N	\N
195	ce3e6b2b-6128-45a7-a7a8-f961ddf2da6f	195	195	CAR095	Test Carrier 195	195	C	t	t	2026-04-16 16:18:07.069522+09	2026-04-17 11:46:50.051974+09	195	195	\N	\N
196	a9ee7323-9941-48a6-8210-f1add012aec9	196	196	CAR096	Test Carrier 196	196	A	t	t	2026-04-16 16:18:07.069522+09	2026-04-17 11:46:50.051974+09	196	196	\N	\N
197	b7a0bb53-dca9-4036-9707-3f0eadefdfcd	197	197	CAR097	Test Carrier 197	197	B	t	t	2026-04-16 16:18:07.069522+09	2026-04-17 11:46:50.051974+09	197	197	\N	\N
198	32816ab1-894c-4c96-bc8c-03530430cd91	198	198	CAR098	Test Carrier 198	198	C	t	t	2026-04-16 16:18:07.069522+09	2026-04-17 11:46:50.051974+09	198	198	\N	\N
199	1bb11a1f-7a27-4a5b-82a6-59496778267b	199	199	CAR099	Test Carrier 199	199	A	t	t	2026-04-16 16:18:07.069522+09	2026-04-17 11:46:50.051974+09	199	199	\N	\N
200	854d426c-6fc2-4d75-920d-54aae1851fda	200	200	CAR100	Test Carrier 200	200	B	t	t	2026-04-16 16:18:07.069522+09	2026-04-17 11:46:50.051974+09	200	200	\N	\N
\.


--
-- Data for Name: contract_rates; Type: TABLE DATA; Schema: mdm; Owner: -
--

COPY mdm.contract_rates (contract_rate_id, contract_rate_uid, tenant_id, contract_id, rate_code, rate_name, order_type, service_level, origin_zone, destination_zone, vehicle_type, ton_class, rate_method, base_amount, unit_price, formula, surcharge_rules, priority, is_active, created_at, updated_at, created_by, updated_by, deleted_at, deleted_by) FROM stdin;
10	5a780250-cd74-4c01-a465-58200bb1e976	110	10	RATE010	Test Rate 10	ONE_WAY	EXPRESS	SEOUL	GYEONGGI	WING	5.00	FLAT	60000.00	1100.0000	{"base": "sample"}	[{"rate": 0.05, "type": "FUEL_SURCHARGE"}]	10	t	2026-04-16 16:18:07.069522+09	2026-04-17 11:46:50.051974+09	110	110	\N	\N
11	61d46bd7-18c6-4b3f-8db1-e1b930d7f2c3	111	11	RATE011	Test Rate 11	ONE_WAY	STANDARD	SEOUL	GYEONGGI	CARGO	2.50	WEIGHT	61000.00	1110.0000	{"base": "sample"}	[{"rate": 0.05, "type": "FUEL_SURCHARGE"}]	11	t	2026-04-16 16:18:07.069522+09	2026-04-17 11:46:50.051974+09	111	111	\N	\N
12	517c09d0-6149-4283-81ff-dca727113a32	112	12	RATE012	Test Rate 12	ONE_WAY	EXPRESS	SEOUL	GYEONGGI	WING	5.00	DISTANCE	62000.00	1120.0000	{"base": "sample"}	[{"rate": 0.05, "type": "FUEL_SURCHARGE"}]	12	t	2026-04-16 16:18:07.069522+09	2026-04-17 11:46:50.051974+09	112	112	\N	\N
13	9023c04e-be17-4b6e-a1f4-ac52ab54d5cc	113	13	RATE013	Test Rate 13	ONE_WAY	STANDARD	SEOUL	GYEONGGI	CARGO	2.50	FLAT	63000.00	1130.0000	{"base": "sample"}	[{"rate": 0.05, "type": "FUEL_SURCHARGE"}]	13	t	2026-04-16 16:18:07.069522+09	2026-04-17 11:46:50.051974+09	113	113	\N	\N
14	c52f7550-f5e7-4f1d-9628-5915adeed218	114	14	RATE014	Test Rate 14	ONE_WAY	EXPRESS	SEOUL	GYEONGGI	WING	5.00	WEIGHT	64000.00	1140.0000	{"base": "sample"}	[{"rate": 0.05, "type": "FUEL_SURCHARGE"}]	14	t	2026-04-16 16:18:07.069522+09	2026-04-17 11:46:50.051974+09	114	114	\N	\N
15	1ef53ad9-0b0e-4f45-bb8f-d1db028496a9	115	15	RATE015	Test Rate 15	ONE_WAY	STANDARD	SEOUL	GYEONGGI	CARGO	2.50	DISTANCE	65000.00	1150.0000	{"base": "sample"}	[{"rate": 0.05, "type": "FUEL_SURCHARGE"}]	15	t	2026-04-16 16:18:07.069522+09	2026-04-17 11:46:50.051974+09	115	115	\N	\N
16	77825052-a455-4f19-98de-6d28ba1976bd	116	16	RATE016	Test Rate 16	ONE_WAY	EXPRESS	SEOUL	GYEONGGI	WING	5.00	FLAT	66000.00	1160.0000	{"base": "sample"}	[{"rate": 0.05, "type": "FUEL_SURCHARGE"}]	16	t	2026-04-16 16:18:07.069522+09	2026-04-17 11:46:50.051974+09	116	116	\N	\N
17	1fd0281a-6009-418d-90f4-850d808626bb	117	17	RATE017	Test Rate 17	ONE_WAY	STANDARD	SEOUL	GYEONGGI	CARGO	2.50	WEIGHT	67000.00	1170.0000	{"base": "sample"}	[{"rate": 0.05, "type": "FUEL_SURCHARGE"}]	17	t	2026-04-16 16:18:07.069522+09	2026-04-17 11:46:50.051974+09	117	117	\N	\N
18	dd98a018-2be7-4574-9096-eefbf7cbba91	118	18	RATE018	Test Rate 18	ONE_WAY	EXPRESS	SEOUL	GYEONGGI	WING	5.00	DISTANCE	68000.00	1180.0000	{"base": "sample"}	[{"rate": 0.05, "type": "FUEL_SURCHARGE"}]	18	t	2026-04-16 16:18:07.069522+09	2026-04-17 11:46:50.051974+09	118	118	\N	\N
19	7fed77cd-13dd-4779-9e09-7784a5be1ebb	119	19	RATE019	Test Rate 19	ONE_WAY	STANDARD	SEOUL	GYEONGGI	CARGO	2.50	FLAT	69000.00	1190.0000	{"base": "sample"}	[{"rate": 0.05, "type": "FUEL_SURCHARGE"}]	19	t	2026-04-16 16:18:07.069522+09	2026-04-17 11:46:50.051974+09	119	119	\N	\N
20	2435a01d-a4fd-4396-8de0-1403c2078f05	120	20	RATE020	Test Rate 20	ONE_WAY	EXPRESS	SEOUL	GYEONGGI	WING	5.00	WEIGHT	70000.00	1200.0000	{"base": "sample"}	[{"rate": 0.05, "type": "FUEL_SURCHARGE"}]	20	t	2026-04-16 16:18:07.069522+09	2026-04-17 11:46:50.051974+09	120	120	\N	\N
21	7a8f807f-164d-484f-a364-4d1d1fc4647c	121	21	RATE021	Test Rate 21	ONE_WAY	STANDARD	SEOUL	GYEONGGI	CARGO	2.50	DISTANCE	71000.00	1210.0000	{"base": "sample"}	[{"rate": 0.05, "type": "FUEL_SURCHARGE"}]	21	t	2026-04-16 16:18:07.069522+09	2026-04-17 11:46:50.051974+09	121	121	\N	\N
22	c4d462a4-21f4-4e50-ae52-66f2dc2a6c95	122	22	RATE022	Test Rate 22	ONE_WAY	EXPRESS	SEOUL	GYEONGGI	WING	5.00	FLAT	72000.00	1220.0000	{"base": "sample"}	[{"rate": 0.05, "type": "FUEL_SURCHARGE"}]	22	t	2026-04-16 16:18:07.069522+09	2026-04-17 11:46:50.051974+09	122	122	\N	\N
23	d6194803-4cce-463e-aa46-77ba65aacd74	123	23	RATE023	Test Rate 23	ONE_WAY	STANDARD	SEOUL	GYEONGGI	CARGO	2.50	WEIGHT	73000.00	1230.0000	{"base": "sample"}	[{"rate": 0.05, "type": "FUEL_SURCHARGE"}]	23	t	2026-04-16 16:18:07.069522+09	2026-04-17 11:46:50.051974+09	123	123	\N	\N
24	5e0fa1c2-5d28-40e6-883e-43e1d3f99e6a	124	24	RATE024	Test Rate 24	ONE_WAY	EXPRESS	SEOUL	GYEONGGI	WING	5.00	DISTANCE	74000.00	1240.0000	{"base": "sample"}	[{"rate": 0.05, "type": "FUEL_SURCHARGE"}]	24	t	2026-04-16 16:18:07.069522+09	2026-04-17 11:46:50.051974+09	124	124	\N	\N
25	89bc5302-fb39-461e-874a-061e1b293032	125	25	RATE025	Test Rate 25	ONE_WAY	STANDARD	SEOUL	GYEONGGI	CARGO	2.50	FLAT	75000.00	1250.0000	{"base": "sample"}	[{"rate": 0.05, "type": "FUEL_SURCHARGE"}]	25	t	2026-04-16 16:18:07.069522+09	2026-04-17 11:46:50.051974+09	125	125	\N	\N
26	580f9a25-31ca-4423-b3a4-de2e91a6e23c	126	26	RATE026	Test Rate 26	ONE_WAY	EXPRESS	SEOUL	GYEONGGI	WING	5.00	WEIGHT	76000.00	1260.0000	{"base": "sample"}	[{"rate": 0.05, "type": "FUEL_SURCHARGE"}]	26	t	2026-04-16 16:18:07.069522+09	2026-04-17 11:46:50.051974+09	126	126	\N	\N
27	9f42c314-2941-47fe-be06-933b78c211d8	127	27	RATE027	Test Rate 27	ONE_WAY	STANDARD	SEOUL	GYEONGGI	CARGO	2.50	DISTANCE	77000.00	1270.0000	{"base": "sample"}	[{"rate": 0.05, "type": "FUEL_SURCHARGE"}]	27	t	2026-04-16 16:18:07.069522+09	2026-04-17 11:46:50.051974+09	127	127	\N	\N
28	8a12081f-a11f-4b75-b7ec-957f5832e6c3	128	28	RATE028	Test Rate 28	ONE_WAY	EXPRESS	SEOUL	GYEONGGI	WING	5.00	FLAT	78000.00	1280.0000	{"base": "sample"}	[{"rate": 0.05, "type": "FUEL_SURCHARGE"}]	28	t	2026-04-16 16:18:07.069522+09	2026-04-17 11:46:50.051974+09	128	128	\N	\N
29	614f894f-49d9-4ca6-8bbe-71e5f0fb1758	129	29	RATE029	Test Rate 29	ONE_WAY	STANDARD	SEOUL	GYEONGGI	CARGO	2.50	WEIGHT	79000.00	1290.0000	{"base": "sample"}	[{"rate": 0.05, "type": "FUEL_SURCHARGE"}]	29	t	2026-04-16 16:18:07.069522+09	2026-04-17 11:46:50.051974+09	129	129	\N	\N
30	f50747bc-5a4f-401b-90b4-d59682faf0fa	130	30	RATE030	Test Rate 30	ONE_WAY	EXPRESS	SEOUL	GYEONGGI	WING	5.00	DISTANCE	80000.00	1300.0000	{"base": "sample"}	[{"rate": 0.05, "type": "FUEL_SURCHARGE"}]	30	t	2026-04-16 16:18:07.069522+09	2026-04-17 11:46:50.051974+09	130	130	\N	\N
31	d7c22044-dcb3-4f6c-b4a4-05faa12865a8	131	31	RATE031	Test Rate 31	ONE_WAY	STANDARD	SEOUL	GYEONGGI	CARGO	2.50	FLAT	81000.00	1310.0000	{"base": "sample"}	[{"rate": 0.05, "type": "FUEL_SURCHARGE"}]	31	t	2026-04-16 16:18:07.069522+09	2026-04-17 11:46:50.051974+09	131	131	\N	\N
32	7d26e3c3-d39b-431a-b27a-8e478fa6490b	132	32	RATE032	Test Rate 32	ONE_WAY	EXPRESS	SEOUL	GYEONGGI	WING	5.00	WEIGHT	82000.00	1320.0000	{"base": "sample"}	[{"rate": 0.05, "type": "FUEL_SURCHARGE"}]	32	t	2026-04-16 16:18:07.069522+09	2026-04-17 11:46:50.051974+09	132	132	\N	\N
33	6fe8026e-57dc-4930-b8cb-70041891639d	133	33	RATE033	Test Rate 33	ONE_WAY	STANDARD	SEOUL	GYEONGGI	CARGO	2.50	DISTANCE	83000.00	1330.0000	{"base": "sample"}	[{"rate": 0.05, "type": "FUEL_SURCHARGE"}]	33	t	2026-04-16 16:18:07.069522+09	2026-04-17 11:46:50.051974+09	133	133	\N	\N
34	1325ad7a-ca2e-4bc3-99f4-a39065c304d2	134	34	RATE034	Test Rate 34	ONE_WAY	EXPRESS	SEOUL	GYEONGGI	WING	5.00	FLAT	84000.00	1340.0000	{"base": "sample"}	[{"rate": 0.05, "type": "FUEL_SURCHARGE"}]	34	t	2026-04-16 16:18:07.069522+09	2026-04-17 11:46:50.051974+09	134	134	\N	\N
35	a0a96375-3b57-4575-8a3c-6e2ffbc2f88a	135	35	RATE035	Test Rate 35	ONE_WAY	STANDARD	SEOUL	GYEONGGI	CARGO	2.50	WEIGHT	85000.00	1350.0000	{"base": "sample"}	[{"rate": 0.05, "type": "FUEL_SURCHARGE"}]	35	t	2026-04-16 16:18:07.069522+09	2026-04-17 11:46:50.051974+09	135	135	\N	\N
36	4eea76cc-6f44-4868-8618-a15ebefb192e	136	36	RATE036	Test Rate 36	ONE_WAY	EXPRESS	SEOUL	GYEONGGI	WING	5.00	DISTANCE	86000.00	1360.0000	{"base": "sample"}	[{"rate": 0.05, "type": "FUEL_SURCHARGE"}]	36	t	2026-04-16 16:18:07.069522+09	2026-04-17 11:46:50.051974+09	136	136	\N	\N
37	528c8f72-6979-48ff-80fb-8e4167ba4fea	137	37	RATE037	Test Rate 37	ONE_WAY	STANDARD	SEOUL	GYEONGGI	CARGO	2.50	FLAT	87000.00	1370.0000	{"base": "sample"}	[{"rate": 0.05, "type": "FUEL_SURCHARGE"}]	37	t	2026-04-16 16:18:07.069522+09	2026-04-17 11:46:50.051974+09	137	137	\N	\N
38	83cc6d1e-cde0-4cfb-b541-06e02c201d02	138	38	RATE038	Test Rate 38	ONE_WAY	EXPRESS	SEOUL	GYEONGGI	WING	5.00	WEIGHT	88000.00	1380.0000	{"base": "sample"}	[{"rate": 0.05, "type": "FUEL_SURCHARGE"}]	38	t	2026-04-16 16:18:07.069522+09	2026-04-17 11:46:50.051974+09	138	138	\N	\N
39	caaffc2d-eb16-4385-8af3-a29ad6acdc0e	139	39	RATE039	Test Rate 39	ONE_WAY	STANDARD	SEOUL	GYEONGGI	CARGO	2.50	DISTANCE	89000.00	1390.0000	{"base": "sample"}	[{"rate": 0.05, "type": "FUEL_SURCHARGE"}]	39	t	2026-04-16 16:18:07.069522+09	2026-04-17 11:46:50.051974+09	139	139	\N	\N
40	ed9afc5e-b33e-4e53-ba09-69010c71bc28	140	40	RATE040	Test Rate 40	ONE_WAY	EXPRESS	SEOUL	GYEONGGI	WING	5.00	FLAT	90000.00	1400.0000	{"base": "sample"}	[{"rate": 0.05, "type": "FUEL_SURCHARGE"}]	40	t	2026-04-16 16:18:07.069522+09	2026-04-17 11:46:50.051974+09	140	140	\N	\N
41	6f73e658-86fb-4a86-9ae2-84683a86d36e	141	41	RATE041	Test Rate 41	ONE_WAY	STANDARD	SEOUL	GYEONGGI	CARGO	2.50	WEIGHT	91000.00	1410.0000	{"base": "sample"}	[{"rate": 0.05, "type": "FUEL_SURCHARGE"}]	41	t	2026-04-16 16:18:07.069522+09	2026-04-17 11:46:50.051974+09	141	141	\N	\N
42	10672f45-5f59-4b5b-983a-256e8f98902d	142	42	RATE042	Test Rate 42	ONE_WAY	EXPRESS	SEOUL	GYEONGGI	WING	5.00	DISTANCE	92000.00	1420.0000	{"base": "sample"}	[{"rate": 0.05, "type": "FUEL_SURCHARGE"}]	42	t	2026-04-16 16:18:07.069522+09	2026-04-17 11:46:50.051974+09	142	142	\N	\N
43	9ae27ee8-a949-4866-808c-8bd60f63daeb	143	43	RATE043	Test Rate 43	ONE_WAY	STANDARD	SEOUL	GYEONGGI	CARGO	2.50	FLAT	93000.00	1430.0000	{"base": "sample"}	[{"rate": 0.05, "type": "FUEL_SURCHARGE"}]	43	t	2026-04-16 16:18:07.069522+09	2026-04-17 11:46:50.051974+09	143	143	\N	\N
44	4a5a133b-a47a-4382-96f7-1b10e52d7f1c	144	44	RATE044	Test Rate 44	ONE_WAY	EXPRESS	SEOUL	GYEONGGI	WING	5.00	WEIGHT	94000.00	1440.0000	{"base": "sample"}	[{"rate": 0.05, "type": "FUEL_SURCHARGE"}]	44	t	2026-04-16 16:18:07.069522+09	2026-04-17 11:46:50.051974+09	144	144	\N	\N
45	fd78b1fc-125d-436a-abf0-6bd9b60854eb	145	45	RATE045	Test Rate 45	ONE_WAY	STANDARD	SEOUL	GYEONGGI	CARGO	2.50	DISTANCE	95000.00	1450.0000	{"base": "sample"}	[{"rate": 0.05, "type": "FUEL_SURCHARGE"}]	45	t	2026-04-16 16:18:07.069522+09	2026-04-17 11:46:50.051974+09	145	145	\N	\N
46	63071d18-78d4-444c-b3f5-de38db2ebf5a	146	46	RATE046	Test Rate 46	ONE_WAY	EXPRESS	SEOUL	GYEONGGI	WING	5.00	FLAT	96000.00	1460.0000	{"base": "sample"}	[{"rate": 0.05, "type": "FUEL_SURCHARGE"}]	46	t	2026-04-16 16:18:07.069522+09	2026-04-17 11:46:50.051974+09	146	146	\N	\N
47	75962bc5-fbae-4aa0-9064-b602bec30ce0	147	47	RATE047	Test Rate 47	ONE_WAY	STANDARD	SEOUL	GYEONGGI	CARGO	2.50	WEIGHT	97000.00	1470.0000	{"base": "sample"}	[{"rate": 0.05, "type": "FUEL_SURCHARGE"}]	47	t	2026-04-16 16:18:07.069522+09	2026-04-17 11:46:50.051974+09	147	147	\N	\N
48	12e4a133-42a1-4a66-ae1e-aa2f1894ef14	148	48	RATE048	Test Rate 48	ONE_WAY	EXPRESS	SEOUL	GYEONGGI	WING	5.00	DISTANCE	98000.00	1480.0000	{"base": "sample"}	[{"rate": 0.05, "type": "FUEL_SURCHARGE"}]	48	t	2026-04-16 16:18:07.069522+09	2026-04-17 11:46:50.051974+09	148	148	\N	\N
49	d38c1a49-b91c-40a4-80a7-a8ac21e33be8	149	49	RATE049	Test Rate 49	ONE_WAY	STANDARD	SEOUL	GYEONGGI	CARGO	2.50	FLAT	99000.00	1490.0000	{"base": "sample"}	[{"rate": 0.05, "type": "FUEL_SURCHARGE"}]	49	t	2026-04-16 16:18:07.069522+09	2026-04-17 11:46:50.051974+09	149	149	\N	\N
50	3f27e64a-72b3-48c9-9ced-a102347bb407	150	50	RATE050	Test Rate 50	ONE_WAY	EXPRESS	SEOUL	GYEONGGI	WING	5.00	WEIGHT	100000.00	1500.0000	{"base": "sample"}	[{"rate": 0.05, "type": "FUEL_SURCHARGE"}]	50	t	2026-04-16 16:18:07.069522+09	2026-04-17 11:46:50.051974+09	150	150	\N	\N
51	296f96a3-8ac4-4184-b07d-29a2df8cfc33	151	51	RATE051	Test Rate 51	ONE_WAY	STANDARD	SEOUL	GYEONGGI	CARGO	2.50	DISTANCE	101000.00	1510.0000	{"base": "sample"}	[{"rate": 0.05, "type": "FUEL_SURCHARGE"}]	51	t	2026-04-16 16:18:07.069522+09	2026-04-17 11:46:50.051974+09	151	151	\N	\N
52	25c1077b-bebe-4769-9602-27528d2fdd5d	152	52	RATE052	Test Rate 52	ONE_WAY	EXPRESS	SEOUL	GYEONGGI	WING	5.00	FLAT	102000.00	1520.0000	{"base": "sample"}	[{"rate": 0.05, "type": "FUEL_SURCHARGE"}]	52	t	2026-04-16 16:18:07.069522+09	2026-04-17 11:46:50.051974+09	152	152	\N	\N
53	f0e0c079-e6eb-45e2-b80e-e981abf86608	153	53	RATE053	Test Rate 53	ONE_WAY	STANDARD	SEOUL	GYEONGGI	CARGO	2.50	WEIGHT	103000.00	1530.0000	{"base": "sample"}	[{"rate": 0.05, "type": "FUEL_SURCHARGE"}]	53	t	2026-04-16 16:18:07.069522+09	2026-04-17 11:46:50.051974+09	153	153	\N	\N
54	4cf2e415-b7ad-4a7d-ad52-b5c33d53ad8f	154	54	RATE054	Test Rate 54	ONE_WAY	EXPRESS	SEOUL	GYEONGGI	WING	5.00	DISTANCE	104000.00	1540.0000	{"base": "sample"}	[{"rate": 0.05, "type": "FUEL_SURCHARGE"}]	54	t	2026-04-16 16:18:07.069522+09	2026-04-17 11:46:50.051974+09	154	154	\N	\N
55	a015dfd7-8a87-434d-8627-44de87f39683	155	55	RATE055	Test Rate 55	ONE_WAY	STANDARD	SEOUL	GYEONGGI	CARGO	2.50	FLAT	105000.00	1550.0000	{"base": "sample"}	[{"rate": 0.05, "type": "FUEL_SURCHARGE"}]	55	t	2026-04-16 16:18:07.069522+09	2026-04-17 11:46:50.051974+09	155	155	\N	\N
56	c8db1369-cdc2-4c1b-976c-9f41236b184c	156	56	RATE056	Test Rate 56	ONE_WAY	EXPRESS	SEOUL	GYEONGGI	WING	5.00	WEIGHT	106000.00	1560.0000	{"base": "sample"}	[{"rate": 0.05, "type": "FUEL_SURCHARGE"}]	56	t	2026-04-16 16:18:07.069522+09	2026-04-17 11:46:50.051974+09	156	156	\N	\N
57	583837b5-72e5-4826-91a8-3c42cd413ec6	157	57	RATE057	Test Rate 57	ONE_WAY	STANDARD	SEOUL	GYEONGGI	CARGO	2.50	DISTANCE	107000.00	1570.0000	{"base": "sample"}	[{"rate": 0.05, "type": "FUEL_SURCHARGE"}]	57	t	2026-04-16 16:18:07.069522+09	2026-04-17 11:46:50.051974+09	157	157	\N	\N
58	6aff52b4-5462-4511-b5bb-c1376af9b62d	158	58	RATE058	Test Rate 58	ONE_WAY	EXPRESS	SEOUL	GYEONGGI	WING	5.00	FLAT	108000.00	1580.0000	{"base": "sample"}	[{"rate": 0.05, "type": "FUEL_SURCHARGE"}]	58	t	2026-04-16 16:18:07.069522+09	2026-04-17 11:46:50.051974+09	158	158	\N	\N
59	2834df95-f9a1-4668-860e-4754d9addd0f	159	59	RATE059	Test Rate 59	ONE_WAY	STANDARD	SEOUL	GYEONGGI	CARGO	2.50	WEIGHT	109000.00	1590.0000	{"base": "sample"}	[{"rate": 0.05, "type": "FUEL_SURCHARGE"}]	59	t	2026-04-16 16:18:07.069522+09	2026-04-17 11:46:50.051974+09	159	159	\N	\N
60	9145ad40-dcd2-4f30-939a-f5acfaad969f	160	60	RATE060	Test Rate 60	ONE_WAY	EXPRESS	SEOUL	GYEONGGI	WING	5.00	DISTANCE	110000.00	1600.0000	{"base": "sample"}	[{"rate": 0.05, "type": "FUEL_SURCHARGE"}]	60	t	2026-04-16 16:18:07.069522+09	2026-04-17 11:46:50.051974+09	160	160	\N	\N
61	ba3e26e7-9812-4ed7-b33b-c028237bf718	161	61	RATE061	Test Rate 61	ONE_WAY	STANDARD	SEOUL	GYEONGGI	CARGO	2.50	FLAT	111000.00	1610.0000	{"base": "sample"}	[{"rate": 0.05, "type": "FUEL_SURCHARGE"}]	61	t	2026-04-16 16:18:07.069522+09	2026-04-17 11:46:50.051974+09	161	161	\N	\N
62	85eb5369-e4c1-4b6a-bc36-5808d492a7b2	162	62	RATE062	Test Rate 62	ONE_WAY	EXPRESS	SEOUL	GYEONGGI	WING	5.00	WEIGHT	112000.00	1620.0000	{"base": "sample"}	[{"rate": 0.05, "type": "FUEL_SURCHARGE"}]	62	t	2026-04-16 16:18:07.069522+09	2026-04-17 11:46:50.051974+09	162	162	\N	\N
63	231cf6aa-7cc6-402b-9c4c-2c4508a75aef	163	63	RATE063	Test Rate 63	ONE_WAY	STANDARD	SEOUL	GYEONGGI	CARGO	2.50	DISTANCE	113000.00	1630.0000	{"base": "sample"}	[{"rate": 0.05, "type": "FUEL_SURCHARGE"}]	63	t	2026-04-16 16:18:07.069522+09	2026-04-17 11:46:50.051974+09	163	163	\N	\N
64	90c01bdc-1aa4-4caa-b4df-35539bc5a6e9	164	64	RATE064	Test Rate 64	ONE_WAY	EXPRESS	SEOUL	GYEONGGI	WING	5.00	FLAT	114000.00	1640.0000	{"base": "sample"}	[{"rate": 0.05, "type": "FUEL_SURCHARGE"}]	64	t	2026-04-16 16:18:07.069522+09	2026-04-17 11:46:50.051974+09	164	164	\N	\N
65	43a481e4-914d-4c4d-a85d-5d3b6011b33e	165	65	RATE065	Test Rate 65	ONE_WAY	STANDARD	SEOUL	GYEONGGI	CARGO	2.50	WEIGHT	115000.00	1650.0000	{"base": "sample"}	[{"rate": 0.05, "type": "FUEL_SURCHARGE"}]	65	t	2026-04-16 16:18:07.069522+09	2026-04-17 11:46:50.051974+09	165	165	\N	\N
66	7b5de7b2-75be-4747-aa87-ccca0e5a30f8	166	66	RATE066	Test Rate 66	ONE_WAY	EXPRESS	SEOUL	GYEONGGI	WING	5.00	DISTANCE	116000.00	1660.0000	{"base": "sample"}	[{"rate": 0.05, "type": "FUEL_SURCHARGE"}]	66	t	2026-04-16 16:18:07.069522+09	2026-04-17 11:46:50.051974+09	166	166	\N	\N
67	1fa1ab16-2112-4d46-abd1-a86ece603730	167	67	RATE067	Test Rate 67	ONE_WAY	STANDARD	SEOUL	GYEONGGI	CARGO	2.50	FLAT	117000.00	1670.0000	{"base": "sample"}	[{"rate": 0.05, "type": "FUEL_SURCHARGE"}]	67	t	2026-04-16 16:18:07.069522+09	2026-04-17 11:46:50.051974+09	167	167	\N	\N
68	415cccca-370e-490d-a20c-d56b614e4ce3	168	68	RATE068	Test Rate 68	ONE_WAY	EXPRESS	SEOUL	GYEONGGI	WING	5.00	WEIGHT	118000.00	1680.0000	{"base": "sample"}	[{"rate": 0.05, "type": "FUEL_SURCHARGE"}]	68	t	2026-04-16 16:18:07.069522+09	2026-04-17 11:46:50.051974+09	168	168	\N	\N
69	a6af60df-ae8c-405b-bdcf-8c142b1e12f1	169	69	RATE069	Test Rate 69	ONE_WAY	STANDARD	SEOUL	GYEONGGI	CARGO	2.50	DISTANCE	119000.00	1690.0000	{"base": "sample"}	[{"rate": 0.05, "type": "FUEL_SURCHARGE"}]	69	t	2026-04-16 16:18:07.069522+09	2026-04-17 11:46:50.051974+09	169	169	\N	\N
70	d1d66069-925d-4bd3-9e8b-0c436fe0aacd	170	70	RATE070	Test Rate 70	ONE_WAY	EXPRESS	SEOUL	GYEONGGI	WING	5.00	FLAT	120000.00	1700.0000	{"base": "sample"}	[{"rate": 0.05, "type": "FUEL_SURCHARGE"}]	70	t	2026-04-16 16:18:07.069522+09	2026-04-17 11:46:50.051974+09	170	170	\N	\N
71	1ce2ca2f-78b1-4326-beea-4065e43442be	171	71	RATE071	Test Rate 71	ONE_WAY	STANDARD	SEOUL	GYEONGGI	CARGO	2.50	WEIGHT	121000.00	1710.0000	{"base": "sample"}	[{"rate": 0.05, "type": "FUEL_SURCHARGE"}]	71	t	2026-04-16 16:18:07.069522+09	2026-04-17 11:46:50.051974+09	171	171	\N	\N
72	fd29f606-b66d-44c6-816a-d54f51212a2d	172	72	RATE072	Test Rate 72	ONE_WAY	EXPRESS	SEOUL	GYEONGGI	WING	5.00	DISTANCE	122000.00	1720.0000	{"base": "sample"}	[{"rate": 0.05, "type": "FUEL_SURCHARGE"}]	72	t	2026-04-16 16:18:07.069522+09	2026-04-17 11:46:50.051974+09	172	172	\N	\N
73	e86c007f-2165-4712-b8f5-14b9f08b43bd	173	73	RATE073	Test Rate 73	ONE_WAY	STANDARD	SEOUL	GYEONGGI	CARGO	2.50	FLAT	123000.00	1730.0000	{"base": "sample"}	[{"rate": 0.05, "type": "FUEL_SURCHARGE"}]	73	t	2026-04-16 16:18:07.069522+09	2026-04-17 11:46:50.051974+09	173	173	\N	\N
74	a8bc7c71-5a39-4c5a-9eda-90af69b60fd7	174	74	RATE074	Test Rate 74	ONE_WAY	EXPRESS	SEOUL	GYEONGGI	WING	5.00	WEIGHT	124000.00	1740.0000	{"base": "sample"}	[{"rate": 0.05, "type": "FUEL_SURCHARGE"}]	74	t	2026-04-16 16:18:07.069522+09	2026-04-17 11:46:50.051974+09	174	174	\N	\N
75	e748b094-b511-4f55-a0e4-a620a35d44ce	175	75	RATE075	Test Rate 75	ONE_WAY	STANDARD	SEOUL	GYEONGGI	CARGO	2.50	DISTANCE	125000.00	1750.0000	{"base": "sample"}	[{"rate": 0.05, "type": "FUEL_SURCHARGE"}]	75	t	2026-04-16 16:18:07.069522+09	2026-04-17 11:46:50.051974+09	175	175	\N	\N
76	7018f926-1e9c-4113-914d-27cb407c33e3	176	76	RATE076	Test Rate 76	ONE_WAY	EXPRESS	SEOUL	GYEONGGI	WING	5.00	FLAT	126000.00	1760.0000	{"base": "sample"}	[{"rate": 0.05, "type": "FUEL_SURCHARGE"}]	76	t	2026-04-16 16:18:07.069522+09	2026-04-17 11:46:50.051974+09	176	176	\N	\N
77	9d6a43ef-b9b9-4e91-af8a-7f45f2d73898	177	77	RATE077	Test Rate 77	ONE_WAY	STANDARD	SEOUL	GYEONGGI	CARGO	2.50	WEIGHT	127000.00	1770.0000	{"base": "sample"}	[{"rate": 0.05, "type": "FUEL_SURCHARGE"}]	77	t	2026-04-16 16:18:07.069522+09	2026-04-17 11:46:50.051974+09	177	177	\N	\N
78	69c85945-8e5d-4644-a765-2d7a8538b26d	178	78	RATE078	Test Rate 78	ONE_WAY	EXPRESS	SEOUL	GYEONGGI	WING	5.00	DISTANCE	128000.00	1780.0000	{"base": "sample"}	[{"rate": 0.05, "type": "FUEL_SURCHARGE"}]	78	t	2026-04-16 16:18:07.069522+09	2026-04-17 11:46:50.051974+09	178	178	\N	\N
79	36c05742-956e-460c-94bd-f77211dec413	179	79	RATE079	Test Rate 79	ONE_WAY	STANDARD	SEOUL	GYEONGGI	CARGO	2.50	FLAT	129000.00	1790.0000	{"base": "sample"}	[{"rate": 0.05, "type": "FUEL_SURCHARGE"}]	79	t	2026-04-16 16:18:07.069522+09	2026-04-17 11:46:50.051974+09	179	179	\N	\N
80	42842a06-f5a2-427a-95e6-1886d6950368	180	80	RATE080	Test Rate 80	ONE_WAY	EXPRESS	SEOUL	GYEONGGI	WING	5.00	WEIGHT	130000.00	1800.0000	{"base": "sample"}	[{"rate": 0.05, "type": "FUEL_SURCHARGE"}]	80	t	2026-04-16 16:18:07.069522+09	2026-04-17 11:46:50.051974+09	180	180	\N	\N
81	9efbfd68-96b3-4c67-b1ef-336f8045648c	181	81	RATE081	Test Rate 81	ONE_WAY	STANDARD	SEOUL	GYEONGGI	CARGO	2.50	DISTANCE	131000.00	1810.0000	{"base": "sample"}	[{"rate": 0.05, "type": "FUEL_SURCHARGE"}]	81	t	2026-04-16 16:18:07.069522+09	2026-04-17 11:46:50.051974+09	181	181	\N	\N
82	a0569292-8215-4ae8-b5c3-921297962273	182	82	RATE082	Test Rate 82	ONE_WAY	EXPRESS	SEOUL	GYEONGGI	WING	5.00	FLAT	132000.00	1820.0000	{"base": "sample"}	[{"rate": 0.05, "type": "FUEL_SURCHARGE"}]	82	t	2026-04-16 16:18:07.069522+09	2026-04-17 11:46:50.051974+09	182	182	\N	\N
83	f69cb8e7-7324-4edb-8479-2b1c7ceed18f	183	83	RATE083	Test Rate 83	ONE_WAY	STANDARD	SEOUL	GYEONGGI	CARGO	2.50	WEIGHT	133000.00	1830.0000	{"base": "sample"}	[{"rate": 0.05, "type": "FUEL_SURCHARGE"}]	83	t	2026-04-16 16:18:07.069522+09	2026-04-17 11:46:50.051974+09	183	183	\N	\N
97	c2d7886b-5d86-4c30-b906-5369d262c568	197	97	RATE097	Test Rate 97	ONE_WAY	STANDARD	SEOUL	GYEONGGI	CARGO	2.50	FLAT	147000.00	1970.0000	{"base": "sample"}	[{"rate": 0.05, "type": "FUEL_SURCHARGE"}]	97	t	2026-04-16 16:18:07.069522+09	2026-04-17 11:46:50.051974+09	197	197	\N	\N
98	3d9a4918-5cc6-4229-acef-430fcda8d6ab	198	98	RATE098	Test Rate 98	ONE_WAY	EXPRESS	SEOUL	GYEONGGI	WING	5.00	WEIGHT	148000.00	1980.0000	{"base": "sample"}	[{"rate": 0.05, "type": "FUEL_SURCHARGE"}]	98	t	2026-04-16 16:18:07.069522+09	2026-04-17 11:46:50.051974+09	198	198	\N	\N
99	fd485cef-a383-4516-aa38-30b900bb7a83	199	99	RATE099	Test Rate 99	ONE_WAY	STANDARD	SEOUL	GYEONGGI	CARGO	2.50	DISTANCE	149000.00	1990.0000	{"base": "sample"}	[{"rate": 0.05, "type": "FUEL_SURCHARGE"}]	99	t	2026-04-16 16:18:07.069522+09	2026-04-17 11:46:50.051974+09	199	199	\N	\N
100	1aa10ac1-61fa-46f0-9b6c-2fabebee514d	200	100	RATE100	Test Rate 100	ONE_WAY	EXPRESS	SEOUL	GYEONGGI	WING	5.00	FLAT	150000.00	2000.0000	{"base": "sample"}	[{"rate": 0.05, "type": "FUEL_SURCHARGE"}]	100	t	2026-04-16 16:18:07.069522+09	2026-04-17 11:46:50.051974+09	200	200	\N	\N
1	124a68a5-dcc9-40cf-b704-7e9fe53d3849	101	1	RATE001	Test Rate 1	ONE_WAY	STANDARD	SEOUL	GYEONGGI	CARGO	2.50	FLAT	51000.00	1010.0000	{"base": "sample"}	[{"rate": 0.05, "type": "FUEL_SURCHARGE"}]	1	t	2026-04-16 16:18:07.069522+09	2026-04-17 11:46:50.051974+09	101	101	\N	\N
2	0e8a4306-aaa0-4833-b2b7-82247bdb2299	102	2	RATE002	Test Rate 2	ONE_WAY	EXPRESS	SEOUL	GYEONGGI	WING	5.00	WEIGHT	52000.00	1020.0000	{"base": "sample"}	[{"rate": 0.05, "type": "FUEL_SURCHARGE"}]	2	t	2026-04-16 16:18:07.069522+09	2026-04-17 11:46:50.051974+09	102	102	\N	\N
3	467fd307-edf8-45aa-a16d-c3a8b15df7d6	103	3	RATE003	Test Rate 3	ONE_WAY	STANDARD	SEOUL	GYEONGGI	CARGO	2.50	DISTANCE	53000.00	1030.0000	{"base": "sample"}	[{"rate": 0.05, "type": "FUEL_SURCHARGE"}]	3	t	2026-04-16 16:18:07.069522+09	2026-04-17 11:46:50.051974+09	103	103	\N	\N
4	54726bca-037e-4ccf-b0d6-e0220db4d21c	104	4	RATE004	Test Rate 4	ONE_WAY	EXPRESS	SEOUL	GYEONGGI	WING	5.00	FLAT	54000.00	1040.0000	{"base": "sample"}	[{"rate": 0.05, "type": "FUEL_SURCHARGE"}]	4	t	2026-04-16 16:18:07.069522+09	2026-04-17 11:46:50.051974+09	104	104	\N	\N
5	c58a6cd0-2e2b-4d12-b13f-27f338c72aa9	105	5	RATE005	Test Rate 5	ONE_WAY	STANDARD	SEOUL	GYEONGGI	CARGO	2.50	WEIGHT	55000.00	1050.0000	{"base": "sample"}	[{"rate": 0.05, "type": "FUEL_SURCHARGE"}]	5	t	2026-04-16 16:18:07.069522+09	2026-04-17 11:46:50.051974+09	105	105	\N	\N
6	46bb9202-1995-4fc0-bfc7-d208eeb642d4	106	6	RATE006	Test Rate 6	ONE_WAY	EXPRESS	SEOUL	GYEONGGI	WING	5.00	DISTANCE	56000.00	1060.0000	{"base": "sample"}	[{"rate": 0.05, "type": "FUEL_SURCHARGE"}]	6	t	2026-04-16 16:18:07.069522+09	2026-04-17 11:46:50.051974+09	106	106	\N	\N
7	e32316ed-bec4-4021-9f1f-4d391bd9a21e	107	7	RATE007	Test Rate 7	ONE_WAY	STANDARD	SEOUL	GYEONGGI	CARGO	2.50	FLAT	57000.00	1070.0000	{"base": "sample"}	[{"rate": 0.05, "type": "FUEL_SURCHARGE"}]	7	t	2026-04-16 16:18:07.069522+09	2026-04-17 11:46:50.051974+09	107	107	\N	\N
8	db09ef83-03af-4b1c-98b4-174e66575a9d	108	8	RATE008	Test Rate 8	ONE_WAY	EXPRESS	SEOUL	GYEONGGI	WING	5.00	WEIGHT	58000.00	1080.0000	{"base": "sample"}	[{"rate": 0.05, "type": "FUEL_SURCHARGE"}]	8	t	2026-04-16 16:18:07.069522+09	2026-04-17 11:46:50.051974+09	108	108	\N	\N
9	01e170fe-6b55-4ebb-9187-1d1818b880b5	109	9	RATE009	Test Rate 9	ONE_WAY	STANDARD	SEOUL	GYEONGGI	CARGO	2.50	DISTANCE	59000.00	1090.0000	{"base": "sample"}	[{"rate": 0.05, "type": "FUEL_SURCHARGE"}]	9	t	2026-04-16 16:18:07.069522+09	2026-04-17 11:46:50.051974+09	109	109	\N	\N
84	e2d9957c-92d2-481c-9f31-c59682e61738	184	84	RATE084	Test Rate 84	ONE_WAY	EXPRESS	SEOUL	GYEONGGI	WING	5.00	DISTANCE	134000.00	1840.0000	{"base": "sample"}	[{"rate": 0.05, "type": "FUEL_SURCHARGE"}]	84	t	2026-04-16 16:18:07.069522+09	2026-04-17 11:46:50.051974+09	184	184	\N	\N
85	5c153b3e-8b1e-4283-a36e-cf3d3ec5a826	185	85	RATE085	Test Rate 85	ONE_WAY	STANDARD	SEOUL	GYEONGGI	CARGO	2.50	FLAT	135000.00	1850.0000	{"base": "sample"}	[{"rate": 0.05, "type": "FUEL_SURCHARGE"}]	85	t	2026-04-16 16:18:07.069522+09	2026-04-17 11:46:50.051974+09	185	185	\N	\N
86	87bfd6ed-5472-4b6a-824b-271a7d2233b4	186	86	RATE086	Test Rate 86	ONE_WAY	EXPRESS	SEOUL	GYEONGGI	WING	5.00	WEIGHT	136000.00	1860.0000	{"base": "sample"}	[{"rate": 0.05, "type": "FUEL_SURCHARGE"}]	86	t	2026-04-16 16:18:07.069522+09	2026-04-17 11:46:50.051974+09	186	186	\N	\N
87	d57adf44-07d0-4610-b46f-d86a8f72e22c	187	87	RATE087	Test Rate 87	ONE_WAY	STANDARD	SEOUL	GYEONGGI	CARGO	2.50	DISTANCE	137000.00	1870.0000	{"base": "sample"}	[{"rate": 0.05, "type": "FUEL_SURCHARGE"}]	87	t	2026-04-16 16:18:07.069522+09	2026-04-17 11:46:50.051974+09	187	187	\N	\N
88	c6f7c905-47b5-4846-89fb-be7ba1ffa6d0	188	88	RATE088	Test Rate 88	ONE_WAY	EXPRESS	SEOUL	GYEONGGI	WING	5.00	FLAT	138000.00	1880.0000	{"base": "sample"}	[{"rate": 0.05, "type": "FUEL_SURCHARGE"}]	88	t	2026-04-16 16:18:07.069522+09	2026-04-17 11:46:50.051974+09	188	188	\N	\N
89	cde57c29-9f85-4d66-a505-b267334dca3a	189	89	RATE089	Test Rate 89	ONE_WAY	STANDARD	SEOUL	GYEONGGI	CARGO	2.50	WEIGHT	139000.00	1890.0000	{"base": "sample"}	[{"rate": 0.05, "type": "FUEL_SURCHARGE"}]	89	t	2026-04-16 16:18:07.069522+09	2026-04-17 11:46:50.051974+09	189	189	\N	\N
90	e4bc5adb-b12b-4f14-bd6b-f2b02912a32e	190	90	RATE090	Test Rate 90	ONE_WAY	EXPRESS	SEOUL	GYEONGGI	WING	5.00	DISTANCE	140000.00	1900.0000	{"base": "sample"}	[{"rate": 0.05, "type": "FUEL_SURCHARGE"}]	90	t	2026-04-16 16:18:07.069522+09	2026-04-17 11:46:50.051974+09	190	190	\N	\N
91	5577da62-0b47-4dcd-abde-a75225f37802	191	91	RATE091	Test Rate 91	ONE_WAY	STANDARD	SEOUL	GYEONGGI	CARGO	2.50	FLAT	141000.00	1910.0000	{"base": "sample"}	[{"rate": 0.05, "type": "FUEL_SURCHARGE"}]	91	t	2026-04-16 16:18:07.069522+09	2026-04-17 11:46:50.051974+09	191	191	\N	\N
92	c452b9f2-de06-40ba-b322-e7c0eaa22a92	192	92	RATE092	Test Rate 92	ONE_WAY	EXPRESS	SEOUL	GYEONGGI	WING	5.00	WEIGHT	142000.00	1920.0000	{"base": "sample"}	[{"rate": 0.05, "type": "FUEL_SURCHARGE"}]	92	t	2026-04-16 16:18:07.069522+09	2026-04-17 11:46:50.051974+09	192	192	\N	\N
93	a7da22ef-5b97-4a04-a0fe-cfa0b2f29fb4	193	93	RATE093	Test Rate 93	ONE_WAY	STANDARD	SEOUL	GYEONGGI	CARGO	2.50	DISTANCE	143000.00	1930.0000	{"base": "sample"}	[{"rate": 0.05, "type": "FUEL_SURCHARGE"}]	93	t	2026-04-16 16:18:07.069522+09	2026-04-17 11:46:50.051974+09	193	193	\N	\N
94	e0a651b3-9ae8-496f-a8de-936cfe974c74	194	94	RATE094	Test Rate 94	ONE_WAY	EXPRESS	SEOUL	GYEONGGI	WING	5.00	FLAT	144000.00	1940.0000	{"base": "sample"}	[{"rate": 0.05, "type": "FUEL_SURCHARGE"}]	94	t	2026-04-16 16:18:07.069522+09	2026-04-17 11:46:50.051974+09	194	194	\N	\N
95	5e14d6f5-07f3-4d00-8c34-0a40e2eae0ff	195	95	RATE095	Test Rate 95	ONE_WAY	STANDARD	SEOUL	GYEONGGI	CARGO	2.50	WEIGHT	145000.00	1950.0000	{"base": "sample"}	[{"rate": 0.05, "type": "FUEL_SURCHARGE"}]	95	t	2026-04-16 16:18:07.069522+09	2026-04-17 11:46:50.051974+09	195	195	\N	\N
96	8319a273-874b-4f2a-b0a8-4dcea7a89093	196	96	RATE096	Test Rate 96	ONE_WAY	EXPRESS	SEOUL	GYEONGGI	WING	5.00	DISTANCE	146000.00	1960.0000	{"base": "sample"}	[{"rate": 0.05, "type": "FUEL_SURCHARGE"}]	96	t	2026-04-16 16:18:07.069522+09	2026-04-17 11:46:50.051974+09	196	196	\N	\N
\.


--
-- Data for Name: contracts; Type: TABLE DATA; Schema: mdm; Owner: -
--

COPY mdm.contracts (contract_id, contract_uid, tenant_id, contract_no, contract_type, customer_id, carrier_id, contract_name, effective_from, effective_to, currency_code, vat_rate, status_code, terms, created_at, updated_at, is_active, created_by, updated_by, deleted_at, deleted_by) FROM stdin;
18	a6ac0504-d2ef-4969-8fa8-bef47ec8c13d	118	CON018	SALES	118	118	Test Contract 18	2026-03-17	2027-04-16	KRW	10.00	ACTIVE	{"sample": true, "payment_terms": "NET30"}	2026-04-16 16:18:07.069522+09	2026-04-17 11:46:50.051974+09	t	118	118	\N	\N
19	1fbe21b1-00d3-40ae-bac7-ad4cda173b71	119	CON019	PURCHASE	119	119	Test Contract 19	2026-03-17	2027-04-16	KRW	10.00	ACTIVE	{"sample": true, "payment_terms": "NET30"}	2026-04-16 16:18:07.069522+09	2026-04-17 11:46:50.051974+09	t	119	119	\N	\N
20	c130cb04-802c-4bf3-b6f9-d18905b9329b	120	CON020	SALES	120	120	Test Contract 20	2026-03-17	2027-04-16	KRW	10.00	ACTIVE	{"sample": true, "payment_terms": "NET30"}	2026-04-16 16:18:07.069522+09	2026-04-17 11:46:50.051974+09	t	120	120	\N	\N
21	9ddae29f-888a-4bd8-8068-e7dc5020f1c7	121	CON021	PURCHASE	121	121	Test Contract 21	2026-03-17	2027-04-16	KRW	10.00	ACTIVE	{"sample": true, "payment_terms": "NET30"}	2026-04-16 16:18:07.069522+09	2026-04-17 11:46:50.051974+09	t	121	121	\N	\N
22	cf2b9968-1c46-4710-9090-232b9685f803	122	CON022	SALES	122	122	Test Contract 22	2026-03-17	2027-04-16	KRW	10.00	ACTIVE	{"sample": true, "payment_terms": "NET30"}	2026-04-16 16:18:07.069522+09	2026-04-17 11:46:50.051974+09	t	122	122	\N	\N
23	c31db8d8-2b81-4abd-b114-87f34eb33b61	123	CON023	PURCHASE	123	123	Test Contract 23	2026-03-17	2027-04-16	KRW	10.00	ACTIVE	{"sample": true, "payment_terms": "NET30"}	2026-04-16 16:18:07.069522+09	2026-04-17 11:46:50.051974+09	t	123	123	\N	\N
24	bfd3e6c5-d119-4175-8073-b1031c9c959f	124	CON024	SALES	124	124	Test Contract 24	2026-03-17	2027-04-16	KRW	10.00	ACTIVE	{"sample": true, "payment_terms": "NET30"}	2026-04-16 16:18:07.069522+09	2026-04-17 11:46:50.051974+09	t	124	124	\N	\N
25	181a1d7f-4287-466b-8f63-8ea9c48ba3d9	125	CON025	PURCHASE	125	125	Test Contract 25	2026-03-17	2027-04-16	KRW	10.00	ACTIVE	{"sample": true, "payment_terms": "NET30"}	2026-04-16 16:18:07.069522+09	2026-04-17 11:46:50.051974+09	t	125	125	\N	\N
26	afc2a9d7-3cc2-4bb2-9eed-9febfc1e8f67	126	CON026	SALES	126	126	Test Contract 26	2026-03-17	2027-04-16	KRW	10.00	ACTIVE	{"sample": true, "payment_terms": "NET30"}	2026-04-16 16:18:07.069522+09	2026-04-17 11:46:50.051974+09	t	126	126	\N	\N
27	9beca1e0-10c1-43e1-b128-0ffd02ba7582	127	CON027	PURCHASE	127	127	Test Contract 27	2026-03-17	2027-04-16	KRW	10.00	ACTIVE	{"sample": true, "payment_terms": "NET30"}	2026-04-16 16:18:07.069522+09	2026-04-17 11:46:50.051974+09	t	127	127	\N	\N
28	fa8add53-e41d-494d-9db1-4de29a88393c	128	CON028	SALES	128	128	Test Contract 28	2026-03-17	2027-04-16	KRW	10.00	ACTIVE	{"sample": true, "payment_terms": "NET30"}	2026-04-16 16:18:07.069522+09	2026-04-17 11:46:50.051974+09	t	128	128	\N	\N
29	ff042e03-9830-48d2-bf73-5b328584832f	129	CON029	PURCHASE	129	129	Test Contract 29	2026-03-17	2027-04-16	KRW	10.00	ACTIVE	{"sample": true, "payment_terms": "NET30"}	2026-04-16 16:18:07.069522+09	2026-04-17 11:46:50.051974+09	t	129	129	\N	\N
30	c4939116-9104-4ed7-84aa-11fe58938e1b	130	CON030	SALES	130	130	Test Contract 30	2026-03-17	2027-04-16	KRW	10.00	ACTIVE	{"sample": true, "payment_terms": "NET30"}	2026-04-16 16:18:07.069522+09	2026-04-17 11:46:50.051974+09	t	130	130	\N	\N
31	002a8be8-0347-492a-bb8d-248696012bc2	131	CON031	PURCHASE	131	131	Test Contract 31	2026-03-17	2027-04-16	KRW	10.00	ACTIVE	{"sample": true, "payment_terms": "NET30"}	2026-04-16 16:18:07.069522+09	2026-04-17 11:46:50.051974+09	t	131	131	\N	\N
32	2f444bbf-adb2-40d5-b7da-603df3e6922b	132	CON032	SALES	132	132	Test Contract 32	2026-03-17	2027-04-16	KRW	10.00	ACTIVE	{"sample": true, "payment_terms": "NET30"}	2026-04-16 16:18:07.069522+09	2026-04-17 11:46:50.051974+09	t	132	132	\N	\N
33	d7514d96-d833-4836-85e5-6630eef84372	133	CON033	PURCHASE	133	133	Test Contract 33	2026-03-17	2027-04-16	KRW	10.00	ACTIVE	{"sample": true, "payment_terms": "NET30"}	2026-04-16 16:18:07.069522+09	2026-04-17 11:46:50.051974+09	t	133	133	\N	\N
34	aea6a8c5-3e7b-43ec-804a-55eba4d5f97e	134	CON034	SALES	134	134	Test Contract 34	2026-03-17	2027-04-16	KRW	10.00	ACTIVE	{"sample": true, "payment_terms": "NET30"}	2026-04-16 16:18:07.069522+09	2026-04-17 11:46:50.051974+09	t	134	134	\N	\N
35	71578ecd-aafd-47bd-929a-d918f4d3b427	135	CON035	PURCHASE	135	135	Test Contract 35	2026-03-17	2027-04-16	KRW	10.00	ACTIVE	{"sample": true, "payment_terms": "NET30"}	2026-04-16 16:18:07.069522+09	2026-04-17 11:46:50.051974+09	t	135	135	\N	\N
36	98613c06-e962-43d5-a93d-7f2dc4ab8af3	136	CON036	SALES	136	136	Test Contract 36	2026-03-17	2027-04-16	KRW	10.00	ACTIVE	{"sample": true, "payment_terms": "NET30"}	2026-04-16 16:18:07.069522+09	2026-04-17 11:46:50.051974+09	t	136	136	\N	\N
37	a9f39da0-fa81-4573-a18f-4324b0cefc53	137	CON037	PURCHASE	137	137	Test Contract 37	2026-03-17	2027-04-16	KRW	10.00	ACTIVE	{"sample": true, "payment_terms": "NET30"}	2026-04-16 16:18:07.069522+09	2026-04-17 11:46:50.051974+09	t	137	137	\N	\N
38	209312f1-c67f-4000-ba50-96895072e01f	138	CON038	SALES	138	138	Test Contract 38	2026-03-17	2027-04-16	KRW	10.00	ACTIVE	{"sample": true, "payment_terms": "NET30"}	2026-04-16 16:18:07.069522+09	2026-04-17 11:46:50.051974+09	t	138	138	\N	\N
39	2849afd1-460b-467e-838c-eaffd040f9bb	139	CON039	PURCHASE	139	139	Test Contract 39	2026-03-17	2027-04-16	KRW	10.00	ACTIVE	{"sample": true, "payment_terms": "NET30"}	2026-04-16 16:18:07.069522+09	2026-04-17 11:46:50.051974+09	t	139	139	\N	\N
40	ef4d3c6f-7104-4144-aaf9-a7ca883c527a	140	CON040	SALES	140	140	Test Contract 40	2026-03-17	2027-04-16	KRW	10.00	ACTIVE	{"sample": true, "payment_terms": "NET30"}	2026-04-16 16:18:07.069522+09	2026-04-17 11:46:50.051974+09	t	140	140	\N	\N
41	d852cc52-0415-438e-8dbe-2be0b32e14f0	141	CON041	PURCHASE	141	141	Test Contract 41	2026-03-17	2027-04-16	KRW	10.00	ACTIVE	{"sample": true, "payment_terms": "NET30"}	2026-04-16 16:18:07.069522+09	2026-04-17 11:46:50.051974+09	t	141	141	\N	\N
42	eb655be2-20df-42fa-8e2a-8a15c4481322	142	CON042	SALES	142	142	Test Contract 42	2026-03-17	2027-04-16	KRW	10.00	ACTIVE	{"sample": true, "payment_terms": "NET30"}	2026-04-16 16:18:07.069522+09	2026-04-17 11:46:50.051974+09	t	142	142	\N	\N
43	cecca9c9-d2f8-4b00-9bbe-5b1b3aefc7a5	143	CON043	PURCHASE	143	143	Test Contract 43	2026-03-17	2027-04-16	KRW	10.00	ACTIVE	{"sample": true, "payment_terms": "NET30"}	2026-04-16 16:18:07.069522+09	2026-04-17 11:46:50.051974+09	t	143	143	\N	\N
44	0ff9d38c-4604-4c8e-a549-87731fcc89e4	144	CON044	SALES	144	144	Test Contract 44	2026-03-17	2027-04-16	KRW	10.00	ACTIVE	{"sample": true, "payment_terms": "NET30"}	2026-04-16 16:18:07.069522+09	2026-04-17 11:46:50.051974+09	t	144	144	\N	\N
45	256434c4-d475-4d6d-88f6-39753a6d3282	145	CON045	PURCHASE	145	145	Test Contract 45	2026-03-17	2027-04-16	KRW	10.00	ACTIVE	{"sample": true, "payment_terms": "NET30"}	2026-04-16 16:18:07.069522+09	2026-04-17 11:46:50.051974+09	t	145	145	\N	\N
46	b98d208f-61a1-4207-a722-fac2a5c15010	146	CON046	SALES	146	146	Test Contract 46	2026-03-17	2027-04-16	KRW	10.00	ACTIVE	{"sample": true, "payment_terms": "NET30"}	2026-04-16 16:18:07.069522+09	2026-04-17 11:46:50.051974+09	t	146	146	\N	\N
47	4ef0be31-8ea4-45d1-9272-5d4aedd1f259	147	CON047	PURCHASE	147	147	Test Contract 47	2026-03-17	2027-04-16	KRW	10.00	ACTIVE	{"sample": true, "payment_terms": "NET30"}	2026-04-16 16:18:07.069522+09	2026-04-17 11:46:50.051974+09	t	147	147	\N	\N
48	1b26160a-0d2e-4261-9548-de6cdf193784	148	CON048	SALES	148	148	Test Contract 48	2026-03-17	2027-04-16	KRW	10.00	ACTIVE	{"sample": true, "payment_terms": "NET30"}	2026-04-16 16:18:07.069522+09	2026-04-17 11:46:50.051974+09	t	148	148	\N	\N
49	717aac90-d636-47f2-a73b-6a0048784af8	149	CON049	PURCHASE	149	149	Test Contract 49	2026-03-17	2027-04-16	KRW	10.00	ACTIVE	{"sample": true, "payment_terms": "NET30"}	2026-04-16 16:18:07.069522+09	2026-04-17 11:46:50.051974+09	t	149	149	\N	\N
50	c0b0f1d4-6923-4c2b-bbec-2f9e81c6eda4	150	CON050	SALES	150	150	Test Contract 50	2026-03-17	2027-04-16	KRW	10.00	ACTIVE	{"sample": true, "payment_terms": "NET30"}	2026-04-16 16:18:07.069522+09	2026-04-17 11:46:50.051974+09	t	150	150	\N	\N
51	daa30dd6-b507-43ab-aa4a-07729ecc4c76	151	CON051	PURCHASE	151	151	Test Contract 51	2026-03-17	2027-04-16	KRW	10.00	ACTIVE	{"sample": true, "payment_terms": "NET30"}	2026-04-16 16:18:07.069522+09	2026-04-17 11:46:50.051974+09	t	151	151	\N	\N
52	6307ce10-952e-4cc2-a391-c7776cc86583	152	CON052	SALES	152	152	Test Contract 52	2026-03-17	2027-04-16	KRW	10.00	ACTIVE	{"sample": true, "payment_terms": "NET30"}	2026-04-16 16:18:07.069522+09	2026-04-17 11:46:50.051974+09	t	152	152	\N	\N
53	9567aec9-681f-47a8-b04c-986972bbfcea	153	CON053	PURCHASE	153	153	Test Contract 53	2026-03-17	2027-04-16	KRW	10.00	ACTIVE	{"sample": true, "payment_terms": "NET30"}	2026-04-16 16:18:07.069522+09	2026-04-17 11:46:50.051974+09	t	153	153	\N	\N
54	d762b344-e0ae-494e-8309-b84018922e07	154	CON054	SALES	154	154	Test Contract 54	2026-03-17	2027-04-16	KRW	10.00	ACTIVE	{"sample": true, "payment_terms": "NET30"}	2026-04-16 16:18:07.069522+09	2026-04-17 11:46:50.051974+09	t	154	154	\N	\N
55	bcf215e5-7cec-44d8-ac47-a6159123066c	155	CON055	PURCHASE	155	155	Test Contract 55	2026-03-17	2027-04-16	KRW	10.00	ACTIVE	{"sample": true, "payment_terms": "NET30"}	2026-04-16 16:18:07.069522+09	2026-04-17 11:46:50.051974+09	t	155	155	\N	\N
56	e28de0f9-361e-46af-8a2c-b0dc14f2d0a7	156	CON056	SALES	156	156	Test Contract 56	2026-03-17	2027-04-16	KRW	10.00	ACTIVE	{"sample": true, "payment_terms": "NET30"}	2026-04-16 16:18:07.069522+09	2026-04-17 11:46:50.051974+09	t	156	156	\N	\N
57	3d852b7a-fd95-47d1-a07d-9d151f81d0e8	157	CON057	PURCHASE	157	157	Test Contract 57	2026-03-17	2027-04-16	KRW	10.00	ACTIVE	{"sample": true, "payment_terms": "NET30"}	2026-04-16 16:18:07.069522+09	2026-04-17 11:46:50.051974+09	t	157	157	\N	\N
58	2e4ef1a4-b5dc-40c9-8735-b8e95e74d635	158	CON058	SALES	158	158	Test Contract 58	2026-03-17	2027-04-16	KRW	10.00	ACTIVE	{"sample": true, "payment_terms": "NET30"}	2026-04-16 16:18:07.069522+09	2026-04-17 11:46:50.051974+09	t	158	158	\N	\N
59	25a9f9bd-e97b-451a-9bc0-6ce0df9a3ddc	159	CON059	PURCHASE	159	159	Test Contract 59	2026-03-17	2027-04-16	KRW	10.00	ACTIVE	{"sample": true, "payment_terms": "NET30"}	2026-04-16 16:18:07.069522+09	2026-04-17 11:46:50.051974+09	t	159	159	\N	\N
60	d1345a39-f936-42ad-8373-07c60b3bdcb8	160	CON060	SALES	160	160	Test Contract 60	2026-03-17	2027-04-16	KRW	10.00	ACTIVE	{"sample": true, "payment_terms": "NET30"}	2026-04-16 16:18:07.069522+09	2026-04-17 11:46:50.051974+09	t	160	160	\N	\N
61	4bd32429-8c72-43e1-9277-6999c728721c	161	CON061	PURCHASE	161	161	Test Contract 61	2026-03-17	2027-04-16	KRW	10.00	ACTIVE	{"sample": true, "payment_terms": "NET30"}	2026-04-16 16:18:07.069522+09	2026-04-17 11:46:50.051974+09	t	161	161	\N	\N
62	9f02d8b7-b881-4f5f-a863-59c68ac6fa40	162	CON062	SALES	162	162	Test Contract 62	2026-03-17	2027-04-16	KRW	10.00	ACTIVE	{"sample": true, "payment_terms": "NET30"}	2026-04-16 16:18:07.069522+09	2026-04-17 11:46:50.051974+09	t	162	162	\N	\N
63	09b019f1-4f77-440d-97f7-67ac61085e09	163	CON063	PURCHASE	163	163	Test Contract 63	2026-03-17	2027-04-16	KRW	10.00	ACTIVE	{"sample": true, "payment_terms": "NET30"}	2026-04-16 16:18:07.069522+09	2026-04-17 11:46:50.051974+09	t	163	163	\N	\N
64	7106e15a-d76f-4b41-850f-7e4903d2100a	164	CON064	SALES	164	164	Test Contract 64	2026-03-17	2027-04-16	KRW	10.00	ACTIVE	{"sample": true, "payment_terms": "NET30"}	2026-04-16 16:18:07.069522+09	2026-04-17 11:46:50.051974+09	t	164	164	\N	\N
65	344d93c3-4f61-4135-8d4f-16aa77ab578d	165	CON065	PURCHASE	165	165	Test Contract 65	2026-03-17	2027-04-16	KRW	10.00	ACTIVE	{"sample": true, "payment_terms": "NET30"}	2026-04-16 16:18:07.069522+09	2026-04-17 11:46:50.051974+09	t	165	165	\N	\N
66	ad790321-926a-4af4-b7e6-fff1d2bf7ae8	166	CON066	SALES	166	166	Test Contract 66	2026-03-17	2027-04-16	KRW	10.00	ACTIVE	{"sample": true, "payment_terms": "NET30"}	2026-04-16 16:18:07.069522+09	2026-04-17 11:46:50.051974+09	t	166	166	\N	\N
67	529d2067-87a7-49fc-a747-b391e80113c6	167	CON067	PURCHASE	167	167	Test Contract 67	2026-03-17	2027-04-16	KRW	10.00	ACTIVE	{"sample": true, "payment_terms": "NET30"}	2026-04-16 16:18:07.069522+09	2026-04-17 11:46:50.051974+09	t	167	167	\N	\N
68	a82ba2c7-7077-426c-b0b6-b26432f712eb	168	CON068	SALES	168	168	Test Contract 68	2026-03-17	2027-04-16	KRW	10.00	ACTIVE	{"sample": true, "payment_terms": "NET30"}	2026-04-16 16:18:07.069522+09	2026-04-17 11:46:50.051974+09	t	168	168	\N	\N
69	445d3d8a-22fd-4e11-90c7-35c8a70ca867	169	CON069	PURCHASE	169	169	Test Contract 69	2026-03-17	2027-04-16	KRW	10.00	ACTIVE	{"sample": true, "payment_terms": "NET30"}	2026-04-16 16:18:07.069522+09	2026-04-17 11:46:50.051974+09	t	169	169	\N	\N
70	d90dd31d-8e15-448d-9100-d33201f1ef01	170	CON070	SALES	170	170	Test Contract 70	2026-03-17	2027-04-16	KRW	10.00	ACTIVE	{"sample": true, "payment_terms": "NET30"}	2026-04-16 16:18:07.069522+09	2026-04-17 11:46:50.051974+09	t	170	170	\N	\N
71	8bcdf8b4-7c9b-43a9-a28f-b5744c864ddb	171	CON071	PURCHASE	171	171	Test Contract 71	2026-03-17	2027-04-16	KRW	10.00	ACTIVE	{"sample": true, "payment_terms": "NET30"}	2026-04-16 16:18:07.069522+09	2026-04-17 11:46:50.051974+09	t	171	171	\N	\N
72	eb8bc9cb-9120-4620-81bf-7a84b0db82be	172	CON072	SALES	172	172	Test Contract 72	2026-03-17	2027-04-16	KRW	10.00	ACTIVE	{"sample": true, "payment_terms": "NET30"}	2026-04-16 16:18:07.069522+09	2026-04-17 11:46:50.051974+09	t	172	172	\N	\N
73	41e204d0-b84e-4435-922c-68feaa5fbb3f	173	CON073	PURCHASE	173	173	Test Contract 73	2026-03-17	2027-04-16	KRW	10.00	ACTIVE	{"sample": true, "payment_terms": "NET30"}	2026-04-16 16:18:07.069522+09	2026-04-17 11:46:50.051974+09	t	173	173	\N	\N
74	8dd91e45-a966-4d16-9338-331a995897b9	174	CON074	SALES	174	174	Test Contract 74	2026-03-17	2027-04-16	KRW	10.00	ACTIVE	{"sample": true, "payment_terms": "NET30"}	2026-04-16 16:18:07.069522+09	2026-04-17 11:46:50.051974+09	t	174	174	\N	\N
75	38367626-ff52-44bd-a38c-542070fdda07	175	CON075	PURCHASE	175	175	Test Contract 75	2026-03-17	2027-04-16	KRW	10.00	ACTIVE	{"sample": true, "payment_terms": "NET30"}	2026-04-16 16:18:07.069522+09	2026-04-17 11:46:50.051974+09	t	175	175	\N	\N
76	ab9ff064-aff2-425a-b98e-1c3cb3fabd3e	176	CON076	SALES	176	176	Test Contract 76	2026-03-17	2027-04-16	KRW	10.00	ACTIVE	{"sample": true, "payment_terms": "NET30"}	2026-04-16 16:18:07.069522+09	2026-04-17 11:46:50.051974+09	t	176	176	\N	\N
77	414d5e76-a801-498e-b9a4-b04d1b9f1857	177	CON077	PURCHASE	177	177	Test Contract 77	2026-03-17	2027-04-16	KRW	10.00	ACTIVE	{"sample": true, "payment_terms": "NET30"}	2026-04-16 16:18:07.069522+09	2026-04-17 11:46:50.051974+09	t	177	177	\N	\N
78	7e3e9029-b99f-4930-b3ac-3884c179d6cd	178	CON078	SALES	178	178	Test Contract 78	2026-03-17	2027-04-16	KRW	10.00	ACTIVE	{"sample": true, "payment_terms": "NET30"}	2026-04-16 16:18:07.069522+09	2026-04-17 11:46:50.051974+09	t	178	178	\N	\N
79	26d5e1cf-8453-4c1e-b2a9-0aefd0c2762d	179	CON079	PURCHASE	179	179	Test Contract 79	2026-03-17	2027-04-16	KRW	10.00	ACTIVE	{"sample": true, "payment_terms": "NET30"}	2026-04-16 16:18:07.069522+09	2026-04-17 11:46:50.051974+09	t	179	179	\N	\N
80	42b0cbb9-9dd3-41b9-a794-0c63d5cb34a6	180	CON080	SALES	180	180	Test Contract 80	2026-03-17	2027-04-16	KRW	10.00	ACTIVE	{"sample": true, "payment_terms": "NET30"}	2026-04-16 16:18:07.069522+09	2026-04-17 11:46:50.051974+09	t	180	180	\N	\N
81	983c636b-6281-443b-9d3a-ed2d29167fbe	181	CON081	PURCHASE	181	181	Test Contract 81	2026-03-17	2027-04-16	KRW	10.00	ACTIVE	{"sample": true, "payment_terms": "NET30"}	2026-04-16 16:18:07.069522+09	2026-04-17 11:46:50.051974+09	t	181	181	\N	\N
82	c4f56965-97b1-407d-bff5-b72e61302128	182	CON082	SALES	182	182	Test Contract 82	2026-03-17	2027-04-16	KRW	10.00	ACTIVE	{"sample": true, "payment_terms": "NET30"}	2026-04-16 16:18:07.069522+09	2026-04-17 11:46:50.051974+09	t	182	182	\N	\N
83	bf174d26-c2de-4107-a933-4a41ef72f4c5	183	CON083	PURCHASE	183	183	Test Contract 83	2026-03-17	2027-04-16	KRW	10.00	ACTIVE	{"sample": true, "payment_terms": "NET30"}	2026-04-16 16:18:07.069522+09	2026-04-17 11:46:50.051974+09	t	183	183	\N	\N
84	effea300-9884-477d-955d-f45ca897606b	184	CON084	SALES	184	184	Test Contract 84	2026-03-17	2027-04-16	KRW	10.00	ACTIVE	{"sample": true, "payment_terms": "NET30"}	2026-04-16 16:18:07.069522+09	2026-04-17 11:46:50.051974+09	t	184	184	\N	\N
85	3dfb74ed-a761-46c9-bab9-097f2b4309b7	185	CON085	PURCHASE	185	185	Test Contract 85	2026-03-17	2027-04-16	KRW	10.00	ACTIVE	{"sample": true, "payment_terms": "NET30"}	2026-04-16 16:18:07.069522+09	2026-04-17 11:46:50.051974+09	t	185	185	\N	\N
1	be12f4ac-044c-4f2d-91f1-27592bff795d	101	CON001	PURCHASE	101	101	Test Contract 1	2026-03-17	2027-04-16	KRW	10.00	ACTIVE	{"sample": true, "payment_terms": "NET30"}	2026-04-16 16:18:07.069522+09	2026-04-17 11:46:50.051974+09	t	101	101	\N	\N
2	dc3e1981-b3eb-4a7b-804b-b7fa1e5a2d9e	102	CON002	SALES	102	102	Test Contract 2	2026-03-17	2027-04-16	KRW	10.00	ACTIVE	{"sample": true, "payment_terms": "NET30"}	2026-04-16 16:18:07.069522+09	2026-04-17 11:46:50.051974+09	t	102	102	\N	\N
3	cab86655-59bf-45ec-b15f-a58c2a1a62da	103	CON003	PURCHASE	103	103	Test Contract 3	2026-03-17	2027-04-16	KRW	10.00	ACTIVE	{"sample": true, "payment_terms": "NET30"}	2026-04-16 16:18:07.069522+09	2026-04-17 11:46:50.051974+09	t	103	103	\N	\N
4	73628b35-1100-4c0f-b6dd-8ae8526964d2	104	CON004	SALES	104	104	Test Contract 4	2026-03-17	2027-04-16	KRW	10.00	ACTIVE	{"sample": true, "payment_terms": "NET30"}	2026-04-16 16:18:07.069522+09	2026-04-17 11:46:50.051974+09	t	104	104	\N	\N
5	c7b97c0f-d47b-45ea-be58-1b23f3d4f45f	105	CON005	PURCHASE	105	105	Test Contract 5	2026-03-17	2027-04-16	KRW	10.00	ACTIVE	{"sample": true, "payment_terms": "NET30"}	2026-04-16 16:18:07.069522+09	2026-04-17 11:46:50.051974+09	t	105	105	\N	\N
6	6d23b741-1f11-4f78-9523-e1f5bfe393cd	106	CON006	SALES	106	106	Test Contract 6	2026-03-17	2027-04-16	KRW	10.00	ACTIVE	{"sample": true, "payment_terms": "NET30"}	2026-04-16 16:18:07.069522+09	2026-04-17 11:46:50.051974+09	t	106	106	\N	\N
7	eb5da987-1171-4824-af10-0de9b16f55cb	107	CON007	PURCHASE	107	107	Test Contract 7	2026-03-17	2027-04-16	KRW	10.00	ACTIVE	{"sample": true, "payment_terms": "NET30"}	2026-04-16 16:18:07.069522+09	2026-04-17 11:46:50.051974+09	t	107	107	\N	\N
8	6553bb91-ca8b-44e2-9dad-aad491c001e7	108	CON008	SALES	108	108	Test Contract 8	2026-03-17	2027-04-16	KRW	10.00	ACTIVE	{"sample": true, "payment_terms": "NET30"}	2026-04-16 16:18:07.069522+09	2026-04-17 11:46:50.051974+09	t	108	108	\N	\N
9	6c842858-13e8-42b3-81d3-8236728480f5	109	CON009	PURCHASE	109	109	Test Contract 9	2026-03-17	2027-04-16	KRW	10.00	ACTIVE	{"sample": true, "payment_terms": "NET30"}	2026-04-16 16:18:07.069522+09	2026-04-17 11:46:50.051974+09	t	109	109	\N	\N
10	47629dce-3d1e-4234-9794-b4caff068ebe	110	CON010	SALES	110	110	Test Contract 10	2026-03-17	2027-04-16	KRW	10.00	ACTIVE	{"sample": true, "payment_terms": "NET30"}	2026-04-16 16:18:07.069522+09	2026-04-17 11:46:50.051974+09	t	110	110	\N	\N
11	628aacfa-002d-4db0-b87f-fb96256f9f6f	111	CON011	PURCHASE	111	111	Test Contract 11	2026-03-17	2027-04-16	KRW	10.00	ACTIVE	{"sample": true, "payment_terms": "NET30"}	2026-04-16 16:18:07.069522+09	2026-04-17 11:46:50.051974+09	t	111	111	\N	\N
12	8d13c47d-0489-4906-a464-c84b9f9a74e9	112	CON012	SALES	112	112	Test Contract 12	2026-03-17	2027-04-16	KRW	10.00	ACTIVE	{"sample": true, "payment_terms": "NET30"}	2026-04-16 16:18:07.069522+09	2026-04-17 11:46:50.051974+09	t	112	112	\N	\N
13	b7e17201-d805-4565-a829-cecc6e4a610f	113	CON013	PURCHASE	113	113	Test Contract 13	2026-03-17	2027-04-16	KRW	10.00	ACTIVE	{"sample": true, "payment_terms": "NET30"}	2026-04-16 16:18:07.069522+09	2026-04-17 11:46:50.051974+09	t	113	113	\N	\N
14	01cef2f5-da69-43f4-8e82-addaa29b5e16	114	CON014	SALES	114	114	Test Contract 14	2026-03-17	2027-04-16	KRW	10.00	ACTIVE	{"sample": true, "payment_terms": "NET30"}	2026-04-16 16:18:07.069522+09	2026-04-17 11:46:50.051974+09	t	114	114	\N	\N
15	d3670fad-bd6c-4807-92f9-3f5f7c49cedc	115	CON015	PURCHASE	115	115	Test Contract 15	2026-03-17	2027-04-16	KRW	10.00	ACTIVE	{"sample": true, "payment_terms": "NET30"}	2026-04-16 16:18:07.069522+09	2026-04-17 11:46:50.051974+09	t	115	115	\N	\N
16	160f2479-5d98-4710-94e8-4fecc829d9c3	116	CON016	SALES	116	116	Test Contract 16	2026-03-17	2027-04-16	KRW	10.00	ACTIVE	{"sample": true, "payment_terms": "NET30"}	2026-04-16 16:18:07.069522+09	2026-04-17 11:46:50.051974+09	t	116	116	\N	\N
17	43d6deae-3af1-4b22-846b-716bdac84441	117	CON017	PURCHASE	117	117	Test Contract 17	2026-03-17	2027-04-16	KRW	10.00	ACTIVE	{"sample": true, "payment_terms": "NET30"}	2026-04-16 16:18:07.069522+09	2026-04-17 11:46:50.051974+09	t	117	117	\N	\N
86	2335d171-d6fd-48a3-b980-44092e38dcb5	186	CON086	SALES	186	186	Test Contract 86	2026-03-17	2027-04-16	KRW	10.00	ACTIVE	{"sample": true, "payment_terms": "NET30"}	2026-04-16 16:18:07.069522+09	2026-04-17 11:46:50.051974+09	t	186	186	\N	\N
87	d30c045b-ca82-462f-94b5-f1214518c1f2	187	CON087	PURCHASE	187	187	Test Contract 87	2026-03-17	2027-04-16	KRW	10.00	ACTIVE	{"sample": true, "payment_terms": "NET30"}	2026-04-16 16:18:07.069522+09	2026-04-17 11:46:50.051974+09	t	187	187	\N	\N
88	13d72b24-9c2f-46e3-96df-80797f432026	188	CON088	SALES	188	188	Test Contract 88	2026-03-17	2027-04-16	KRW	10.00	ACTIVE	{"sample": true, "payment_terms": "NET30"}	2026-04-16 16:18:07.069522+09	2026-04-17 11:46:50.051974+09	t	188	188	\N	\N
89	d2ce1b3f-f5a2-44ee-b869-54818ff46df8	189	CON089	PURCHASE	189	189	Test Contract 89	2026-03-17	2027-04-16	KRW	10.00	ACTIVE	{"sample": true, "payment_terms": "NET30"}	2026-04-16 16:18:07.069522+09	2026-04-17 11:46:50.051974+09	t	189	189	\N	\N
90	2d9227dc-594a-46ee-9e1b-013d21e51123	190	CON090	SALES	190	190	Test Contract 90	2026-03-17	2027-04-16	KRW	10.00	ACTIVE	{"sample": true, "payment_terms": "NET30"}	2026-04-16 16:18:07.069522+09	2026-04-17 11:46:50.051974+09	t	190	190	\N	\N
91	db15a036-e443-45ee-ad4f-26e906650ead	191	CON091	PURCHASE	191	191	Test Contract 91	2026-03-17	2027-04-16	KRW	10.00	ACTIVE	{"sample": true, "payment_terms": "NET30"}	2026-04-16 16:18:07.069522+09	2026-04-17 11:46:50.051974+09	t	191	191	\N	\N
92	39a4cdb6-8c15-4023-a2fc-8e5bf619b612	192	CON092	SALES	192	192	Test Contract 92	2026-03-17	2027-04-16	KRW	10.00	ACTIVE	{"sample": true, "payment_terms": "NET30"}	2026-04-16 16:18:07.069522+09	2026-04-17 11:46:50.051974+09	t	192	192	\N	\N
93	80c24507-a3e4-4fca-b4d0-288872bd3e76	193	CON093	PURCHASE	193	193	Test Contract 93	2026-03-17	2027-04-16	KRW	10.00	ACTIVE	{"sample": true, "payment_terms": "NET30"}	2026-04-16 16:18:07.069522+09	2026-04-17 11:46:50.051974+09	t	193	193	\N	\N
94	b6da81ab-6a31-40ec-806f-462ed5334f99	194	CON094	SALES	194	194	Test Contract 94	2026-03-17	2027-04-16	KRW	10.00	ACTIVE	{"sample": true, "payment_terms": "NET30"}	2026-04-16 16:18:07.069522+09	2026-04-17 11:46:50.051974+09	t	194	194	\N	\N
95	8af0e560-a5bb-4a36-8ffa-edca80e1ba42	195	CON095	PURCHASE	195	195	Test Contract 95	2026-03-17	2027-04-16	KRW	10.00	ACTIVE	{"sample": true, "payment_terms": "NET30"}	2026-04-16 16:18:07.069522+09	2026-04-17 11:46:50.051974+09	t	195	195	\N	\N
96	ef2b24a0-8769-4419-8e64-9d1698978755	196	CON096	SALES	196	196	Test Contract 96	2026-03-17	2027-04-16	KRW	10.00	ACTIVE	{"sample": true, "payment_terms": "NET30"}	2026-04-16 16:18:07.069522+09	2026-04-17 11:46:50.051974+09	t	196	196	\N	\N
97	7a243279-21f6-40b2-93c3-05f4b52f4e3c	197	CON097	PURCHASE	197	197	Test Contract 97	2026-03-17	2027-04-16	KRW	10.00	ACTIVE	{"sample": true, "payment_terms": "NET30"}	2026-04-16 16:18:07.069522+09	2026-04-17 11:46:50.051974+09	t	197	197	\N	\N
98	df0e14ee-fcfa-4ed2-b02e-c35198713f79	198	CON098	SALES	198	198	Test Contract 98	2026-03-17	2027-04-16	KRW	10.00	ACTIVE	{"sample": true, "payment_terms": "NET30"}	2026-04-16 16:18:07.069522+09	2026-04-17 11:46:50.051974+09	t	198	198	\N	\N
99	88004407-1ff5-4c9c-b0de-0cce1c13e0bc	199	CON099	PURCHASE	199	199	Test Contract 99	2026-03-17	2027-04-16	KRW	10.00	ACTIVE	{"sample": true, "payment_terms": "NET30"}	2026-04-16 16:18:07.069522+09	2026-04-17 11:46:50.051974+09	t	199	199	\N	\N
100	5a3c16de-e6eb-4052-b1d2-2e9a28c90cab	200	CON100	SALES	200	200	Test Contract 100	2026-03-17	2027-04-16	KRW	10.00	ACTIVE	{"sample": true, "payment_terms": "NET30"}	2026-04-16 16:18:07.069522+09	2026-04-17 11:46:50.051974+09	t	200	200	\N	\N
\.


--
-- Data for Name: customers; Type: TABLE DATA; Schema: mdm; Owner: -
--

COPY mdm.customers (customer_id, customer_uid, tenant_id, partner_id, customer_code, customer_name, billing_partner_id, default_service_level, is_active, created_at, updated_at, created_by, updated_by, deleted_at, deleted_by) FROM stdin;
117	e1bb7bab-4f80-4a91-b851-37c54309a527	117	117	CUS017	Test Customer 117	117	STANDARD	t	2026-04-16 16:18:07.069522+09	2026-04-17 11:46:50.051974+09	117	117	\N	\N
118	c8e3df4d-f1b3-4be3-b130-aab986e73a81	118	118	CUS018	Test Customer 118	118	EXPRESS	t	2026-04-16 16:18:07.069522+09	2026-04-17 11:46:50.051974+09	118	118	\N	\N
119	1037953a-1d2b-4f59-b69b-ca1928dee7a7	119	119	CUS019	Test Customer 119	119	STANDARD	t	2026-04-16 16:18:07.069522+09	2026-04-17 11:46:50.051974+09	119	119	\N	\N
120	06a19efb-ae61-4f46-adfa-75ccaa776d13	120	120	CUS020	Test Customer 120	120	EXPRESS	t	2026-04-16 16:18:07.069522+09	2026-04-17 11:46:50.051974+09	120	120	\N	\N
121	5f35554d-cdba-4d6e-bba3-ba594f8e5852	121	121	CUS021	Test Customer 121	121	STANDARD	t	2026-04-16 16:18:07.069522+09	2026-04-17 11:46:50.051974+09	121	121	\N	\N
122	0e35c746-9aef-4cc8-8349-b7add37dcf69	122	122	CUS022	Test Customer 122	122	EXPRESS	t	2026-04-16 16:18:07.069522+09	2026-04-17 11:46:50.051974+09	122	122	\N	\N
123	000baecc-3cd1-42ee-964a-2c470482d118	123	123	CUS023	Test Customer 123	123	STANDARD	t	2026-04-16 16:18:07.069522+09	2026-04-17 11:46:50.051974+09	123	123	\N	\N
124	8af94c35-2462-461d-9585-55c2112a40be	124	124	CUS024	Test Customer 124	124	EXPRESS	t	2026-04-16 16:18:07.069522+09	2026-04-17 11:46:50.051974+09	124	124	\N	\N
125	2d3bd539-ca16-4aac-ab0b-ea225c4c8116	125	125	CUS025	Test Customer 125	125	STANDARD	t	2026-04-16 16:18:07.069522+09	2026-04-17 11:46:50.051974+09	125	125	\N	\N
126	a856ef5c-ac90-4761-b390-8b246536b8ce	126	126	CUS026	Test Customer 126	126	EXPRESS	t	2026-04-16 16:18:07.069522+09	2026-04-17 11:46:50.051974+09	126	126	\N	\N
127	36dc2d8b-b341-40f5-a54b-ff5533d0bccf	127	127	CUS027	Test Customer 127	127	STANDARD	t	2026-04-16 16:18:07.069522+09	2026-04-17 11:46:50.051974+09	127	127	\N	\N
128	aafc6743-f496-4912-9955-3ef6d55c0989	128	128	CUS028	Test Customer 128	128	EXPRESS	t	2026-04-16 16:18:07.069522+09	2026-04-17 11:46:50.051974+09	128	128	\N	\N
129	aa8fa40b-8ae6-4a93-bb78-5ce995200f1e	129	129	CUS029	Test Customer 129	129	STANDARD	t	2026-04-16 16:18:07.069522+09	2026-04-17 11:46:50.051974+09	129	129	\N	\N
130	0889c47d-f5c7-4714-946d-777d80e73915	130	130	CUS030	Test Customer 130	130	EXPRESS	t	2026-04-16 16:18:07.069522+09	2026-04-17 11:46:50.051974+09	130	130	\N	\N
131	6cee3515-f6e7-47ce-a510-ed13139c719c	131	131	CUS031	Test Customer 131	131	STANDARD	t	2026-04-16 16:18:07.069522+09	2026-04-17 11:46:50.051974+09	131	131	\N	\N
132	4fa13170-ff8a-4723-8373-baf321047737	132	132	CUS032	Test Customer 132	132	EXPRESS	t	2026-04-16 16:18:07.069522+09	2026-04-17 11:46:50.051974+09	132	132	\N	\N
133	45bfd960-a8e6-4a40-8c94-4683118787d7	133	133	CUS033	Test Customer 133	133	STANDARD	t	2026-04-16 16:18:07.069522+09	2026-04-17 11:46:50.051974+09	133	133	\N	\N
134	f9852370-f29d-4be2-a81b-762b95399992	134	134	CUS034	Test Customer 134	134	EXPRESS	t	2026-04-16 16:18:07.069522+09	2026-04-17 11:46:50.051974+09	134	134	\N	\N
135	4ce7e282-bb77-4540-9f44-e8ae6d6f4b0f	135	135	CUS035	Test Customer 135	135	STANDARD	t	2026-04-16 16:18:07.069522+09	2026-04-17 11:46:50.051974+09	135	135	\N	\N
136	ef5da523-b1cd-4232-86c9-b35f3e19bedc	136	136	CUS036	Test Customer 136	136	EXPRESS	t	2026-04-16 16:18:07.069522+09	2026-04-17 11:46:50.051974+09	136	136	\N	\N
137	e8e85f15-36e5-49f5-a43d-605333e72e06	137	137	CUS037	Test Customer 137	137	STANDARD	t	2026-04-16 16:18:07.069522+09	2026-04-17 11:46:50.051974+09	137	137	\N	\N
138	5e40ed49-03c9-4422-ba81-ac9b3397d0cd	138	138	CUS038	Test Customer 138	138	EXPRESS	t	2026-04-16 16:18:07.069522+09	2026-04-17 11:46:50.051974+09	138	138	\N	\N
139	86fb1140-a314-4b68-b8a1-12f8cdfb9c57	139	139	CUS039	Test Customer 139	139	STANDARD	t	2026-04-16 16:18:07.069522+09	2026-04-17 11:46:50.051974+09	139	139	\N	\N
140	a9e88287-8dcd-4697-acbf-4e8d8ac6b400	140	140	CUS040	Test Customer 140	140	EXPRESS	t	2026-04-16 16:18:07.069522+09	2026-04-17 11:46:50.051974+09	140	140	\N	\N
141	02bb47cf-2a1b-4fd7-8765-1314cd8fe56a	141	141	CUS041	Test Customer 141	141	STANDARD	t	2026-04-16 16:18:07.069522+09	2026-04-17 11:46:50.051974+09	141	141	\N	\N
142	1ebed3d5-8582-4602-8491-742de76d667b	142	142	CUS042	Test Customer 142	142	EXPRESS	t	2026-04-16 16:18:07.069522+09	2026-04-17 11:46:50.051974+09	142	142	\N	\N
143	5ec0eec6-bb24-4635-b767-7cfdd3a3ddb6	143	143	CUS043	Test Customer 143	143	STANDARD	t	2026-04-16 16:18:07.069522+09	2026-04-17 11:46:50.051974+09	143	143	\N	\N
144	d3d7c142-dca1-452f-82e8-d60077d480a0	144	144	CUS044	Test Customer 144	144	EXPRESS	t	2026-04-16 16:18:07.069522+09	2026-04-17 11:46:50.051974+09	144	144	\N	\N
145	031dd3aa-481a-4888-9821-cf593a6f8226	145	145	CUS045	Test Customer 145	145	STANDARD	t	2026-04-16 16:18:07.069522+09	2026-04-17 11:46:50.051974+09	145	145	\N	\N
146	2e346f18-4dce-45aa-9bca-ce8fc5d727bc	146	146	CUS046	Test Customer 146	146	EXPRESS	t	2026-04-16 16:18:07.069522+09	2026-04-17 11:46:50.051974+09	146	146	\N	\N
147	1bc3ea5a-2e0c-4650-8aa0-4fa0a2ba8ab3	147	147	CUS047	Test Customer 147	147	STANDARD	t	2026-04-16 16:18:07.069522+09	2026-04-17 11:46:50.051974+09	147	147	\N	\N
148	148da0d1-0066-4dd6-b716-1aafb315b10a	148	148	CUS048	Test Customer 148	148	EXPRESS	t	2026-04-16 16:18:07.069522+09	2026-04-17 11:46:50.051974+09	148	148	\N	\N
149	eafc03f7-3c33-42db-a37a-826bc62f9795	149	149	CUS049	Test Customer 149	149	STANDARD	t	2026-04-16 16:18:07.069522+09	2026-04-17 11:46:50.051974+09	149	149	\N	\N
150	8abf66b6-9607-4449-afd4-3b70cdfc117b	150	150	CUS050	Test Customer 150	150	EXPRESS	t	2026-04-16 16:18:07.069522+09	2026-04-17 11:46:50.051974+09	150	150	\N	\N
151	67eac40c-f1eb-4a2c-a42e-bb07f48a449e	151	151	CUS051	Test Customer 151	151	STANDARD	t	2026-04-16 16:18:07.069522+09	2026-04-17 11:46:50.051974+09	151	151	\N	\N
152	9ef62e4b-67ec-4721-bb68-559d4b2b3508	152	152	CUS052	Test Customer 152	152	EXPRESS	t	2026-04-16 16:18:07.069522+09	2026-04-17 11:46:50.051974+09	152	152	\N	\N
153	bf58fad3-ab4f-4331-9e4e-5980479a9270	153	153	CUS053	Test Customer 153	153	STANDARD	t	2026-04-16 16:18:07.069522+09	2026-04-17 11:46:50.051974+09	153	153	\N	\N
154	1564a3a1-dc3a-48e6-a0cf-a154b9e65312	154	154	CUS054	Test Customer 154	154	EXPRESS	t	2026-04-16 16:18:07.069522+09	2026-04-17 11:46:50.051974+09	154	154	\N	\N
155	2332ff17-c596-4c95-a76d-7a0db0bd2e02	155	155	CUS055	Test Customer 155	155	STANDARD	t	2026-04-16 16:18:07.069522+09	2026-04-17 11:46:50.051974+09	155	155	\N	\N
156	fece03c3-efcc-4783-9e10-61a4da95cf9a	156	156	CUS056	Test Customer 156	156	EXPRESS	t	2026-04-16 16:18:07.069522+09	2026-04-17 11:46:50.051974+09	156	156	\N	\N
157	a9311a5f-181b-4ef6-9bb3-fccb3248c560	157	157	CUS057	Test Customer 157	157	STANDARD	t	2026-04-16 16:18:07.069522+09	2026-04-17 11:46:50.051974+09	157	157	\N	\N
158	76c708e3-50cf-4863-9c3a-9fd6a7a03e27	158	158	CUS058	Test Customer 158	158	EXPRESS	t	2026-04-16 16:18:07.069522+09	2026-04-17 11:46:50.051974+09	158	158	\N	\N
159	a8ae0319-73f8-45b9-9a09-04e160b0b528	159	159	CUS059	Test Customer 159	159	STANDARD	t	2026-04-16 16:18:07.069522+09	2026-04-17 11:46:50.051974+09	159	159	\N	\N
160	751bee34-d066-4b80-8bae-c3263e5811ad	160	160	CUS060	Test Customer 160	160	EXPRESS	t	2026-04-16 16:18:07.069522+09	2026-04-17 11:46:50.051974+09	160	160	\N	\N
161	f31e489b-3bc3-4398-b862-8e852d63a29d	161	161	CUS061	Test Customer 161	161	STANDARD	t	2026-04-16 16:18:07.069522+09	2026-04-17 11:46:50.051974+09	161	161	\N	\N
162	9a294ca4-2d2b-4fc8-bdc2-d8edb2e43935	162	162	CUS062	Test Customer 162	162	EXPRESS	t	2026-04-16 16:18:07.069522+09	2026-04-17 11:46:50.051974+09	162	162	\N	\N
163	8a4874d6-584a-419c-be91-984e80b93766	163	163	CUS063	Test Customer 163	163	STANDARD	t	2026-04-16 16:18:07.069522+09	2026-04-17 11:46:50.051974+09	163	163	\N	\N
164	e8ad1d44-0507-40b3-a6f4-2167d6c1c61f	164	164	CUS064	Test Customer 164	164	EXPRESS	t	2026-04-16 16:18:07.069522+09	2026-04-17 11:46:50.051974+09	164	164	\N	\N
165	855982d3-679e-4a34-8368-ad533c2c6921	165	165	CUS065	Test Customer 165	165	STANDARD	t	2026-04-16 16:18:07.069522+09	2026-04-17 11:46:50.051974+09	165	165	\N	\N
101	aa8f79ab-eaef-467a-ba52-a542ece9bf42	101	101	CUS001	Test Customer 101	101	STANDARD	t	2026-04-16 16:18:07.069522+09	2026-04-17 11:46:50.051974+09	101	101	\N	\N
102	c628dc55-f448-43c9-9de4-5e61beefa980	102	102	CUS002	Test Customer 102	102	EXPRESS	t	2026-04-16 16:18:07.069522+09	2026-04-17 11:46:50.051974+09	102	102	\N	\N
103	b7c95517-df40-4caf-be4d-2e7db605f5e9	103	103	CUS003	Test Customer 103	103	STANDARD	t	2026-04-16 16:18:07.069522+09	2026-04-17 11:46:50.051974+09	103	103	\N	\N
104	7a8c85eb-3d12-434e-a7b8-c87748ab7f10	104	104	CUS004	Test Customer 104	104	EXPRESS	t	2026-04-16 16:18:07.069522+09	2026-04-17 11:46:50.051974+09	104	104	\N	\N
105	c349d107-2d97-4ac0-ae01-20fb55da1faa	105	105	CUS005	Test Customer 105	105	STANDARD	t	2026-04-16 16:18:07.069522+09	2026-04-17 11:46:50.051974+09	105	105	\N	\N
106	6c4e1868-599f-4668-8b76-f86af0242497	106	106	CUS006	Test Customer 106	106	EXPRESS	t	2026-04-16 16:18:07.069522+09	2026-04-17 11:46:50.051974+09	106	106	\N	\N
107	1be31a68-600d-4d5b-ba4a-ddfbd26cec4e	107	107	CUS007	Test Customer 107	107	STANDARD	t	2026-04-16 16:18:07.069522+09	2026-04-17 11:46:50.051974+09	107	107	\N	\N
108	af5a6504-6444-4269-95b4-3004f66972a3	108	108	CUS008	Test Customer 108	108	EXPRESS	t	2026-04-16 16:18:07.069522+09	2026-04-17 11:46:50.051974+09	108	108	\N	\N
109	f39de830-0e81-4f4b-a199-1b009dc2b55b	109	109	CUS009	Test Customer 109	109	STANDARD	t	2026-04-16 16:18:07.069522+09	2026-04-17 11:46:50.051974+09	109	109	\N	\N
110	e7c2f8da-9f19-435d-9c94-c8fc415d0835	110	110	CUS010	Test Customer 110	110	EXPRESS	t	2026-04-16 16:18:07.069522+09	2026-04-17 11:46:50.051974+09	110	110	\N	\N
111	78c42871-aea3-4937-bcec-be1bfa193720	111	111	CUS011	Test Customer 111	111	STANDARD	t	2026-04-16 16:18:07.069522+09	2026-04-17 11:46:50.051974+09	111	111	\N	\N
112	d3aefffe-ef26-4ffe-9402-09a24d185481	112	112	CUS012	Test Customer 112	112	EXPRESS	t	2026-04-16 16:18:07.069522+09	2026-04-17 11:46:50.051974+09	112	112	\N	\N
113	fddee46a-4d2a-45f0-9156-dcb5f6a7b8c1	113	113	CUS013	Test Customer 113	113	STANDARD	t	2026-04-16 16:18:07.069522+09	2026-04-17 11:46:50.051974+09	113	113	\N	\N
114	eb134941-355f-487b-af2f-7c975ecf9e57	114	114	CUS014	Test Customer 114	114	EXPRESS	t	2026-04-16 16:18:07.069522+09	2026-04-17 11:46:50.051974+09	114	114	\N	\N
115	57bb796e-0f9a-4025-9613-741e0ebedff7	115	115	CUS015	Test Customer 115	115	STANDARD	t	2026-04-16 16:18:07.069522+09	2026-04-17 11:46:50.051974+09	115	115	\N	\N
116	c9ad23ac-9f25-4df5-8d94-7291bb2552b0	116	116	CUS016	Test Customer 116	116	EXPRESS	t	2026-04-16 16:18:07.069522+09	2026-04-17 11:46:50.051974+09	116	116	\N	\N
166	b2cdbf4a-e226-4684-8f13-5558d1176cd2	166	166	CUS066	Test Customer 166	166	EXPRESS	t	2026-04-16 16:18:07.069522+09	2026-04-17 11:46:50.051974+09	166	166	\N	\N
167	6cd38ece-490d-4a82-ba20-9d018b38fa66	167	167	CUS067	Test Customer 167	167	STANDARD	t	2026-04-16 16:18:07.069522+09	2026-04-17 11:46:50.051974+09	167	167	\N	\N
168	43f50c7a-6c97-4c05-8e5d-aacad3bb24b6	168	168	CUS068	Test Customer 168	168	EXPRESS	t	2026-04-16 16:18:07.069522+09	2026-04-17 11:46:50.051974+09	168	168	\N	\N
169	4994f133-8362-4e45-95a5-7f34d1352d9a	169	169	CUS069	Test Customer 169	169	STANDARD	t	2026-04-16 16:18:07.069522+09	2026-04-17 11:46:50.051974+09	169	169	\N	\N
170	9b592144-e88f-4338-8d20-913b34d8f3dd	170	170	CUS070	Test Customer 170	170	EXPRESS	t	2026-04-16 16:18:07.069522+09	2026-04-17 11:46:50.051974+09	170	170	\N	\N
171	ac4cee92-e690-4172-b61f-3330d4289082	171	171	CUS071	Test Customer 171	171	STANDARD	t	2026-04-16 16:18:07.069522+09	2026-04-17 11:46:50.051974+09	171	171	\N	\N
172	5a04ed4f-7794-43fa-bc0b-761508764848	172	172	CUS072	Test Customer 172	172	EXPRESS	t	2026-04-16 16:18:07.069522+09	2026-04-17 11:46:50.051974+09	172	172	\N	\N
173	26798a8b-460b-4cc6-ac52-d23543603ea2	173	173	CUS073	Test Customer 173	173	STANDARD	t	2026-04-16 16:18:07.069522+09	2026-04-17 11:46:50.051974+09	173	173	\N	\N
174	46421b70-7f99-4ca6-afa0-bf0355be1f1a	174	174	CUS074	Test Customer 174	174	EXPRESS	t	2026-04-16 16:18:07.069522+09	2026-04-17 11:46:50.051974+09	174	174	\N	\N
175	65544411-126f-4c7b-9e70-4d56962a53a3	175	175	CUS075	Test Customer 175	175	STANDARD	t	2026-04-16 16:18:07.069522+09	2026-04-17 11:46:50.051974+09	175	175	\N	\N
176	5a77448a-cf20-4d61-81d6-c8e097ce1c47	176	176	CUS076	Test Customer 176	176	EXPRESS	t	2026-04-16 16:18:07.069522+09	2026-04-17 11:46:50.051974+09	176	176	\N	\N
177	0f34026a-1a26-4bf3-9e2b-c0bb7fd95a4f	177	177	CUS077	Test Customer 177	177	STANDARD	t	2026-04-16 16:18:07.069522+09	2026-04-17 11:46:50.051974+09	177	177	\N	\N
178	6990ea58-9d56-4683-bd9d-72475560ab0d	178	178	CUS078	Test Customer 178	178	EXPRESS	t	2026-04-16 16:18:07.069522+09	2026-04-17 11:46:50.051974+09	178	178	\N	\N
179	8c291ca0-f5f0-4233-a703-3538cd993ff8	179	179	CUS079	Test Customer 179	179	STANDARD	t	2026-04-16 16:18:07.069522+09	2026-04-17 11:46:50.051974+09	179	179	\N	\N
180	f1491e1f-e9b2-45f1-8a6b-1b3e96f8e450	180	180	CUS080	Test Customer 180	180	EXPRESS	t	2026-04-16 16:18:07.069522+09	2026-04-17 11:46:50.051974+09	180	180	\N	\N
181	ea24da12-937d-4a5b-9f44-d5d7cbe5b19f	181	181	CUS081	Test Customer 181	181	STANDARD	t	2026-04-16 16:18:07.069522+09	2026-04-17 11:46:50.051974+09	181	181	\N	\N
182	279af61f-a523-4523-ad60-3df886c654b0	182	182	CUS082	Test Customer 182	182	EXPRESS	t	2026-04-16 16:18:07.069522+09	2026-04-17 11:46:50.051974+09	182	182	\N	\N
183	cdb05c06-d6c4-4d03-8420-c761e0e0a765	183	183	CUS083	Test Customer 183	183	STANDARD	t	2026-04-16 16:18:07.069522+09	2026-04-17 11:46:50.051974+09	183	183	\N	\N
184	8f7573fc-116c-4131-a91e-bf61153a8084	184	184	CUS084	Test Customer 184	184	EXPRESS	t	2026-04-16 16:18:07.069522+09	2026-04-17 11:46:50.051974+09	184	184	\N	\N
185	aa85df93-e003-48be-a080-6c1fd7d5f196	185	185	CUS085	Test Customer 185	185	STANDARD	t	2026-04-16 16:18:07.069522+09	2026-04-17 11:46:50.051974+09	185	185	\N	\N
186	dcecf1f9-557a-4b9e-8ced-0e7c0b866cb2	186	186	CUS086	Test Customer 186	186	EXPRESS	t	2026-04-16 16:18:07.069522+09	2026-04-17 11:46:50.051974+09	186	186	\N	\N
187	98d12352-10a1-43ee-9cc5-5331df75de24	187	187	CUS087	Test Customer 187	187	STANDARD	t	2026-04-16 16:18:07.069522+09	2026-04-17 11:46:50.051974+09	187	187	\N	\N
188	47670e55-55bf-4a5c-ae11-2f908c0a6dff	188	188	CUS088	Test Customer 188	188	EXPRESS	t	2026-04-16 16:18:07.069522+09	2026-04-17 11:46:50.051974+09	188	188	\N	\N
189	50602160-6a68-48c3-9563-854393435fa4	189	189	CUS089	Test Customer 189	189	STANDARD	t	2026-04-16 16:18:07.069522+09	2026-04-17 11:46:50.051974+09	189	189	\N	\N
190	4956438d-df80-425b-aa75-f403c77ccd3f	190	190	CUS090	Test Customer 190	190	EXPRESS	t	2026-04-16 16:18:07.069522+09	2026-04-17 11:46:50.051974+09	190	190	\N	\N
191	893e4c6e-bb05-4493-9b9a-f70531ee01e7	191	191	CUS091	Test Customer 191	191	STANDARD	t	2026-04-16 16:18:07.069522+09	2026-04-17 11:46:50.051974+09	191	191	\N	\N
192	336bb11c-f90b-47e0-8d6d-cc6348e419c9	192	192	CUS092	Test Customer 192	192	EXPRESS	t	2026-04-16 16:18:07.069522+09	2026-04-17 11:46:50.051974+09	192	192	\N	\N
193	bd0aea32-062d-4672-990e-5eca40a041de	193	193	CUS093	Test Customer 193	193	STANDARD	t	2026-04-16 16:18:07.069522+09	2026-04-17 11:46:50.051974+09	193	193	\N	\N
194	b14fa647-7f31-41a1-922a-d061e3f910b2	194	194	CUS094	Test Customer 194	194	EXPRESS	t	2026-04-16 16:18:07.069522+09	2026-04-17 11:46:50.051974+09	194	194	\N	\N
195	15778a59-c0f4-4b25-a910-ff9d28284608	195	195	CUS095	Test Customer 195	195	STANDARD	t	2026-04-16 16:18:07.069522+09	2026-04-17 11:46:50.051974+09	195	195	\N	\N
196	2a051cc2-b6b8-4b5d-b6dd-a783a7a0682d	196	196	CUS096	Test Customer 196	196	EXPRESS	t	2026-04-16 16:18:07.069522+09	2026-04-17 11:46:50.051974+09	196	196	\N	\N
197	467607a7-030b-43f9-8b93-7d9018048a02	197	197	CUS097	Test Customer 197	197	STANDARD	t	2026-04-16 16:18:07.069522+09	2026-04-17 11:46:50.051974+09	197	197	\N	\N
198	c7e60c25-3b4e-4ad2-8eab-d961e8f43546	198	198	CUS098	Test Customer 198	198	EXPRESS	t	2026-04-16 16:18:07.069522+09	2026-04-17 11:46:50.051974+09	198	198	\N	\N
199	ef01e94e-596b-410d-b207-deda19aa3a26	199	199	CUS099	Test Customer 199	199	STANDARD	t	2026-04-16 16:18:07.069522+09	2026-04-17 11:46:50.051974+09	199	199	\N	\N
200	2734880c-c43b-4b84-82bb-04392e3a4bb0	200	200	CUS100	Test Customer 200	200	EXPRESS	t	2026-04-16 16:18:07.069522+09	2026-04-17 11:46:50.051974+09	200	200	\N	\N
\.


--
-- Data for Name: drivers; Type: TABLE DATA; Schema: mdm; Owner: -
--

COPY mdm.drivers (driver_id, driver_uid, tenant_id, carrier_id, user_id, driver_code, driver_name, phone, license_no, license_type, license_expired_on, status_code, qualifications, is_active, created_at, updated_at, created_by, updated_by, deleted_at, deleted_by) FROM stdin;
16	df04901d-bdaa-4f80-a4f4-e162335a33b4	116	116	116	DRV016	Test Driver 16	010-3000-0016	LIC-00016	LARGE_LICENSE	2027-04-16	AVAILABLE	["SAFE_DRIVING", "COLD_CHAIN"]	t	2026-04-16 16:18:07.069522+09	2026-04-17 11:46:50.051974+09	116	116	\N	\N
17	ff547f5f-3f62-4512-9847-4ed32cd387c7	117	117	117	DRV017	Test Driver 17	010-3000-0017	LIC-00017	LARGE_LICENSE	2027-04-16	AVAILABLE	["SAFE_DRIVING", "GENERAL"]	t	2026-04-16 16:18:07.069522+09	2026-04-17 11:46:50.051974+09	117	117	\N	\N
18	92af883a-c7fc-42c7-a1f2-899af941ff13	118	118	118	DRV018	Test Driver 18	010-3000-0018	LIC-00018	LARGE_LICENSE	2027-04-16	AVAILABLE	["SAFE_DRIVING", "COLD_CHAIN"]	t	2026-04-16 16:18:07.069522+09	2026-04-17 11:46:50.051974+09	118	118	\N	\N
19	45c8384f-e088-46d8-8be4-6f34a9c66396	119	119	119	DRV019	Test Driver 19	010-3000-0019	LIC-00019	LARGE_LICENSE	2027-04-16	AVAILABLE	["SAFE_DRIVING", "GENERAL"]	t	2026-04-16 16:18:07.069522+09	2026-04-17 11:46:50.051974+09	119	119	\N	\N
20	c8c5a243-03de-44a1-a74a-45ff14ed4be0	120	120	120	DRV020	Test Driver 20	010-3000-0020	LIC-00020	LARGE_LICENSE	2027-04-16	AVAILABLE	["SAFE_DRIVING", "COLD_CHAIN"]	t	2026-04-16 16:18:07.069522+09	2026-04-17 11:46:50.051974+09	120	120	\N	\N
21	8344d7e3-1e45-4e48-a240-62ad5191afd8	121	121	121	DRV021	Test Driver 21	010-3000-0021	LIC-00021	LARGE_LICENSE	2027-04-16	AVAILABLE	["SAFE_DRIVING", "GENERAL"]	t	2026-04-16 16:18:07.069522+09	2026-04-17 11:46:50.051974+09	121	121	\N	\N
22	69201ab4-3de4-4558-8dee-48cbc3dbf7b0	122	122	122	DRV022	Test Driver 22	010-3000-0022	LIC-00022	LARGE_LICENSE	2027-04-16	AVAILABLE	["SAFE_DRIVING", "COLD_CHAIN"]	t	2026-04-16 16:18:07.069522+09	2026-04-17 11:46:50.051974+09	122	122	\N	\N
23	e0ad9d26-97e5-4250-ad5e-1d4511f8b5e6	123	123	123	DRV023	Test Driver 23	010-3000-0023	LIC-00023	LARGE_LICENSE	2027-04-16	AVAILABLE	["SAFE_DRIVING", "GENERAL"]	t	2026-04-16 16:18:07.069522+09	2026-04-17 11:46:50.051974+09	123	123	\N	\N
24	85a7e516-7b7b-4441-b932-b4a3a06f5098	124	124	124	DRV024	Test Driver 24	010-3000-0024	LIC-00024	LARGE_LICENSE	2027-04-16	AVAILABLE	["SAFE_DRIVING", "COLD_CHAIN"]	t	2026-04-16 16:18:07.069522+09	2026-04-17 11:46:50.051974+09	124	124	\N	\N
25	023cdc4c-6f18-4b5e-a3d1-3f5691a4a1e6	125	125	125	DRV025	Test Driver 25	010-3000-0025	LIC-00025	LARGE_LICENSE	2027-04-16	AVAILABLE	["SAFE_DRIVING", "GENERAL"]	t	2026-04-16 16:18:07.069522+09	2026-04-17 11:46:50.051974+09	125	125	\N	\N
26	f3beb460-ae62-471f-9f1c-3d71b4f01e54	126	126	126	DRV026	Test Driver 26	010-3000-0026	LIC-00026	LARGE_LICENSE	2027-04-16	AVAILABLE	["SAFE_DRIVING", "COLD_CHAIN"]	t	2026-04-16 16:18:07.069522+09	2026-04-17 11:46:50.051974+09	126	126	\N	\N
27	1dc59e2a-05cd-45ad-8a41-d71dffc29740	127	127	127	DRV027	Test Driver 27	010-3000-0027	LIC-00027	LARGE_LICENSE	2027-04-16	AVAILABLE	["SAFE_DRIVING", "GENERAL"]	t	2026-04-16 16:18:07.069522+09	2026-04-17 11:46:50.051974+09	127	127	\N	\N
28	e4f229bb-2502-4112-8ba4-bf612cf809e3	128	128	128	DRV028	Test Driver 28	010-3000-0028	LIC-00028	LARGE_LICENSE	2027-04-16	AVAILABLE	["SAFE_DRIVING", "COLD_CHAIN"]	t	2026-04-16 16:18:07.069522+09	2026-04-17 11:46:50.051974+09	128	128	\N	\N
29	c4484043-0c60-439f-add4-9b059443c13d	129	129	129	DRV029	Test Driver 29	010-3000-0029	LIC-00029	LARGE_LICENSE	2027-04-16	AVAILABLE	["SAFE_DRIVING", "GENERAL"]	t	2026-04-16 16:18:07.069522+09	2026-04-17 11:46:50.051974+09	129	129	\N	\N
30	478f962c-d8a0-451c-97a2-f239fe4aeaf9	130	130	130	DRV030	Test Driver 30	010-3000-0030	LIC-00030	LARGE_LICENSE	2027-04-16	AVAILABLE	["SAFE_DRIVING", "COLD_CHAIN"]	t	2026-04-16 16:18:07.069522+09	2026-04-17 11:46:50.051974+09	130	130	\N	\N
31	b336a5a3-8d96-4946-926e-da7ad719ad45	131	131	131	DRV031	Test Driver 31	010-3000-0031	LIC-00031	LARGE_LICENSE	2027-04-16	AVAILABLE	["SAFE_DRIVING", "GENERAL"]	t	2026-04-16 16:18:07.069522+09	2026-04-17 11:46:50.051974+09	131	131	\N	\N
32	8d85fd07-ce5d-49d1-af3c-f44517bc100b	132	132	132	DRV032	Test Driver 32	010-3000-0032	LIC-00032	LARGE_LICENSE	2027-04-16	AVAILABLE	["SAFE_DRIVING", "COLD_CHAIN"]	t	2026-04-16 16:18:07.069522+09	2026-04-17 11:46:50.051974+09	132	132	\N	\N
33	1294e6dc-6116-4099-908a-a08d14cef8ce	133	133	133	DRV033	Test Driver 33	010-3000-0033	LIC-00033	LARGE_LICENSE	2027-04-16	AVAILABLE	["SAFE_DRIVING", "GENERAL"]	t	2026-04-16 16:18:07.069522+09	2026-04-17 11:46:50.051974+09	133	133	\N	\N
34	1aad81e7-ad68-4f72-868d-b7f8e5423a0a	134	134	134	DRV034	Test Driver 34	010-3000-0034	LIC-00034	LARGE_LICENSE	2027-04-16	AVAILABLE	["SAFE_DRIVING", "COLD_CHAIN"]	t	2026-04-16 16:18:07.069522+09	2026-04-17 11:46:50.051974+09	134	134	\N	\N
35	0ac855c1-4782-42fe-b1f6-57c52234cb6e	135	135	135	DRV035	Test Driver 35	010-3000-0035	LIC-00035	LARGE_LICENSE	2027-04-16	AVAILABLE	["SAFE_DRIVING", "GENERAL"]	t	2026-04-16 16:18:07.069522+09	2026-04-17 11:46:50.051974+09	135	135	\N	\N
36	dd26ff26-f88f-4bd8-8ee2-80dab24a17b5	136	136	136	DRV036	Test Driver 36	010-3000-0036	LIC-00036	LARGE_LICENSE	2027-04-16	AVAILABLE	["SAFE_DRIVING", "COLD_CHAIN"]	t	2026-04-16 16:18:07.069522+09	2026-04-17 11:46:50.051974+09	136	136	\N	\N
37	cbcde6e3-ea57-45c7-bad0-08149222306e	137	137	137	DRV037	Test Driver 37	010-3000-0037	LIC-00037	LARGE_LICENSE	2027-04-16	AVAILABLE	["SAFE_DRIVING", "GENERAL"]	t	2026-04-16 16:18:07.069522+09	2026-04-17 11:46:50.051974+09	137	137	\N	\N
38	375c5358-9591-4d47-b922-8a8a3d44ef8a	138	138	138	DRV038	Test Driver 38	010-3000-0038	LIC-00038	LARGE_LICENSE	2027-04-16	AVAILABLE	["SAFE_DRIVING", "COLD_CHAIN"]	t	2026-04-16 16:18:07.069522+09	2026-04-17 11:46:50.051974+09	138	138	\N	\N
39	f4b8406a-dc4b-4f81-bd97-a66622dfc1c6	139	139	139	DRV039	Test Driver 39	010-3000-0039	LIC-00039	LARGE_LICENSE	2027-04-16	AVAILABLE	["SAFE_DRIVING", "GENERAL"]	t	2026-04-16 16:18:07.069522+09	2026-04-17 11:46:50.051974+09	139	139	\N	\N
40	3f3170f4-e524-463c-933c-bf05dab19537	140	140	140	DRV040	Test Driver 40	010-3000-0040	LIC-00040	LARGE_LICENSE	2027-04-16	AVAILABLE	["SAFE_DRIVING", "COLD_CHAIN"]	t	2026-04-16 16:18:07.069522+09	2026-04-17 11:46:50.051974+09	140	140	\N	\N
41	51a02c17-16c6-4ce8-992d-1817c5195ad4	141	141	141	DRV041	Test Driver 41	010-3000-0041	LIC-00041	LARGE_LICENSE	2027-04-16	AVAILABLE	["SAFE_DRIVING", "GENERAL"]	t	2026-04-16 16:18:07.069522+09	2026-04-17 11:46:50.051974+09	141	141	\N	\N
42	a48cdf09-51f2-42a5-8006-67afa3cf0e5c	142	142	142	DRV042	Test Driver 42	010-3000-0042	LIC-00042	LARGE_LICENSE	2027-04-16	AVAILABLE	["SAFE_DRIVING", "COLD_CHAIN"]	t	2026-04-16 16:18:07.069522+09	2026-04-17 11:46:50.051974+09	142	142	\N	\N
43	fb3fdf5e-2f9e-4173-ac7f-4858db987fcf	143	143	143	DRV043	Test Driver 43	010-3000-0043	LIC-00043	LARGE_LICENSE	2027-04-16	AVAILABLE	["SAFE_DRIVING", "GENERAL"]	t	2026-04-16 16:18:07.069522+09	2026-04-17 11:46:50.051974+09	143	143	\N	\N
44	846cd02c-6e51-4c9c-b2dc-bb5615311320	144	144	144	DRV044	Test Driver 44	010-3000-0044	LIC-00044	LARGE_LICENSE	2027-04-16	AVAILABLE	["SAFE_DRIVING", "COLD_CHAIN"]	t	2026-04-16 16:18:07.069522+09	2026-04-17 11:46:50.051974+09	144	144	\N	\N
45	a3caaba5-8c18-455f-8940-0774bdb27a08	145	145	145	DRV045	Test Driver 45	010-3000-0045	LIC-00045	LARGE_LICENSE	2027-04-16	AVAILABLE	["SAFE_DRIVING", "GENERAL"]	t	2026-04-16 16:18:07.069522+09	2026-04-17 11:46:50.051974+09	145	145	\N	\N
46	d140d298-54fe-4d92-bfbc-488207305b7c	146	146	146	DRV046	Test Driver 46	010-3000-0046	LIC-00046	LARGE_LICENSE	2027-04-16	AVAILABLE	["SAFE_DRIVING", "COLD_CHAIN"]	t	2026-04-16 16:18:07.069522+09	2026-04-17 11:46:50.051974+09	146	146	\N	\N
47	dbf9f9fc-4dab-449f-8320-c2e7ed73b5c6	147	147	147	DRV047	Test Driver 47	010-3000-0047	LIC-00047	LARGE_LICENSE	2027-04-16	AVAILABLE	["SAFE_DRIVING", "GENERAL"]	t	2026-04-16 16:18:07.069522+09	2026-04-17 11:46:50.051974+09	147	147	\N	\N
48	c6f67dc1-c733-4e7d-b7d4-111abdc687d1	148	148	148	DRV048	Test Driver 48	010-3000-0048	LIC-00048	LARGE_LICENSE	2027-04-16	AVAILABLE	["SAFE_DRIVING", "COLD_CHAIN"]	t	2026-04-16 16:18:07.069522+09	2026-04-17 11:46:50.051974+09	148	148	\N	\N
49	df0e64b9-2117-4aaa-90e9-f4817786f468	149	149	149	DRV049	Test Driver 49	010-3000-0049	LIC-00049	LARGE_LICENSE	2027-04-16	AVAILABLE	["SAFE_DRIVING", "GENERAL"]	t	2026-04-16 16:18:07.069522+09	2026-04-17 11:46:50.051974+09	149	149	\N	\N
50	ec8923f5-5d10-4d19-8025-963945f337e2	150	150	150	DRV050	Test Driver 50	010-3000-0050	LIC-00050	LARGE_LICENSE	2027-04-16	AVAILABLE	["SAFE_DRIVING", "COLD_CHAIN"]	t	2026-04-16 16:18:07.069522+09	2026-04-17 11:46:50.051974+09	150	150	\N	\N
51	015e8256-a888-48ee-8c18-bbced11702ce	151	151	151	DRV051	Test Driver 51	010-3000-0051	LIC-00051	LARGE_LICENSE	2027-04-16	AVAILABLE	["SAFE_DRIVING", "GENERAL"]	t	2026-04-16 16:18:07.069522+09	2026-04-17 11:46:50.051974+09	151	151	\N	\N
52	7288797a-38b1-4d18-91d0-fecc14056949	152	152	152	DRV052	Test Driver 52	010-3000-0052	LIC-00052	LARGE_LICENSE	2027-04-16	AVAILABLE	["SAFE_DRIVING", "COLD_CHAIN"]	t	2026-04-16 16:18:07.069522+09	2026-04-17 11:46:50.051974+09	152	152	\N	\N
53	515bf9c1-2f05-49ce-b81a-4e6d9badee32	153	153	153	DRV053	Test Driver 53	010-3000-0053	LIC-00053	LARGE_LICENSE	2027-04-16	AVAILABLE	["SAFE_DRIVING", "GENERAL"]	t	2026-04-16 16:18:07.069522+09	2026-04-17 11:46:50.051974+09	153	153	\N	\N
54	7cb7d302-1973-404b-8bda-7d53ad060f7f	154	154	154	DRV054	Test Driver 54	010-3000-0054	LIC-00054	LARGE_LICENSE	2027-04-16	AVAILABLE	["SAFE_DRIVING", "COLD_CHAIN"]	t	2026-04-16 16:18:07.069522+09	2026-04-17 11:46:50.051974+09	154	154	\N	\N
55	bfd46b6e-c4f6-4b46-8d5d-a9603147845e	155	155	155	DRV055	Test Driver 55	010-3000-0055	LIC-00055	LARGE_LICENSE	2027-04-16	AVAILABLE	["SAFE_DRIVING", "GENERAL"]	t	2026-04-16 16:18:07.069522+09	2026-04-17 11:46:50.051974+09	155	155	\N	\N
56	1908b306-1cd5-4d43-a824-34f76998e0d3	156	156	156	DRV056	Test Driver 56	010-3000-0056	LIC-00056	LARGE_LICENSE	2027-04-16	AVAILABLE	["SAFE_DRIVING", "COLD_CHAIN"]	t	2026-04-16 16:18:07.069522+09	2026-04-17 11:46:50.051974+09	156	156	\N	\N
57	92ea6695-b12c-4565-8674-73ab3358d111	157	157	157	DRV057	Test Driver 57	010-3000-0057	LIC-00057	LARGE_LICENSE	2027-04-16	AVAILABLE	["SAFE_DRIVING", "GENERAL"]	t	2026-04-16 16:18:07.069522+09	2026-04-17 11:46:50.051974+09	157	157	\N	\N
58	b075af6b-f3e3-4554-aef9-7c111d5937fa	158	158	158	DRV058	Test Driver 58	010-3000-0058	LIC-00058	LARGE_LICENSE	2027-04-16	AVAILABLE	["SAFE_DRIVING", "COLD_CHAIN"]	t	2026-04-16 16:18:07.069522+09	2026-04-17 11:46:50.051974+09	158	158	\N	\N
59	5efbc9fb-9215-4628-994b-80636aba035c	159	159	159	DRV059	Test Driver 59	010-3000-0059	LIC-00059	LARGE_LICENSE	2027-04-16	AVAILABLE	["SAFE_DRIVING", "GENERAL"]	t	2026-04-16 16:18:07.069522+09	2026-04-17 11:46:50.051974+09	159	159	\N	\N
60	4d55a909-794d-436c-ae83-1356ba65d844	160	160	160	DRV060	Test Driver 60	010-3000-0060	LIC-00060	LARGE_LICENSE	2027-04-16	AVAILABLE	["SAFE_DRIVING", "COLD_CHAIN"]	t	2026-04-16 16:18:07.069522+09	2026-04-17 11:46:50.051974+09	160	160	\N	\N
61	f0414e1f-522b-4f64-8e13-08fbf51c7f3d	161	161	161	DRV061	Test Driver 61	010-3000-0061	LIC-00061	LARGE_LICENSE	2027-04-16	AVAILABLE	["SAFE_DRIVING", "GENERAL"]	t	2026-04-16 16:18:07.069522+09	2026-04-17 11:46:50.051974+09	161	161	\N	\N
62	ab46a396-4982-446b-a848-aa03894b41d6	162	162	162	DRV062	Test Driver 62	010-3000-0062	LIC-00062	LARGE_LICENSE	2027-04-16	AVAILABLE	["SAFE_DRIVING", "COLD_CHAIN"]	t	2026-04-16 16:18:07.069522+09	2026-04-17 11:46:50.051974+09	162	162	\N	\N
63	5496c740-5801-44f8-8f2a-1876d48c1e04	163	163	163	DRV063	Test Driver 63	010-3000-0063	LIC-00063	LARGE_LICENSE	2027-04-16	AVAILABLE	["SAFE_DRIVING", "GENERAL"]	t	2026-04-16 16:18:07.069522+09	2026-04-17 11:46:50.051974+09	163	163	\N	\N
64	6bd3fcbc-87dc-4e57-8ad5-8bfd6225ad28	164	164	164	DRV064	Test Driver 64	010-3000-0064	LIC-00064	LARGE_LICENSE	2027-04-16	AVAILABLE	["SAFE_DRIVING", "COLD_CHAIN"]	t	2026-04-16 16:18:07.069522+09	2026-04-17 11:46:50.051974+09	164	164	\N	\N
65	8028bfcd-7bb5-46d2-a908-d6dbdc59c1c7	165	165	165	DRV065	Test Driver 65	010-3000-0065	LIC-00065	LARGE_LICENSE	2027-04-16	AVAILABLE	["SAFE_DRIVING", "GENERAL"]	t	2026-04-16 16:18:07.069522+09	2026-04-17 11:46:50.051974+09	165	165	\N	\N
66	4671dba2-0509-475d-924a-603346419ab9	166	166	166	DRV066	Test Driver 66	010-3000-0066	LIC-00066	LARGE_LICENSE	2027-04-16	AVAILABLE	["SAFE_DRIVING", "COLD_CHAIN"]	t	2026-04-16 16:18:07.069522+09	2026-04-17 11:46:50.051974+09	166	166	\N	\N
67	5af5da8f-908b-4f6f-8072-5c7af8206b76	167	167	167	DRV067	Test Driver 67	010-3000-0067	LIC-00067	LARGE_LICENSE	2027-04-16	AVAILABLE	["SAFE_DRIVING", "GENERAL"]	t	2026-04-16 16:18:07.069522+09	2026-04-17 11:46:50.051974+09	167	167	\N	\N
68	aab6e926-f681-4c15-83fd-432219911f6c	168	168	168	DRV068	Test Driver 68	010-3000-0068	LIC-00068	LARGE_LICENSE	2027-04-16	AVAILABLE	["SAFE_DRIVING", "COLD_CHAIN"]	t	2026-04-16 16:18:07.069522+09	2026-04-17 11:46:50.051974+09	168	168	\N	\N
69	3eda869d-a7a5-46ac-a157-ae6b593baa03	169	169	169	DRV069	Test Driver 69	010-3000-0069	LIC-00069	LARGE_LICENSE	2027-04-16	AVAILABLE	["SAFE_DRIVING", "GENERAL"]	t	2026-04-16 16:18:07.069522+09	2026-04-17 11:46:50.051974+09	169	169	\N	\N
70	a8e681e9-2c0c-4c89-a7e8-2d8417d4e07e	170	170	170	DRV070	Test Driver 70	010-3000-0070	LIC-00070	LARGE_LICENSE	2027-04-16	AVAILABLE	["SAFE_DRIVING", "COLD_CHAIN"]	t	2026-04-16 16:18:07.069522+09	2026-04-17 11:46:50.051974+09	170	170	\N	\N
71	8677a262-6e80-4c17-8c16-6318ef8a1996	171	171	171	DRV071	Test Driver 71	010-3000-0071	LIC-00071	LARGE_LICENSE	2027-04-16	AVAILABLE	["SAFE_DRIVING", "GENERAL"]	t	2026-04-16 16:18:07.069522+09	2026-04-17 11:46:50.051974+09	171	171	\N	\N
72	e34a7d98-9d26-4141-9d39-7fbeed2e29e4	172	172	172	DRV072	Test Driver 72	010-3000-0072	LIC-00072	LARGE_LICENSE	2027-04-16	AVAILABLE	["SAFE_DRIVING", "COLD_CHAIN"]	t	2026-04-16 16:18:07.069522+09	2026-04-17 11:46:50.051974+09	172	172	\N	\N
73	2cb673e5-7913-4a4b-9c99-1ddcc490956b	173	173	173	DRV073	Test Driver 73	010-3000-0073	LIC-00073	LARGE_LICENSE	2027-04-16	AVAILABLE	["SAFE_DRIVING", "GENERAL"]	t	2026-04-16 16:18:07.069522+09	2026-04-17 11:46:50.051974+09	173	173	\N	\N
74	70fcaa1c-a930-4b56-9a85-ce093e305a1b	174	174	174	DRV074	Test Driver 74	010-3000-0074	LIC-00074	LARGE_LICENSE	2027-04-16	AVAILABLE	["SAFE_DRIVING", "COLD_CHAIN"]	t	2026-04-16 16:18:07.069522+09	2026-04-17 11:46:50.051974+09	174	174	\N	\N
75	5af0e30a-5a2e-4062-b994-cb5f779e860f	175	175	175	DRV075	Test Driver 75	010-3000-0075	LIC-00075	LARGE_LICENSE	2027-04-16	AVAILABLE	["SAFE_DRIVING", "GENERAL"]	t	2026-04-16 16:18:07.069522+09	2026-04-17 11:46:50.051974+09	175	175	\N	\N
76	a9363a8d-d801-4574-a11d-2b7db9d69155	176	176	176	DRV076	Test Driver 76	010-3000-0076	LIC-00076	LARGE_LICENSE	2027-04-16	AVAILABLE	["SAFE_DRIVING", "COLD_CHAIN"]	t	2026-04-16 16:18:07.069522+09	2026-04-17 11:46:50.051974+09	176	176	\N	\N
77	e6eeb80c-6c0f-4f63-aa5e-5a560ef7a686	177	177	177	DRV077	Test Driver 77	010-3000-0077	LIC-00077	LARGE_LICENSE	2027-04-16	AVAILABLE	["SAFE_DRIVING", "GENERAL"]	t	2026-04-16 16:18:07.069522+09	2026-04-17 11:46:50.051974+09	177	177	\N	\N
78	3a4814f5-4461-4ad2-833c-355857ea2d6c	178	178	178	DRV078	Test Driver 78	010-3000-0078	LIC-00078	LARGE_LICENSE	2027-04-16	AVAILABLE	["SAFE_DRIVING", "COLD_CHAIN"]	t	2026-04-16 16:18:07.069522+09	2026-04-17 11:46:50.051974+09	178	178	\N	\N
79	39620179-d579-4db3-883c-51efc6ff8346	179	179	179	DRV079	Test Driver 79	010-3000-0079	LIC-00079	LARGE_LICENSE	2027-04-16	AVAILABLE	["SAFE_DRIVING", "GENERAL"]	t	2026-04-16 16:18:07.069522+09	2026-04-17 11:46:50.051974+09	179	179	\N	\N
80	179a4b0d-0083-41a6-997a-480d545af836	180	180	180	DRV080	Test Driver 80	010-3000-0080	LIC-00080	LARGE_LICENSE	2027-04-16	AVAILABLE	["SAFE_DRIVING", "COLD_CHAIN"]	t	2026-04-16 16:18:07.069522+09	2026-04-17 11:46:50.051974+09	180	180	\N	\N
81	d05c17ac-7c3a-4cdb-9fdc-01e3f9ab0f5f	181	181	181	DRV081	Test Driver 81	010-3000-0081	LIC-00081	LARGE_LICENSE	2027-04-16	AVAILABLE	["SAFE_DRIVING", "GENERAL"]	t	2026-04-16 16:18:07.069522+09	2026-04-17 11:46:50.051974+09	181	181	\N	\N
82	056d45de-e4f0-40e7-80f2-b91196ace09a	182	182	182	DRV082	Test Driver 82	010-3000-0082	LIC-00082	LARGE_LICENSE	2027-04-16	AVAILABLE	["SAFE_DRIVING", "COLD_CHAIN"]	t	2026-04-16 16:18:07.069522+09	2026-04-17 11:46:50.051974+09	182	182	\N	\N
83	c37abce4-bfe3-4b94-a576-2d31fefeecf2	183	183	183	DRV083	Test Driver 83	010-3000-0083	LIC-00083	LARGE_LICENSE	2027-04-16	AVAILABLE	["SAFE_DRIVING", "GENERAL"]	t	2026-04-16 16:18:07.069522+09	2026-04-17 11:46:50.051974+09	183	183	\N	\N
84	708901e2-fffa-41a1-a31c-31f29ea4daa7	184	184	184	DRV084	Test Driver 84	010-3000-0084	LIC-00084	LARGE_LICENSE	2027-04-16	AVAILABLE	["SAFE_DRIVING", "COLD_CHAIN"]	t	2026-04-16 16:18:07.069522+09	2026-04-17 11:46:50.051974+09	184	184	\N	\N
85	222733c3-a779-4fe9-a860-96255462406d	185	185	185	DRV085	Test Driver 85	010-3000-0085	LIC-00085	LARGE_LICENSE	2027-04-16	AVAILABLE	["SAFE_DRIVING", "GENERAL"]	t	2026-04-16 16:18:07.069522+09	2026-04-17 11:46:50.051974+09	185	185	\N	\N
1	ab4fccfa-c3d5-4a22-b9e5-38bdbec4db62	101	101	101	DRV001	Test Driver 1	010-3000-0001	LIC-00001	LARGE_LICENSE	2027-04-16	AVAILABLE	["SAFE_DRIVING", "GENERAL"]	t	2026-04-16 16:18:07.069522+09	2026-04-17 11:46:50.051974+09	101	101	\N	\N
2	df943b76-4989-41c7-9bf8-e100746f67a1	102	102	102	DRV002	Test Driver 2	010-3000-0002	LIC-00002	LARGE_LICENSE	2027-04-16	AVAILABLE	["SAFE_DRIVING", "COLD_CHAIN"]	t	2026-04-16 16:18:07.069522+09	2026-04-17 11:46:50.051974+09	102	102	\N	\N
3	d1e46b6a-686e-4ec8-9b5f-e9ffdb6eb5ba	103	103	103	DRV003	Test Driver 3	010-3000-0003	LIC-00003	LARGE_LICENSE	2027-04-16	AVAILABLE	["SAFE_DRIVING", "GENERAL"]	t	2026-04-16 16:18:07.069522+09	2026-04-17 11:46:50.051974+09	103	103	\N	\N
4	dec26124-4cab-405c-bd18-3b18b435b572	104	104	104	DRV004	Test Driver 4	010-3000-0004	LIC-00004	LARGE_LICENSE	2027-04-16	AVAILABLE	["SAFE_DRIVING", "COLD_CHAIN"]	t	2026-04-16 16:18:07.069522+09	2026-04-17 11:46:50.051974+09	104	104	\N	\N
5	90e2c339-d6bc-4cdd-9755-4a98572d6894	105	105	105	DRV005	Test Driver 5	010-3000-0005	LIC-00005	LARGE_LICENSE	2027-04-16	AVAILABLE	["SAFE_DRIVING", "GENERAL"]	t	2026-04-16 16:18:07.069522+09	2026-04-17 11:46:50.051974+09	105	105	\N	\N
6	58aa167d-2a03-44d2-a5d0-54209a9bbba7	106	106	106	DRV006	Test Driver 6	010-3000-0006	LIC-00006	LARGE_LICENSE	2027-04-16	AVAILABLE	["SAFE_DRIVING", "COLD_CHAIN"]	t	2026-04-16 16:18:07.069522+09	2026-04-17 11:46:50.051974+09	106	106	\N	\N
7	a292c1e8-40c2-4804-93ae-89c3c6cbe212	107	107	107	DRV007	Test Driver 7	010-3000-0007	LIC-00007	LARGE_LICENSE	2027-04-16	AVAILABLE	["SAFE_DRIVING", "GENERAL"]	t	2026-04-16 16:18:07.069522+09	2026-04-17 11:46:50.051974+09	107	107	\N	\N
8	50bbf6a1-7d00-403e-af45-2c674a8a2679	108	108	108	DRV008	Test Driver 8	010-3000-0008	LIC-00008	LARGE_LICENSE	2027-04-16	AVAILABLE	["SAFE_DRIVING", "COLD_CHAIN"]	t	2026-04-16 16:18:07.069522+09	2026-04-17 11:46:50.051974+09	108	108	\N	\N
9	997019e6-85b2-4ebb-ac40-f0430c0e774a	109	109	109	DRV009	Test Driver 9	010-3000-0009	LIC-00009	LARGE_LICENSE	2027-04-16	AVAILABLE	["SAFE_DRIVING", "GENERAL"]	t	2026-04-16 16:18:07.069522+09	2026-04-17 11:46:50.051974+09	109	109	\N	\N
10	426fd15f-dd1d-4763-af44-8d3835e7c8e6	110	110	110	DRV010	Test Driver 10	010-3000-0010	LIC-00010	LARGE_LICENSE	2027-04-16	AVAILABLE	["SAFE_DRIVING", "COLD_CHAIN"]	t	2026-04-16 16:18:07.069522+09	2026-04-17 11:46:50.051974+09	110	110	\N	\N
11	ef5ff398-d568-4848-9ec3-11cd19823437	111	111	111	DRV011	Test Driver 11	010-3000-0011	LIC-00011	LARGE_LICENSE	2027-04-16	AVAILABLE	["SAFE_DRIVING", "GENERAL"]	t	2026-04-16 16:18:07.069522+09	2026-04-17 11:46:50.051974+09	111	111	\N	\N
12	fb2e8a0e-0b3b-463a-87c2-b5f62dcb72f5	112	112	112	DRV012	Test Driver 12	010-3000-0012	LIC-00012	LARGE_LICENSE	2027-04-16	AVAILABLE	["SAFE_DRIVING", "COLD_CHAIN"]	t	2026-04-16 16:18:07.069522+09	2026-04-17 11:46:50.051974+09	112	112	\N	\N
13	d0433999-8fcf-41da-bebe-ed3763f8a4d1	113	113	113	DRV013	Test Driver 13	010-3000-0013	LIC-00013	LARGE_LICENSE	2027-04-16	AVAILABLE	["SAFE_DRIVING", "GENERAL"]	t	2026-04-16 16:18:07.069522+09	2026-04-17 11:46:50.051974+09	113	113	\N	\N
14	d59ae3d8-368c-4766-9de5-2588e67c657a	114	114	114	DRV014	Test Driver 14	010-3000-0014	LIC-00014	LARGE_LICENSE	2027-04-16	AVAILABLE	["SAFE_DRIVING", "COLD_CHAIN"]	t	2026-04-16 16:18:07.069522+09	2026-04-17 11:46:50.051974+09	114	114	\N	\N
15	82db5e81-70db-42e1-9fea-d7b2d878be71	115	115	115	DRV015	Test Driver 15	010-3000-0015	LIC-00015	LARGE_LICENSE	2027-04-16	AVAILABLE	["SAFE_DRIVING", "GENERAL"]	t	2026-04-16 16:18:07.069522+09	2026-04-17 11:46:50.051974+09	115	115	\N	\N
86	92cf3cd9-391e-4f4e-bd4c-8387a4987866	186	186	186	DRV086	Test Driver 86	010-3000-0086	LIC-00086	LARGE_LICENSE	2027-04-16	AVAILABLE	["SAFE_DRIVING", "COLD_CHAIN"]	t	2026-04-16 16:18:07.069522+09	2026-04-17 11:46:50.051974+09	186	186	\N	\N
87	f174cc7e-4e25-483b-8c48-2bf5e2213c7e	187	187	187	DRV087	Test Driver 87	010-3000-0087	LIC-00087	LARGE_LICENSE	2027-04-16	AVAILABLE	["SAFE_DRIVING", "GENERAL"]	t	2026-04-16 16:18:07.069522+09	2026-04-17 11:46:50.051974+09	187	187	\N	\N
88	8e1cfa04-d0d4-41e9-a191-3f2907c64b1f	188	188	188	DRV088	Test Driver 88	010-3000-0088	LIC-00088	LARGE_LICENSE	2027-04-16	AVAILABLE	["SAFE_DRIVING", "COLD_CHAIN"]	t	2026-04-16 16:18:07.069522+09	2026-04-17 11:46:50.051974+09	188	188	\N	\N
89	b76fe903-0a5a-49f2-9983-991673a2adae	189	189	189	DRV089	Test Driver 89	010-3000-0089	LIC-00089	LARGE_LICENSE	2027-04-16	AVAILABLE	["SAFE_DRIVING", "GENERAL"]	t	2026-04-16 16:18:07.069522+09	2026-04-17 11:46:50.051974+09	189	189	\N	\N
90	81715cea-270d-4d99-a24b-b0f6c5d9f858	190	190	190	DRV090	Test Driver 90	010-3000-0090	LIC-00090	LARGE_LICENSE	2027-04-16	AVAILABLE	["SAFE_DRIVING", "COLD_CHAIN"]	t	2026-04-16 16:18:07.069522+09	2026-04-17 11:46:50.051974+09	190	190	\N	\N
91	a451f61f-f739-475c-ad06-acc347d5c9fe	191	191	191	DRV091	Test Driver 91	010-3000-0091	LIC-00091	LARGE_LICENSE	2027-04-16	AVAILABLE	["SAFE_DRIVING", "GENERAL"]	t	2026-04-16 16:18:07.069522+09	2026-04-17 11:46:50.051974+09	191	191	\N	\N
92	125e3e79-316e-44a7-aece-06984f756d61	192	192	192	DRV092	Test Driver 92	010-3000-0092	LIC-00092	LARGE_LICENSE	2027-04-16	AVAILABLE	["SAFE_DRIVING", "COLD_CHAIN"]	t	2026-04-16 16:18:07.069522+09	2026-04-17 11:46:50.051974+09	192	192	\N	\N
93	209759ad-1e15-4ebc-9554-018daaccb33e	193	193	193	DRV093	Test Driver 93	010-3000-0093	LIC-00093	LARGE_LICENSE	2027-04-16	AVAILABLE	["SAFE_DRIVING", "GENERAL"]	t	2026-04-16 16:18:07.069522+09	2026-04-17 11:46:50.051974+09	193	193	\N	\N
94	31af1a00-d323-4ff7-be57-19ef025a39ea	194	194	194	DRV094	Test Driver 94	010-3000-0094	LIC-00094	LARGE_LICENSE	2027-04-16	AVAILABLE	["SAFE_DRIVING", "COLD_CHAIN"]	t	2026-04-16 16:18:07.069522+09	2026-04-17 11:46:50.051974+09	194	194	\N	\N
95	1337a052-97b8-40f3-b1a9-2e3e43345c75	195	195	195	DRV095	Test Driver 95	010-3000-0095	LIC-00095	LARGE_LICENSE	2027-04-16	AVAILABLE	["SAFE_DRIVING", "GENERAL"]	t	2026-04-16 16:18:07.069522+09	2026-04-17 11:46:50.051974+09	195	195	\N	\N
96	83c9179b-3a6e-485a-9c18-6b5cdcba794a	196	196	196	DRV096	Test Driver 96	010-3000-0096	LIC-00096	LARGE_LICENSE	2027-04-16	AVAILABLE	["SAFE_DRIVING", "COLD_CHAIN"]	t	2026-04-16 16:18:07.069522+09	2026-04-17 11:46:50.051974+09	196	196	\N	\N
97	5daaa44f-becc-489e-ba7f-a9f0a7333a29	197	197	197	DRV097	Test Driver 97	010-3000-0097	LIC-00097	LARGE_LICENSE	2027-04-16	AVAILABLE	["SAFE_DRIVING", "GENERAL"]	t	2026-04-16 16:18:07.069522+09	2026-04-17 11:46:50.051974+09	197	197	\N	\N
98	3b62d014-1083-463e-a891-73ccd5cc6712	198	198	198	DRV098	Test Driver 98	010-3000-0098	LIC-00098	LARGE_LICENSE	2027-04-16	AVAILABLE	["SAFE_DRIVING", "COLD_CHAIN"]	t	2026-04-16 16:18:07.069522+09	2026-04-17 11:46:50.051974+09	198	198	\N	\N
99	603f679c-771e-485c-85c5-48ee520ed890	199	199	199	DRV099	Test Driver 99	010-3000-0099	LIC-00099	LARGE_LICENSE	2027-04-16	AVAILABLE	["SAFE_DRIVING", "GENERAL"]	t	2026-04-16 16:18:07.069522+09	2026-04-17 11:46:50.051974+09	199	199	\N	\N
100	1a26f86f-c0b7-4889-8be6-222f19fa553b	200	200	200	DRV100	Test Driver 100	010-3000-0100	LIC-00100	LARGE_LICENSE	2027-04-16	AVAILABLE	["SAFE_DRIVING", "COLD_CHAIN"]	t	2026-04-16 16:18:07.069522+09	2026-04-17 11:46:50.051974+09	200	200	\N	\N
\.


--
-- Data for Name: locations; Type: TABLE DATA; Schema: mdm; Owner: -
--

COPY mdm.locations (location_id, location_uid, tenant_id, location_code, location_name, location_type, partner_id, address1, address2, latitude, longitude, contact_name, contact_phone, operation_hours, vehicle_restrictions, is_active, created_at, updated_at, created_by, updated_by, deleted_at, deleted_by) FROM stdin;
106	abef6880-d817-4ed8-99d1-54e5aab10790	106	LOC006	Test Location 106	DELIVERY	106	Test Address 106	Dock 106	37.5006000	127.0006000	Location Contact 106	010-2000-0006	{"weekday": "08:00-18:00"}	{"max_ton": 25}	t	2026-04-16 16:18:07.069522+09	2026-04-17 11:46:50.051974+09	106	106	\N	\N
107	ca62567c-75cf-4706-a79a-6dd74f636a1e	107	LOC007	Test Location 107	CENTER	107	Test Address 107	Dock 107	37.5007000	127.0007000	Location Contact 107	010-2000-0007	{"weekday": "08:00-18:00"}	{"max_ton": 25}	t	2026-04-16 16:18:07.069522+09	2026-04-17 11:46:50.051974+09	107	107	\N	\N
108	3f535ebb-4f1a-4432-8135-38335681f626	108	LOC008	Test Location 108	HUB	108	Test Address 108	Dock 108	37.5008000	127.0008000	Location Contact 108	010-2000-0008	{"weekday": "08:00-18:00"}	{"max_ton": 25}	t	2026-04-16 16:18:07.069522+09	2026-04-17 11:46:50.051974+09	108	108	\N	\N
109	11bb6be4-9131-4c18-b249-59b26b03c846	109	LOC009	Test Location 109	PICKUP	109	Test Address 109	Dock 109	37.5009000	127.0009000	Location Contact 109	010-2000-0009	{"weekday": "08:00-18:00"}	{"max_ton": 25}	t	2026-04-16 16:18:07.069522+09	2026-04-17 11:46:50.051974+09	109	109	\N	\N
110	4e1981f8-7cac-493e-b287-f3750cf387d5	110	LOC010	Test Location 110	DELIVERY	110	Test Address 110	Dock 110	37.5010000	127.0010000	Location Contact 110	010-2000-0010	{"weekday": "08:00-18:00"}	{"max_ton": 25}	t	2026-04-16 16:18:07.069522+09	2026-04-17 11:46:50.051974+09	110	110	\N	\N
111	5e69bc92-71df-4ce3-a13d-8b266d66ab07	111	LOC011	Test Location 111	CENTER	111	Test Address 111	Dock 111	37.5011000	127.0011000	Location Contact 111	010-2000-0011	{"weekday": "08:00-18:00"}	{"max_ton": 25}	t	2026-04-16 16:18:07.069522+09	2026-04-17 11:46:50.051974+09	111	111	\N	\N
112	38908504-e984-4d4c-9040-1c8e00f17843	112	LOC012	Test Location 112	HUB	112	Test Address 112	Dock 112	37.5012000	127.0012000	Location Contact 112	010-2000-0012	{"weekday": "08:00-18:00"}	{"max_ton": 25}	t	2026-04-16 16:18:07.069522+09	2026-04-17 11:46:50.051974+09	112	112	\N	\N
113	8693e4b0-c1cc-44fc-9413-ef87f976ff78	113	LOC013	Test Location 113	PICKUP	113	Test Address 113	Dock 113	37.5013000	127.0013000	Location Contact 113	010-2000-0013	{"weekday": "08:00-18:00"}	{"max_ton": 25}	t	2026-04-16 16:18:07.069522+09	2026-04-17 11:46:50.051974+09	113	113	\N	\N
114	07b6c43c-c885-4433-b82f-6be834336e62	114	LOC014	Test Location 114	DELIVERY	114	Test Address 114	Dock 114	37.5014000	127.0014000	Location Contact 114	010-2000-0014	{"weekday": "08:00-18:00"}	{"max_ton": 25}	t	2026-04-16 16:18:07.069522+09	2026-04-17 11:46:50.051974+09	114	114	\N	\N
115	c1cc15b9-aebb-46a5-9d99-cb8edc2541f3	115	LOC015	Test Location 115	CENTER	115	Test Address 115	Dock 115	37.5015000	127.0015000	Location Contact 115	010-2000-0015	{"weekday": "08:00-18:00"}	{"max_ton": 25}	t	2026-04-16 16:18:07.069522+09	2026-04-17 11:46:50.051974+09	115	115	\N	\N
116	7cbbdc5c-01d8-48e0-a1b4-385a7e6973f9	116	LOC016	Test Location 116	HUB	116	Test Address 116	Dock 116	37.5016000	127.0016000	Location Contact 116	010-2000-0016	{"weekday": "08:00-18:00"}	{"max_ton": 25}	t	2026-04-16 16:18:07.069522+09	2026-04-17 11:46:50.051974+09	116	116	\N	\N
117	4c68d4db-0b60-4642-9f49-619f4badae7d	117	LOC017	Test Location 117	PICKUP	117	Test Address 117	Dock 117	37.5017000	127.0017000	Location Contact 117	010-2000-0017	{"weekday": "08:00-18:00"}	{"max_ton": 25}	t	2026-04-16 16:18:07.069522+09	2026-04-17 11:46:50.051974+09	117	117	\N	\N
118	a7d45ab3-c8d0-43ba-93a5-86cb03c0f3cd	118	LOC018	Test Location 118	DELIVERY	118	Test Address 118	Dock 118	37.5018000	127.0018000	Location Contact 118	010-2000-0018	{"weekday": "08:00-18:00"}	{"max_ton": 25}	t	2026-04-16 16:18:07.069522+09	2026-04-17 11:46:50.051974+09	118	118	\N	\N
119	ad6ff796-2363-4e3b-8cb0-14119b0a16c3	119	LOC019	Test Location 119	CENTER	119	Test Address 119	Dock 119	37.5019000	127.0019000	Location Contact 119	010-2000-0019	{"weekday": "08:00-18:00"}	{"max_ton": 25}	t	2026-04-16 16:18:07.069522+09	2026-04-17 11:46:50.051974+09	119	119	\N	\N
120	ff7061ea-3ff5-47c9-9ab6-c1d7936870cf	120	LOC020	Test Location 120	HUB	120	Test Address 120	Dock 120	37.5020000	127.0020000	Location Contact 120	010-2000-0020	{"weekday": "08:00-18:00"}	{"max_ton": 25}	t	2026-04-16 16:18:07.069522+09	2026-04-17 11:46:50.051974+09	120	120	\N	\N
121	6d734113-99ff-4769-8611-cc9136d869db	121	LOC021	Test Location 121	PICKUP	121	Test Address 121	Dock 121	37.5021000	127.0021000	Location Contact 121	010-2000-0021	{"weekday": "08:00-18:00"}	{"max_ton": 25}	t	2026-04-16 16:18:07.069522+09	2026-04-17 11:46:50.051974+09	121	121	\N	\N
122	6a41ad3d-c858-458c-87a9-32db7fc3164c	122	LOC022	Test Location 122	DELIVERY	122	Test Address 122	Dock 122	37.5022000	127.0022000	Location Contact 122	010-2000-0022	{"weekday": "08:00-18:00"}	{"max_ton": 25}	t	2026-04-16 16:18:07.069522+09	2026-04-17 11:46:50.051974+09	122	122	\N	\N
123	cc2581bd-a792-4a5d-8550-f69292e38b8b	123	LOC023	Test Location 123	CENTER	123	Test Address 123	Dock 123	37.5023000	127.0023000	Location Contact 123	010-2000-0023	{"weekday": "08:00-18:00"}	{"max_ton": 25}	t	2026-04-16 16:18:07.069522+09	2026-04-17 11:46:50.051974+09	123	123	\N	\N
124	06b24a34-0453-4ea0-a488-ffff6efcd41c	124	LOC024	Test Location 124	HUB	124	Test Address 124	Dock 124	37.5024000	127.0024000	Location Contact 124	010-2000-0024	{"weekday": "08:00-18:00"}	{"max_ton": 25}	t	2026-04-16 16:18:07.069522+09	2026-04-17 11:46:50.051974+09	124	124	\N	\N
125	10836612-0c2c-4469-bf96-28dda88a94e3	125	LOC025	Test Location 125	PICKUP	125	Test Address 125	Dock 125	37.5025000	127.0025000	Location Contact 125	010-2000-0025	{"weekday": "08:00-18:00"}	{"max_ton": 25}	t	2026-04-16 16:18:07.069522+09	2026-04-17 11:46:50.051974+09	125	125	\N	\N
126	e8348764-dc23-4555-b78f-b17562f371bd	126	LOC026	Test Location 126	DELIVERY	126	Test Address 126	Dock 126	37.5026000	127.0026000	Location Contact 126	010-2000-0026	{"weekday": "08:00-18:00"}	{"max_ton": 25}	t	2026-04-16 16:18:07.069522+09	2026-04-17 11:46:50.051974+09	126	126	\N	\N
127	778fafad-1b15-4121-a00c-844a03d40b87	127	LOC027	Test Location 127	CENTER	127	Test Address 127	Dock 127	37.5027000	127.0027000	Location Contact 127	010-2000-0027	{"weekday": "08:00-18:00"}	{"max_ton": 25}	t	2026-04-16 16:18:07.069522+09	2026-04-17 11:46:50.051974+09	127	127	\N	\N
128	c826e00c-15bb-4183-9316-bd6c39059e68	128	LOC028	Test Location 128	HUB	128	Test Address 128	Dock 128	37.5028000	127.0028000	Location Contact 128	010-2000-0028	{"weekday": "08:00-18:00"}	{"max_ton": 25}	t	2026-04-16 16:18:07.069522+09	2026-04-17 11:46:50.051974+09	128	128	\N	\N
129	8ca7fcb3-1beb-471e-9156-89c4a556a09e	129	LOC029	Test Location 129	PICKUP	129	Test Address 129	Dock 129	37.5029000	127.0029000	Location Contact 129	010-2000-0029	{"weekday": "08:00-18:00"}	{"max_ton": 25}	t	2026-04-16 16:18:07.069522+09	2026-04-17 11:46:50.051974+09	129	129	\N	\N
130	d0576b26-d696-462d-b9a5-f04523131d5a	130	LOC030	Test Location 130	DELIVERY	130	Test Address 130	Dock 130	37.5030000	127.0030000	Location Contact 130	010-2000-0030	{"weekday": "08:00-18:00"}	{"max_ton": 25}	t	2026-04-16 16:18:07.069522+09	2026-04-17 11:46:50.051974+09	130	130	\N	\N
131	3aa66c13-c93d-4301-8b5c-f31f10ba9184	131	LOC031	Test Location 131	CENTER	131	Test Address 131	Dock 131	37.5031000	127.0031000	Location Contact 131	010-2000-0031	{"weekday": "08:00-18:00"}	{"max_ton": 25}	t	2026-04-16 16:18:07.069522+09	2026-04-17 11:46:50.051974+09	131	131	\N	\N
132	0b4e2a6f-097c-45be-8628-55867060c760	132	LOC032	Test Location 132	HUB	132	Test Address 132	Dock 132	37.5032000	127.0032000	Location Contact 132	010-2000-0032	{"weekday": "08:00-18:00"}	{"max_ton": 25}	t	2026-04-16 16:18:07.069522+09	2026-04-17 11:46:50.051974+09	132	132	\N	\N
133	f6650e55-d9fa-46c0-884f-df977414875b	133	LOC033	Test Location 133	PICKUP	133	Test Address 133	Dock 133	37.5033000	127.0033000	Location Contact 133	010-2000-0033	{"weekday": "08:00-18:00"}	{"max_ton": 25}	t	2026-04-16 16:18:07.069522+09	2026-04-17 11:46:50.051974+09	133	133	\N	\N
134	56ecb487-3243-4976-b620-ce937e2cc9bb	134	LOC034	Test Location 134	DELIVERY	134	Test Address 134	Dock 134	37.5034000	127.0034000	Location Contact 134	010-2000-0034	{"weekday": "08:00-18:00"}	{"max_ton": 25}	t	2026-04-16 16:18:07.069522+09	2026-04-17 11:46:50.051974+09	134	134	\N	\N
135	21be74c6-b175-4ef8-80fb-00201e32eae4	135	LOC035	Test Location 135	CENTER	135	Test Address 135	Dock 135	37.5035000	127.0035000	Location Contact 135	010-2000-0035	{"weekday": "08:00-18:00"}	{"max_ton": 25}	t	2026-04-16 16:18:07.069522+09	2026-04-17 11:46:50.051974+09	135	135	\N	\N
136	9ea07fec-4fca-49fa-af42-c03c91600d38	136	LOC036	Test Location 136	HUB	136	Test Address 136	Dock 136	37.5036000	127.0036000	Location Contact 136	010-2000-0036	{"weekday": "08:00-18:00"}	{"max_ton": 25}	t	2026-04-16 16:18:07.069522+09	2026-04-17 11:46:50.051974+09	136	136	\N	\N
137	9f9501a5-1b74-4a20-8311-73cd101ca3c1	137	LOC037	Test Location 137	PICKUP	137	Test Address 137	Dock 137	37.5037000	127.0037000	Location Contact 137	010-2000-0037	{"weekday": "08:00-18:00"}	{"max_ton": 25}	t	2026-04-16 16:18:07.069522+09	2026-04-17 11:46:50.051974+09	137	137	\N	\N
138	e9ff964d-548c-40f9-9f78-c769f4abcfc6	138	LOC038	Test Location 138	DELIVERY	138	Test Address 138	Dock 138	37.5038000	127.0038000	Location Contact 138	010-2000-0038	{"weekday": "08:00-18:00"}	{"max_ton": 25}	t	2026-04-16 16:18:07.069522+09	2026-04-17 11:46:50.051974+09	138	138	\N	\N
139	5d21964e-f762-4bc1-b181-c0d9265db3af	139	LOC039	Test Location 139	CENTER	139	Test Address 139	Dock 139	37.5039000	127.0039000	Location Contact 139	010-2000-0039	{"weekday": "08:00-18:00"}	{"max_ton": 25}	t	2026-04-16 16:18:07.069522+09	2026-04-17 11:46:50.051974+09	139	139	\N	\N
140	7bede4fc-ca6d-4f96-a7c9-a8eae8c13003	140	LOC040	Test Location 140	HUB	140	Test Address 140	Dock 140	37.5040000	127.0040000	Location Contact 140	010-2000-0040	{"weekday": "08:00-18:00"}	{"max_ton": 25}	t	2026-04-16 16:18:07.069522+09	2026-04-17 11:46:50.051974+09	140	140	\N	\N
141	af8e696e-c26b-4059-b93c-fcb1d9fa29e2	141	LOC041	Test Location 141	PICKUP	141	Test Address 141	Dock 141	37.5041000	127.0041000	Location Contact 141	010-2000-0041	{"weekday": "08:00-18:00"}	{"max_ton": 25}	t	2026-04-16 16:18:07.069522+09	2026-04-17 11:46:50.051974+09	141	141	\N	\N
142	aaec984e-f9c6-4445-82f6-61b214218669	142	LOC042	Test Location 142	DELIVERY	142	Test Address 142	Dock 142	37.5042000	127.0042000	Location Contact 142	010-2000-0042	{"weekday": "08:00-18:00"}	{"max_ton": 25}	t	2026-04-16 16:18:07.069522+09	2026-04-17 11:46:50.051974+09	142	142	\N	\N
143	719e2a6f-db10-4d28-87e6-aa349808c964	143	LOC043	Test Location 143	CENTER	143	Test Address 143	Dock 143	37.5043000	127.0043000	Location Contact 143	010-2000-0043	{"weekday": "08:00-18:00"}	{"max_ton": 25}	t	2026-04-16 16:18:07.069522+09	2026-04-17 11:46:50.051974+09	143	143	\N	\N
144	a6570a1e-b229-4a47-8ed3-18d87f7de86a	144	LOC044	Test Location 144	HUB	144	Test Address 144	Dock 144	37.5044000	127.0044000	Location Contact 144	010-2000-0044	{"weekday": "08:00-18:00"}	{"max_ton": 25}	t	2026-04-16 16:18:07.069522+09	2026-04-17 11:46:50.051974+09	144	144	\N	\N
145	46c70871-259b-4d72-b7da-568e3049d104	145	LOC045	Test Location 145	PICKUP	145	Test Address 145	Dock 145	37.5045000	127.0045000	Location Contact 145	010-2000-0045	{"weekday": "08:00-18:00"}	{"max_ton": 25}	t	2026-04-16 16:18:07.069522+09	2026-04-17 11:46:50.051974+09	145	145	\N	\N
146	62a1760e-e9f0-4755-b3cb-6e0c8dbca58a	146	LOC046	Test Location 146	DELIVERY	146	Test Address 146	Dock 146	37.5046000	127.0046000	Location Contact 146	010-2000-0046	{"weekday": "08:00-18:00"}	{"max_ton": 25}	t	2026-04-16 16:18:07.069522+09	2026-04-17 11:46:50.051974+09	146	146	\N	\N
147	05d8eecb-3a7f-4c6c-837e-3386b4e2fc48	147	LOC047	Test Location 147	CENTER	147	Test Address 147	Dock 147	37.5047000	127.0047000	Location Contact 147	010-2000-0047	{"weekday": "08:00-18:00"}	{"max_ton": 25}	t	2026-04-16 16:18:07.069522+09	2026-04-17 11:46:50.051974+09	147	147	\N	\N
148	3515f5db-ce3d-4083-a964-813cd833ed91	148	LOC048	Test Location 148	HUB	148	Test Address 148	Dock 148	37.5048000	127.0048000	Location Contact 148	010-2000-0048	{"weekday": "08:00-18:00"}	{"max_ton": 25}	t	2026-04-16 16:18:07.069522+09	2026-04-17 11:46:50.051974+09	148	148	\N	\N
149	aefd6a88-d00e-4952-a1ae-e8566a24e090	149	LOC049	Test Location 149	PICKUP	149	Test Address 149	Dock 149	37.5049000	127.0049000	Location Contact 149	010-2000-0049	{"weekday": "08:00-18:00"}	{"max_ton": 25}	t	2026-04-16 16:18:07.069522+09	2026-04-17 11:46:50.051974+09	149	149	\N	\N
150	6b7632e5-8824-4a7f-b93c-7755a99a902a	150	LOC050	Test Location 150	DELIVERY	150	Test Address 150	Dock 150	37.5050000	127.0050000	Location Contact 150	010-2000-0050	{"weekday": "08:00-18:00"}	{"max_ton": 25}	t	2026-04-16 16:18:07.069522+09	2026-04-17 11:46:50.051974+09	150	150	\N	\N
151	917d893e-6369-4668-8a2b-bab0a6fe0f67	151	LOC051	Test Location 151	CENTER	151	Test Address 151	Dock 151	37.5051000	127.0051000	Location Contact 151	010-2000-0051	{"weekday": "08:00-18:00"}	{"max_ton": 25}	t	2026-04-16 16:18:07.069522+09	2026-04-17 11:46:50.051974+09	151	151	\N	\N
152	4523e83a-c02c-41a1-955a-cb4263db9370	152	LOC052	Test Location 152	HUB	152	Test Address 152	Dock 152	37.5052000	127.0052000	Location Contact 152	010-2000-0052	{"weekday": "08:00-18:00"}	{"max_ton": 25}	t	2026-04-16 16:18:07.069522+09	2026-04-17 11:46:50.051974+09	152	152	\N	\N
153	1e737337-15a9-4f5f-9634-9ca2ed087127	153	LOC053	Test Location 153	PICKUP	153	Test Address 153	Dock 153	37.5053000	127.0053000	Location Contact 153	010-2000-0053	{"weekday": "08:00-18:00"}	{"max_ton": 25}	t	2026-04-16 16:18:07.069522+09	2026-04-17 11:46:50.051974+09	153	153	\N	\N
154	957e46fc-113e-4209-a484-1ba2e444ce4f	154	LOC054	Test Location 154	DELIVERY	154	Test Address 154	Dock 154	37.5054000	127.0054000	Location Contact 154	010-2000-0054	{"weekday": "08:00-18:00"}	{"max_ton": 25}	t	2026-04-16 16:18:07.069522+09	2026-04-17 11:46:50.051974+09	154	154	\N	\N
155	86fbd04c-f755-4076-9845-2a7cc67df462	155	LOC055	Test Location 155	CENTER	155	Test Address 155	Dock 155	37.5055000	127.0055000	Location Contact 155	010-2000-0055	{"weekday": "08:00-18:00"}	{"max_ton": 25}	t	2026-04-16 16:18:07.069522+09	2026-04-17 11:46:50.051974+09	155	155	\N	\N
156	e4e8eace-5bf7-439e-91a5-288450465fd8	156	LOC056	Test Location 156	HUB	156	Test Address 156	Dock 156	37.5056000	127.0056000	Location Contact 156	010-2000-0056	{"weekday": "08:00-18:00"}	{"max_ton": 25}	t	2026-04-16 16:18:07.069522+09	2026-04-17 11:46:50.051974+09	156	156	\N	\N
157	a3488339-1636-4860-a9c0-f3d73ac1b01b	157	LOC057	Test Location 157	PICKUP	157	Test Address 157	Dock 157	37.5057000	127.0057000	Location Contact 157	010-2000-0057	{"weekday": "08:00-18:00"}	{"max_ton": 25}	t	2026-04-16 16:18:07.069522+09	2026-04-17 11:46:50.051974+09	157	157	\N	\N
158	8ab59d89-becf-431d-b556-5497365e3aae	158	LOC058	Test Location 158	DELIVERY	158	Test Address 158	Dock 158	37.5058000	127.0058000	Location Contact 158	010-2000-0058	{"weekday": "08:00-18:00"}	{"max_ton": 25}	t	2026-04-16 16:18:07.069522+09	2026-04-17 11:46:50.051974+09	158	158	\N	\N
159	f32ff306-ac0a-4936-9981-909e1f12fdd2	159	LOC059	Test Location 159	CENTER	159	Test Address 159	Dock 159	37.5059000	127.0059000	Location Contact 159	010-2000-0059	{"weekday": "08:00-18:00"}	{"max_ton": 25}	t	2026-04-16 16:18:07.069522+09	2026-04-17 11:46:50.051974+09	159	159	\N	\N
160	f4bf9a3e-5806-47c6-89ef-82679e3f47bc	160	LOC060	Test Location 160	HUB	160	Test Address 160	Dock 160	37.5060000	127.0060000	Location Contact 160	010-2000-0060	{"weekday": "08:00-18:00"}	{"max_ton": 25}	t	2026-04-16 16:18:07.069522+09	2026-04-17 11:46:50.051974+09	160	160	\N	\N
161	f9406263-4f57-47a9-a60c-0910f11c84d1	161	LOC061	Test Location 161	PICKUP	161	Test Address 161	Dock 161	37.5061000	127.0061000	Location Contact 161	010-2000-0061	{"weekday": "08:00-18:00"}	{"max_ton": 25}	t	2026-04-16 16:18:07.069522+09	2026-04-17 11:46:50.051974+09	161	161	\N	\N
162	afc7cc4a-2c7e-4fd5-9047-8f10215cad4d	162	LOC062	Test Location 162	DELIVERY	162	Test Address 162	Dock 162	37.5062000	127.0062000	Location Contact 162	010-2000-0062	{"weekday": "08:00-18:00"}	{"max_ton": 25}	t	2026-04-16 16:18:07.069522+09	2026-04-17 11:46:50.051974+09	162	162	\N	\N
163	15b1a5c9-7cae-4e28-9fc5-d92a17ec100a	163	LOC063	Test Location 163	CENTER	163	Test Address 163	Dock 163	37.5063000	127.0063000	Location Contact 163	010-2000-0063	{"weekday": "08:00-18:00"}	{"max_ton": 25}	t	2026-04-16 16:18:07.069522+09	2026-04-17 11:46:50.051974+09	163	163	\N	\N
164	27800c13-bf23-4ddb-aa5d-d8d010103703	164	LOC064	Test Location 164	HUB	164	Test Address 164	Dock 164	37.5064000	127.0064000	Location Contact 164	010-2000-0064	{"weekday": "08:00-18:00"}	{"max_ton": 25}	t	2026-04-16 16:18:07.069522+09	2026-04-17 11:46:50.051974+09	164	164	\N	\N
165	eaae31ab-11b6-48c1-a3df-a3e091f29fa6	165	LOC065	Test Location 165	PICKUP	165	Test Address 165	Dock 165	37.5065000	127.0065000	Location Contact 165	010-2000-0065	{"weekday": "08:00-18:00"}	{"max_ton": 25}	t	2026-04-16 16:18:07.069522+09	2026-04-17 11:46:50.051974+09	165	165	\N	\N
166	b89d0fe6-426b-4dad-b921-16d5bf78d7c2	166	LOC066	Test Location 166	DELIVERY	166	Test Address 166	Dock 166	37.5066000	127.0066000	Location Contact 166	010-2000-0066	{"weekday": "08:00-18:00"}	{"max_ton": 25}	t	2026-04-16 16:18:07.069522+09	2026-04-17 11:46:50.051974+09	166	166	\N	\N
167	e04a038a-5e84-400c-ba10-c9a7bf87d1dd	167	LOC067	Test Location 167	CENTER	167	Test Address 167	Dock 167	37.5067000	127.0067000	Location Contact 167	010-2000-0067	{"weekday": "08:00-18:00"}	{"max_ton": 25}	t	2026-04-16 16:18:07.069522+09	2026-04-17 11:46:50.051974+09	167	167	\N	\N
168	45a4860d-7b37-4393-a724-2cbbddade6ab	168	LOC068	Test Location 168	HUB	168	Test Address 168	Dock 168	37.5068000	127.0068000	Location Contact 168	010-2000-0068	{"weekday": "08:00-18:00"}	{"max_ton": 25}	t	2026-04-16 16:18:07.069522+09	2026-04-17 11:46:50.051974+09	168	168	\N	\N
169	48fae766-f590-443f-9f53-0a9baf72638e	169	LOC069	Test Location 169	PICKUP	169	Test Address 169	Dock 169	37.5069000	127.0069000	Location Contact 169	010-2000-0069	{"weekday": "08:00-18:00"}	{"max_ton": 25}	t	2026-04-16 16:18:07.069522+09	2026-04-17 11:46:50.051974+09	169	169	\N	\N
171	99574329-36e6-49b6-bf7c-1da02159765b	171	LOC071	Test Location 171	CENTER	171	Test Address 171	Dock 171	37.5071000	127.0071000	Location Contact 171	010-2000-0071	{"weekday": "08:00-18:00"}	{"max_ton": 25}	t	2026-04-16 16:18:07.069522+09	2026-04-17 11:46:50.051974+09	171	171	\N	\N
172	28679e7d-9b39-4654-99c0-6a32f679adbf	172	LOC072	Test Location 172	HUB	172	Test Address 172	Dock 172	37.5072000	127.0072000	Location Contact 172	010-2000-0072	{"weekday": "08:00-18:00"}	{"max_ton": 25}	t	2026-04-16 16:18:07.069522+09	2026-04-17 11:46:50.051974+09	172	172	\N	\N
173	d264827e-dfda-4bfa-b264-ac38290ce109	173	LOC073	Test Location 173	PICKUP	173	Test Address 173	Dock 173	37.5073000	127.0073000	Location Contact 173	010-2000-0073	{"weekday": "08:00-18:00"}	{"max_ton": 25}	t	2026-04-16 16:18:07.069522+09	2026-04-17 11:46:50.051974+09	173	173	\N	\N
174	99a17915-90f5-4b24-82a1-b1a40937333e	174	LOC074	Test Location 174	DELIVERY	174	Test Address 174	Dock 174	37.5074000	127.0074000	Location Contact 174	010-2000-0074	{"weekday": "08:00-18:00"}	{"max_ton": 25}	t	2026-04-16 16:18:07.069522+09	2026-04-17 11:46:50.051974+09	174	174	\N	\N
175	ccc37ecd-6f75-4752-a036-76afa86bfd7d	175	LOC075	Test Location 175	CENTER	175	Test Address 175	Dock 175	37.5075000	127.0075000	Location Contact 175	010-2000-0075	{"weekday": "08:00-18:00"}	{"max_ton": 25}	t	2026-04-16 16:18:07.069522+09	2026-04-17 11:46:50.051974+09	175	175	\N	\N
176	fb3d7ad4-a6a0-4e4e-bb4d-932b35c4daac	176	LOC076	Test Location 176	HUB	176	Test Address 176	Dock 176	37.5076000	127.0076000	Location Contact 176	010-2000-0076	{"weekday": "08:00-18:00"}	{"max_ton": 25}	t	2026-04-16 16:18:07.069522+09	2026-04-17 11:46:50.051974+09	176	176	\N	\N
177	2300eeec-ea74-48f7-87c0-1e2f04e95ca2	177	LOC077	Test Location 177	PICKUP	177	Test Address 177	Dock 177	37.5077000	127.0077000	Location Contact 177	010-2000-0077	{"weekday": "08:00-18:00"}	{"max_ton": 25}	t	2026-04-16 16:18:07.069522+09	2026-04-17 11:46:50.051974+09	177	177	\N	\N
178	72e85a8b-5c94-43a3-bf29-0d3cb4b5af0a	178	LOC078	Test Location 178	DELIVERY	178	Test Address 178	Dock 178	37.5078000	127.0078000	Location Contact 178	010-2000-0078	{"weekday": "08:00-18:00"}	{"max_ton": 25}	t	2026-04-16 16:18:07.069522+09	2026-04-17 11:46:50.051974+09	178	178	\N	\N
179	84763281-65e8-48fb-9b08-a5b5d607c6f9	179	LOC079	Test Location 179	CENTER	179	Test Address 179	Dock 179	37.5079000	127.0079000	Location Contact 179	010-2000-0079	{"weekday": "08:00-18:00"}	{"max_ton": 25}	t	2026-04-16 16:18:07.069522+09	2026-04-17 11:46:50.051974+09	179	179	\N	\N
180	03522517-ed21-4ccf-aae2-9456080564e7	180	LOC080	Test Location 180	HUB	180	Test Address 180	Dock 180	37.5080000	127.0080000	Location Contact 180	010-2000-0080	{"weekday": "08:00-18:00"}	{"max_ton": 25}	t	2026-04-16 16:18:07.069522+09	2026-04-17 11:46:50.051974+09	180	180	\N	\N
181	6168f9f7-e29e-45c8-b188-61f27b71e99b	181	LOC081	Test Location 181	PICKUP	181	Test Address 181	Dock 181	37.5081000	127.0081000	Location Contact 181	010-2000-0081	{"weekday": "08:00-18:00"}	{"max_ton": 25}	t	2026-04-16 16:18:07.069522+09	2026-04-17 11:46:50.051974+09	181	181	\N	\N
182	9f575c13-c759-4207-9cdc-07c9d88167c8	182	LOC082	Test Location 182	DELIVERY	182	Test Address 182	Dock 182	37.5082000	127.0082000	Location Contact 182	010-2000-0082	{"weekday": "08:00-18:00"}	{"max_ton": 25}	t	2026-04-16 16:18:07.069522+09	2026-04-17 11:46:50.051974+09	182	182	\N	\N
183	10d15fa6-c7f8-4928-9fdb-ac114d95a92e	183	LOC083	Test Location 183	CENTER	183	Test Address 183	Dock 183	37.5083000	127.0083000	Location Contact 183	010-2000-0083	{"weekday": "08:00-18:00"}	{"max_ton": 25}	t	2026-04-16 16:18:07.069522+09	2026-04-17 11:46:50.051974+09	183	183	\N	\N
184	579bf5af-7262-45af-b1a5-ff75594ee25a	184	LOC084	Test Location 184	HUB	184	Test Address 184	Dock 184	37.5084000	127.0084000	Location Contact 184	010-2000-0084	{"weekday": "08:00-18:00"}	{"max_ton": 25}	t	2026-04-16 16:18:07.069522+09	2026-04-17 11:46:50.051974+09	184	184	\N	\N
185	2f09bc12-8c4a-4e7d-be98-da37672b04b0	185	LOC085	Test Location 185	PICKUP	185	Test Address 185	Dock 185	37.5085000	127.0085000	Location Contact 185	010-2000-0085	{"weekday": "08:00-18:00"}	{"max_ton": 25}	t	2026-04-16 16:18:07.069522+09	2026-04-17 11:46:50.051974+09	185	185	\N	\N
186	3526943b-83d7-420c-915e-4389dcc77b2c	186	LOC086	Test Location 186	DELIVERY	186	Test Address 186	Dock 186	37.5086000	127.0086000	Location Contact 186	010-2000-0086	{"weekday": "08:00-18:00"}	{"max_ton": 25}	t	2026-04-16 16:18:07.069522+09	2026-04-17 11:46:50.051974+09	186	186	\N	\N
187	c3e7800a-0d92-4008-8bce-66defdc339f0	187	LOC087	Test Location 187	CENTER	187	Test Address 187	Dock 187	37.5087000	127.0087000	Location Contact 187	010-2000-0087	{"weekday": "08:00-18:00"}	{"max_ton": 25}	t	2026-04-16 16:18:07.069522+09	2026-04-17 11:46:50.051974+09	187	187	\N	\N
188	e54ccd19-8329-423b-a0c1-9203a60e656d	188	LOC088	Test Location 188	HUB	188	Test Address 188	Dock 188	37.5088000	127.0088000	Location Contact 188	010-2000-0088	{"weekday": "08:00-18:00"}	{"max_ton": 25}	t	2026-04-16 16:18:07.069522+09	2026-04-17 11:46:50.051974+09	188	188	\N	\N
189	f9a14ded-a0bf-4db3-95f5-da343ba99917	189	LOC089	Test Location 189	PICKUP	189	Test Address 189	Dock 189	37.5089000	127.0089000	Location Contact 189	010-2000-0089	{"weekday": "08:00-18:00"}	{"max_ton": 25}	t	2026-04-16 16:18:07.069522+09	2026-04-17 11:46:50.051974+09	189	189	\N	\N
190	8d9fc161-ffb1-4cdf-b9ef-2d6304ff4191	190	LOC090	Test Location 190	DELIVERY	190	Test Address 190	Dock 190	37.5090000	127.0090000	Location Contact 190	010-2000-0090	{"weekday": "08:00-18:00"}	{"max_ton": 25}	t	2026-04-16 16:18:07.069522+09	2026-04-17 11:46:50.051974+09	190	190	\N	\N
191	16ec8d99-72a8-44b2-a1ed-c7353d9b1289	191	LOC091	Test Location 191	CENTER	191	Test Address 191	Dock 191	37.5091000	127.0091000	Location Contact 191	010-2000-0091	{"weekday": "08:00-18:00"}	{"max_ton": 25}	t	2026-04-16 16:18:07.069522+09	2026-04-17 11:46:50.051974+09	191	191	\N	\N
192	a2bba90f-9262-4ede-b509-f8d42f41a4b6	192	LOC092	Test Location 192	HUB	192	Test Address 192	Dock 192	37.5092000	127.0092000	Location Contact 192	010-2000-0092	{"weekday": "08:00-18:00"}	{"max_ton": 25}	t	2026-04-16 16:18:07.069522+09	2026-04-17 11:46:50.051974+09	192	192	\N	\N
193	73e6b44a-91b0-4e48-abac-07d2d48cf05f	193	LOC093	Test Location 193	PICKUP	193	Test Address 193	Dock 193	37.5093000	127.0093000	Location Contact 193	010-2000-0093	{"weekday": "08:00-18:00"}	{"max_ton": 25}	t	2026-04-16 16:18:07.069522+09	2026-04-17 11:46:50.051974+09	193	193	\N	\N
101	18ce6267-be4d-4596-87d6-a318838de5a5	101	LOC001	Test Location 101	PICKUP	101	Test Address 101	Dock 101	37.5001000	127.0001000	Location Contact 101	010-2000-0001	{"weekday": "08:00-18:00"}	{"max_ton": 25}	t	2026-04-16 16:18:07.069522+09	2026-04-17 11:46:50.051974+09	101	101	\N	\N
102	ef605c71-fa57-44b1-9c0d-48e97fec21e7	102	LOC002	Test Location 102	DELIVERY	102	Test Address 102	Dock 102	37.5002000	127.0002000	Location Contact 102	010-2000-0002	{"weekday": "08:00-18:00"}	{"max_ton": 25}	t	2026-04-16 16:18:07.069522+09	2026-04-17 11:46:50.051974+09	102	102	\N	\N
103	b246f764-8578-4e88-b5e1-0e54d3e04ada	103	LOC003	Test Location 103	CENTER	103	Test Address 103	Dock 103	37.5003000	127.0003000	Location Contact 103	010-2000-0003	{"weekday": "08:00-18:00"}	{"max_ton": 25}	t	2026-04-16 16:18:07.069522+09	2026-04-17 11:46:50.051974+09	103	103	\N	\N
104	f8f48607-8d92-42ab-96ce-9ddd52edaf34	104	LOC004	Test Location 104	HUB	104	Test Address 104	Dock 104	37.5004000	127.0004000	Location Contact 104	010-2000-0004	{"weekday": "08:00-18:00"}	{"max_ton": 25}	t	2026-04-16 16:18:07.069522+09	2026-04-17 11:46:50.051974+09	104	104	\N	\N
105	b6b2d8b4-cb41-4ee5-bbc8-4b76e8819418	105	LOC005	Test Location 105	PICKUP	105	Test Address 105	Dock 105	37.5005000	127.0005000	Location Contact 105	010-2000-0005	{"weekday": "08:00-18:00"}	{"max_ton": 25}	t	2026-04-16 16:18:07.069522+09	2026-04-17 11:46:50.051974+09	105	105	\N	\N
194	0d3e6feb-01af-4595-80aa-3c30cbc82f5f	194	LOC094	Test Location 194	DELIVERY	194	Test Address 194	Dock 194	37.5094000	127.0094000	Location Contact 194	010-2000-0094	{"weekday": "08:00-18:00"}	{"max_ton": 25}	t	2026-04-16 16:18:07.069522+09	2026-04-17 11:46:50.051974+09	194	194	\N	\N
195	f3de7763-e670-466e-a63e-5f71b435d67e	195	LOC095	Test Location 195	CENTER	195	Test Address 195	Dock 195	37.5095000	127.0095000	Location Contact 195	010-2000-0095	{"weekday": "08:00-18:00"}	{"max_ton": 25}	t	2026-04-16 16:18:07.069522+09	2026-04-17 11:46:50.051974+09	195	195	\N	\N
196	aad54345-2281-4082-9cac-3845006bab2d	196	LOC096	Test Location 196	HUB	196	Test Address 196	Dock 196	37.5096000	127.0096000	Location Contact 196	010-2000-0096	{"weekday": "08:00-18:00"}	{"max_ton": 25}	t	2026-04-16 16:18:07.069522+09	2026-04-17 11:46:50.051974+09	196	196	\N	\N
197	107098e4-118f-4768-8115-4927dc8a5420	197	LOC097	Test Location 197	PICKUP	197	Test Address 197	Dock 197	37.5097000	127.0097000	Location Contact 197	010-2000-0097	{"weekday": "08:00-18:00"}	{"max_ton": 25}	t	2026-04-16 16:18:07.069522+09	2026-04-17 11:46:50.051974+09	197	197	\N	\N
198	d68cd398-993c-443f-bf7c-644d0bc6a0b1	198	LOC098	Test Location 198	DELIVERY	198	Test Address 198	Dock 198	37.5098000	127.0098000	Location Contact 198	010-2000-0098	{"weekday": "08:00-18:00"}	{"max_ton": 25}	t	2026-04-16 16:18:07.069522+09	2026-04-17 11:46:50.051974+09	198	198	\N	\N
199	f612d548-f701-4bc0-8134-04bdcd6c4f9d	199	LOC099	Test Location 199	CENTER	199	Test Address 199	Dock 199	37.5099000	127.0099000	Location Contact 199	010-2000-0099	{"weekday": "08:00-18:00"}	{"max_ton": 25}	t	2026-04-16 16:18:07.069522+09	2026-04-17 11:46:50.051974+09	199	199	\N	\N
200	33a25704-ff9d-4a4c-835d-1ee718eb4416	200	LOC100	Test Location 200	HUB	200	Test Address 200	Dock 200	37.5100000	127.0100000	Location Contact 200	010-2000-0100	{"weekday": "08:00-18:00"}	{"max_ton": 25}	t	2026-04-16 16:18:07.069522+09	2026-04-17 11:46:50.051974+09	200	200	\N	\N
170	5f13d122-c51b-40a1-a8bf-4b2d965b4339	170	LOC070	Test Location 170	DELIVERY	170	Test Address 170	Dock 170	37.5070000	127.0070000	Location Contact 170	010-2000-0070	{"weekday": "08:00-18:00"}	{"max_ton": 25}	t	2026-04-16 16:18:07.069522+09	2026-04-17 11:46:50.051974+09	170	170	\N	\N
\.


--
-- Data for Name: vehicles; Type: TABLE DATA; Schema: mdm; Owner: -
--

COPY mdm.vehicles (vehicle_id, vehicle_uid, tenant_id, carrier_id, vehicle_no, vehicle_type, ton_class, max_weight_kg, max_volume_cbm, pallet_capacity, has_lift, temperature_min_c, temperature_max_c, status_code, insurance_expired_on, is_active, created_at, updated_at, created_by, updated_by, deleted_at, deleted_by) FROM stdin;
101	847bea58-d5d3-4cfb-8956-a0df680fd8f3	101	101	TEST-0001	WING	2.50	1100.000	11.000	5	f	\N	\N	AVAILABLE	2027-04-16	t	2026-04-16 16:18:07.069522+09	2026-04-17 11:46:50.051974+09	101	101	\N	\N
102	f00e1885-5c61-4c98-a1c2-e8df836a0173	102	102	TEST-0002	CARGO	5.00	1200.000	12.000	6	t	\N	\N	AVAILABLE	2027-04-16	t	2026-04-16 16:18:07.069522+09	2026-04-17 11:46:50.051974+09	102	102	\N	\N
103	8c9deb7c-258a-4b3b-bcdc-0c4492ef5b51	103	103	TEST-0003	TOP	11.00	1300.000	13.000	7	f	\N	\N	AVAILABLE	2027-04-16	t	2026-04-16 16:18:07.069522+09	2026-04-17 11:46:50.051974+09	103	103	\N	\N
104	908ebfee-f52b-4847-a67f-88528617cf29	104	104	TEST-0004	REFRIGERATED	1.00	1400.000	14.000	8	t	-20.00	10.00	AVAILABLE	2027-04-16	t	2026-04-16 16:18:07.069522+09	2026-04-17 11:46:50.051974+09	104	104	\N	\N
105	43a75e41-b643-478f-83f3-6d3cdbc92644	105	105	TEST-0005	WING	2.50	1500.000	15.000	9	f	\N	\N	AVAILABLE	2027-04-16	t	2026-04-16 16:18:07.069522+09	2026-04-17 11:46:50.051974+09	105	105	\N	\N
106	bf7fa750-2e19-4509-9344-5d2c5f01cc51	106	106	TEST-0006	CARGO	5.00	1600.000	16.000	10	t	\N	\N	AVAILABLE	2027-04-16	t	2026-04-16 16:18:07.069522+09	2026-04-17 11:46:50.051974+09	106	106	\N	\N
107	e396e70b-76a5-40c9-918b-101dad166431	107	107	TEST-0007	TOP	11.00	1700.000	17.000	11	f	\N	\N	AVAILABLE	2027-04-16	t	2026-04-16 16:18:07.069522+09	2026-04-17 11:46:50.051974+09	107	107	\N	\N
108	1a09ef2f-b85b-4fe8-923a-9bb8b903d8f5	108	108	TEST-0008	REFRIGERATED	1.00	1800.000	18.000	12	t	-20.00	10.00	AVAILABLE	2027-04-16	t	2026-04-16 16:18:07.069522+09	2026-04-17 11:46:50.051974+09	108	108	\N	\N
109	fb387f97-3dce-4715-ad81-deea3f4e27ba	109	109	TEST-0009	WING	2.50	1900.000	19.000	13	f	\N	\N	AVAILABLE	2027-04-16	t	2026-04-16 16:18:07.069522+09	2026-04-17 11:46:50.051974+09	109	109	\N	\N
110	a263c2ce-afa3-400d-91bc-0a9a590e49e1	110	110	TEST-0010	CARGO	5.00	2000.000	20.000	14	t	\N	\N	AVAILABLE	2027-04-16	t	2026-04-16 16:18:07.069522+09	2026-04-17 11:46:50.051974+09	110	110	\N	\N
111	fdd7910e-f2f9-4965-84ee-68a7b9fc1e6c	111	111	TEST-0011	TOP	11.00	2100.000	21.000	15	f	\N	\N	AVAILABLE	2027-04-16	t	2026-04-16 16:18:07.069522+09	2026-04-17 11:46:50.051974+09	111	111	\N	\N
112	81e4c51c-c5f6-4f19-add2-29094b4ac72c	112	112	TEST-0012	REFRIGERATED	1.00	2200.000	22.000	16	t	-20.00	10.00	AVAILABLE	2027-04-16	t	2026-04-16 16:18:07.069522+09	2026-04-17 11:46:50.051974+09	112	112	\N	\N
113	047f0fa2-91ea-42ec-a886-a2f5073f0fae	113	113	TEST-0013	WING	2.50	2300.000	23.000	17	f	\N	\N	AVAILABLE	2027-04-16	t	2026-04-16 16:18:07.069522+09	2026-04-17 11:46:50.051974+09	113	113	\N	\N
114	cc735dab-01a0-4e00-a87e-d3d2083d868d	114	114	TEST-0014	CARGO	5.00	2400.000	24.000	18	t	\N	\N	AVAILABLE	2027-04-16	t	2026-04-16 16:18:07.069522+09	2026-04-17 11:46:50.051974+09	114	114	\N	\N
115	8d54011a-ce11-49c0-9c34-402b05ce80d8	115	115	TEST-0015	TOP	11.00	2500.000	25.000	19	f	\N	\N	AVAILABLE	2027-04-16	t	2026-04-16 16:18:07.069522+09	2026-04-17 11:46:50.051974+09	115	115	\N	\N
116	49e9e3b0-7488-41ff-8683-bc1e0b27574e	116	116	TEST-0016	REFRIGERATED	1.00	2600.000	26.000	20	t	-20.00	10.00	AVAILABLE	2027-04-16	t	2026-04-16 16:18:07.069522+09	2026-04-17 11:46:50.051974+09	116	116	\N	\N
117	be28ccdd-633c-48bf-a308-9f28a95f2cb2	117	117	TEST-0017	WING	2.50	2700.000	27.000	21	f	\N	\N	AVAILABLE	2027-04-16	t	2026-04-16 16:18:07.069522+09	2026-04-17 11:46:50.051974+09	117	117	\N	\N
118	082c7125-d288-4a78-b46e-578e9a53c8e1	118	118	TEST-0018	CARGO	5.00	2800.000	28.000	22	t	\N	\N	AVAILABLE	2027-04-16	t	2026-04-16 16:18:07.069522+09	2026-04-17 11:46:50.051974+09	118	118	\N	\N
119	3f0ce83a-79b9-49e6-a4e0-b90b77f7b006	119	119	TEST-0019	TOP	11.00	2900.000	29.000	23	f	\N	\N	AVAILABLE	2027-04-16	t	2026-04-16 16:18:07.069522+09	2026-04-17 11:46:50.051974+09	119	119	\N	\N
120	ceec4b47-5d9e-44eb-bfcf-68fbb517059f	120	120	TEST-0020	REFRIGERATED	1.00	3000.000	30.000	4	t	-20.00	10.00	AVAILABLE	2027-04-16	t	2026-04-16 16:18:07.069522+09	2026-04-17 11:46:50.051974+09	120	120	\N	\N
121	fd18cfba-a4a6-4edd-b14f-1f45ded563d2	121	121	TEST-0021	WING	2.50	3100.000	31.000	5	f	\N	\N	AVAILABLE	2027-04-16	t	2026-04-16 16:18:07.069522+09	2026-04-17 11:46:50.051974+09	121	121	\N	\N
122	3f21c46f-360e-4034-8095-a6c031ecac75	122	122	TEST-0022	CARGO	5.00	3200.000	32.000	6	t	\N	\N	AVAILABLE	2027-04-16	t	2026-04-16 16:18:07.069522+09	2026-04-17 11:46:50.051974+09	122	122	\N	\N
123	16891dd2-0137-4d78-b90d-34f7ad243728	123	123	TEST-0023	TOP	11.00	3300.000	33.000	7	f	\N	\N	AVAILABLE	2027-04-16	t	2026-04-16 16:18:07.069522+09	2026-04-17 11:46:50.051974+09	123	123	\N	\N
124	4d89d64b-466c-4b6c-8de1-996a1a05c525	124	124	TEST-0024	REFRIGERATED	1.00	3400.000	34.000	8	t	-20.00	10.00	AVAILABLE	2027-04-16	t	2026-04-16 16:18:07.069522+09	2026-04-17 11:46:50.051974+09	124	124	\N	\N
125	fdd5f25b-bcf6-464c-9131-d667394987be	125	125	TEST-0025	WING	2.50	3500.000	35.000	9	f	\N	\N	AVAILABLE	2027-04-16	t	2026-04-16 16:18:07.069522+09	2026-04-17 11:46:50.051974+09	125	125	\N	\N
126	21bfa248-bbf9-4c30-bc2c-0482346c3c70	126	126	TEST-0026	CARGO	5.00	3600.000	36.000	10	t	\N	\N	AVAILABLE	2027-04-16	t	2026-04-16 16:18:07.069522+09	2026-04-17 11:46:50.051974+09	126	126	\N	\N
127	3d3cda73-684a-4739-ab4a-4cb19475f93c	127	127	TEST-0027	TOP	11.00	3700.000	37.000	11	f	\N	\N	AVAILABLE	2027-04-16	t	2026-04-16 16:18:07.069522+09	2026-04-17 11:46:50.051974+09	127	127	\N	\N
128	4796d63b-739e-4252-8e6e-1b0c65913b43	128	128	TEST-0028	REFRIGERATED	1.00	3800.000	38.000	12	t	-20.00	10.00	AVAILABLE	2027-04-16	t	2026-04-16 16:18:07.069522+09	2026-04-17 11:46:50.051974+09	128	128	\N	\N
129	21064dbb-42bf-4dac-8625-9fc68e6d953d	129	129	TEST-0029	WING	2.50	3900.000	39.000	13	f	\N	\N	AVAILABLE	2027-04-16	t	2026-04-16 16:18:07.069522+09	2026-04-17 11:46:50.051974+09	129	129	\N	\N
130	d7d15b60-8da5-4605-bdbd-02551142e7d6	130	130	TEST-0030	CARGO	5.00	4000.000	40.000	14	t	\N	\N	AVAILABLE	2027-04-16	t	2026-04-16 16:18:07.069522+09	2026-04-17 11:46:50.051974+09	130	130	\N	\N
131	2567b052-f94f-4dd6-93ea-bfc23c57a550	131	131	TEST-0031	TOP	11.00	4100.000	41.000	15	f	\N	\N	AVAILABLE	2027-04-16	t	2026-04-16 16:18:07.069522+09	2026-04-17 11:46:50.051974+09	131	131	\N	\N
132	6508c7fd-9b2d-4423-99ba-c7bd28d1f818	132	132	TEST-0032	REFRIGERATED	1.00	4200.000	42.000	16	t	-20.00	10.00	AVAILABLE	2027-04-16	t	2026-04-16 16:18:07.069522+09	2026-04-17 11:46:50.051974+09	132	132	\N	\N
133	67451127-414a-45c1-b0dd-1bd0153f12c0	133	133	TEST-0033	WING	2.50	4300.000	43.000	17	f	\N	\N	AVAILABLE	2027-04-16	t	2026-04-16 16:18:07.069522+09	2026-04-17 11:46:50.051974+09	133	133	\N	\N
134	5e6cd513-4a5b-4be6-afec-0061bce9bacd	134	134	TEST-0034	CARGO	5.00	4400.000	44.000	18	t	\N	\N	AVAILABLE	2027-04-16	t	2026-04-16 16:18:07.069522+09	2026-04-17 11:46:50.051974+09	134	134	\N	\N
135	b6e6bb87-4a24-4a0d-afb4-e373a94b5de9	135	135	TEST-0035	TOP	11.00	4500.000	45.000	19	f	\N	\N	AVAILABLE	2027-04-16	t	2026-04-16 16:18:07.069522+09	2026-04-17 11:46:50.051974+09	135	135	\N	\N
136	1b2cb8ef-dc39-42b1-a1b8-0aca30e00a0e	136	136	TEST-0036	REFRIGERATED	1.00	4600.000	46.000	20	t	-20.00	10.00	AVAILABLE	2027-04-16	t	2026-04-16 16:18:07.069522+09	2026-04-17 11:46:50.051974+09	136	136	\N	\N
137	0650ea94-3318-4aa3-91cd-991d317e3c08	137	137	TEST-0037	WING	2.50	4700.000	47.000	21	f	\N	\N	AVAILABLE	2027-04-16	t	2026-04-16 16:18:07.069522+09	2026-04-17 11:46:50.051974+09	137	137	\N	\N
138	0914e601-ae30-4c26-8d28-3a915a38604d	138	138	TEST-0038	CARGO	5.00	4800.000	48.000	22	t	\N	\N	AVAILABLE	2027-04-16	t	2026-04-16 16:18:07.069522+09	2026-04-17 11:46:50.051974+09	138	138	\N	\N
139	ded257e4-2134-48b6-a064-cab77fff4316	139	139	TEST-0039	TOP	11.00	4900.000	49.000	23	f	\N	\N	AVAILABLE	2027-04-16	t	2026-04-16 16:18:07.069522+09	2026-04-17 11:46:50.051974+09	139	139	\N	\N
140	3fb37931-4818-4aa6-8b85-4e3e8910ecfd	140	140	TEST-0040	REFRIGERATED	1.00	5000.000	50.000	4	t	-20.00	10.00	AVAILABLE	2027-04-16	t	2026-04-16 16:18:07.069522+09	2026-04-17 11:46:50.051974+09	140	140	\N	\N
141	b416cf2f-26f4-430d-9f54-1bcd6b1ca16e	141	141	TEST-0041	WING	2.50	5100.000	51.000	5	f	\N	\N	AVAILABLE	2027-04-16	t	2026-04-16 16:18:07.069522+09	2026-04-17 11:46:50.051974+09	141	141	\N	\N
142	e0dc2024-d861-4e2d-8fac-078eefb1fd76	142	142	TEST-0042	CARGO	5.00	5200.000	52.000	6	t	\N	\N	AVAILABLE	2027-04-16	t	2026-04-16 16:18:07.069522+09	2026-04-17 11:46:50.051974+09	142	142	\N	\N
143	378c1702-fc28-4741-bc0c-375845df91cb	143	143	TEST-0043	TOP	11.00	5300.000	53.000	7	f	\N	\N	AVAILABLE	2027-04-16	t	2026-04-16 16:18:07.069522+09	2026-04-17 11:46:50.051974+09	143	143	\N	\N
144	4d41ac55-39c6-4f68-af7a-d2f86288684c	144	144	TEST-0044	REFRIGERATED	1.00	5400.000	54.000	8	t	-20.00	10.00	AVAILABLE	2027-04-16	t	2026-04-16 16:18:07.069522+09	2026-04-17 11:46:50.051974+09	144	144	\N	\N
145	02815926-7cb5-417c-a735-8102b2d6eb22	145	145	TEST-0045	WING	2.50	5500.000	55.000	9	f	\N	\N	AVAILABLE	2027-04-16	t	2026-04-16 16:18:07.069522+09	2026-04-17 11:46:50.051974+09	145	145	\N	\N
146	5bb7236c-9e97-4650-9324-5c244f4a3b0b	146	146	TEST-0046	CARGO	5.00	5600.000	56.000	10	t	\N	\N	AVAILABLE	2027-04-16	t	2026-04-16 16:18:07.069522+09	2026-04-17 11:46:50.051974+09	146	146	\N	\N
147	f6b88a29-5f49-4c74-bc8e-ff4d35201121	147	147	TEST-0047	TOP	11.00	5700.000	57.000	11	f	\N	\N	AVAILABLE	2027-04-16	t	2026-04-16 16:18:07.069522+09	2026-04-17 11:46:50.051974+09	147	147	\N	\N
148	69b6ff0e-8eed-455b-961c-99d250499fe4	148	148	TEST-0048	REFRIGERATED	1.00	5800.000	58.000	12	t	-20.00	10.00	AVAILABLE	2027-04-16	t	2026-04-16 16:18:07.069522+09	2026-04-17 11:46:50.051974+09	148	148	\N	\N
149	f535d75d-f99c-474b-9108-80e243e0a987	149	149	TEST-0049	WING	2.50	5900.000	59.000	13	f	\N	\N	AVAILABLE	2027-04-16	t	2026-04-16 16:18:07.069522+09	2026-04-17 11:46:50.051974+09	149	149	\N	\N
150	b9b0dcb9-5c96-441d-b9cb-1cf51a6a8002	150	150	TEST-0050	CARGO	5.00	6000.000	60.000	14	t	\N	\N	AVAILABLE	2027-04-16	t	2026-04-16 16:18:07.069522+09	2026-04-17 11:46:50.051974+09	150	150	\N	\N
151	44200168-eaa2-4fe5-9eb5-022731156c4b	151	151	TEST-0051	TOP	11.00	6100.000	61.000	15	f	\N	\N	AVAILABLE	2027-04-16	t	2026-04-16 16:18:07.069522+09	2026-04-17 11:46:50.051974+09	151	151	\N	\N
152	f04f9495-0072-435b-8509-3ec2b9f66050	152	152	TEST-0052	REFRIGERATED	1.00	6200.000	62.000	16	t	-20.00	10.00	AVAILABLE	2027-04-16	t	2026-04-16 16:18:07.069522+09	2026-04-17 11:46:50.051974+09	152	152	\N	\N
153	b3c9f104-131e-4cba-ac61-79e2d3f81b4c	153	153	TEST-0053	WING	2.50	6300.000	63.000	17	f	\N	\N	AVAILABLE	2027-04-16	t	2026-04-16 16:18:07.069522+09	2026-04-17 11:46:50.051974+09	153	153	\N	\N
154	8a82064d-9222-4aae-88d7-952f8e8f3ba5	154	154	TEST-0054	CARGO	5.00	6400.000	64.000	18	t	\N	\N	AVAILABLE	2027-04-16	t	2026-04-16 16:18:07.069522+09	2026-04-17 11:46:50.051974+09	154	154	\N	\N
155	0e8415de-d8d9-49ef-a391-80bb87c4b946	155	155	TEST-0055	TOP	11.00	6500.000	65.000	19	f	\N	\N	AVAILABLE	2027-04-16	t	2026-04-16 16:18:07.069522+09	2026-04-17 11:46:50.051974+09	155	155	\N	\N
156	63a1302c-da22-4107-ae02-c42ab2668398	156	156	TEST-0056	REFRIGERATED	1.00	6600.000	66.000	20	t	-20.00	10.00	AVAILABLE	2027-04-16	t	2026-04-16 16:18:07.069522+09	2026-04-17 11:46:50.051974+09	156	156	\N	\N
157	346ef8e5-4297-42de-be2f-a14ac709a6bf	157	157	TEST-0057	WING	2.50	6700.000	67.000	21	f	\N	\N	AVAILABLE	2027-04-16	t	2026-04-16 16:18:07.069522+09	2026-04-17 11:46:50.051974+09	157	157	\N	\N
158	5b71fdb6-ec3f-4c61-9bb6-06641fcdb74a	158	158	TEST-0058	CARGO	5.00	6800.000	68.000	22	t	\N	\N	AVAILABLE	2027-04-16	t	2026-04-16 16:18:07.069522+09	2026-04-17 11:46:50.051974+09	158	158	\N	\N
159	b61a5cfa-9b25-4eea-ba4a-21cdd8bb88f2	159	159	TEST-0059	TOP	11.00	6900.000	69.000	23	f	\N	\N	AVAILABLE	2027-04-16	t	2026-04-16 16:18:07.069522+09	2026-04-17 11:46:50.051974+09	159	159	\N	\N
160	0f1d0fc6-71be-4d78-b7d2-11c37e321af1	160	160	TEST-0060	REFRIGERATED	1.00	7000.000	70.000	4	t	-20.00	10.00	AVAILABLE	2027-04-16	t	2026-04-16 16:18:07.069522+09	2026-04-17 11:46:50.051974+09	160	160	\N	\N
161	c472df4f-1386-4d14-935b-84098a5da997	161	161	TEST-0061	WING	2.50	7100.000	71.000	5	f	\N	\N	AVAILABLE	2027-04-16	t	2026-04-16 16:18:07.069522+09	2026-04-17 11:46:50.051974+09	161	161	\N	\N
162	48f87d88-c347-4505-8ef1-673a132ff8fc	162	162	TEST-0062	CARGO	5.00	7200.000	72.000	6	t	\N	\N	AVAILABLE	2027-04-16	t	2026-04-16 16:18:07.069522+09	2026-04-17 11:46:50.051974+09	162	162	\N	\N
163	73bc5842-cb2a-450b-9e18-65655278b3d5	163	163	TEST-0063	TOP	11.00	7300.000	73.000	7	f	\N	\N	AVAILABLE	2027-04-16	t	2026-04-16 16:18:07.069522+09	2026-04-17 11:46:50.051974+09	163	163	\N	\N
164	a4d7177d-d0e1-421e-8182-6f6d1ae4e794	164	164	TEST-0064	REFRIGERATED	1.00	7400.000	74.000	8	t	-20.00	10.00	AVAILABLE	2027-04-16	t	2026-04-16 16:18:07.069522+09	2026-04-17 11:46:50.051974+09	164	164	\N	\N
165	73b192aa-07c2-4e96-8ccc-d7562b16e61a	165	165	TEST-0065	WING	2.50	7500.000	75.000	9	f	\N	\N	AVAILABLE	2027-04-16	t	2026-04-16 16:18:07.069522+09	2026-04-17 11:46:50.051974+09	165	165	\N	\N
166	c9667cc7-0faf-46d5-bc70-a2ea5b5fbfe3	166	166	TEST-0066	CARGO	5.00	7600.000	76.000	10	t	\N	\N	AVAILABLE	2027-04-16	t	2026-04-16 16:18:07.069522+09	2026-04-17 11:46:50.051974+09	166	166	\N	\N
167	6201a20f-8a9e-4889-9eac-7775ae186466	167	167	TEST-0067	TOP	11.00	7700.000	77.000	11	f	\N	\N	AVAILABLE	2027-04-16	t	2026-04-16 16:18:07.069522+09	2026-04-17 11:46:50.051974+09	167	167	\N	\N
168	2c09abde-61b0-4b4b-adcb-73905f6badf7	168	168	TEST-0068	REFRIGERATED	1.00	7800.000	78.000	12	t	-20.00	10.00	AVAILABLE	2027-04-16	t	2026-04-16 16:18:07.069522+09	2026-04-17 11:46:50.051974+09	168	168	\N	\N
169	cacb6344-063f-41ce-8cad-eb02b6ca7d52	169	169	TEST-0069	WING	2.50	7900.000	79.000	13	f	\N	\N	AVAILABLE	2027-04-16	t	2026-04-16 16:18:07.069522+09	2026-04-17 11:46:50.051974+09	169	169	\N	\N
170	f828708f-a418-4fb7-931e-6936ee701af8	170	170	TEST-0070	CARGO	5.00	8000.000	80.000	14	t	\N	\N	AVAILABLE	2027-04-16	t	2026-04-16 16:18:07.069522+09	2026-04-17 11:46:50.051974+09	170	170	\N	\N
171	7707245c-2d3a-4270-bdfa-cf8fa5e6eebe	171	171	TEST-0071	TOP	11.00	8100.000	81.000	15	f	\N	\N	AVAILABLE	2027-04-16	t	2026-04-16 16:18:07.069522+09	2026-04-17 11:46:50.051974+09	171	171	\N	\N
172	a5ad1aa2-797e-44a8-a8a3-67d95d97bcfb	172	172	TEST-0072	REFRIGERATED	1.00	8200.000	82.000	16	t	-20.00	10.00	AVAILABLE	2027-04-16	t	2026-04-16 16:18:07.069522+09	2026-04-17 11:46:50.051974+09	172	172	\N	\N
173	9fe287b3-c11c-433c-a09f-d52a05711cfb	173	173	TEST-0073	WING	2.50	8300.000	83.000	17	f	\N	\N	AVAILABLE	2027-04-16	t	2026-04-16 16:18:07.069522+09	2026-04-17 11:46:50.051974+09	173	173	\N	\N
174	6d828811-b18d-4769-9d1d-f0bd2e30ea1a	174	174	TEST-0074	CARGO	5.00	8400.000	84.000	18	t	\N	\N	AVAILABLE	2027-04-16	t	2026-04-16 16:18:07.069522+09	2026-04-17 11:46:50.051974+09	174	174	\N	\N
175	f6b0dc2f-3c0e-491a-829e-d47ebb3068fb	175	175	TEST-0075	TOP	11.00	8500.000	85.000	19	f	\N	\N	AVAILABLE	2027-04-16	t	2026-04-16 16:18:07.069522+09	2026-04-17 11:46:50.051974+09	175	175	\N	\N
176	d5db91ba-7cd6-4422-816b-83b56ce6da6f	176	176	TEST-0076	REFRIGERATED	1.00	8600.000	86.000	20	t	-20.00	10.00	AVAILABLE	2027-04-16	t	2026-04-16 16:18:07.069522+09	2026-04-17 11:46:50.051974+09	176	176	\N	\N
177	44b11657-5b0e-449c-84f2-9fb4489bad8e	177	177	TEST-0077	WING	2.50	8700.000	87.000	21	f	\N	\N	AVAILABLE	2027-04-16	t	2026-04-16 16:18:07.069522+09	2026-04-17 11:46:50.051974+09	177	177	\N	\N
178	e8c4e119-aa9e-4620-b979-dc27e69e9388	178	178	TEST-0078	CARGO	5.00	8800.000	88.000	22	t	\N	\N	AVAILABLE	2027-04-16	t	2026-04-16 16:18:07.069522+09	2026-04-17 11:46:50.051974+09	178	178	\N	\N
179	2ace1b2c-9169-42e5-b585-55fa020d581f	179	179	TEST-0079	TOP	11.00	8900.000	89.000	23	f	\N	\N	AVAILABLE	2027-04-16	t	2026-04-16 16:18:07.069522+09	2026-04-17 11:46:50.051974+09	179	179	\N	\N
180	adb382a2-9f93-46c6-a98d-7f29df7823bc	180	180	TEST-0080	REFRIGERATED	1.00	9000.000	90.000	4	t	-20.00	10.00	AVAILABLE	2027-04-16	t	2026-04-16 16:18:07.069522+09	2026-04-17 11:46:50.051974+09	180	180	\N	\N
181	21fc84cb-dd2f-441d-be87-2e5cc1abb8ea	181	181	TEST-0081	WING	2.50	9100.000	91.000	5	f	\N	\N	AVAILABLE	2027-04-16	t	2026-04-16 16:18:07.069522+09	2026-04-17 11:46:50.051974+09	181	181	\N	\N
182	3fc751f1-8ee4-465e-88bf-f2097360ec82	182	182	TEST-0082	CARGO	5.00	9200.000	92.000	6	t	\N	\N	AVAILABLE	2027-04-16	t	2026-04-16 16:18:07.069522+09	2026-04-17 11:46:50.051974+09	182	182	\N	\N
183	6c239de7-7cd3-47e5-9d94-f88b45ceb724	183	183	TEST-0083	TOP	11.00	9300.000	93.000	7	f	\N	\N	AVAILABLE	2027-04-16	t	2026-04-16 16:18:07.069522+09	2026-04-17 11:46:50.051974+09	183	183	\N	\N
184	63c3b441-2768-45b5-b148-d78b65b0a102	184	184	TEST-0084	REFRIGERATED	1.00	9400.000	94.000	8	t	-20.00	10.00	AVAILABLE	2027-04-16	t	2026-04-16 16:18:07.069522+09	2026-04-17 11:46:50.051974+09	184	184	\N	\N
185	911eee99-e262-41b9-88c6-b203db415d99	185	185	TEST-0085	WING	2.50	9500.000	95.000	9	f	\N	\N	AVAILABLE	2027-04-16	t	2026-04-16 16:18:07.069522+09	2026-04-17 11:46:50.051974+09	185	185	\N	\N
186	867881f5-4af3-4a8a-91ea-d5b4aeac54a3	186	186	TEST-0086	CARGO	5.00	9600.000	96.000	10	t	\N	\N	AVAILABLE	2027-04-16	t	2026-04-16 16:18:07.069522+09	2026-04-17 11:46:50.051974+09	186	186	\N	\N
187	58bad726-aa3d-464b-826d-e979fbe87fd7	187	187	TEST-0087	TOP	11.00	9700.000	97.000	11	f	\N	\N	AVAILABLE	2027-04-16	t	2026-04-16 16:18:07.069522+09	2026-04-17 11:46:50.051974+09	187	187	\N	\N
188	cfea4b8b-6836-4b1f-9f91-b2077a42f4c4	188	188	TEST-0088	REFRIGERATED	1.00	9800.000	98.000	12	t	-20.00	10.00	AVAILABLE	2027-04-16	t	2026-04-16 16:18:07.069522+09	2026-04-17 11:46:50.051974+09	188	188	\N	\N
189	5a14d6fa-35bf-4452-8b89-2bf6a253bc5a	189	189	TEST-0089	WING	2.50	9900.000	99.000	13	f	\N	\N	AVAILABLE	2027-04-16	t	2026-04-16 16:18:07.069522+09	2026-04-17 11:46:50.051974+09	189	189	\N	\N
190	3b866be1-8bba-4b02-be20-01cbb15d8046	190	190	TEST-0090	CARGO	5.00	10000.000	100.000	14	t	\N	\N	AVAILABLE	2027-04-16	t	2026-04-16 16:18:07.069522+09	2026-04-17 11:46:50.051974+09	190	190	\N	\N
191	ae0c8037-1831-4691-8de1-3187a030b30b	191	191	TEST-0091	TOP	11.00	10100.000	101.000	15	f	\N	\N	AVAILABLE	2027-04-16	t	2026-04-16 16:18:07.069522+09	2026-04-17 11:46:50.051974+09	191	191	\N	\N
192	ff92fd49-0079-46d1-adb6-babfd81e8ad0	192	192	TEST-0092	REFRIGERATED	1.00	10200.000	102.000	16	t	-20.00	10.00	AVAILABLE	2027-04-16	t	2026-04-16 16:18:07.069522+09	2026-04-17 11:46:50.051974+09	192	192	\N	\N
193	a916da1b-bbe2-4883-bf93-4f5ededbdc77	193	193	TEST-0093	WING	2.50	10300.000	103.000	17	f	\N	\N	AVAILABLE	2027-04-16	t	2026-04-16 16:18:07.069522+09	2026-04-17 11:46:50.051974+09	193	193	\N	\N
194	52a96e1a-18ca-4175-b2d6-75656dc6ca35	194	194	TEST-0094	CARGO	5.00	10400.000	104.000	18	t	\N	\N	AVAILABLE	2027-04-16	t	2026-04-16 16:18:07.069522+09	2026-04-17 11:46:50.051974+09	194	194	\N	\N
195	367520e1-c630-48ab-a5a8-389b65406b4d	195	195	TEST-0095	TOP	11.00	10500.000	105.000	19	f	\N	\N	AVAILABLE	2027-04-16	t	2026-04-16 16:18:07.069522+09	2026-04-17 11:46:50.051974+09	195	195	\N	\N
196	dc61b91a-0ad8-4776-9baa-8af47a99480f	196	196	TEST-0096	REFRIGERATED	1.00	10600.000	106.000	20	t	-20.00	10.00	AVAILABLE	2027-04-16	t	2026-04-16 16:18:07.069522+09	2026-04-17 11:46:50.051974+09	196	196	\N	\N
197	b03e0266-1f4d-44ff-95a3-78319d1b2954	197	197	TEST-0097	WING	2.50	10700.000	107.000	21	f	\N	\N	AVAILABLE	2027-04-16	t	2026-04-16 16:18:07.069522+09	2026-04-17 11:46:50.051974+09	197	197	\N	\N
198	c7eb70b5-fc33-4fe5-9dcb-9f0dcf18adc5	198	198	TEST-0098	CARGO	5.00	10800.000	108.000	22	t	\N	\N	AVAILABLE	2027-04-16	t	2026-04-16 16:18:07.069522+09	2026-04-17 11:46:50.051974+09	198	198	\N	\N
199	8d222661-2b47-48e5-8afd-9bec7e4bdc5d	199	199	TEST-0099	TOP	11.00	10900.000	109.000	23	f	\N	\N	AVAILABLE	2027-04-16	t	2026-04-16 16:18:07.069522+09	2026-04-17 11:46:50.051974+09	199	199	\N	\N
200	1988d319-cd86-4451-907a-8345e3a2eb85	200	200	TEST-0100	REFRIGERATED	1.00	11000.000	110.000	4	t	-20.00	10.00	AVAILABLE	2027-04-16	t	2026-04-16 16:18:07.069522+09	2026-04-17 11:46:50.051974+09	200	200	\N	\N
\.


--
-- Data for Name: order_attachments; Type: TABLE DATA; Schema: ord; Owner: -
--

COPY ord.order_attachments (order_attachment_id, order_attachment_uid, tenant_id, order_id, file_name, file_url, file_type, uploaded_by, uploaded_at, is_active, created_at, created_by, updated_at, updated_by, deleted_at, deleted_by) FROM stdin;
1	b97bdd62-2d3c-444c-854a-d7f95951d363	101	1	order_000001.pdf	https://files.example.test/orders/000001.pdf	PDF	101	2026-04-16 16:18:07.069522+09	t	2026-04-17 11:41:57.024596+09	101	2026-04-17 11:46:50.051974+09	101	\N	\N
2	9cde49ac-ba2c-491a-a156-df1af904bef1	102	2	order_000002.pdf	https://files.example.test/orders/000002.pdf	PDF	102	2026-04-16 16:18:07.069522+09	t	2026-04-17 11:41:57.024596+09	102	2026-04-17 11:46:50.051974+09	102	\N	\N
3	2d9ed576-fc0c-42cd-b3dd-55d98b468691	103	3	order_000003.pdf	https://files.example.test/orders/000003.pdf	PDF	103	2026-04-16 16:18:07.069522+09	t	2026-04-17 11:41:57.024596+09	103	2026-04-17 11:46:50.051974+09	103	\N	\N
4	8ec3887f-c7c2-4176-9e64-927d2e7e7555	104	4	order_000004.pdf	https://files.example.test/orders/000004.pdf	PDF	104	2026-04-16 16:18:07.069522+09	t	2026-04-17 11:41:57.024596+09	104	2026-04-17 11:46:50.051974+09	104	\N	\N
5	5d26cc57-8298-4b23-b328-33d79e755031	105	5	order_000005.pdf	https://files.example.test/orders/000005.pdf	PDF	105	2026-04-16 16:18:07.069522+09	t	2026-04-17 11:41:57.024596+09	105	2026-04-17 11:46:50.051974+09	105	\N	\N
6	17de8ec0-cac5-485c-a527-37897d424387	106	6	order_000006.pdf	https://files.example.test/orders/000006.pdf	PDF	106	2026-04-16 16:18:07.069522+09	t	2026-04-17 11:41:57.024596+09	106	2026-04-17 11:46:50.051974+09	106	\N	\N
7	57458d00-f815-41d0-b149-ee2ba8d7e14a	107	7	order_000007.pdf	https://files.example.test/orders/000007.pdf	PDF	107	2026-04-16 16:18:07.069522+09	t	2026-04-17 11:41:57.024596+09	107	2026-04-17 11:46:50.051974+09	107	\N	\N
8	faa81342-d179-4d2f-8015-eafd3cf49cb9	108	8	order_000008.pdf	https://files.example.test/orders/000008.pdf	PDF	108	2026-04-16 16:18:07.069522+09	t	2026-04-17 11:41:57.024596+09	108	2026-04-17 11:46:50.051974+09	108	\N	\N
9	27e00df9-b077-414c-bf1e-77bf52f34ef8	109	9	order_000009.pdf	https://files.example.test/orders/000009.pdf	PDF	109	2026-04-16 16:18:07.069522+09	t	2026-04-17 11:41:57.024596+09	109	2026-04-17 11:46:50.051974+09	109	\N	\N
10	4ff81ded-6b20-46e1-8278-a2c788a315c2	110	10	order_000010.pdf	https://files.example.test/orders/000010.pdf	PDF	110	2026-04-16 16:18:07.069522+09	t	2026-04-17 11:41:57.024596+09	110	2026-04-17 11:46:50.051974+09	110	\N	\N
11	c8606f96-e35c-4d69-b3d4-38f33d634a94	111	11	order_000011.pdf	https://files.example.test/orders/000011.pdf	PDF	111	2026-04-16 16:18:07.069522+09	t	2026-04-17 11:41:57.024596+09	111	2026-04-17 11:46:50.051974+09	111	\N	\N
12	4b78e78f-736a-42cb-b330-81b0b6734aee	112	12	order_000012.pdf	https://files.example.test/orders/000012.pdf	PDF	112	2026-04-16 16:18:07.069522+09	t	2026-04-17 11:41:57.024596+09	112	2026-04-17 11:46:50.051974+09	112	\N	\N
13	a2c11f1e-5b74-4d86-a336-27c8c5006795	113	13	order_000013.pdf	https://files.example.test/orders/000013.pdf	PDF	113	2026-04-16 16:18:07.069522+09	t	2026-04-17 11:41:57.024596+09	113	2026-04-17 11:46:50.051974+09	113	\N	\N
14	4180494d-c5d8-4fd0-82e3-de27f5760c4b	114	14	order_000014.pdf	https://files.example.test/orders/000014.pdf	PDF	114	2026-04-16 16:18:07.069522+09	t	2026-04-17 11:41:57.024596+09	114	2026-04-17 11:46:50.051974+09	114	\N	\N
15	07c7e06c-0454-4cb1-b79c-0b890e6ad4d6	115	15	order_000015.pdf	https://files.example.test/orders/000015.pdf	PDF	115	2026-04-16 16:18:07.069522+09	t	2026-04-17 11:41:57.024596+09	115	2026-04-17 11:46:50.051974+09	115	\N	\N
16	19e300bb-2c0c-409a-b2fc-41f22c1752f6	116	16	order_000016.pdf	https://files.example.test/orders/000016.pdf	PDF	116	2026-04-16 16:18:07.069522+09	t	2026-04-17 11:41:57.024596+09	116	2026-04-17 11:46:50.051974+09	116	\N	\N
17	1ae85c7d-dcb0-4be4-820d-93ff55021a0c	117	17	order_000017.pdf	https://files.example.test/orders/000017.pdf	PDF	117	2026-04-16 16:18:07.069522+09	t	2026-04-17 11:41:57.024596+09	117	2026-04-17 11:46:50.051974+09	117	\N	\N
18	b91bf12c-7c35-4a97-90df-804232d40aba	118	18	order_000018.pdf	https://files.example.test/orders/000018.pdf	PDF	118	2026-04-16 16:18:07.069522+09	t	2026-04-17 11:41:57.024596+09	118	2026-04-17 11:46:50.051974+09	118	\N	\N
19	2d552244-f08a-43f2-b80c-2591202d18fa	119	19	order_000019.pdf	https://files.example.test/orders/000019.pdf	PDF	119	2026-04-16 16:18:07.069522+09	t	2026-04-17 11:41:57.024596+09	119	2026-04-17 11:46:50.051974+09	119	\N	\N
20	cb361882-61be-4d53-b2aa-499e0ed79066	120	20	order_000020.pdf	https://files.example.test/orders/000020.pdf	PDF	120	2026-04-16 16:18:07.069522+09	t	2026-04-17 11:41:57.024596+09	120	2026-04-17 11:46:50.051974+09	120	\N	\N
21	2db857a5-8526-4ae9-a2bc-ebb834a5f984	121	21	order_000021.pdf	https://files.example.test/orders/000021.pdf	PDF	121	2026-04-16 16:18:07.069522+09	t	2026-04-17 11:41:57.024596+09	121	2026-04-17 11:46:50.051974+09	121	\N	\N
22	96e954c9-2a9d-4e3d-921b-de71b1525494	122	22	order_000022.pdf	https://files.example.test/orders/000022.pdf	PDF	122	2026-04-16 16:18:07.069522+09	t	2026-04-17 11:41:57.024596+09	122	2026-04-17 11:46:50.051974+09	122	\N	\N
23	97ebe42d-73d6-4d04-8e55-32a48e7f22af	123	23	order_000023.pdf	https://files.example.test/orders/000023.pdf	PDF	123	2026-04-16 16:18:07.069522+09	t	2026-04-17 11:41:57.024596+09	123	2026-04-17 11:46:50.051974+09	123	\N	\N
24	a03b0ee9-1c0e-425a-94bd-633a4553a266	124	24	order_000024.pdf	https://files.example.test/orders/000024.pdf	PDF	124	2026-04-16 16:18:07.069522+09	t	2026-04-17 11:41:57.024596+09	124	2026-04-17 11:46:50.051974+09	124	\N	\N
25	82ebf7cc-9367-4f17-8296-f5e079fe9c2e	125	25	order_000025.pdf	https://files.example.test/orders/000025.pdf	PDF	125	2026-04-16 16:18:07.069522+09	t	2026-04-17 11:41:57.024596+09	125	2026-04-17 11:46:50.051974+09	125	\N	\N
26	375e8a04-35ca-45a5-b530-1bf5b97347df	126	26	order_000026.pdf	https://files.example.test/orders/000026.pdf	PDF	126	2026-04-16 16:18:07.069522+09	t	2026-04-17 11:41:57.024596+09	126	2026-04-17 11:46:50.051974+09	126	\N	\N
27	4a00f4a0-b996-4242-af81-28e6d0e11e74	127	27	order_000027.pdf	https://files.example.test/orders/000027.pdf	PDF	127	2026-04-16 16:18:07.069522+09	t	2026-04-17 11:41:57.024596+09	127	2026-04-17 11:46:50.051974+09	127	\N	\N
28	3b0e7bc0-3df2-45ab-9ad8-78f26111a8da	128	28	order_000028.pdf	https://files.example.test/orders/000028.pdf	PDF	128	2026-04-16 16:18:07.069522+09	t	2026-04-17 11:41:57.024596+09	128	2026-04-17 11:46:50.051974+09	128	\N	\N
29	53c036ce-ce0b-47e1-9a87-07b82da93dc5	129	29	order_000029.pdf	https://files.example.test/orders/000029.pdf	PDF	129	2026-04-16 16:18:07.069522+09	t	2026-04-17 11:41:57.024596+09	129	2026-04-17 11:46:50.051974+09	129	\N	\N
30	538e721b-1677-4c51-8087-4c74e141379e	130	30	order_000030.pdf	https://files.example.test/orders/000030.pdf	PDF	130	2026-04-16 16:18:07.069522+09	t	2026-04-17 11:41:57.024596+09	130	2026-04-17 11:46:50.051974+09	130	\N	\N
31	6e036404-392d-4363-8eac-142fbf6aa0d1	131	31	order_000031.pdf	https://files.example.test/orders/000031.pdf	PDF	131	2026-04-16 16:18:07.069522+09	t	2026-04-17 11:41:57.024596+09	131	2026-04-17 11:46:50.051974+09	131	\N	\N
32	e8dd1eba-5206-4c56-99ca-6b481deaacbc	132	32	order_000032.pdf	https://files.example.test/orders/000032.pdf	PDF	132	2026-04-16 16:18:07.069522+09	t	2026-04-17 11:41:57.024596+09	132	2026-04-17 11:46:50.051974+09	132	\N	\N
33	7625e4f8-e0ae-47aa-b079-bdcb3308286d	133	33	order_000033.pdf	https://files.example.test/orders/000033.pdf	PDF	133	2026-04-16 16:18:07.069522+09	t	2026-04-17 11:41:57.024596+09	133	2026-04-17 11:46:50.051974+09	133	\N	\N
34	beb6b088-75a7-4416-9cef-be2db0ceca0a	134	34	order_000034.pdf	https://files.example.test/orders/000034.pdf	PDF	134	2026-04-16 16:18:07.069522+09	t	2026-04-17 11:41:57.024596+09	134	2026-04-17 11:46:50.051974+09	134	\N	\N
35	e2dd5e80-3e9d-465b-a8b8-cc2d69e1943c	135	35	order_000035.pdf	https://files.example.test/orders/000035.pdf	PDF	135	2026-04-16 16:18:07.069522+09	t	2026-04-17 11:41:57.024596+09	135	2026-04-17 11:46:50.051974+09	135	\N	\N
36	12e5d565-c1de-4d09-86dc-32901f17b303	136	36	order_000036.pdf	https://files.example.test/orders/000036.pdf	PDF	136	2026-04-16 16:18:07.069522+09	t	2026-04-17 11:41:57.024596+09	136	2026-04-17 11:46:50.051974+09	136	\N	\N
37	c88ee6a5-005b-4894-9dac-7b949e56f869	137	37	order_000037.pdf	https://files.example.test/orders/000037.pdf	PDF	137	2026-04-16 16:18:07.069522+09	t	2026-04-17 11:41:57.024596+09	137	2026-04-17 11:46:50.051974+09	137	\N	\N
38	e27d26c8-4af1-4399-a8f5-d4eac53d4824	138	38	order_000038.pdf	https://files.example.test/orders/000038.pdf	PDF	138	2026-04-16 16:18:07.069522+09	t	2026-04-17 11:41:57.024596+09	138	2026-04-17 11:46:50.051974+09	138	\N	\N
39	02f4912b-c1ac-429f-b878-3ef5cfefbd74	139	39	order_000039.pdf	https://files.example.test/orders/000039.pdf	PDF	139	2026-04-16 16:18:07.069522+09	t	2026-04-17 11:41:57.024596+09	139	2026-04-17 11:46:50.051974+09	139	\N	\N
40	c4c30c61-2830-4b3f-88ff-02a3cdb2f21c	140	40	order_000040.pdf	https://files.example.test/orders/000040.pdf	PDF	140	2026-04-16 16:18:07.069522+09	t	2026-04-17 11:41:57.024596+09	140	2026-04-17 11:46:50.051974+09	140	\N	\N
41	26818234-33ae-4128-bb93-7b35cc901e50	141	41	order_000041.pdf	https://files.example.test/orders/000041.pdf	PDF	141	2026-04-16 16:18:07.069522+09	t	2026-04-17 11:41:57.024596+09	141	2026-04-17 11:46:50.051974+09	141	\N	\N
42	66d529dc-5a1e-4d36-97db-42c69e6c89da	142	42	order_000042.pdf	https://files.example.test/orders/000042.pdf	PDF	142	2026-04-16 16:18:07.069522+09	t	2026-04-17 11:41:57.024596+09	142	2026-04-17 11:46:50.051974+09	142	\N	\N
43	24b09412-df39-4dfa-9197-982ea08cc87f	143	43	order_000043.pdf	https://files.example.test/orders/000043.pdf	PDF	143	2026-04-16 16:18:07.069522+09	t	2026-04-17 11:41:57.024596+09	143	2026-04-17 11:46:50.051974+09	143	\N	\N
44	62b22560-25a1-4260-bbd3-20bf7bcfe8d6	144	44	order_000044.pdf	https://files.example.test/orders/000044.pdf	PDF	144	2026-04-16 16:18:07.069522+09	t	2026-04-17 11:41:57.024596+09	144	2026-04-17 11:46:50.051974+09	144	\N	\N
45	221f73a8-39b1-4977-8f73-9c5412300dd4	145	45	order_000045.pdf	https://files.example.test/orders/000045.pdf	PDF	145	2026-04-16 16:18:07.069522+09	t	2026-04-17 11:41:57.024596+09	145	2026-04-17 11:46:50.051974+09	145	\N	\N
46	28f50208-e031-4ef5-b479-28faac914893	146	46	order_000046.pdf	https://files.example.test/orders/000046.pdf	PDF	146	2026-04-16 16:18:07.069522+09	t	2026-04-17 11:41:57.024596+09	146	2026-04-17 11:46:50.051974+09	146	\N	\N
47	0f64a505-cb79-4ef9-a91b-a94e3c230e24	147	47	order_000047.pdf	https://files.example.test/orders/000047.pdf	PDF	147	2026-04-16 16:18:07.069522+09	t	2026-04-17 11:41:57.024596+09	147	2026-04-17 11:46:50.051974+09	147	\N	\N
48	85af6361-7be6-488e-bda6-5d42299fba24	148	48	order_000048.pdf	https://files.example.test/orders/000048.pdf	PDF	148	2026-04-16 16:18:07.069522+09	t	2026-04-17 11:41:57.024596+09	148	2026-04-17 11:46:50.051974+09	148	\N	\N
49	b132565a-f555-4c88-b972-0819c4640002	149	49	order_000049.pdf	https://files.example.test/orders/000049.pdf	PDF	149	2026-04-16 16:18:07.069522+09	t	2026-04-17 11:41:57.024596+09	149	2026-04-17 11:46:50.051974+09	149	\N	\N
50	e6a11ef1-6035-4110-9b52-2f63cab372aa	150	50	order_000050.pdf	https://files.example.test/orders/000050.pdf	PDF	150	2026-04-16 16:18:07.069522+09	t	2026-04-17 11:41:57.024596+09	150	2026-04-17 11:46:50.051974+09	150	\N	\N
51	3d6150b7-28db-4e48-8d1e-474d964e9d07	151	51	order_000051.pdf	https://files.example.test/orders/000051.pdf	PDF	151	2026-04-16 16:18:07.069522+09	t	2026-04-17 11:41:57.024596+09	151	2026-04-17 11:46:50.051974+09	151	\N	\N
52	745c9eba-468a-43f0-b5ee-602457bffc70	152	52	order_000052.pdf	https://files.example.test/orders/000052.pdf	PDF	152	2026-04-16 16:18:07.069522+09	t	2026-04-17 11:41:57.024596+09	152	2026-04-17 11:46:50.051974+09	152	\N	\N
53	12a9b2c2-00d6-4399-8323-d24246849918	153	53	order_000053.pdf	https://files.example.test/orders/000053.pdf	PDF	153	2026-04-16 16:18:07.069522+09	t	2026-04-17 11:41:57.024596+09	153	2026-04-17 11:46:50.051974+09	153	\N	\N
54	888bcc5c-3fe3-442e-b3c8-e8fbc946eaea	154	54	order_000054.pdf	https://files.example.test/orders/000054.pdf	PDF	154	2026-04-16 16:18:07.069522+09	t	2026-04-17 11:41:57.024596+09	154	2026-04-17 11:46:50.051974+09	154	\N	\N
55	ae3423b7-539c-4c7a-a61f-da2337c56177	155	55	order_000055.pdf	https://files.example.test/orders/000055.pdf	PDF	155	2026-04-16 16:18:07.069522+09	t	2026-04-17 11:41:57.024596+09	155	2026-04-17 11:46:50.051974+09	155	\N	\N
56	3eb9658a-4fab-4fd8-82f9-108e3ecb631b	156	56	order_000056.pdf	https://files.example.test/orders/000056.pdf	PDF	156	2026-04-16 16:18:07.069522+09	t	2026-04-17 11:41:57.024596+09	156	2026-04-17 11:46:50.051974+09	156	\N	\N
57	2ae6842a-d629-4c24-a149-2f1aa8e93de9	157	57	order_000057.pdf	https://files.example.test/orders/000057.pdf	PDF	157	2026-04-16 16:18:07.069522+09	t	2026-04-17 11:41:57.024596+09	157	2026-04-17 11:46:50.051974+09	157	\N	\N
58	b4c64d9b-7146-4302-955d-03068c7b0f65	158	58	order_000058.pdf	https://files.example.test/orders/000058.pdf	PDF	158	2026-04-16 16:18:07.069522+09	t	2026-04-17 11:41:57.024596+09	158	2026-04-17 11:46:50.051974+09	158	\N	\N
59	32cfcdf6-29df-4d2f-8cbd-42548bbc7cf2	159	59	order_000059.pdf	https://files.example.test/orders/000059.pdf	PDF	159	2026-04-16 16:18:07.069522+09	t	2026-04-17 11:41:57.024596+09	159	2026-04-17 11:46:50.051974+09	159	\N	\N
60	067f0f8a-518e-4c0f-83f7-6a11f637e485	160	60	order_000060.pdf	https://files.example.test/orders/000060.pdf	PDF	160	2026-04-16 16:18:07.069522+09	t	2026-04-17 11:41:57.024596+09	160	2026-04-17 11:46:50.051974+09	160	\N	\N
61	20469b8f-02c1-4200-981c-edf8c98a1745	161	61	order_000061.pdf	https://files.example.test/orders/000061.pdf	PDF	161	2026-04-16 16:18:07.069522+09	t	2026-04-17 11:41:57.024596+09	161	2026-04-17 11:46:50.051974+09	161	\N	\N
62	662a8106-f91a-4f22-b5e1-0fa4a9cf2bdf	162	62	order_000062.pdf	https://files.example.test/orders/000062.pdf	PDF	162	2026-04-16 16:18:07.069522+09	t	2026-04-17 11:41:57.024596+09	162	2026-04-17 11:46:50.051974+09	162	\N	\N
63	29f06faf-9a21-4b8f-b9a9-b2870233bee8	163	63	order_000063.pdf	https://files.example.test/orders/000063.pdf	PDF	163	2026-04-16 16:18:07.069522+09	t	2026-04-17 11:41:57.024596+09	163	2026-04-17 11:46:50.051974+09	163	\N	\N
64	3cb4c14b-3987-452d-a1d3-141e5c19ce80	164	64	order_000064.pdf	https://files.example.test/orders/000064.pdf	PDF	164	2026-04-16 16:18:07.069522+09	t	2026-04-17 11:41:57.024596+09	164	2026-04-17 11:46:50.051974+09	164	\N	\N
65	0efdc378-6bbd-4174-94d3-b3a55f2f5770	165	65	order_000065.pdf	https://files.example.test/orders/000065.pdf	PDF	165	2026-04-16 16:18:07.069522+09	t	2026-04-17 11:41:57.024596+09	165	2026-04-17 11:46:50.051974+09	165	\N	\N
66	00320bc6-d2fe-46ab-82d9-489715be954b	166	66	order_000066.pdf	https://files.example.test/orders/000066.pdf	PDF	166	2026-04-16 16:18:07.069522+09	t	2026-04-17 11:41:57.024596+09	166	2026-04-17 11:46:50.051974+09	166	\N	\N
67	9c052b1f-679b-4a14-9b7e-e2cc6d3d2a51	167	67	order_000067.pdf	https://files.example.test/orders/000067.pdf	PDF	167	2026-04-16 16:18:07.069522+09	t	2026-04-17 11:41:57.024596+09	167	2026-04-17 11:46:50.051974+09	167	\N	\N
68	37f9b556-44fc-4ef2-b5a4-c3b48ab21dbe	168	68	order_000068.pdf	https://files.example.test/orders/000068.pdf	PDF	168	2026-04-16 16:18:07.069522+09	t	2026-04-17 11:41:57.024596+09	168	2026-04-17 11:46:50.051974+09	168	\N	\N
69	6043f257-d69d-476f-9779-b87c0564a256	169	69	order_000069.pdf	https://files.example.test/orders/000069.pdf	PDF	169	2026-04-16 16:18:07.069522+09	t	2026-04-17 11:41:57.024596+09	169	2026-04-17 11:46:50.051974+09	169	\N	\N
70	f8b4b2c6-eb5a-4d07-9426-157ed7756ab4	170	70	order_000070.pdf	https://files.example.test/orders/000070.pdf	PDF	170	2026-04-16 16:18:07.069522+09	t	2026-04-17 11:41:57.024596+09	170	2026-04-17 11:46:50.051974+09	170	\N	\N
71	12d2c28c-91f4-4c5c-8618-9552d7898954	171	71	order_000071.pdf	https://files.example.test/orders/000071.pdf	PDF	171	2026-04-16 16:18:07.069522+09	t	2026-04-17 11:41:57.024596+09	171	2026-04-17 11:46:50.051974+09	171	\N	\N
72	181ebc3e-a4dd-4442-87bd-49d0db147916	172	72	order_000072.pdf	https://files.example.test/orders/000072.pdf	PDF	172	2026-04-16 16:18:07.069522+09	t	2026-04-17 11:41:57.024596+09	172	2026-04-17 11:46:50.051974+09	172	\N	\N
73	b6a0cea3-6131-4e99-84ed-f74b49a1a324	173	73	order_000073.pdf	https://files.example.test/orders/000073.pdf	PDF	173	2026-04-16 16:18:07.069522+09	t	2026-04-17 11:41:57.024596+09	173	2026-04-17 11:46:50.051974+09	173	\N	\N
74	8b287f96-f92b-407b-9c7f-0843187bf045	174	74	order_000074.pdf	https://files.example.test/orders/000074.pdf	PDF	174	2026-04-16 16:18:07.069522+09	t	2026-04-17 11:41:57.024596+09	174	2026-04-17 11:46:50.051974+09	174	\N	\N
75	3458caa7-7429-4335-ab3f-d4ab31cf8d41	175	75	order_000075.pdf	https://files.example.test/orders/000075.pdf	PDF	175	2026-04-16 16:18:07.069522+09	t	2026-04-17 11:41:57.024596+09	175	2026-04-17 11:46:50.051974+09	175	\N	\N
76	dc01f98c-d67c-4616-95c0-10ece8581b15	176	76	order_000076.pdf	https://files.example.test/orders/000076.pdf	PDF	176	2026-04-16 16:18:07.069522+09	t	2026-04-17 11:41:57.024596+09	176	2026-04-17 11:46:50.051974+09	176	\N	\N
77	d33447f1-22db-4368-b8c2-2a0576a1465c	177	77	order_000077.pdf	https://files.example.test/orders/000077.pdf	PDF	177	2026-04-16 16:18:07.069522+09	t	2026-04-17 11:41:57.024596+09	177	2026-04-17 11:46:50.051974+09	177	\N	\N
78	24d3382a-b295-449f-954a-40cbeda99616	178	78	order_000078.pdf	https://files.example.test/orders/000078.pdf	PDF	178	2026-04-16 16:18:07.069522+09	t	2026-04-17 11:41:57.024596+09	178	2026-04-17 11:46:50.051974+09	178	\N	\N
79	12ddd963-b564-4fbb-ac8d-472700803f42	179	79	order_000079.pdf	https://files.example.test/orders/000079.pdf	PDF	179	2026-04-16 16:18:07.069522+09	t	2026-04-17 11:41:57.024596+09	179	2026-04-17 11:46:50.051974+09	179	\N	\N
80	463c5d4c-b4ac-4f55-be21-8c2367e759ae	180	80	order_000080.pdf	https://files.example.test/orders/000080.pdf	PDF	180	2026-04-16 16:18:07.069522+09	t	2026-04-17 11:41:57.024596+09	180	2026-04-17 11:46:50.051974+09	180	\N	\N
81	19a411e5-74e2-4b44-8a90-8f6dcc93061c	181	81	order_000081.pdf	https://files.example.test/orders/000081.pdf	PDF	181	2026-04-16 16:18:07.069522+09	t	2026-04-17 11:41:57.024596+09	181	2026-04-17 11:46:50.051974+09	181	\N	\N
82	0a03e315-0b2b-46eb-8241-87cb75acb3a3	182	82	order_000082.pdf	https://files.example.test/orders/000082.pdf	PDF	182	2026-04-16 16:18:07.069522+09	t	2026-04-17 11:41:57.024596+09	182	2026-04-17 11:46:50.051974+09	182	\N	\N
83	165b143f-cfe7-462f-98c4-d92186c0a6ae	183	83	order_000083.pdf	https://files.example.test/orders/000083.pdf	PDF	183	2026-04-16 16:18:07.069522+09	t	2026-04-17 11:41:57.024596+09	183	2026-04-17 11:46:50.051974+09	183	\N	\N
84	5b201f40-da09-4442-8dd2-8e9fa513a88e	184	84	order_000084.pdf	https://files.example.test/orders/000084.pdf	PDF	184	2026-04-16 16:18:07.069522+09	t	2026-04-17 11:41:57.024596+09	184	2026-04-17 11:46:50.051974+09	184	\N	\N
85	98c35720-c9e3-4a63-99f6-d528ad89bfe7	185	85	order_000085.pdf	https://files.example.test/orders/000085.pdf	PDF	185	2026-04-16 16:18:07.069522+09	t	2026-04-17 11:41:57.024596+09	185	2026-04-17 11:46:50.051974+09	185	\N	\N
86	558c9d79-0b34-482a-b676-8e6e9819dacf	186	86	order_000086.pdf	https://files.example.test/orders/000086.pdf	PDF	186	2026-04-16 16:18:07.069522+09	t	2026-04-17 11:41:57.024596+09	186	2026-04-17 11:46:50.051974+09	186	\N	\N
87	aca8dfda-4851-4cc3-8ec0-161c87016b0d	187	87	order_000087.pdf	https://files.example.test/orders/000087.pdf	PDF	187	2026-04-16 16:18:07.069522+09	t	2026-04-17 11:41:57.024596+09	187	2026-04-17 11:46:50.051974+09	187	\N	\N
88	1341f603-d55e-4252-a668-dd2317985d24	188	88	order_000088.pdf	https://files.example.test/orders/000088.pdf	PDF	188	2026-04-16 16:18:07.069522+09	t	2026-04-17 11:41:57.024596+09	188	2026-04-17 11:46:50.051974+09	188	\N	\N
89	082c33e3-6893-4f2d-8f87-60663f01ad4e	189	89	order_000089.pdf	https://files.example.test/orders/000089.pdf	PDF	189	2026-04-16 16:18:07.069522+09	t	2026-04-17 11:41:57.024596+09	189	2026-04-17 11:46:50.051974+09	189	\N	\N
90	da1351c4-4016-41b4-b582-d7e1c79da75f	190	90	order_000090.pdf	https://files.example.test/orders/000090.pdf	PDF	190	2026-04-16 16:18:07.069522+09	t	2026-04-17 11:41:57.024596+09	190	2026-04-17 11:46:50.051974+09	190	\N	\N
91	c48816fb-7659-42e2-9248-33c3a5050dd3	191	91	order_000091.pdf	https://files.example.test/orders/000091.pdf	PDF	191	2026-04-16 16:18:07.069522+09	t	2026-04-17 11:41:57.024596+09	191	2026-04-17 11:46:50.051974+09	191	\N	\N
92	ff7f9ca5-4f2c-45e4-8b24-d2f224a3dbeb	192	92	order_000092.pdf	https://files.example.test/orders/000092.pdf	PDF	192	2026-04-16 16:18:07.069522+09	t	2026-04-17 11:41:57.024596+09	192	2026-04-17 11:46:50.051974+09	192	\N	\N
93	af1af03c-caac-416f-999d-8e399dd95daf	193	93	order_000093.pdf	https://files.example.test/orders/000093.pdf	PDF	193	2026-04-16 16:18:07.069522+09	t	2026-04-17 11:41:57.024596+09	193	2026-04-17 11:46:50.051974+09	193	\N	\N
94	427434fd-65d5-4bbd-bfb9-b1233f994a18	194	94	order_000094.pdf	https://files.example.test/orders/000094.pdf	PDF	194	2026-04-16 16:18:07.069522+09	t	2026-04-17 11:41:57.024596+09	194	2026-04-17 11:46:50.051974+09	194	\N	\N
95	2822c144-d2e8-4e8f-b774-08d7fd480fa7	195	95	order_000095.pdf	https://files.example.test/orders/000095.pdf	PDF	195	2026-04-16 16:18:07.069522+09	t	2026-04-17 11:41:57.024596+09	195	2026-04-17 11:46:50.051974+09	195	\N	\N
96	cfbed3fa-fe01-4029-a089-ae4dc6c3396d	196	96	order_000096.pdf	https://files.example.test/orders/000096.pdf	PDF	196	2026-04-16 16:18:07.069522+09	t	2026-04-17 11:41:57.024596+09	196	2026-04-17 11:46:50.051974+09	196	\N	\N
97	2e489635-26ec-4f9b-abfc-f0c80ac24e49	197	97	order_000097.pdf	https://files.example.test/orders/000097.pdf	PDF	197	2026-04-16 16:18:07.069522+09	t	2026-04-17 11:41:57.024596+09	197	2026-04-17 11:46:50.051974+09	197	\N	\N
98	117d45c1-88d0-4a19-ac83-0235b23352e4	198	98	order_000098.pdf	https://files.example.test/orders/000098.pdf	PDF	198	2026-04-16 16:18:07.069522+09	t	2026-04-17 11:41:57.024596+09	198	2026-04-17 11:46:50.051974+09	198	\N	\N
99	bfc3139b-7bb6-42db-9bbf-9a6a98824123	199	99	order_000099.pdf	https://files.example.test/orders/000099.pdf	PDF	199	2026-04-16 16:18:07.069522+09	t	2026-04-17 11:41:57.024596+09	199	2026-04-17 11:46:50.051974+09	199	\N	\N
100	52776402-a7fa-4afc-acb9-f742fa2385c1	200	100	order_000100.pdf	https://files.example.test/orders/000100.pdf	PDF	200	2026-04-16 16:18:07.069522+09	t	2026-04-17 11:41:57.024596+09	200	2026-04-17 11:46:50.051974+09	200	\N	\N
\.


--
-- Data for Name: order_items; Type: TABLE DATA; Schema: ord; Owner: -
--

COPY ord.order_items (order_item_id, order_item_uid, tenant_id, order_id, item_seq, item_code, item_name, package_type, qty, weight_kg, volume_cbm, pallets, temperature_type, is_hazardous, handling_note, created_at, updated_at, is_active, created_by, updated_by, deleted_at, deleted_by) FROM stdin;
17	95e3f219-d593-4746-9369-1bf106c6affa	117	17	1	ITEM017	Test Item 17	BOX	27.000	185.000	9.500	8.000	NORMAL	f	Test item handling note 17	2026-04-16 16:18:07.069522+09	2026-04-17 11:46:50.051974+09	t	117	117	\N	\N
18	c6aa1297-7fef-4b21-b8bd-6c31811fe438	118	18	1	ITEM018	Test Item 18	PALLET	28.000	190.000	10.000	9.000	NORMAL	f	Test item handling note 18	2026-04-16 16:18:07.069522+09	2026-04-17 11:46:50.051974+09	t	118	118	\N	\N
19	6e5e2964-5da7-4aba-af37-bb5c78c49bd0	119	19	1	ITEM019	Test Item 19	BOX	29.000	195.000	10.500	10.000	NORMAL	f	Test item handling note 19	2026-04-16 16:18:07.069522+09	2026-04-17 11:46:50.051974+09	t	119	119	\N	\N
20	07007215-339a-4710-9336-e1caf8f18c35	120	20	1	ITEM020	Test Item 20	PALLET	30.000	200.000	11.000	1.000	FROZEN	f	Test item handling note 20	2026-04-16 16:18:07.069522+09	2026-04-17 11:46:50.051974+09	t	120	120	\N	\N
21	9213ef76-8621-45a8-809d-117afee006c3	121	21	1	ITEM021	Test Item 21	BOX	31.000	205.000	11.500	2.000	NORMAL	f	Test item handling note 21	2026-04-16 16:18:07.069522+09	2026-04-17 11:46:50.051974+09	t	121	121	\N	\N
22	d3cd2d07-f39b-4676-a272-175f12ba47b0	122	22	1	ITEM022	Test Item 22	PALLET	32.000	210.000	12.000	3.000	NORMAL	f	Test item handling note 22	2026-04-16 16:18:07.069522+09	2026-04-17 11:46:50.051974+09	t	122	122	\N	\N
23	1a5321c7-e656-478e-bece-c8184bd73da8	123	23	1	ITEM023	Test Item 23	BOX	33.000	215.000	12.500	4.000	NORMAL	f	Test item handling note 23	2026-04-16 16:18:07.069522+09	2026-04-17 11:46:50.051974+09	t	123	123	\N	\N
24	7f319413-7f49-4486-98e1-1bd2d9780dee	124	24	1	ITEM024	Test Item 24	PALLET	34.000	220.000	13.000	5.000	FROZEN	f	Test item handling note 24	2026-04-16 16:18:07.069522+09	2026-04-17 11:46:50.051974+09	t	124	124	\N	\N
25	65754335-3a86-45a2-975f-5173307a6e9d	125	25	1	ITEM025	Test Item 25	BOX	35.000	225.000	13.500	6.000	NORMAL	f	Test item handling note 25	2026-04-16 16:18:07.069522+09	2026-04-17 11:46:50.051974+09	t	125	125	\N	\N
26	6c26afc3-ed0b-41f6-ae65-65530f34b549	126	26	1	ITEM026	Test Item 26	PALLET	36.000	230.000	14.000	7.000	NORMAL	t	Test item handling note 26	2026-04-16 16:18:07.069522+09	2026-04-17 11:46:50.051974+09	t	126	126	\N	\N
27	21741d77-8a1f-4840-b508-1e2197a8d42e	127	27	1	ITEM027	Test Item 27	BOX	37.000	235.000	14.500	8.000	NORMAL	f	Test item handling note 27	2026-04-16 16:18:07.069522+09	2026-04-17 11:46:50.051974+09	t	127	127	\N	\N
28	35dad9a9-284f-4494-89a9-d7ece634f71b	128	28	1	ITEM028	Test Item 28	PALLET	38.000	240.000	15.000	9.000	FROZEN	f	Test item handling note 28	2026-04-16 16:18:07.069522+09	2026-04-17 11:46:50.051974+09	t	128	128	\N	\N
29	a33f17f5-11c0-49ca-b2de-fdff9665546d	129	29	1	ITEM029	Test Item 29	BOX	39.000	245.000	15.500	10.000	NORMAL	f	Test item handling note 29	2026-04-16 16:18:07.069522+09	2026-04-17 11:46:50.051974+09	t	129	129	\N	\N
30	18617d59-e9ac-4b10-936c-f32366c75033	130	30	1	ITEM030	Test Item 30	PALLET	40.000	250.000	16.000	1.000	NORMAL	f	Test item handling note 30	2026-04-16 16:18:07.069522+09	2026-04-17 11:46:50.051974+09	t	130	130	\N	\N
31	635081ce-a402-4a2a-9ddd-8e0db53353ea	131	31	1	ITEM031	Test Item 31	BOX	41.000	255.000	16.500	2.000	NORMAL	f	Test item handling note 31	2026-04-16 16:18:07.069522+09	2026-04-17 11:46:50.051974+09	t	131	131	\N	\N
32	3b893d01-ab2f-4a78-b0dd-8d2fd11b6ccc	132	32	1	ITEM032	Test Item 32	PALLET	42.000	260.000	17.000	3.000	FROZEN	f	Test item handling note 32	2026-04-16 16:18:07.069522+09	2026-04-17 11:46:50.051974+09	t	132	132	\N	\N
33	d7e10cd5-24a1-4884-b73f-4a7cc64c5995	133	33	1	ITEM033	Test Item 33	BOX	43.000	265.000	17.500	4.000	NORMAL	f	Test item handling note 33	2026-04-16 16:18:07.069522+09	2026-04-17 11:46:50.051974+09	t	133	133	\N	\N
34	d4e6d171-6b74-4c9f-b041-25aed0602f1b	134	34	1	ITEM034	Test Item 34	PALLET	44.000	270.000	18.000	5.000	NORMAL	f	Test item handling note 34	2026-04-16 16:18:07.069522+09	2026-04-17 11:46:50.051974+09	t	134	134	\N	\N
35	291008af-5487-4cc8-9108-e80350d851e3	135	35	1	ITEM035	Test Item 35	BOX	45.000	275.000	18.500	6.000	NORMAL	f	Test item handling note 35	2026-04-16 16:18:07.069522+09	2026-04-17 11:46:50.051974+09	t	135	135	\N	\N
36	11a4e5a5-ba29-490d-a7ca-181f5e635cda	136	36	1	ITEM036	Test Item 36	PALLET	46.000	280.000	19.000	7.000	FROZEN	f	Test item handling note 36	2026-04-16 16:18:07.069522+09	2026-04-17 11:46:50.051974+09	t	136	136	\N	\N
37	fab13521-3ae0-4a89-a8ca-06ff934ce161	137	37	1	ITEM037	Test Item 37	BOX	47.000	285.000	19.500	8.000	NORMAL	f	Test item handling note 37	2026-04-16 16:18:07.069522+09	2026-04-17 11:46:50.051974+09	t	137	137	\N	\N
38	1a9a0293-2c3f-424f-9f70-e3a6a3f1dd11	138	38	1	ITEM038	Test Item 38	PALLET	48.000	290.000	20.000	9.000	NORMAL	f	Test item handling note 38	2026-04-16 16:18:07.069522+09	2026-04-17 11:46:50.051974+09	t	138	138	\N	\N
39	e5c72c96-a47f-4a8f-9a63-35054a81140b	139	39	1	ITEM039	Test Item 39	BOX	49.000	295.000	20.500	10.000	NORMAL	t	Test item handling note 39	2026-04-16 16:18:07.069522+09	2026-04-17 11:46:50.051974+09	t	139	139	\N	\N
40	dd0fc295-81dd-4890-84f9-e9fc5ab5c6b8	140	40	1	ITEM040	Test Item 40	PALLET	50.000	300.000	21.000	1.000	FROZEN	f	Test item handling note 40	2026-04-16 16:18:07.069522+09	2026-04-17 11:46:50.051974+09	t	140	140	\N	\N
41	71752db7-e03d-4ac9-97da-e33c1b55827a	141	41	1	ITEM041	Test Item 41	BOX	51.000	305.000	21.500	2.000	NORMAL	f	Test item handling note 41	2026-04-16 16:18:07.069522+09	2026-04-17 11:46:50.051974+09	t	141	141	\N	\N
42	983d2cd0-5940-4b0d-9830-520f0a2feb8d	142	42	1	ITEM042	Test Item 42	PALLET	52.000	310.000	22.000	3.000	NORMAL	f	Test item handling note 42	2026-04-16 16:18:07.069522+09	2026-04-17 11:46:50.051974+09	t	142	142	\N	\N
43	9e770fde-da55-4e52-b4f3-9606b0761e79	143	43	1	ITEM043	Test Item 43	BOX	53.000	315.000	22.500	4.000	NORMAL	f	Test item handling note 43	2026-04-16 16:18:07.069522+09	2026-04-17 11:46:50.051974+09	t	143	143	\N	\N
44	e28fe2a2-d279-426b-a0d2-39f6ac5bbce8	144	44	1	ITEM044	Test Item 44	PALLET	54.000	320.000	23.000	5.000	FROZEN	f	Test item handling note 44	2026-04-16 16:18:07.069522+09	2026-04-17 11:46:50.051974+09	t	144	144	\N	\N
45	c27f9f72-10d0-4495-9c72-8261d239e372	145	45	1	ITEM045	Test Item 45	BOX	55.000	325.000	23.500	6.000	NORMAL	f	Test item handling note 45	2026-04-16 16:18:07.069522+09	2026-04-17 11:46:50.051974+09	t	145	145	\N	\N
46	6ec34606-5fa1-4803-ad6f-c7f8ec5eb5b5	146	46	1	ITEM046	Test Item 46	PALLET	56.000	330.000	24.000	7.000	NORMAL	f	Test item handling note 46	2026-04-16 16:18:07.069522+09	2026-04-17 11:46:50.051974+09	t	146	146	\N	\N
47	dee354dd-3a29-4a8e-a4e5-cbf36cb86952	147	47	1	ITEM047	Test Item 47	BOX	57.000	335.000	24.500	8.000	NORMAL	f	Test item handling note 47	2026-04-16 16:18:07.069522+09	2026-04-17 11:46:50.051974+09	t	147	147	\N	\N
48	6ab1a4a0-3b68-46b7-a57c-e9a784eeed78	148	48	1	ITEM048	Test Item 48	PALLET	58.000	340.000	25.000	9.000	FROZEN	f	Test item handling note 48	2026-04-16 16:18:07.069522+09	2026-04-17 11:46:50.051974+09	t	148	148	\N	\N
49	4cca6384-5fc7-44ad-b4a3-0e7512c0ece2	149	49	1	ITEM049	Test Item 49	BOX	59.000	345.000	25.500	10.000	NORMAL	f	Test item handling note 49	2026-04-16 16:18:07.069522+09	2026-04-17 11:46:50.051974+09	t	149	149	\N	\N
50	94b8a659-3af1-4c9f-9162-f592b54094ee	150	50	1	ITEM050	Test Item 50	PALLET	60.000	350.000	26.000	1.000	NORMAL	f	Test item handling note 50	2026-04-16 16:18:07.069522+09	2026-04-17 11:46:50.051974+09	t	150	150	\N	\N
51	6eb6bf61-2eae-41b9-a5f6-859b6a4260a8	151	51	1	ITEM051	Test Item 51	BOX	61.000	355.000	26.500	2.000	NORMAL	f	Test item handling note 51	2026-04-16 16:18:07.069522+09	2026-04-17 11:46:50.051974+09	t	151	151	\N	\N
52	e214ea99-00e5-4026-ba99-2c8c8efb7b98	152	52	1	ITEM052	Test Item 52	PALLET	62.000	360.000	27.000	3.000	FROZEN	t	Test item handling note 52	2026-04-16 16:18:07.069522+09	2026-04-17 11:46:50.051974+09	t	152	152	\N	\N
53	b04e8878-bec2-4650-84ae-ca4fcb3748cd	153	53	1	ITEM053	Test Item 53	BOX	63.000	365.000	27.500	4.000	NORMAL	f	Test item handling note 53	2026-04-16 16:18:07.069522+09	2026-04-17 11:46:50.051974+09	t	153	153	\N	\N
54	d083d5d8-bcb1-466f-a1ea-3c1c3de95631	154	54	1	ITEM054	Test Item 54	PALLET	64.000	370.000	28.000	5.000	NORMAL	f	Test item handling note 54	2026-04-16 16:18:07.069522+09	2026-04-17 11:46:50.051974+09	t	154	154	\N	\N
55	b45ecb3a-15ce-4f5d-b921-418cdd0fe4d3	155	55	1	ITEM055	Test Item 55	BOX	65.000	375.000	28.500	6.000	NORMAL	f	Test item handling note 55	2026-04-16 16:18:07.069522+09	2026-04-17 11:46:50.051974+09	t	155	155	\N	\N
56	a133511a-cd7c-48b9-8f23-7433f870a31b	156	56	1	ITEM056	Test Item 56	PALLET	66.000	380.000	29.000	7.000	FROZEN	f	Test item handling note 56	2026-04-16 16:18:07.069522+09	2026-04-17 11:46:50.051974+09	t	156	156	\N	\N
57	bea2b97e-33a8-4272-b3c5-acacf2e57a5b	157	57	1	ITEM057	Test Item 57	BOX	67.000	385.000	29.500	8.000	NORMAL	f	Test item handling note 57	2026-04-16 16:18:07.069522+09	2026-04-17 11:46:50.051974+09	t	157	157	\N	\N
58	b53286c0-6c30-4d0d-8adb-04d5f5f8fa49	158	58	1	ITEM058	Test Item 58	PALLET	68.000	390.000	30.000	9.000	NORMAL	f	Test item handling note 58	2026-04-16 16:18:07.069522+09	2026-04-17 11:46:50.051974+09	t	158	158	\N	\N
59	2a2686f4-2566-4d5a-977c-f21364826a85	159	59	1	ITEM059	Test Item 59	BOX	69.000	395.000	30.500	10.000	NORMAL	f	Test item handling note 59	2026-04-16 16:18:07.069522+09	2026-04-17 11:46:50.051974+09	t	159	159	\N	\N
60	57c1a8cf-2e70-4379-b320-cab0b3328db0	160	60	1	ITEM060	Test Item 60	PALLET	70.000	400.000	31.000	1.000	FROZEN	f	Test item handling note 60	2026-04-16 16:18:07.069522+09	2026-04-17 11:46:50.051974+09	t	160	160	\N	\N
61	14fe3117-7441-4308-a3a5-9939f0cd1299	161	61	1	ITEM061	Test Item 61	BOX	71.000	405.000	31.500	2.000	NORMAL	f	Test item handling note 61	2026-04-16 16:18:07.069522+09	2026-04-17 11:46:50.051974+09	t	161	161	\N	\N
62	ba77a326-3641-45fa-82ca-bebfba8e1ef4	162	62	1	ITEM062	Test Item 62	PALLET	72.000	410.000	32.000	3.000	NORMAL	f	Test item handling note 62	2026-04-16 16:18:07.069522+09	2026-04-17 11:46:50.051974+09	t	162	162	\N	\N
63	bbea5286-57d9-4302-913d-bb8d05a8c593	163	63	1	ITEM063	Test Item 63	BOX	73.000	415.000	32.500	4.000	NORMAL	f	Test item handling note 63	2026-04-16 16:18:07.069522+09	2026-04-17 11:46:50.051974+09	t	163	163	\N	\N
64	b2f8f2fa-121d-4425-a9b9-05afbbdc1bcf	164	64	1	ITEM064	Test Item 64	PALLET	74.000	420.000	33.000	5.000	FROZEN	f	Test item handling note 64	2026-04-16 16:18:07.069522+09	2026-04-17 11:46:50.051974+09	t	164	164	\N	\N
65	b461b054-f5af-4e71-888c-20dc421c5321	165	65	1	ITEM065	Test Item 65	BOX	75.000	425.000	33.500	6.000	NORMAL	t	Test item handling note 65	2026-04-16 16:18:07.069522+09	2026-04-17 11:46:50.051974+09	t	165	165	\N	\N
66	a242a97d-f064-4e8b-85f3-266bc20232d9	166	66	1	ITEM066	Test Item 66	PALLET	76.000	430.000	34.000	7.000	NORMAL	f	Test item handling note 66	2026-04-16 16:18:07.069522+09	2026-04-17 11:46:50.051974+09	t	166	166	\N	\N
67	e359846c-ed5c-4d9f-9c0f-96a2ddcaa2bf	167	67	1	ITEM067	Test Item 67	BOX	77.000	435.000	34.500	8.000	NORMAL	f	Test item handling note 67	2026-04-16 16:18:07.069522+09	2026-04-17 11:46:50.051974+09	t	167	167	\N	\N
68	ed0decff-fbd0-42b2-823f-ee4c2bcd9a3c	168	68	1	ITEM068	Test Item 68	PALLET	78.000	440.000	35.000	9.000	FROZEN	f	Test item handling note 68	2026-04-16 16:18:07.069522+09	2026-04-17 11:46:50.051974+09	t	168	168	\N	\N
69	33b47134-34d1-4301-a61d-7222e877fe12	169	69	1	ITEM069	Test Item 69	BOX	79.000	445.000	35.500	10.000	NORMAL	f	Test item handling note 69	2026-04-16 16:18:07.069522+09	2026-04-17 11:46:50.051974+09	t	169	169	\N	\N
70	60aa2af6-6ee9-4c28-8a65-962102b8b55d	170	70	1	ITEM070	Test Item 70	PALLET	80.000	450.000	36.000	1.000	NORMAL	f	Test item handling note 70	2026-04-16 16:18:07.069522+09	2026-04-17 11:46:50.051974+09	t	170	170	\N	\N
71	7a3b13eb-f320-4e14-9140-1d3d49dd81b3	171	71	1	ITEM071	Test Item 71	BOX	81.000	455.000	36.500	2.000	NORMAL	f	Test item handling note 71	2026-04-16 16:18:07.069522+09	2026-04-17 11:46:50.051974+09	t	171	171	\N	\N
72	5f8a3281-1419-4fea-8556-663e21dfb749	172	72	1	ITEM072	Test Item 72	PALLET	82.000	460.000	37.000	3.000	FROZEN	f	Test item handling note 72	2026-04-16 16:18:07.069522+09	2026-04-17 11:46:50.051974+09	t	172	172	\N	\N
73	16bf2ec7-c024-481a-90f4-4ea06bcc1c57	173	73	1	ITEM073	Test Item 73	BOX	83.000	465.000	37.500	4.000	NORMAL	f	Test item handling note 73	2026-04-16 16:18:07.069522+09	2026-04-17 11:46:50.051974+09	t	173	173	\N	\N
74	92a8878c-23bd-4d67-9aca-2564ae4d70b0	174	74	1	ITEM074	Test Item 74	PALLET	84.000	470.000	38.000	5.000	NORMAL	f	Test item handling note 74	2026-04-16 16:18:07.069522+09	2026-04-17 11:46:50.051974+09	t	174	174	\N	\N
75	2506a89d-e7cd-4134-b480-dc5f9e11aa4c	175	75	1	ITEM075	Test Item 75	BOX	85.000	475.000	38.500	6.000	NORMAL	f	Test item handling note 75	2026-04-16 16:18:07.069522+09	2026-04-17 11:46:50.051974+09	t	175	175	\N	\N
94	c7b2d9a6-3706-4f15-949a-d12361bf6ef9	194	94	1	ITEM094	Test Item 94	PALLET	104.000	570.000	48.000	5.000	NORMAL	f	Test item handling note 94	2026-04-16 16:18:07.069522+09	2026-04-17 11:46:50.051974+09	t	194	194	\N	\N
95	c1569c50-69d8-4713-996a-d51f7a139309	195	95	1	ITEM095	Test Item 95	BOX	105.000	575.000	48.500	6.000	NORMAL	f	Test item handling note 95	2026-04-16 16:18:07.069522+09	2026-04-17 11:46:50.051974+09	t	195	195	\N	\N
96	c65c6e37-6594-44ce-8d3a-a23423ccbc15	196	96	1	ITEM096	Test Item 96	PALLET	106.000	580.000	49.000	7.000	FROZEN	f	Test item handling note 96	2026-04-16 16:18:07.069522+09	2026-04-17 11:46:50.051974+09	t	196	196	\N	\N
97	d4b5d35e-c9d5-447f-ac7d-a4fcb997eddc	197	97	1	ITEM097	Test Item 97	BOX	107.000	585.000	49.500	8.000	NORMAL	f	Test item handling note 97	2026-04-16 16:18:07.069522+09	2026-04-17 11:46:50.051974+09	t	197	197	\N	\N
98	a2843c32-92e6-41b3-9231-c6ed7a02c9f5	198	98	1	ITEM098	Test Item 98	PALLET	108.000	590.000	50.000	9.000	NORMAL	f	Test item handling note 98	2026-04-16 16:18:07.069522+09	2026-04-17 11:46:50.051974+09	t	198	198	\N	\N
99	730b5a25-0537-45b9-a527-f043de662a9b	199	99	1	ITEM099	Test Item 99	BOX	109.000	595.000	50.500	10.000	NORMAL	f	Test item handling note 99	2026-04-16 16:18:07.069522+09	2026-04-17 11:46:50.051974+09	t	199	199	\N	\N
100	2fc8ebe1-2937-40c8-b693-bdf7e7291f2c	200	100	1	ITEM100	Test Item 100	PALLET	110.000	600.000	51.000	1.000	FROZEN	f	Test item handling note 100	2026-04-16 16:18:07.069522+09	2026-04-17 11:46:50.051974+09	t	200	200	\N	\N
1	ea278aad-bd10-4afc-a158-6bdeb5f74bd9	101	1	1	ITEM001	Test Item 1	BOX	11.000	105.000	1.500	2.000	NORMAL	f	Test item handling note 1	2026-04-16 16:18:07.069522+09	2026-04-17 11:46:50.051974+09	t	101	101	\N	\N
2	3d073253-d60a-4b20-8e55-109b2c70acad	102	2	1	ITEM002	Test Item 2	PALLET	12.000	110.000	2.000	3.000	NORMAL	f	Test item handling note 2	2026-04-16 16:18:07.069522+09	2026-04-17 11:46:50.051974+09	t	102	102	\N	\N
3	096381f4-6012-4ae9-a1e9-c452fef62a38	103	3	1	ITEM003	Test Item 3	BOX	13.000	115.000	2.500	4.000	NORMAL	f	Test item handling note 3	2026-04-16 16:18:07.069522+09	2026-04-17 11:46:50.051974+09	t	103	103	\N	\N
4	9e278afb-67f0-4431-bb7e-cf289376335b	104	4	1	ITEM004	Test Item 4	PALLET	14.000	120.000	3.000	5.000	FROZEN	f	Test item handling note 4	2026-04-16 16:18:07.069522+09	2026-04-17 11:46:50.051974+09	t	104	104	\N	\N
5	2e3b58e7-4727-461a-afc2-4a5222d9b82e	105	5	1	ITEM005	Test Item 5	BOX	15.000	125.000	3.500	6.000	NORMAL	f	Test item handling note 5	2026-04-16 16:18:07.069522+09	2026-04-17 11:46:50.051974+09	t	105	105	\N	\N
6	25046481-ff6d-4a42-ad01-895407888742	106	6	1	ITEM006	Test Item 6	PALLET	16.000	130.000	4.000	7.000	NORMAL	f	Test item handling note 6	2026-04-16 16:18:07.069522+09	2026-04-17 11:46:50.051974+09	t	106	106	\N	\N
7	e882a57d-302e-4594-a181-658c578dcda6	107	7	1	ITEM007	Test Item 7	BOX	17.000	135.000	4.500	8.000	NORMAL	f	Test item handling note 7	2026-04-16 16:18:07.069522+09	2026-04-17 11:46:50.051974+09	t	107	107	\N	\N
8	58f9c58e-97b5-44c6-bdf8-2a422ea7afd5	108	8	1	ITEM008	Test Item 8	PALLET	18.000	140.000	5.000	9.000	FROZEN	f	Test item handling note 8	2026-04-16 16:18:07.069522+09	2026-04-17 11:46:50.051974+09	t	108	108	\N	\N
9	d1ed58a2-321a-4aee-a251-9ac5bef87abb	109	9	1	ITEM009	Test Item 9	BOX	19.000	145.000	5.500	10.000	NORMAL	f	Test item handling note 9	2026-04-16 16:18:07.069522+09	2026-04-17 11:46:50.051974+09	t	109	109	\N	\N
10	0a439285-9f05-430c-af42-6466c365a06f	110	10	1	ITEM010	Test Item 10	PALLET	20.000	150.000	6.000	1.000	NORMAL	f	Test item handling note 10	2026-04-16 16:18:07.069522+09	2026-04-17 11:46:50.051974+09	t	110	110	\N	\N
11	1a5d50cd-cbcf-4c51-9efc-f6459157ef53	111	11	1	ITEM011	Test Item 11	BOX	21.000	155.000	6.500	2.000	NORMAL	f	Test item handling note 11	2026-04-16 16:18:07.069522+09	2026-04-17 11:46:50.051974+09	t	111	111	\N	\N
12	8b8d81dd-0e31-41aa-b374-29058b0fb957	112	12	1	ITEM012	Test Item 12	PALLET	22.000	160.000	7.000	3.000	FROZEN	f	Test item handling note 12	2026-04-16 16:18:07.069522+09	2026-04-17 11:46:50.051974+09	t	112	112	\N	\N
13	9d8e5141-1ec0-404f-b5a4-cf5436af4b26	113	13	1	ITEM013	Test Item 13	BOX	23.000	165.000	7.500	4.000	NORMAL	t	Test item handling note 13	2026-04-16 16:18:07.069522+09	2026-04-17 11:46:50.051974+09	t	113	113	\N	\N
14	bbaaaeaa-4c5b-4291-99af-05a30cb75a9a	114	14	1	ITEM014	Test Item 14	PALLET	24.000	170.000	8.000	5.000	NORMAL	f	Test item handling note 14	2026-04-16 16:18:07.069522+09	2026-04-17 11:46:50.051974+09	t	114	114	\N	\N
15	28fecaae-433a-4ddc-b93e-fd0b88d59b22	115	15	1	ITEM015	Test Item 15	BOX	25.000	175.000	8.500	6.000	NORMAL	f	Test item handling note 15	2026-04-16 16:18:07.069522+09	2026-04-17 11:46:50.051974+09	t	115	115	\N	\N
16	87bf0606-735b-4c59-a2d3-283f57e18211	116	16	1	ITEM016	Test Item 16	PALLET	26.000	180.000	9.000	7.000	FROZEN	f	Test item handling note 16	2026-04-16 16:18:07.069522+09	2026-04-17 11:46:50.051974+09	t	116	116	\N	\N
76	23d03492-7fa3-4a0d-b029-13c943867d09	176	76	1	ITEM076	Test Item 76	PALLET	86.000	480.000	39.000	7.000	FROZEN	f	Test item handling note 76	2026-04-16 16:18:07.069522+09	2026-04-17 11:46:50.051974+09	t	176	176	\N	\N
77	4cdf97f1-705a-453f-afde-609c09afae28	177	77	1	ITEM077	Test Item 77	BOX	87.000	485.000	39.500	8.000	NORMAL	f	Test item handling note 77	2026-04-16 16:18:07.069522+09	2026-04-17 11:46:50.051974+09	t	177	177	\N	\N
78	93140338-4f4a-4f8b-9d84-af084bf93991	178	78	1	ITEM078	Test Item 78	PALLET	88.000	490.000	40.000	9.000	NORMAL	t	Test item handling note 78	2026-04-16 16:18:07.069522+09	2026-04-17 11:46:50.051974+09	t	178	178	\N	\N
79	706cd6dc-9cac-4da4-9f18-3ce5a4eb31bb	179	79	1	ITEM079	Test Item 79	BOX	89.000	495.000	40.500	10.000	NORMAL	f	Test item handling note 79	2026-04-16 16:18:07.069522+09	2026-04-17 11:46:50.051974+09	t	179	179	\N	\N
80	45b9261f-83e3-4a2d-b1d3-5cdbd9d9e797	180	80	1	ITEM080	Test Item 80	PALLET	90.000	500.000	41.000	1.000	FROZEN	f	Test item handling note 80	2026-04-16 16:18:07.069522+09	2026-04-17 11:46:50.051974+09	t	180	180	\N	\N
81	7cc7ad0f-8578-428c-9267-172bab013cd1	181	81	1	ITEM081	Test Item 81	BOX	91.000	505.000	41.500	2.000	NORMAL	f	Test item handling note 81	2026-04-16 16:18:07.069522+09	2026-04-17 11:46:50.051974+09	t	181	181	\N	\N
82	7aa94fca-3f51-4add-b235-70de017b87e5	182	82	1	ITEM082	Test Item 82	PALLET	92.000	510.000	42.000	3.000	NORMAL	f	Test item handling note 82	2026-04-16 16:18:07.069522+09	2026-04-17 11:46:50.051974+09	t	182	182	\N	\N
83	faab6e2c-3beb-44c8-a096-9ee7ec39fc3a	183	83	1	ITEM083	Test Item 83	BOX	93.000	515.000	42.500	4.000	NORMAL	f	Test item handling note 83	2026-04-16 16:18:07.069522+09	2026-04-17 11:46:50.051974+09	t	183	183	\N	\N
84	c15ef175-6517-42ea-8d19-39ea13eb2fe2	184	84	1	ITEM084	Test Item 84	PALLET	94.000	520.000	43.000	5.000	FROZEN	f	Test item handling note 84	2026-04-16 16:18:07.069522+09	2026-04-17 11:46:50.051974+09	t	184	184	\N	\N
85	4ca875a8-e363-4557-b31a-aef75d0e46a8	185	85	1	ITEM085	Test Item 85	BOX	95.000	525.000	43.500	6.000	NORMAL	f	Test item handling note 85	2026-04-16 16:18:07.069522+09	2026-04-17 11:46:50.051974+09	t	185	185	\N	\N
86	33887b72-f556-43b8-b75b-9e7e61fbc02d	186	86	1	ITEM086	Test Item 86	PALLET	96.000	530.000	44.000	7.000	NORMAL	f	Test item handling note 86	2026-04-16 16:18:07.069522+09	2026-04-17 11:46:50.051974+09	t	186	186	\N	\N
87	b7d47841-05eb-48d3-84b2-214f7c518dd0	187	87	1	ITEM087	Test Item 87	BOX	97.000	535.000	44.500	8.000	NORMAL	f	Test item handling note 87	2026-04-16 16:18:07.069522+09	2026-04-17 11:46:50.051974+09	t	187	187	\N	\N
88	35045d50-59bf-4297-a827-3d3bccd1c922	188	88	1	ITEM088	Test Item 88	PALLET	98.000	540.000	45.000	9.000	FROZEN	f	Test item handling note 88	2026-04-16 16:18:07.069522+09	2026-04-17 11:46:50.051974+09	t	188	188	\N	\N
89	5ce45fd6-6505-4457-a9c6-50a99fbcd72f	189	89	1	ITEM089	Test Item 89	BOX	99.000	545.000	45.500	10.000	NORMAL	f	Test item handling note 89	2026-04-16 16:18:07.069522+09	2026-04-17 11:46:50.051974+09	t	189	189	\N	\N
90	cd32ad9a-5d15-4214-b24f-37985f0e943b	190	90	1	ITEM090	Test Item 90	PALLET	100.000	550.000	46.000	1.000	NORMAL	f	Test item handling note 90	2026-04-16 16:18:07.069522+09	2026-04-17 11:46:50.051974+09	t	190	190	\N	\N
91	447a554c-5b92-454d-97f7-8652f3f53f5a	191	91	1	ITEM091	Test Item 91	BOX	101.000	555.000	46.500	2.000	NORMAL	t	Test item handling note 91	2026-04-16 16:18:07.069522+09	2026-04-17 11:46:50.051974+09	t	191	191	\N	\N
92	b3c1350e-1c6c-47ae-b986-6384f062828f	192	92	1	ITEM092	Test Item 92	PALLET	102.000	560.000	47.000	3.000	FROZEN	f	Test item handling note 92	2026-04-16 16:18:07.069522+09	2026-04-17 11:46:50.051974+09	t	192	192	\N	\N
93	cf112cad-a2b6-48ae-aa24-142c3f7b3c40	193	93	1	ITEM093	Test Item 93	BOX	103.000	565.000	47.500	4.000	NORMAL	f	Test item handling note 93	2026-04-16 16:18:07.069522+09	2026-04-17 11:46:50.051974+09	t	193	193	\N	\N
\.


--
-- Data for Name: order_status_history; Type: TABLE DATA; Schema: ord; Owner: -
--

COPY ord.order_status_history (order_status_history_id, order_status_history_uid, tenant_id, order_id, from_status_code, to_status_code, reason_text, changed_by, changed_at, is_active, created_at, created_by, updated_at, updated_by, deleted_at, deleted_by) FROM stdin;
10	71bac7f0-e119-4067-bcbf-82d8a9e674cd	110	10	PERFORMANCE_CONFIRMED	SETTLEMENT_READY	Test order status history 10	110	2026-04-16 16:18:07.069522+09	t	2026-04-17 11:41:57.024596+09	110	2026-04-17 11:46:50.051974+09	110	\N	\N
11	83dd6640-3145-440b-8fa6-fc90ab9e077c	111	11	PERFORMANCE_CONFIRMED	SETTLEMENT_READY	Test order status history 11	111	2026-04-16 16:18:07.069522+09	t	2026-04-17 11:41:57.024596+09	111	2026-04-17 11:46:50.051974+09	111	\N	\N
12	a984eb97-d28e-460a-897a-a3cbc32b7540	112	12	PERFORMANCE_CONFIRMED	SETTLEMENT_READY	Test order status history 12	112	2026-04-16 16:18:07.069522+09	t	2026-04-17 11:41:57.024596+09	112	2026-04-17 11:46:50.051974+09	112	\N	\N
13	534396b9-375f-412e-921f-a3b43d06ca4d	113	13	PERFORMANCE_CONFIRMED	SETTLEMENT_READY	Test order status history 13	113	2026-04-16 16:18:07.069522+09	t	2026-04-17 11:41:57.024596+09	113	2026-04-17 11:46:50.051974+09	113	\N	\N
14	01325492-be00-40d2-a420-360fea01bc10	114	14	PERFORMANCE_CONFIRMED	SETTLEMENT_READY	Test order status history 14	114	2026-04-16 16:18:07.069522+09	t	2026-04-17 11:41:57.024596+09	114	2026-04-17 11:46:50.051974+09	114	\N	\N
15	4f6fed54-df58-4c0d-b288-baed0a7fe06a	115	15	PERFORMANCE_CONFIRMED	SETTLEMENT_READY	Test order status history 15	115	2026-04-16 16:18:07.069522+09	t	2026-04-17 11:41:57.024596+09	115	2026-04-17 11:46:50.051974+09	115	\N	\N
16	48d849ac-32ca-4c81-acaa-886391497be8	116	16	PERFORMANCE_CONFIRMED	SETTLEMENT_READY	Test order status history 16	116	2026-04-16 16:18:07.069522+09	t	2026-04-17 11:41:57.024596+09	116	2026-04-17 11:46:50.051974+09	116	\N	\N
17	ca1b3df5-d562-4849-ba8c-b0630070516e	117	17	PERFORMANCE_CONFIRMED	SETTLEMENT_READY	Test order status history 17	117	2026-04-16 16:18:07.069522+09	t	2026-04-17 11:41:57.024596+09	117	2026-04-17 11:46:50.051974+09	117	\N	\N
18	5669596d-5c12-46fe-843a-eddb2798b61c	118	18	PERFORMANCE_CONFIRMED	SETTLEMENT_READY	Test order status history 18	118	2026-04-16 16:18:07.069522+09	t	2026-04-17 11:41:57.024596+09	118	2026-04-17 11:46:50.051974+09	118	\N	\N
19	56887c90-6dde-4f08-8658-72dcb66ea64f	119	19	PERFORMANCE_CONFIRMED	SETTLEMENT_READY	Test order status history 19	119	2026-04-16 16:18:07.069522+09	t	2026-04-17 11:41:57.024596+09	119	2026-04-17 11:46:50.051974+09	119	\N	\N
20	aa6d5bc4-a914-4f7b-b80a-398536affa72	120	20	PERFORMANCE_CONFIRMED	SETTLEMENT_READY	Test order status history 20	120	2026-04-16 16:18:07.069522+09	t	2026-04-17 11:41:57.024596+09	120	2026-04-17 11:46:50.051974+09	120	\N	\N
21	4db6ac81-8a08-4839-be3e-6f65cd5f7716	121	21	PERFORMANCE_CONFIRMED	SETTLEMENT_READY	Test order status history 21	121	2026-04-16 16:18:07.069522+09	t	2026-04-17 11:41:57.024596+09	121	2026-04-17 11:46:50.051974+09	121	\N	\N
22	4a257c43-adbe-44cd-8d45-67ea509e0be1	122	22	PERFORMANCE_CONFIRMED	SETTLEMENT_READY	Test order status history 22	122	2026-04-16 16:18:07.069522+09	t	2026-04-17 11:41:57.024596+09	122	2026-04-17 11:46:50.051974+09	122	\N	\N
23	aa52a731-69b9-4a22-a59f-80ffe8fcdd95	123	23	PERFORMANCE_CONFIRMED	SETTLEMENT_READY	Test order status history 23	123	2026-04-16 16:18:07.069522+09	t	2026-04-17 11:41:57.024596+09	123	2026-04-17 11:46:50.051974+09	123	\N	\N
24	1cc69290-caad-46b9-bc6b-52b2c4c70151	124	24	PERFORMANCE_CONFIRMED	SETTLEMENT_READY	Test order status history 24	124	2026-04-16 16:18:07.069522+09	t	2026-04-17 11:41:57.024596+09	124	2026-04-17 11:46:50.051974+09	124	\N	\N
25	4ab87137-460c-4410-872f-301753f4009f	125	25	PERFORMANCE_CONFIRMED	SETTLEMENT_READY	Test order status history 25	125	2026-04-16 16:18:07.069522+09	t	2026-04-17 11:41:57.024596+09	125	2026-04-17 11:46:50.051974+09	125	\N	\N
26	359f34c8-9a39-4e44-9b43-13a5f4b421e9	126	26	PERFORMANCE_CONFIRMED	SETTLEMENT_READY	Test order status history 26	126	2026-04-16 16:18:07.069522+09	t	2026-04-17 11:41:57.024596+09	126	2026-04-17 11:46:50.051974+09	126	\N	\N
27	6bfe376d-161c-49d4-8a7e-7e349644d582	127	27	PERFORMANCE_CONFIRMED	SETTLEMENT_READY	Test order status history 27	127	2026-04-16 16:18:07.069522+09	t	2026-04-17 11:41:57.024596+09	127	2026-04-17 11:46:50.051974+09	127	\N	\N
28	0b0680eb-4e13-4e8c-9b0f-25e9411fdd92	128	28	PERFORMANCE_CONFIRMED	SETTLEMENT_READY	Test order status history 28	128	2026-04-16 16:18:07.069522+09	t	2026-04-17 11:41:57.024596+09	128	2026-04-17 11:46:50.051974+09	128	\N	\N
29	dda969f1-eb21-494e-8009-3dc3404af746	129	29	PERFORMANCE_CONFIRMED	SETTLEMENT_READY	Test order status history 29	129	2026-04-16 16:18:07.069522+09	t	2026-04-17 11:41:57.024596+09	129	2026-04-17 11:46:50.051974+09	129	\N	\N
30	b0690b89-2679-4550-a9b9-0ab5037b83a7	130	30	PERFORMANCE_CONFIRMED	SETTLEMENT_READY	Test order status history 30	130	2026-04-16 16:18:07.069522+09	t	2026-04-17 11:41:57.024596+09	130	2026-04-17 11:46:50.051974+09	130	\N	\N
31	a456c50c-1ff1-43a2-a2cd-e77a5a07495d	131	31	PERFORMANCE_CONFIRMED	SETTLEMENT_READY	Test order status history 31	131	2026-04-16 16:18:07.069522+09	t	2026-04-17 11:41:57.024596+09	131	2026-04-17 11:46:50.051974+09	131	\N	\N
32	4ab2c7c9-71de-4b25-99f4-7df98a2fd899	132	32	PERFORMANCE_CONFIRMED	SETTLEMENT_READY	Test order status history 32	132	2026-04-16 16:18:07.069522+09	t	2026-04-17 11:41:57.024596+09	132	2026-04-17 11:46:50.051974+09	132	\N	\N
33	05de7d5a-75e1-4ddc-8305-68e586cdb8a6	133	33	PERFORMANCE_CONFIRMED	SETTLEMENT_READY	Test order status history 33	133	2026-04-16 16:18:07.069522+09	t	2026-04-17 11:41:57.024596+09	133	2026-04-17 11:46:50.051974+09	133	\N	\N
34	ef1aa857-39af-4a37-9504-db438e412a58	134	34	PERFORMANCE_CONFIRMED	SETTLEMENT_READY	Test order status history 34	134	2026-04-16 16:18:07.069522+09	t	2026-04-17 11:41:57.024596+09	134	2026-04-17 11:46:50.051974+09	134	\N	\N
35	fe51dcd0-cdc4-49f4-bf94-fede2d4c3fd2	135	35	PERFORMANCE_CONFIRMED	SETTLEMENT_READY	Test order status history 35	135	2026-04-16 16:18:07.069522+09	t	2026-04-17 11:41:57.024596+09	135	2026-04-17 11:46:50.051974+09	135	\N	\N
36	206fa204-9102-496d-9179-298318e5fdea	136	36	PERFORMANCE_CONFIRMED	SETTLEMENT_READY	Test order status history 36	136	2026-04-16 16:18:07.069522+09	t	2026-04-17 11:41:57.024596+09	136	2026-04-17 11:46:50.051974+09	136	\N	\N
37	6686da6e-154a-4c3c-a418-2715f2799451	137	37	PERFORMANCE_CONFIRMED	SETTLEMENT_READY	Test order status history 37	137	2026-04-16 16:18:07.069522+09	t	2026-04-17 11:41:57.024596+09	137	2026-04-17 11:46:50.051974+09	137	\N	\N
38	679bd96b-0305-4100-81f1-585d47980689	138	38	PERFORMANCE_CONFIRMED	SETTLEMENT_READY	Test order status history 38	138	2026-04-16 16:18:07.069522+09	t	2026-04-17 11:41:57.024596+09	138	2026-04-17 11:46:50.051974+09	138	\N	\N
39	4115dd9d-5026-40df-8fb4-094673d81c95	139	39	PERFORMANCE_CONFIRMED	SETTLEMENT_READY	Test order status history 39	139	2026-04-16 16:18:07.069522+09	t	2026-04-17 11:41:57.024596+09	139	2026-04-17 11:46:50.051974+09	139	\N	\N
40	61402e9a-d4f1-4762-b5a2-8bb7bce7c88f	140	40	PERFORMANCE_CONFIRMED	SETTLEMENT_READY	Test order status history 40	140	2026-04-16 16:18:07.069522+09	t	2026-04-17 11:41:57.024596+09	140	2026-04-17 11:46:50.051974+09	140	\N	\N
41	c64f5e6d-4612-4648-98c2-69e20493ee0d	141	41	PERFORMANCE_CONFIRMED	SETTLEMENT_READY	Test order status history 41	141	2026-04-16 16:18:07.069522+09	t	2026-04-17 11:41:57.024596+09	141	2026-04-17 11:46:50.051974+09	141	\N	\N
42	dce849cd-2fee-4a2a-a85b-3ee925194875	142	42	PERFORMANCE_CONFIRMED	SETTLEMENT_READY	Test order status history 42	142	2026-04-16 16:18:07.069522+09	t	2026-04-17 11:41:57.024596+09	142	2026-04-17 11:46:50.051974+09	142	\N	\N
43	908ca9e5-9e4d-4ae4-9b69-52ab96adf8c9	143	43	PERFORMANCE_CONFIRMED	SETTLEMENT_READY	Test order status history 43	143	2026-04-16 16:18:07.069522+09	t	2026-04-17 11:41:57.024596+09	143	2026-04-17 11:46:50.051974+09	143	\N	\N
44	60d8da97-268e-4451-85b6-bb88d272e390	144	44	PERFORMANCE_CONFIRMED	SETTLEMENT_READY	Test order status history 44	144	2026-04-16 16:18:07.069522+09	t	2026-04-17 11:41:57.024596+09	144	2026-04-17 11:46:50.051974+09	144	\N	\N
45	e43e2d54-3e53-48af-a1cc-62ebc37d8f91	145	45	PERFORMANCE_CONFIRMED	SETTLEMENT_READY	Test order status history 45	145	2026-04-16 16:18:07.069522+09	t	2026-04-17 11:41:57.024596+09	145	2026-04-17 11:46:50.051974+09	145	\N	\N
46	a590eeba-5969-4136-a9d3-180ed2bfddc7	146	46	PERFORMANCE_CONFIRMED	SETTLEMENT_READY	Test order status history 46	146	2026-04-16 16:18:07.069522+09	t	2026-04-17 11:41:57.024596+09	146	2026-04-17 11:46:50.051974+09	146	\N	\N
47	b867f050-1d83-4886-8158-c988709e5e29	147	47	PERFORMANCE_CONFIRMED	SETTLEMENT_READY	Test order status history 47	147	2026-04-16 16:18:07.069522+09	t	2026-04-17 11:41:57.024596+09	147	2026-04-17 11:46:50.051974+09	147	\N	\N
48	eee170dc-d688-4495-a0bc-aa8a504e01e4	148	48	PERFORMANCE_CONFIRMED	SETTLEMENT_READY	Test order status history 48	148	2026-04-16 16:18:07.069522+09	t	2026-04-17 11:41:57.024596+09	148	2026-04-17 11:46:50.051974+09	148	\N	\N
49	0cac9856-6fab-4d6c-a736-603e32ddaaf7	149	49	PERFORMANCE_CONFIRMED	SETTLEMENT_READY	Test order status history 49	149	2026-04-16 16:18:07.069522+09	t	2026-04-17 11:41:57.024596+09	149	2026-04-17 11:46:50.051974+09	149	\N	\N
1	99a01799-cff9-46a6-8d55-adc339b868de	101	1	PERFORMANCE_CONFIRMED	SETTLEMENT_READY	Test order status history 1	101	2026-04-16 16:18:07.069522+09	t	2026-04-17 11:41:57.024596+09	101	2026-04-17 11:46:50.051974+09	101	\N	\N
2	f235517f-d26d-4822-b378-d1401bc40dd6	102	2	PERFORMANCE_CONFIRMED	SETTLEMENT_READY	Test order status history 2	102	2026-04-16 16:18:07.069522+09	t	2026-04-17 11:41:57.024596+09	102	2026-04-17 11:46:50.051974+09	102	\N	\N
3	21a89b40-5fcf-42c2-b67c-99907bb19c94	103	3	PERFORMANCE_CONFIRMED	SETTLEMENT_READY	Test order status history 3	103	2026-04-16 16:18:07.069522+09	t	2026-04-17 11:41:57.024596+09	103	2026-04-17 11:46:50.051974+09	103	\N	\N
4	eda09d73-c4cf-443a-84fa-a5fb95151d1f	104	4	PERFORMANCE_CONFIRMED	SETTLEMENT_READY	Test order status history 4	104	2026-04-16 16:18:07.069522+09	t	2026-04-17 11:41:57.024596+09	104	2026-04-17 11:46:50.051974+09	104	\N	\N
5	b0f7ebeb-6700-414b-afbf-d27da4b58428	105	5	PERFORMANCE_CONFIRMED	SETTLEMENT_READY	Test order status history 5	105	2026-04-16 16:18:07.069522+09	t	2026-04-17 11:41:57.024596+09	105	2026-04-17 11:46:50.051974+09	105	\N	\N
6	92e1d9fe-53cf-423f-9510-f2558fa22d8c	106	6	PERFORMANCE_CONFIRMED	SETTLEMENT_READY	Test order status history 6	106	2026-04-16 16:18:07.069522+09	t	2026-04-17 11:41:57.024596+09	106	2026-04-17 11:46:50.051974+09	106	\N	\N
7	4642827c-145c-499c-a36b-ee146f36bd4a	107	7	PERFORMANCE_CONFIRMED	SETTLEMENT_READY	Test order status history 7	107	2026-04-16 16:18:07.069522+09	t	2026-04-17 11:41:57.024596+09	107	2026-04-17 11:46:50.051974+09	107	\N	\N
8	4d2ef851-a7b2-4c77-9841-226d69ab5cdf	108	8	PERFORMANCE_CONFIRMED	SETTLEMENT_READY	Test order status history 8	108	2026-04-16 16:18:07.069522+09	t	2026-04-17 11:41:57.024596+09	108	2026-04-17 11:46:50.051974+09	108	\N	\N
9	cc18e4e0-a82a-4936-acd7-a70bf3a7348b	109	9	PERFORMANCE_CONFIRMED	SETTLEMENT_READY	Test order status history 9	109	2026-04-16 16:18:07.069522+09	t	2026-04-17 11:41:57.024596+09	109	2026-04-17 11:46:50.051974+09	109	\N	\N
50	95c13650-fece-4105-acdc-754605552a6f	150	50	PERFORMANCE_CONFIRMED	SETTLEMENT_READY	Test order status history 50	150	2026-04-16 16:18:07.069522+09	t	2026-04-17 11:41:57.024596+09	150	2026-04-17 11:46:50.051974+09	150	\N	\N
51	143fc6f2-93dc-4657-9fe8-e75a0ad7727f	151	51	PERFORMANCE_CONFIRMED	SETTLEMENT_READY	Test order status history 51	151	2026-04-16 16:18:07.069522+09	t	2026-04-17 11:41:57.024596+09	151	2026-04-17 11:46:50.051974+09	151	\N	\N
52	3a722210-fc1b-4442-9ce3-886fea4beb90	152	52	PERFORMANCE_CONFIRMED	SETTLEMENT_READY	Test order status history 52	152	2026-04-16 16:18:07.069522+09	t	2026-04-17 11:41:57.024596+09	152	2026-04-17 11:46:50.051974+09	152	\N	\N
53	4e14219e-a987-496e-8258-7614c0903da3	153	53	PERFORMANCE_CONFIRMED	SETTLEMENT_READY	Test order status history 53	153	2026-04-16 16:18:07.069522+09	t	2026-04-17 11:41:57.024596+09	153	2026-04-17 11:46:50.051974+09	153	\N	\N
54	0cfd18ad-7934-43ad-ae26-b75d5a047599	154	54	PERFORMANCE_CONFIRMED	SETTLEMENT_READY	Test order status history 54	154	2026-04-16 16:18:07.069522+09	t	2026-04-17 11:41:57.024596+09	154	2026-04-17 11:46:50.051974+09	154	\N	\N
55	b5a2d5e3-5e93-416c-8537-cbfe08a53fab	155	55	PERFORMANCE_CONFIRMED	SETTLEMENT_READY	Test order status history 55	155	2026-04-16 16:18:07.069522+09	t	2026-04-17 11:41:57.024596+09	155	2026-04-17 11:46:50.051974+09	155	\N	\N
56	f0cad206-0f81-4e04-b6ad-f4f5e84f70c6	156	56	PERFORMANCE_CONFIRMED	SETTLEMENT_READY	Test order status history 56	156	2026-04-16 16:18:07.069522+09	t	2026-04-17 11:41:57.024596+09	156	2026-04-17 11:46:50.051974+09	156	\N	\N
57	cef2a4c1-5130-43f0-a964-56cb3b620017	157	57	PERFORMANCE_CONFIRMED	SETTLEMENT_READY	Test order status history 57	157	2026-04-16 16:18:07.069522+09	t	2026-04-17 11:41:57.024596+09	157	2026-04-17 11:46:50.051974+09	157	\N	\N
58	aab13b25-a85b-4a62-92ae-4cb38c5d5821	158	58	PERFORMANCE_CONFIRMED	SETTLEMENT_READY	Test order status history 58	158	2026-04-16 16:18:07.069522+09	t	2026-04-17 11:41:57.024596+09	158	2026-04-17 11:46:50.051974+09	158	\N	\N
59	856859fe-5931-4948-a6ff-860301d9d019	159	59	PERFORMANCE_CONFIRMED	SETTLEMENT_READY	Test order status history 59	159	2026-04-16 16:18:07.069522+09	t	2026-04-17 11:41:57.024596+09	159	2026-04-17 11:46:50.051974+09	159	\N	\N
60	df9b2527-92c2-47ac-b489-2297e5cf3f1e	160	60	PERFORMANCE_CONFIRMED	SETTLEMENT_READY	Test order status history 60	160	2026-04-16 16:18:07.069522+09	t	2026-04-17 11:41:57.024596+09	160	2026-04-17 11:46:50.051974+09	160	\N	\N
61	185d9a9e-6676-4eca-a286-01ced3671888	161	61	PERFORMANCE_CONFIRMED	SETTLEMENT_READY	Test order status history 61	161	2026-04-16 16:18:07.069522+09	t	2026-04-17 11:41:57.024596+09	161	2026-04-17 11:46:50.051974+09	161	\N	\N
72	73a7a73c-eefa-482e-a7a4-16d2b78fbb62	172	72	PERFORMANCE_CONFIRMED	SETTLEMENT_READY	Test order status history 72	172	2026-04-16 16:18:07.069522+09	t	2026-04-17 11:41:57.024596+09	172	2026-04-17 11:46:50.051974+09	172	\N	\N
73	254bfa2a-d92b-4247-a05e-b93661560d80	173	73	PERFORMANCE_CONFIRMED	SETTLEMENT_READY	Test order status history 73	173	2026-04-16 16:18:07.069522+09	t	2026-04-17 11:41:57.024596+09	173	2026-04-17 11:46:50.051974+09	173	\N	\N
74	2eb3acde-2f28-45e1-b857-54a9d611058f	174	74	PERFORMANCE_CONFIRMED	SETTLEMENT_READY	Test order status history 74	174	2026-04-16 16:18:07.069522+09	t	2026-04-17 11:41:57.024596+09	174	2026-04-17 11:46:50.051974+09	174	\N	\N
75	55eac1b8-6ff4-4278-aed1-cc58a26e3352	175	75	PERFORMANCE_CONFIRMED	SETTLEMENT_READY	Test order status history 75	175	2026-04-16 16:18:07.069522+09	t	2026-04-17 11:41:57.024596+09	175	2026-04-17 11:46:50.051974+09	175	\N	\N
76	d9b3bb2e-2a64-471c-8b1c-7e30436f688d	176	76	PERFORMANCE_CONFIRMED	SETTLEMENT_READY	Test order status history 76	176	2026-04-16 16:18:07.069522+09	t	2026-04-17 11:41:57.024596+09	176	2026-04-17 11:46:50.051974+09	176	\N	\N
77	e6427235-c39f-499c-8745-26303e21ab26	177	77	PERFORMANCE_CONFIRMED	SETTLEMENT_READY	Test order status history 77	177	2026-04-16 16:18:07.069522+09	t	2026-04-17 11:41:57.024596+09	177	2026-04-17 11:46:50.051974+09	177	\N	\N
78	6a00e029-3da2-4c7b-8145-320cf69cd05d	178	78	PERFORMANCE_CONFIRMED	SETTLEMENT_READY	Test order status history 78	178	2026-04-16 16:18:07.069522+09	t	2026-04-17 11:41:57.024596+09	178	2026-04-17 11:46:50.051974+09	178	\N	\N
79	d3387608-d873-42f0-9b09-3ae705af9d63	179	79	PERFORMANCE_CONFIRMED	SETTLEMENT_READY	Test order status history 79	179	2026-04-16 16:18:07.069522+09	t	2026-04-17 11:41:57.024596+09	179	2026-04-17 11:46:50.051974+09	179	\N	\N
80	4a4d64c8-d97c-4a69-ae09-fe09ab5a8fbe	180	80	PERFORMANCE_CONFIRMED	SETTLEMENT_READY	Test order status history 80	180	2026-04-16 16:18:07.069522+09	t	2026-04-17 11:41:57.024596+09	180	2026-04-17 11:46:50.051974+09	180	\N	\N
81	8cbb7444-587d-447a-b960-49180f9148d5	181	81	PERFORMANCE_CONFIRMED	SETTLEMENT_READY	Test order status history 81	181	2026-04-16 16:18:07.069522+09	t	2026-04-17 11:41:57.024596+09	181	2026-04-17 11:46:50.051974+09	181	\N	\N
82	4267a122-ef64-4a55-ac48-e5a2120feaf1	182	82	PERFORMANCE_CONFIRMED	SETTLEMENT_READY	Test order status history 82	182	2026-04-16 16:18:07.069522+09	t	2026-04-17 11:41:57.024596+09	182	2026-04-17 11:46:50.051974+09	182	\N	\N
62	6add930f-f6a5-42bd-a3f3-8b998a256293	162	62	PERFORMANCE_CONFIRMED	SETTLEMENT_READY	Test order status history 62	162	2026-04-16 16:18:07.069522+09	t	2026-04-17 11:41:57.024596+09	162	2026-04-17 11:46:50.051974+09	162	\N	\N
63	a0389c0e-5143-4f72-ae83-1e401de0b403	163	63	PERFORMANCE_CONFIRMED	SETTLEMENT_READY	Test order status history 63	163	2026-04-16 16:18:07.069522+09	t	2026-04-17 11:41:57.024596+09	163	2026-04-17 11:46:50.051974+09	163	\N	\N
64	fdf628d4-bd17-443d-a931-18896638cccf	164	64	PERFORMANCE_CONFIRMED	SETTLEMENT_READY	Test order status history 64	164	2026-04-16 16:18:07.069522+09	t	2026-04-17 11:41:57.024596+09	164	2026-04-17 11:46:50.051974+09	164	\N	\N
65	c9d0fac4-3933-431c-908a-eea3cb6b231f	165	65	PERFORMANCE_CONFIRMED	SETTLEMENT_READY	Test order status history 65	165	2026-04-16 16:18:07.069522+09	t	2026-04-17 11:41:57.024596+09	165	2026-04-17 11:46:50.051974+09	165	\N	\N
66	8955e4d2-8d01-41db-b87d-036187e1cac3	166	66	PERFORMANCE_CONFIRMED	SETTLEMENT_READY	Test order status history 66	166	2026-04-16 16:18:07.069522+09	t	2026-04-17 11:41:57.024596+09	166	2026-04-17 11:46:50.051974+09	166	\N	\N
67	50325542-2da6-45a5-bb72-754fbe144314	167	67	PERFORMANCE_CONFIRMED	SETTLEMENT_READY	Test order status history 67	167	2026-04-16 16:18:07.069522+09	t	2026-04-17 11:41:57.024596+09	167	2026-04-17 11:46:50.051974+09	167	\N	\N
68	a9d2f0b1-1cb1-458f-8ebf-3d383593a6a3	168	68	PERFORMANCE_CONFIRMED	SETTLEMENT_READY	Test order status history 68	168	2026-04-16 16:18:07.069522+09	t	2026-04-17 11:41:57.024596+09	168	2026-04-17 11:46:50.051974+09	168	\N	\N
69	6578c54e-396e-4e78-814e-d6ed842327cd	169	69	PERFORMANCE_CONFIRMED	SETTLEMENT_READY	Test order status history 69	169	2026-04-16 16:18:07.069522+09	t	2026-04-17 11:41:57.024596+09	169	2026-04-17 11:46:50.051974+09	169	\N	\N
70	c81f39c6-2d7d-4867-a78e-bc43a9d1dfe4	170	70	PERFORMANCE_CONFIRMED	SETTLEMENT_READY	Test order status history 70	170	2026-04-16 16:18:07.069522+09	t	2026-04-17 11:41:57.024596+09	170	2026-04-17 11:46:50.051974+09	170	\N	\N
71	2aa6f4cd-24c9-4c6e-9c7a-ec8729189fc0	171	71	PERFORMANCE_CONFIRMED	SETTLEMENT_READY	Test order status history 71	171	2026-04-16 16:18:07.069522+09	t	2026-04-17 11:41:57.024596+09	171	2026-04-17 11:46:50.051974+09	171	\N	\N
83	c4d3a9ab-d03a-4fbe-98a9-0182efd3651c	183	83	PERFORMANCE_CONFIRMED	SETTLEMENT_READY	Test order status history 83	183	2026-04-16 16:18:07.069522+09	t	2026-04-17 11:41:57.024596+09	183	2026-04-17 11:46:50.051974+09	183	\N	\N
84	960bd85d-35a2-46b1-be96-9deb3b2e0277	184	84	PERFORMANCE_CONFIRMED	SETTLEMENT_READY	Test order status history 84	184	2026-04-16 16:18:07.069522+09	t	2026-04-17 11:41:57.024596+09	184	2026-04-17 11:46:50.051974+09	184	\N	\N
85	4399ce31-63e3-463e-864a-5cf00ab7e01f	185	85	PERFORMANCE_CONFIRMED	SETTLEMENT_READY	Test order status history 85	185	2026-04-16 16:18:07.069522+09	t	2026-04-17 11:41:57.024596+09	185	2026-04-17 11:46:50.051974+09	185	\N	\N
86	b6197c3e-6e16-461c-9c31-a112e7d11eb6	186	86	PERFORMANCE_CONFIRMED	SETTLEMENT_READY	Test order status history 86	186	2026-04-16 16:18:07.069522+09	t	2026-04-17 11:41:57.024596+09	186	2026-04-17 11:46:50.051974+09	186	\N	\N
87	475abf56-1e57-402c-ad61-d928d5698e42	187	87	PERFORMANCE_CONFIRMED	SETTLEMENT_READY	Test order status history 87	187	2026-04-16 16:18:07.069522+09	t	2026-04-17 11:41:57.024596+09	187	2026-04-17 11:46:50.051974+09	187	\N	\N
88	e4d92862-3ec0-40a0-a69c-780d3d9b8d81	188	88	PERFORMANCE_CONFIRMED	SETTLEMENT_READY	Test order status history 88	188	2026-04-16 16:18:07.069522+09	t	2026-04-17 11:41:57.024596+09	188	2026-04-17 11:46:50.051974+09	188	\N	\N
89	dbc61e5a-96d2-4578-bd1a-4d3597a01977	189	89	PERFORMANCE_CONFIRMED	SETTLEMENT_READY	Test order status history 89	189	2026-04-16 16:18:07.069522+09	t	2026-04-17 11:41:57.024596+09	189	2026-04-17 11:46:50.051974+09	189	\N	\N
90	0a9b04bc-d483-48c3-a546-a7d84a45a0d3	190	90	PERFORMANCE_CONFIRMED	SETTLEMENT_READY	Test order status history 90	190	2026-04-16 16:18:07.069522+09	t	2026-04-17 11:41:57.024596+09	190	2026-04-17 11:46:50.051974+09	190	\N	\N
91	45ac2d66-c742-4b02-a8f5-17ba43621970	191	91	PERFORMANCE_CONFIRMED	SETTLEMENT_READY	Test order status history 91	191	2026-04-16 16:18:07.069522+09	t	2026-04-17 11:41:57.024596+09	191	2026-04-17 11:46:50.051974+09	191	\N	\N
92	41adf39c-bdd0-4be4-a291-93f0dea12e84	192	92	PERFORMANCE_CONFIRMED	SETTLEMENT_READY	Test order status history 92	192	2026-04-16 16:18:07.069522+09	t	2026-04-17 11:41:57.024596+09	192	2026-04-17 11:46:50.051974+09	192	\N	\N
93	29d6a421-4190-4d48-a53f-469f07e17a31	193	93	PERFORMANCE_CONFIRMED	SETTLEMENT_READY	Test order status history 93	193	2026-04-16 16:18:07.069522+09	t	2026-04-17 11:41:57.024596+09	193	2026-04-17 11:46:50.051974+09	193	\N	\N
94	49ce12a0-272c-4c52-b5b4-5ad38012faca	194	94	PERFORMANCE_CONFIRMED	SETTLEMENT_READY	Test order status history 94	194	2026-04-16 16:18:07.069522+09	t	2026-04-17 11:41:57.024596+09	194	2026-04-17 11:46:50.051974+09	194	\N	\N
95	093d3618-5235-4862-a8e3-4296a26e2f0a	195	95	PERFORMANCE_CONFIRMED	SETTLEMENT_READY	Test order status history 95	195	2026-04-16 16:18:07.069522+09	t	2026-04-17 11:41:57.024596+09	195	2026-04-17 11:46:50.051974+09	195	\N	\N
96	06f99f02-d301-42de-8a14-b666d8bac136	196	96	PERFORMANCE_CONFIRMED	SETTLEMENT_READY	Test order status history 96	196	2026-04-16 16:18:07.069522+09	t	2026-04-17 11:41:57.024596+09	196	2026-04-17 11:46:50.051974+09	196	\N	\N
97	83952664-518f-4086-a962-27f7e1867156	197	97	PERFORMANCE_CONFIRMED	SETTLEMENT_READY	Test order status history 97	197	2026-04-16 16:18:07.069522+09	t	2026-04-17 11:41:57.024596+09	197	2026-04-17 11:46:50.051974+09	197	\N	\N
98	d5dd790a-5cbf-4e2f-aa34-51749b380398	198	98	PERFORMANCE_CONFIRMED	SETTLEMENT_READY	Test order status history 98	198	2026-04-16 16:18:07.069522+09	t	2026-04-17 11:41:57.024596+09	198	2026-04-17 11:46:50.051974+09	198	\N	\N
99	accf8056-9532-46fd-9b10-c2655e946158	199	99	PERFORMANCE_CONFIRMED	SETTLEMENT_READY	Test order status history 99	199	2026-04-16 16:18:07.069522+09	t	2026-04-17 11:41:57.024596+09	199	2026-04-17 11:46:50.051974+09	199	\N	\N
100	9955e58e-f465-4ed1-bbc3-156d8f868da8	200	100	PERFORMANCE_CONFIRMED	SETTLEMENT_READY	Test order status history 100	200	2026-04-16 16:18:07.069522+09	t	2026-04-17 11:41:57.024596+09	200	2026-04-17 11:46:50.051974+09	200	\N	\N
\.


--
-- Data for Name: order_stops; Type: TABLE DATA; Schema: ord; Owner: -
--

COPY ord.order_stops (order_stop_id, order_stop_uid, tenant_id, order_id, stop_seq, stop_type, location_id, location_name, address1, address2, latitude, longitude, requested_arrival_from, requested_arrival_to, contact_name, contact_phone, work_note, created_at, updated_at, is_active, created_by, updated_by, deleted_at, deleted_by) FROM stdin;
1	ba8df4ea-3d39-4c7b-95b3-204353bd292c	101	1	1	DELIVERY	101	Test Order Stop 1	Test Stop Address 1	Stop Dock 1	37.5001000	127.0001000	2026-04-16 17:18:07.069522+09	2026-04-16 19:18:07.069522+09	Stop Contact 1	010-2000-0001	Test stop work note 1	2026-04-16 16:18:07.069522+09	2026-04-17 11:46:50.051974+09	t	101	101	\N	\N
5	8a57d832-8fdc-41bd-aeb2-fa2b0d539327	105	5	1	DELIVERY	105	Test Order Stop 5	Test Stop Address 5	Stop Dock 5	37.5005000	127.0005000	2026-04-16 21:18:07.069522+09	2026-04-16 23:18:07.069522+09	Stop Contact 5	010-2000-0005	Test stop work note 5	2026-04-16 16:18:07.069522+09	2026-04-17 11:46:50.051974+09	t	105	105	\N	\N
6	ec26cf80-da45-4828-8468-5e2ebcbdb6ea	106	6	1	PICKUP	106	Test Order Stop 6	Test Stop Address 6	Stop Dock 6	37.5006000	127.0006000	2026-04-16 22:18:07.069522+09	2026-04-17 00:18:07.069522+09	Stop Contact 6	010-2000-0006	Test stop work note 6	2026-04-16 16:18:07.069522+09	2026-04-17 11:46:50.051974+09	t	106	106	\N	\N
7	2e3da1a3-a720-4f87-965f-7320fd50663a	107	7	1	DELIVERY	107	Test Order Stop 7	Test Stop Address 7	Stop Dock 7	37.5007000	127.0007000	2026-04-16 23:18:07.069522+09	2026-04-17 01:18:07.069522+09	Stop Contact 7	010-2000-0007	Test stop work note 7	2026-04-16 16:18:07.069522+09	2026-04-17 11:46:50.051974+09	t	107	107	\N	\N
8	b39f0576-cd54-49b1-aae7-86a6ebb8238b	108	8	1	PICKUP	108	Test Order Stop 8	Test Stop Address 8	Stop Dock 8	37.5008000	127.0008000	2026-04-17 00:18:07.069522+09	2026-04-17 02:18:07.069522+09	Stop Contact 8	010-2000-0008	Test stop work note 8	2026-04-16 16:18:07.069522+09	2026-04-17 11:46:50.051974+09	t	108	108	\N	\N
9	4fdbf5ac-7434-4aec-8be4-002412d3112c	109	9	1	DELIVERY	109	Test Order Stop 9	Test Stop Address 9	Stop Dock 9	37.5009000	127.0009000	2026-04-17 01:18:07.069522+09	2026-04-17 03:18:07.069522+09	Stop Contact 9	010-2000-0009	Test stop work note 9	2026-04-16 16:18:07.069522+09	2026-04-17 11:46:50.051974+09	t	109	109	\N	\N
10	6cd65405-814e-48ab-95f9-f43249e1d8c9	110	10	1	PICKUP	110	Test Order Stop 10	Test Stop Address 10	Stop Dock 10	37.5010000	127.0010000	2026-04-17 02:18:07.069522+09	2026-04-17 04:18:07.069522+09	Stop Contact 10	010-2000-0010	Test stop work note 10	2026-04-16 16:18:07.069522+09	2026-04-17 11:46:50.051974+09	t	110	110	\N	\N
11	1ce2ef64-5ea7-4dfb-986a-b05f4eb1cff3	111	11	1	DELIVERY	111	Test Order Stop 11	Test Stop Address 11	Stop Dock 11	37.5011000	127.0011000	2026-04-17 03:18:07.069522+09	2026-04-17 05:18:07.069522+09	Stop Contact 11	010-2000-0011	Test stop work note 11	2026-04-16 16:18:07.069522+09	2026-04-17 11:46:50.051974+09	t	111	111	\N	\N
12	477a62d2-729a-4234-bb31-86d05bffeaf2	112	12	1	PICKUP	112	Test Order Stop 12	Test Stop Address 12	Stop Dock 12	37.5012000	127.0012000	2026-04-17 04:18:07.069522+09	2026-04-17 06:18:07.069522+09	Stop Contact 12	010-2000-0012	Test stop work note 12	2026-04-16 16:18:07.069522+09	2026-04-17 11:46:50.051974+09	t	112	112	\N	\N
13	f0a5a749-283e-472c-91ab-46057a7305ed	113	13	1	DELIVERY	113	Test Order Stop 13	Test Stop Address 13	Stop Dock 13	37.5013000	127.0013000	2026-04-17 05:18:07.069522+09	2026-04-17 07:18:07.069522+09	Stop Contact 13	010-2000-0013	Test stop work note 13	2026-04-16 16:18:07.069522+09	2026-04-17 11:46:50.051974+09	t	113	113	\N	\N
14	44a1fa21-e64e-4281-9ebf-dcb82616d519	114	14	1	PICKUP	114	Test Order Stop 14	Test Stop Address 14	Stop Dock 14	37.5014000	127.0014000	2026-04-17 06:18:07.069522+09	2026-04-17 08:18:07.069522+09	Stop Contact 14	010-2000-0014	Test stop work note 14	2026-04-16 16:18:07.069522+09	2026-04-17 11:46:50.051974+09	t	114	114	\N	\N
15	5c332dea-247e-412d-b660-41c33ecafdf9	115	15	1	DELIVERY	115	Test Order Stop 15	Test Stop Address 15	Stop Dock 15	37.5015000	127.0015000	2026-04-17 07:18:07.069522+09	2026-04-17 09:18:07.069522+09	Stop Contact 15	010-2000-0015	Test stop work note 15	2026-04-16 16:18:07.069522+09	2026-04-17 11:46:50.051974+09	t	115	115	\N	\N
16	f3a569e8-8cca-4a7a-a7e3-bef394477dd1	116	16	1	PICKUP	116	Test Order Stop 16	Test Stop Address 16	Stop Dock 16	37.5016000	127.0016000	2026-04-17 08:18:07.069522+09	2026-04-17 10:18:07.069522+09	Stop Contact 16	010-2000-0016	Test stop work note 16	2026-04-16 16:18:07.069522+09	2026-04-17 11:46:50.051974+09	t	116	116	\N	\N
17	e922caad-afcf-418b-a1ed-bc83454c6f35	117	17	1	DELIVERY	117	Test Order Stop 17	Test Stop Address 17	Stop Dock 17	37.5017000	127.0017000	2026-04-17 09:18:07.069522+09	2026-04-17 11:18:07.069522+09	Stop Contact 17	010-2000-0017	Test stop work note 17	2026-04-16 16:18:07.069522+09	2026-04-17 11:46:50.051974+09	t	117	117	\N	\N
18	95c3e2a6-e57f-41bc-8aa0-ec515f9b976c	118	18	1	PICKUP	118	Test Order Stop 18	Test Stop Address 18	Stop Dock 18	37.5018000	127.0018000	2026-04-17 10:18:07.069522+09	2026-04-17 12:18:07.069522+09	Stop Contact 18	010-2000-0018	Test stop work note 18	2026-04-16 16:18:07.069522+09	2026-04-17 11:46:50.051974+09	t	118	118	\N	\N
19	a21d1374-8384-486f-b22d-68354203c2a5	119	19	1	DELIVERY	119	Test Order Stop 19	Test Stop Address 19	Stop Dock 19	37.5019000	127.0019000	2026-04-17 11:18:07.069522+09	2026-04-17 13:18:07.069522+09	Stop Contact 19	010-2000-0019	Test stop work note 19	2026-04-16 16:18:07.069522+09	2026-04-17 11:46:50.051974+09	t	119	119	\N	\N
20	8bfda790-b5f4-4af2-ae69-bcdd1d61af64	120	20	1	PICKUP	120	Test Order Stop 20	Test Stop Address 20	Stop Dock 20	37.5020000	127.0020000	2026-04-17 12:18:07.069522+09	2026-04-17 14:18:07.069522+09	Stop Contact 20	010-2000-0020	Test stop work note 20	2026-04-16 16:18:07.069522+09	2026-04-17 11:46:50.051974+09	t	120	120	\N	\N
21	9248644f-a26d-4790-bfae-9e3dd6d2686c	121	21	1	DELIVERY	121	Test Order Stop 21	Test Stop Address 21	Stop Dock 21	37.5021000	127.0021000	2026-04-17 13:18:07.069522+09	2026-04-17 15:18:07.069522+09	Stop Contact 21	010-2000-0021	Test stop work note 21	2026-04-16 16:18:07.069522+09	2026-04-17 11:46:50.051974+09	t	121	121	\N	\N
22	59a57394-8c18-4f5d-9305-20398d4a8cf2	122	22	1	PICKUP	122	Test Order Stop 22	Test Stop Address 22	Stop Dock 22	37.5022000	127.0022000	2026-04-17 14:18:07.069522+09	2026-04-17 16:18:07.069522+09	Stop Contact 22	010-2000-0022	Test stop work note 22	2026-04-16 16:18:07.069522+09	2026-04-17 11:46:50.051974+09	t	122	122	\N	\N
23	3a7ae236-5e81-4711-bb48-98f88297a5d4	123	23	1	DELIVERY	123	Test Order Stop 23	Test Stop Address 23	Stop Dock 23	37.5023000	127.0023000	2026-04-17 15:18:07.069522+09	2026-04-17 17:18:07.069522+09	Stop Contact 23	010-2000-0023	Test stop work note 23	2026-04-16 16:18:07.069522+09	2026-04-17 11:46:50.051974+09	t	123	123	\N	\N
24	985ba91b-8251-4a21-a781-c2a7c67c1871	124	24	1	PICKUP	124	Test Order Stop 24	Test Stop Address 24	Stop Dock 24	37.5024000	127.0024000	2026-04-17 16:18:07.069522+09	2026-04-17 18:18:07.069522+09	Stop Contact 24	010-2000-0024	Test stop work note 24	2026-04-16 16:18:07.069522+09	2026-04-17 11:46:50.051974+09	t	124	124	\N	\N
25	4a51f9e9-5a1d-49f7-a8df-994628bf3793	125	25	1	DELIVERY	125	Test Order Stop 25	Test Stop Address 25	Stop Dock 25	37.5025000	127.0025000	2026-04-17 17:18:07.069522+09	2026-04-17 19:18:07.069522+09	Stop Contact 25	010-2000-0025	Test stop work note 25	2026-04-16 16:18:07.069522+09	2026-04-17 11:46:50.051974+09	t	125	125	\N	\N
26	bf771eef-087e-4fbe-96d7-f558c9efa55a	126	26	1	PICKUP	126	Test Order Stop 26	Test Stop Address 26	Stop Dock 26	37.5026000	127.0026000	2026-04-17 18:18:07.069522+09	2026-04-17 20:18:07.069522+09	Stop Contact 26	010-2000-0026	Test stop work note 26	2026-04-16 16:18:07.069522+09	2026-04-17 11:46:50.051974+09	t	126	126	\N	\N
27	192a2886-aec5-48d3-aca3-3dd029317bfe	127	27	1	DELIVERY	127	Test Order Stop 27	Test Stop Address 27	Stop Dock 27	37.5027000	127.0027000	2026-04-17 19:18:07.069522+09	2026-04-17 21:18:07.069522+09	Stop Contact 27	010-2000-0027	Test stop work note 27	2026-04-16 16:18:07.069522+09	2026-04-17 11:46:50.051974+09	t	127	127	\N	\N
28	07928d1c-bed8-472c-8271-0e50b3215c7d	128	28	1	PICKUP	128	Test Order Stop 28	Test Stop Address 28	Stop Dock 28	37.5028000	127.0028000	2026-04-17 20:18:07.069522+09	2026-04-17 22:18:07.069522+09	Stop Contact 28	010-2000-0028	Test stop work note 28	2026-04-16 16:18:07.069522+09	2026-04-17 11:46:50.051974+09	t	128	128	\N	\N
29	3d23c610-6eba-4951-b82c-504991d663c8	129	29	1	DELIVERY	129	Test Order Stop 29	Test Stop Address 29	Stop Dock 29	37.5029000	127.0029000	2026-04-17 21:18:07.069522+09	2026-04-17 23:18:07.069522+09	Stop Contact 29	010-2000-0029	Test stop work note 29	2026-04-16 16:18:07.069522+09	2026-04-17 11:46:50.051974+09	t	129	129	\N	\N
30	30664c80-579e-4758-875f-4a71dd9afb04	130	30	1	PICKUP	130	Test Order Stop 30	Test Stop Address 30	Stop Dock 30	37.5030000	127.0030000	2026-04-17 22:18:07.069522+09	2026-04-18 00:18:07.069522+09	Stop Contact 30	010-2000-0030	Test stop work note 30	2026-04-16 16:18:07.069522+09	2026-04-17 11:46:50.051974+09	t	130	130	\N	\N
31	343303b3-87a2-44e7-a285-c2245ad1121c	131	31	1	DELIVERY	131	Test Order Stop 31	Test Stop Address 31	Stop Dock 31	37.5031000	127.0031000	2026-04-17 23:18:07.069522+09	2026-04-18 01:18:07.069522+09	Stop Contact 31	010-2000-0031	Test stop work note 31	2026-04-16 16:18:07.069522+09	2026-04-17 11:46:50.051974+09	t	131	131	\N	\N
3	b1c1c23c-b7fb-469b-b468-ffbcaa673fe9	103	3	1	DELIVERY	103	Test Order Stop 3	Test Stop Address 3	Stop Dock 3	37.5003000	127.0003000	2026-04-16 19:18:07.069522+09	2026-04-16 21:18:07.069522+09	Stop Contact 3	010-2000-0003	Test stop work note 3	2026-04-16 16:18:07.069522+09	2026-04-17 11:46:50.051974+09	t	103	103	\N	\N
32	b3d836c9-037e-4525-9ffe-19ea6bddca54	132	32	1	PICKUP	132	Test Order Stop 32	Test Stop Address 32	Stop Dock 32	37.5032000	127.0032000	2026-04-18 00:18:07.069522+09	2026-04-18 02:18:07.069522+09	Stop Contact 32	010-2000-0032	Test stop work note 32	2026-04-16 16:18:07.069522+09	2026-04-17 11:46:50.051974+09	t	132	132	\N	\N
33	b64217af-17e0-4f87-a79a-4c9793967ae0	133	33	1	DELIVERY	133	Test Order Stop 33	Test Stop Address 33	Stop Dock 33	37.5033000	127.0033000	2026-04-18 01:18:07.069522+09	2026-04-18 03:18:07.069522+09	Stop Contact 33	010-2000-0033	Test stop work note 33	2026-04-16 16:18:07.069522+09	2026-04-17 11:46:50.051974+09	t	133	133	\N	\N
34	c088c36d-67df-4b9d-9f71-b65c00ff9a7c	134	34	1	PICKUP	134	Test Order Stop 34	Test Stop Address 34	Stop Dock 34	37.5034000	127.0034000	2026-04-18 02:18:07.069522+09	2026-04-18 04:18:07.069522+09	Stop Contact 34	010-2000-0034	Test stop work note 34	2026-04-16 16:18:07.069522+09	2026-04-17 11:46:50.051974+09	t	134	134	\N	\N
35	85a49069-334e-41c8-8c7c-7e6957912d72	135	35	1	DELIVERY	135	Test Order Stop 35	Test Stop Address 35	Stop Dock 35	37.5035000	127.0035000	2026-04-18 03:18:07.069522+09	2026-04-18 05:18:07.069522+09	Stop Contact 35	010-2000-0035	Test stop work note 35	2026-04-16 16:18:07.069522+09	2026-04-17 11:46:50.051974+09	t	135	135	\N	\N
36	4cdef901-e8ef-4a64-9985-ee9ab22e0628	136	36	1	PICKUP	136	Test Order Stop 36	Test Stop Address 36	Stop Dock 36	37.5036000	127.0036000	2026-04-18 04:18:07.069522+09	2026-04-18 06:18:07.069522+09	Stop Contact 36	010-2000-0036	Test stop work note 36	2026-04-16 16:18:07.069522+09	2026-04-17 11:46:50.051974+09	t	136	136	\N	\N
37	d685b903-5f69-47ca-b485-44f1fe0a223f	137	37	1	DELIVERY	137	Test Order Stop 37	Test Stop Address 37	Stop Dock 37	37.5037000	127.0037000	2026-04-18 05:18:07.069522+09	2026-04-18 07:18:07.069522+09	Stop Contact 37	010-2000-0037	Test stop work note 37	2026-04-16 16:18:07.069522+09	2026-04-17 11:46:50.051974+09	t	137	137	\N	\N
38	6ad463cd-d1bf-4914-8d15-8afee39811df	138	38	1	PICKUP	138	Test Order Stop 38	Test Stop Address 38	Stop Dock 38	37.5038000	127.0038000	2026-04-18 06:18:07.069522+09	2026-04-18 08:18:07.069522+09	Stop Contact 38	010-2000-0038	Test stop work note 38	2026-04-16 16:18:07.069522+09	2026-04-17 11:46:50.051974+09	t	138	138	\N	\N
39	73e53860-5734-475b-8000-67007384094c	139	39	1	DELIVERY	139	Test Order Stop 39	Test Stop Address 39	Stop Dock 39	37.5039000	127.0039000	2026-04-18 07:18:07.069522+09	2026-04-18 09:18:07.069522+09	Stop Contact 39	010-2000-0039	Test stop work note 39	2026-04-16 16:18:07.069522+09	2026-04-17 11:46:50.051974+09	t	139	139	\N	\N
40	e455357b-7147-403b-a6e5-31cc343157fd	140	40	1	PICKUP	140	Test Order Stop 40	Test Stop Address 40	Stop Dock 40	37.5040000	127.0040000	2026-04-18 08:18:07.069522+09	2026-04-18 10:18:07.069522+09	Stop Contact 40	010-2000-0040	Test stop work note 40	2026-04-16 16:18:07.069522+09	2026-04-17 11:46:50.051974+09	t	140	140	\N	\N
41	543af3f8-a70d-4689-b9cf-952ea6820e88	141	41	1	DELIVERY	141	Test Order Stop 41	Test Stop Address 41	Stop Dock 41	37.5041000	127.0041000	2026-04-18 09:18:07.069522+09	2026-04-18 11:18:07.069522+09	Stop Contact 41	010-2000-0041	Test stop work note 41	2026-04-16 16:18:07.069522+09	2026-04-17 11:46:50.051974+09	t	141	141	\N	\N
42	2169b0de-6478-4da1-908b-4cbfc7ea8e65	142	42	1	PICKUP	142	Test Order Stop 42	Test Stop Address 42	Stop Dock 42	37.5042000	127.0042000	2026-04-18 10:18:07.069522+09	2026-04-18 12:18:07.069522+09	Stop Contact 42	010-2000-0042	Test stop work note 42	2026-04-16 16:18:07.069522+09	2026-04-17 11:46:50.051974+09	t	142	142	\N	\N
43	11cae757-1aac-427a-9108-4d886e547f60	143	43	1	DELIVERY	143	Test Order Stop 43	Test Stop Address 43	Stop Dock 43	37.5043000	127.0043000	2026-04-18 11:18:07.069522+09	2026-04-18 13:18:07.069522+09	Stop Contact 43	010-2000-0043	Test stop work note 43	2026-04-16 16:18:07.069522+09	2026-04-17 11:46:50.051974+09	t	143	143	\N	\N
44	a653db6a-55f8-4dc8-9748-71d57736c1bf	144	44	1	PICKUP	144	Test Order Stop 44	Test Stop Address 44	Stop Dock 44	37.5044000	127.0044000	2026-04-18 12:18:07.069522+09	2026-04-18 14:18:07.069522+09	Stop Contact 44	010-2000-0044	Test stop work note 44	2026-04-16 16:18:07.069522+09	2026-04-17 11:46:50.051974+09	t	144	144	\N	\N
45	b7840abc-beb2-400a-bc04-77305df9c4ff	145	45	1	DELIVERY	145	Test Order Stop 45	Test Stop Address 45	Stop Dock 45	37.5045000	127.0045000	2026-04-18 13:18:07.069522+09	2026-04-18 15:18:07.069522+09	Stop Contact 45	010-2000-0045	Test stop work note 45	2026-04-16 16:18:07.069522+09	2026-04-17 11:46:50.051974+09	t	145	145	\N	\N
46	aab13ac1-8b36-4880-961a-ec65aeb03e9f	146	46	1	PICKUP	146	Test Order Stop 46	Test Stop Address 46	Stop Dock 46	37.5046000	127.0046000	2026-04-18 14:18:07.069522+09	2026-04-18 16:18:07.069522+09	Stop Contact 46	010-2000-0046	Test stop work note 46	2026-04-16 16:18:07.069522+09	2026-04-17 11:46:50.051974+09	t	146	146	\N	\N
47	159e258b-b969-40e4-b486-0b7297d96aaf	147	47	1	DELIVERY	147	Test Order Stop 47	Test Stop Address 47	Stop Dock 47	37.5047000	127.0047000	2026-04-18 15:18:07.069522+09	2026-04-18 17:18:07.069522+09	Stop Contact 47	010-2000-0047	Test stop work note 47	2026-04-16 16:18:07.069522+09	2026-04-17 11:46:50.051974+09	t	147	147	\N	\N
48	7f80c568-db53-4e90-812b-be0e4a25b6a6	148	48	1	PICKUP	148	Test Order Stop 48	Test Stop Address 48	Stop Dock 48	37.5048000	127.0048000	2026-04-18 16:18:07.069522+09	2026-04-18 18:18:07.069522+09	Stop Contact 48	010-2000-0048	Test stop work note 48	2026-04-16 16:18:07.069522+09	2026-04-17 11:46:50.051974+09	t	148	148	\N	\N
49	9780aa0f-1826-465c-8fba-cf0219cfc5cf	149	49	1	DELIVERY	149	Test Order Stop 49	Test Stop Address 49	Stop Dock 49	37.5049000	127.0049000	2026-04-18 17:18:07.069522+09	2026-04-18 19:18:07.069522+09	Stop Contact 49	010-2000-0049	Test stop work note 49	2026-04-16 16:18:07.069522+09	2026-04-17 11:46:50.051974+09	t	149	149	\N	\N
50	acec766b-f099-48d7-9921-63d262280e45	150	50	1	PICKUP	150	Test Order Stop 50	Test Stop Address 50	Stop Dock 50	37.5050000	127.0050000	2026-04-18 18:18:07.069522+09	2026-04-18 20:18:07.069522+09	Stop Contact 50	010-2000-0050	Test stop work note 50	2026-04-16 16:18:07.069522+09	2026-04-17 11:46:50.051974+09	t	150	150	\N	\N
51	54070612-88ea-43ab-b3ae-6d9e7c0d99a4	151	51	1	DELIVERY	151	Test Order Stop 51	Test Stop Address 51	Stop Dock 51	37.5051000	127.0051000	2026-04-18 19:18:07.069522+09	2026-04-18 21:18:07.069522+09	Stop Contact 51	010-2000-0051	Test stop work note 51	2026-04-16 16:18:07.069522+09	2026-04-17 11:46:50.051974+09	t	151	151	\N	\N
52	02588698-ecff-4a08-a500-615a4819c2f7	152	52	1	PICKUP	152	Test Order Stop 52	Test Stop Address 52	Stop Dock 52	37.5052000	127.0052000	2026-04-18 20:18:07.069522+09	2026-04-18 22:18:07.069522+09	Stop Contact 52	010-2000-0052	Test stop work note 52	2026-04-16 16:18:07.069522+09	2026-04-17 11:46:50.051974+09	t	152	152	\N	\N
53	19fbecb2-96d2-46aa-aae8-d6864d621f0a	153	53	1	DELIVERY	153	Test Order Stop 53	Test Stop Address 53	Stop Dock 53	37.5053000	127.0053000	2026-04-18 21:18:07.069522+09	2026-04-18 23:18:07.069522+09	Stop Contact 53	010-2000-0053	Test stop work note 53	2026-04-16 16:18:07.069522+09	2026-04-17 11:46:50.051974+09	t	153	153	\N	\N
54	a01c1238-aa53-4118-a167-deab4f8f7230	154	54	1	PICKUP	154	Test Order Stop 54	Test Stop Address 54	Stop Dock 54	37.5054000	127.0054000	2026-04-18 22:18:07.069522+09	2026-04-19 00:18:07.069522+09	Stop Contact 54	010-2000-0054	Test stop work note 54	2026-04-16 16:18:07.069522+09	2026-04-17 11:46:50.051974+09	t	154	154	\N	\N
55	ed806609-6797-448c-ae16-5cbbed79f1f0	155	55	1	DELIVERY	155	Test Order Stop 55	Test Stop Address 55	Stop Dock 55	37.5055000	127.0055000	2026-04-18 23:18:07.069522+09	2026-04-19 01:18:07.069522+09	Stop Contact 55	010-2000-0055	Test stop work note 55	2026-04-16 16:18:07.069522+09	2026-04-17 11:46:50.051974+09	t	155	155	\N	\N
56	924eb206-a021-497f-837b-f7f024704035	156	56	1	PICKUP	156	Test Order Stop 56	Test Stop Address 56	Stop Dock 56	37.5056000	127.0056000	2026-04-19 00:18:07.069522+09	2026-04-19 02:18:07.069522+09	Stop Contact 56	010-2000-0056	Test stop work note 56	2026-04-16 16:18:07.069522+09	2026-04-17 11:46:50.051974+09	t	156	156	\N	\N
57	4bd8c272-fc5e-4785-9b6c-23cc17eaec1a	157	57	1	DELIVERY	157	Test Order Stop 57	Test Stop Address 57	Stop Dock 57	37.5057000	127.0057000	2026-04-19 01:18:07.069522+09	2026-04-19 03:18:07.069522+09	Stop Contact 57	010-2000-0057	Test stop work note 57	2026-04-16 16:18:07.069522+09	2026-04-17 11:46:50.051974+09	t	157	157	\N	\N
4	c46096c8-96a7-499b-997f-9eac12a666c5	104	4	1	PICKUP	104	Test Order Stop 4	Test Stop Address 4	Stop Dock 4	37.5004000	127.0004000	2026-04-16 20:18:07.069522+09	2026-04-16 22:18:07.069522+09	Stop Contact 4	010-2000-0004	Test stop work note 4	2026-04-16 16:18:07.069522+09	2026-04-17 11:46:50.051974+09	t	104	104	\N	\N
58	7d8705e7-a909-4508-971c-efcae6b89d29	158	58	1	PICKUP	158	Test Order Stop 58	Test Stop Address 58	Stop Dock 58	37.5058000	127.0058000	2026-04-19 02:18:07.069522+09	2026-04-19 04:18:07.069522+09	Stop Contact 58	010-2000-0058	Test stop work note 58	2026-04-16 16:18:07.069522+09	2026-04-17 11:46:50.051974+09	t	158	158	\N	\N
59	606dcdc7-dab0-4c42-9730-e360518de5b9	159	59	1	DELIVERY	159	Test Order Stop 59	Test Stop Address 59	Stop Dock 59	37.5059000	127.0059000	2026-04-19 03:18:07.069522+09	2026-04-19 05:18:07.069522+09	Stop Contact 59	010-2000-0059	Test stop work note 59	2026-04-16 16:18:07.069522+09	2026-04-17 11:46:50.051974+09	t	159	159	\N	\N
60	99abe2f6-002e-4061-bd5c-e83c3fd85f00	160	60	1	PICKUP	160	Test Order Stop 60	Test Stop Address 60	Stop Dock 60	37.5060000	127.0060000	2026-04-19 04:18:07.069522+09	2026-04-19 06:18:07.069522+09	Stop Contact 60	010-2000-0060	Test stop work note 60	2026-04-16 16:18:07.069522+09	2026-04-17 11:46:50.051974+09	t	160	160	\N	\N
61	dbfb3519-d292-4302-932f-36e3b16ee03f	161	61	1	DELIVERY	161	Test Order Stop 61	Test Stop Address 61	Stop Dock 61	37.5061000	127.0061000	2026-04-19 05:18:07.069522+09	2026-04-19 07:18:07.069522+09	Stop Contact 61	010-2000-0061	Test stop work note 61	2026-04-16 16:18:07.069522+09	2026-04-17 11:46:50.051974+09	t	161	161	\N	\N
62	d0d58d39-c9a3-488a-a7c8-f3bc40c70011	162	62	1	PICKUP	162	Test Order Stop 62	Test Stop Address 62	Stop Dock 62	37.5062000	127.0062000	2026-04-19 06:18:07.069522+09	2026-04-19 08:18:07.069522+09	Stop Contact 62	010-2000-0062	Test stop work note 62	2026-04-16 16:18:07.069522+09	2026-04-17 11:46:50.051974+09	t	162	162	\N	\N
63	7767da4e-f290-4861-901c-6886bb853e7a	163	63	1	DELIVERY	163	Test Order Stop 63	Test Stop Address 63	Stop Dock 63	37.5063000	127.0063000	2026-04-19 07:18:07.069522+09	2026-04-19 09:18:07.069522+09	Stop Contact 63	010-2000-0063	Test stop work note 63	2026-04-16 16:18:07.069522+09	2026-04-17 11:46:50.051974+09	t	163	163	\N	\N
64	f66e203e-1253-4ed0-b637-45238b22e821	164	64	1	PICKUP	164	Test Order Stop 64	Test Stop Address 64	Stop Dock 64	37.5064000	127.0064000	2026-04-19 08:18:07.069522+09	2026-04-19 10:18:07.069522+09	Stop Contact 64	010-2000-0064	Test stop work note 64	2026-04-16 16:18:07.069522+09	2026-04-17 11:46:50.051974+09	t	164	164	\N	\N
65	96a6cb46-f740-4978-a5fe-d224a659717f	165	65	1	DELIVERY	165	Test Order Stop 65	Test Stop Address 65	Stop Dock 65	37.5065000	127.0065000	2026-04-19 09:18:07.069522+09	2026-04-19 11:18:07.069522+09	Stop Contact 65	010-2000-0065	Test stop work note 65	2026-04-16 16:18:07.069522+09	2026-04-17 11:46:50.051974+09	t	165	165	\N	\N
66	bcc8b70d-1ddb-4986-b8a5-fe9d3e5b940d	166	66	1	PICKUP	166	Test Order Stop 66	Test Stop Address 66	Stop Dock 66	37.5066000	127.0066000	2026-04-19 10:18:07.069522+09	2026-04-19 12:18:07.069522+09	Stop Contact 66	010-2000-0066	Test stop work note 66	2026-04-16 16:18:07.069522+09	2026-04-17 11:46:50.051974+09	t	166	166	\N	\N
67	2dbf6f66-2c16-457c-9389-e8480e94c86f	167	67	1	DELIVERY	167	Test Order Stop 67	Test Stop Address 67	Stop Dock 67	37.5067000	127.0067000	2026-04-19 11:18:07.069522+09	2026-04-19 13:18:07.069522+09	Stop Contact 67	010-2000-0067	Test stop work note 67	2026-04-16 16:18:07.069522+09	2026-04-17 11:46:50.051974+09	t	167	167	\N	\N
68	d808e0e4-66ee-44b1-b0eb-89a29d36d72d	168	68	1	PICKUP	168	Test Order Stop 68	Test Stop Address 68	Stop Dock 68	37.5068000	127.0068000	2026-04-19 12:18:07.069522+09	2026-04-19 14:18:07.069522+09	Stop Contact 68	010-2000-0068	Test stop work note 68	2026-04-16 16:18:07.069522+09	2026-04-17 11:46:50.051974+09	t	168	168	\N	\N
69	99caece8-3fbc-4ddd-88b9-c4bbf323123d	169	69	1	DELIVERY	169	Test Order Stop 69	Test Stop Address 69	Stop Dock 69	37.5069000	127.0069000	2026-04-19 13:18:07.069522+09	2026-04-19 15:18:07.069522+09	Stop Contact 69	010-2000-0069	Test stop work note 69	2026-04-16 16:18:07.069522+09	2026-04-17 11:46:50.051974+09	t	169	169	\N	\N
70	769c2656-10b1-4fa9-b1bb-7f17612904d6	170	70	1	PICKUP	170	Test Order Stop 70	Test Stop Address 70	Stop Dock 70	37.5070000	127.0070000	2026-04-19 14:18:07.069522+09	2026-04-19 16:18:07.069522+09	Stop Contact 70	010-2000-0070	Test stop work note 70	2026-04-16 16:18:07.069522+09	2026-04-17 11:46:50.051974+09	t	170	170	\N	\N
71	774571cc-e41c-4fbc-947f-c4fa93e72841	171	71	1	DELIVERY	171	Test Order Stop 71	Test Stop Address 71	Stop Dock 71	37.5071000	127.0071000	2026-04-19 15:18:07.069522+09	2026-04-19 17:18:07.069522+09	Stop Contact 71	010-2000-0071	Test stop work note 71	2026-04-16 16:18:07.069522+09	2026-04-17 11:46:50.051974+09	t	171	171	\N	\N
72	2b1ba9e8-1d05-44d4-85db-7301751baed9	172	72	1	PICKUP	172	Test Order Stop 72	Test Stop Address 72	Stop Dock 72	37.5072000	127.0072000	2026-04-19 16:18:07.069522+09	2026-04-19 18:18:07.069522+09	Stop Contact 72	010-2000-0072	Test stop work note 72	2026-04-16 16:18:07.069522+09	2026-04-17 11:46:50.051974+09	t	172	172	\N	\N
73	d95bd3b1-99e3-403d-b6d4-41c26e7ff0bd	173	73	1	DELIVERY	173	Test Order Stop 73	Test Stop Address 73	Stop Dock 73	37.5073000	127.0073000	2026-04-19 17:18:07.069522+09	2026-04-19 19:18:07.069522+09	Stop Contact 73	010-2000-0073	Test stop work note 73	2026-04-16 16:18:07.069522+09	2026-04-17 11:46:50.051974+09	t	173	173	\N	\N
74	9ddf9553-00c1-4c7a-aa37-08d83ff01dae	174	74	1	PICKUP	174	Test Order Stop 74	Test Stop Address 74	Stop Dock 74	37.5074000	127.0074000	2026-04-19 18:18:07.069522+09	2026-04-19 20:18:07.069522+09	Stop Contact 74	010-2000-0074	Test stop work note 74	2026-04-16 16:18:07.069522+09	2026-04-17 11:46:50.051974+09	t	174	174	\N	\N
75	e5d7a598-7f5c-4d86-9410-bf679a98c19f	175	75	1	DELIVERY	175	Test Order Stop 75	Test Stop Address 75	Stop Dock 75	37.5075000	127.0075000	2026-04-19 19:18:07.069522+09	2026-04-19 21:18:07.069522+09	Stop Contact 75	010-2000-0075	Test stop work note 75	2026-04-16 16:18:07.069522+09	2026-04-17 11:46:50.051974+09	t	175	175	\N	\N
76	e23618d6-6cd8-49c9-baa2-04319418daf7	176	76	1	PICKUP	176	Test Order Stop 76	Test Stop Address 76	Stop Dock 76	37.5076000	127.0076000	2026-04-19 20:18:07.069522+09	2026-04-19 22:18:07.069522+09	Stop Contact 76	010-2000-0076	Test stop work note 76	2026-04-16 16:18:07.069522+09	2026-04-17 11:46:50.051974+09	t	176	176	\N	\N
77	856bf345-5f0d-4eb9-87ff-fb01c846356c	177	77	1	DELIVERY	177	Test Order Stop 77	Test Stop Address 77	Stop Dock 77	37.5077000	127.0077000	2026-04-19 21:18:07.069522+09	2026-04-19 23:18:07.069522+09	Stop Contact 77	010-2000-0077	Test stop work note 77	2026-04-16 16:18:07.069522+09	2026-04-17 11:46:50.051974+09	t	177	177	\N	\N
78	4e67bc1a-5239-465c-8263-428a5a0b7998	178	78	1	PICKUP	178	Test Order Stop 78	Test Stop Address 78	Stop Dock 78	37.5078000	127.0078000	2026-04-19 22:18:07.069522+09	2026-04-20 00:18:07.069522+09	Stop Contact 78	010-2000-0078	Test stop work note 78	2026-04-16 16:18:07.069522+09	2026-04-17 11:46:50.051974+09	t	178	178	\N	\N
79	01b5b495-1caf-49b2-8117-030f7937059c	179	79	1	DELIVERY	179	Test Order Stop 79	Test Stop Address 79	Stop Dock 79	37.5079000	127.0079000	2026-04-19 23:18:07.069522+09	2026-04-20 01:18:07.069522+09	Stop Contact 79	010-2000-0079	Test stop work note 79	2026-04-16 16:18:07.069522+09	2026-04-17 11:46:50.051974+09	t	179	179	\N	\N
80	d8aa4dab-5578-4505-8c8c-f1bce65a94b1	180	80	1	PICKUP	180	Test Order Stop 80	Test Stop Address 80	Stop Dock 80	37.5080000	127.0080000	2026-04-20 00:18:07.069522+09	2026-04-20 02:18:07.069522+09	Stop Contact 80	010-2000-0080	Test stop work note 80	2026-04-16 16:18:07.069522+09	2026-04-17 11:46:50.051974+09	t	180	180	\N	\N
81	aa3ab198-3e00-4b03-92ab-0aa380d4d5f0	181	81	1	DELIVERY	181	Test Order Stop 81	Test Stop Address 81	Stop Dock 81	37.5081000	127.0081000	2026-04-20 01:18:07.069522+09	2026-04-20 03:18:07.069522+09	Stop Contact 81	010-2000-0081	Test stop work note 81	2026-04-16 16:18:07.069522+09	2026-04-17 11:46:50.051974+09	t	181	181	\N	\N
82	3d5834dd-e872-4ff3-a4a2-0c8c4f09eda6	182	82	1	PICKUP	182	Test Order Stop 82	Test Stop Address 82	Stop Dock 82	37.5082000	127.0082000	2026-04-20 02:18:07.069522+09	2026-04-20 04:18:07.069522+09	Stop Contact 82	010-2000-0082	Test stop work note 82	2026-04-16 16:18:07.069522+09	2026-04-17 11:46:50.051974+09	t	182	182	\N	\N
83	88495609-f3a9-4d54-83e7-0292cd58f028	183	83	1	DELIVERY	183	Test Order Stop 83	Test Stop Address 83	Stop Dock 83	37.5083000	127.0083000	2026-04-20 03:18:07.069522+09	2026-04-20 05:18:07.069522+09	Stop Contact 83	010-2000-0083	Test stop work note 83	2026-04-16 16:18:07.069522+09	2026-04-17 11:46:50.051974+09	t	183	183	\N	\N
2	32bfe206-56e4-480a-a181-c3dce9f2874d	102	2	1	PICKUP	102	Test Order Stop 2	Test Stop Address 2	Stop Dock 2	37.5002000	127.0002000	2026-04-16 18:18:07.069522+09	2026-04-16 20:18:07.069522+09	Stop Contact 2	010-2000-0002	Test stop work note 2	2026-04-16 16:18:07.069522+09	2026-04-17 11:46:50.051974+09	t	102	102	\N	\N
84	a811c094-b534-47de-ae28-6587e32a9bf9	184	84	1	PICKUP	184	Test Order Stop 84	Test Stop Address 84	Stop Dock 84	37.5084000	127.0084000	2026-04-20 04:18:07.069522+09	2026-04-20 06:18:07.069522+09	Stop Contact 84	010-2000-0084	Test stop work note 84	2026-04-16 16:18:07.069522+09	2026-04-17 11:46:50.051974+09	t	184	184	\N	\N
85	919bcffe-ab81-4faf-9b80-433be032503b	185	85	1	DELIVERY	185	Test Order Stop 85	Test Stop Address 85	Stop Dock 85	37.5085000	127.0085000	2026-04-20 05:18:07.069522+09	2026-04-20 07:18:07.069522+09	Stop Contact 85	010-2000-0085	Test stop work note 85	2026-04-16 16:18:07.069522+09	2026-04-17 11:46:50.051974+09	t	185	185	\N	\N
86	cc79fe99-5cf3-4b69-afb7-a37d32a1b21b	186	86	1	PICKUP	186	Test Order Stop 86	Test Stop Address 86	Stop Dock 86	37.5086000	127.0086000	2026-04-20 06:18:07.069522+09	2026-04-20 08:18:07.069522+09	Stop Contact 86	010-2000-0086	Test stop work note 86	2026-04-16 16:18:07.069522+09	2026-04-17 11:46:50.051974+09	t	186	186	\N	\N
87	300a536b-da86-4b49-b322-ec60ce46237f	187	87	1	DELIVERY	187	Test Order Stop 87	Test Stop Address 87	Stop Dock 87	37.5087000	127.0087000	2026-04-20 07:18:07.069522+09	2026-04-20 09:18:07.069522+09	Stop Contact 87	010-2000-0087	Test stop work note 87	2026-04-16 16:18:07.069522+09	2026-04-17 11:46:50.051974+09	t	187	187	\N	\N
88	44718f7d-dada-4a23-974d-e6e6a294b866	188	88	1	PICKUP	188	Test Order Stop 88	Test Stop Address 88	Stop Dock 88	37.5088000	127.0088000	2026-04-20 08:18:07.069522+09	2026-04-20 10:18:07.069522+09	Stop Contact 88	010-2000-0088	Test stop work note 88	2026-04-16 16:18:07.069522+09	2026-04-17 11:46:50.051974+09	t	188	188	\N	\N
89	2763ed66-ccc7-49f1-a0af-81b3ab45906b	189	89	1	DELIVERY	189	Test Order Stop 89	Test Stop Address 89	Stop Dock 89	37.5089000	127.0089000	2026-04-20 09:18:07.069522+09	2026-04-20 11:18:07.069522+09	Stop Contact 89	010-2000-0089	Test stop work note 89	2026-04-16 16:18:07.069522+09	2026-04-17 11:46:50.051974+09	t	189	189	\N	\N
90	f5edf90a-5acc-4ad3-b36d-0de76a499598	190	90	1	PICKUP	190	Test Order Stop 90	Test Stop Address 90	Stop Dock 90	37.5090000	127.0090000	2026-04-20 10:18:07.069522+09	2026-04-20 12:18:07.069522+09	Stop Contact 90	010-2000-0090	Test stop work note 90	2026-04-16 16:18:07.069522+09	2026-04-17 11:46:50.051974+09	t	190	190	\N	\N
91	20864cdb-a3cd-4f63-a37b-da70e104fb08	191	91	1	DELIVERY	191	Test Order Stop 91	Test Stop Address 91	Stop Dock 91	37.5091000	127.0091000	2026-04-20 11:18:07.069522+09	2026-04-20 13:18:07.069522+09	Stop Contact 91	010-2000-0091	Test stop work note 91	2026-04-16 16:18:07.069522+09	2026-04-17 11:46:50.051974+09	t	191	191	\N	\N
92	2a753036-4c9a-45ee-8c81-0b7ccbbd86b4	192	92	1	PICKUP	192	Test Order Stop 92	Test Stop Address 92	Stop Dock 92	37.5092000	127.0092000	2026-04-20 12:18:07.069522+09	2026-04-20 14:18:07.069522+09	Stop Contact 92	010-2000-0092	Test stop work note 92	2026-04-16 16:18:07.069522+09	2026-04-17 11:46:50.051974+09	t	192	192	\N	\N
93	0ac2f311-2006-4247-aa49-b70f41b4a5a2	193	93	1	DELIVERY	193	Test Order Stop 93	Test Stop Address 93	Stop Dock 93	37.5093000	127.0093000	2026-04-20 13:18:07.069522+09	2026-04-20 15:18:07.069522+09	Stop Contact 93	010-2000-0093	Test stop work note 93	2026-04-16 16:18:07.069522+09	2026-04-17 11:46:50.051974+09	t	193	193	\N	\N
94	f5386bb4-4b4b-4ed2-baa1-bb69ad546597	194	94	1	PICKUP	194	Test Order Stop 94	Test Stop Address 94	Stop Dock 94	37.5094000	127.0094000	2026-04-20 14:18:07.069522+09	2026-04-20 16:18:07.069522+09	Stop Contact 94	010-2000-0094	Test stop work note 94	2026-04-16 16:18:07.069522+09	2026-04-17 11:46:50.051974+09	t	194	194	\N	\N
95	fc33d434-67da-4c04-ad5e-b560dbccb7a3	195	95	1	DELIVERY	195	Test Order Stop 95	Test Stop Address 95	Stop Dock 95	37.5095000	127.0095000	2026-04-20 15:18:07.069522+09	2026-04-20 17:18:07.069522+09	Stop Contact 95	010-2000-0095	Test stop work note 95	2026-04-16 16:18:07.069522+09	2026-04-17 11:46:50.051974+09	t	195	195	\N	\N
96	036fca3c-50aa-4607-950e-cbda902870d3	196	96	1	PICKUP	196	Test Order Stop 96	Test Stop Address 96	Stop Dock 96	37.5096000	127.0096000	2026-04-20 16:18:07.069522+09	2026-04-20 18:18:07.069522+09	Stop Contact 96	010-2000-0096	Test stop work note 96	2026-04-16 16:18:07.069522+09	2026-04-17 11:46:50.051974+09	t	196	196	\N	\N
97	deb2ffff-5724-4e26-b70c-d52ee8bd7ee3	197	97	1	DELIVERY	197	Test Order Stop 97	Test Stop Address 97	Stop Dock 97	37.5097000	127.0097000	2026-04-20 17:18:07.069522+09	2026-04-20 19:18:07.069522+09	Stop Contact 97	010-2000-0097	Test stop work note 97	2026-04-16 16:18:07.069522+09	2026-04-17 11:46:50.051974+09	t	197	197	\N	\N
98	67f38fb3-94ac-4d6e-b2a7-1aa298e85919	198	98	1	PICKUP	198	Test Order Stop 98	Test Stop Address 98	Stop Dock 98	37.5098000	127.0098000	2026-04-20 18:18:07.069522+09	2026-04-20 20:18:07.069522+09	Stop Contact 98	010-2000-0098	Test stop work note 98	2026-04-16 16:18:07.069522+09	2026-04-17 11:46:50.051974+09	t	198	198	\N	\N
99	feeb891a-8a7d-4970-9102-89aac728867e	199	99	1	DELIVERY	199	Test Order Stop 99	Test Stop Address 99	Stop Dock 99	37.5099000	127.0099000	2026-04-20 19:18:07.069522+09	2026-04-20 21:18:07.069522+09	Stop Contact 99	010-2000-0099	Test stop work note 99	2026-04-16 16:18:07.069522+09	2026-04-17 11:46:50.051974+09	t	199	199	\N	\N
100	fe7bff78-804d-4886-a69d-09c53c4ada4d	200	100	1	PICKUP	200	Test Order Stop 100	Test Stop Address 100	Stop Dock 100	37.5100000	127.0100000	2026-04-20 20:18:07.069522+09	2026-04-20 22:18:07.069522+09	Stop Contact 100	010-2000-0100	Test stop work note 100	2026-04-16 16:18:07.069522+09	2026-04-17 11:46:50.051974+09	t	200	200	\N	\N
\.


--
-- Data for Name: orders; Type: TABLE DATA; Schema: ord; Owner: -
--

COPY ord.orders (order_id, order_uid, tenant_id, order_no, customer_id, customer_order_no, billing_partner_id, order_type, service_level, status_code, order_date, requested_pickup_at, requested_delivery_at, required_vehicle_type, required_ton_class, temperature_type, is_exclusive, is_emergency, total_qty, total_weight_kg, total_volume_cbm, total_pallets, special_instructions, created_by, accepted_by, accepted_at, cancelled_at, cancel_reason, created_at, updated_at, deleted_at, is_active, updated_by, deleted_by) FROM stdin;
11	db2a50fb-2cc6-4346-984b-8b60d1bfbe69	111	ORD000011	111	CUST-ORD-000011	111	ONE_WAY	STANDARD	SETTLEMENT_READY	2026-04-16	2026-04-17 03:18:07.069522+09	2026-04-17 09:18:07.069522+09	CARGO	2.50	NORMAL	f	t	21.000	155.000	6.500	2.000	Test order instruction 11	111	111	2026-04-16 16:18:07.069522+09	\N	\N	2026-04-16 16:18:07.069522+09	2026-04-17 11:46:50.051974+09	\N	t	111	\N
12	8864588d-9e24-4aa8-984b-fc0ef4a29e02	112	ORD000012	112	CUST-ORD-000012	112	RETURN	EXPRESS	SETTLEMENT_READY	2026-04-16	2026-04-17 04:18:07.069522+09	2026-04-17 10:18:07.069522+09	WING	5.00	FROZEN	f	f	22.000	160.000	7.000	3.000	Test order instruction 12	112	112	2026-04-16 16:18:07.069522+09	\N	\N	2026-04-16 16:18:07.069522+09	2026-04-17 11:46:50.051974+09	\N	t	112	\N
13	f9595b12-ceba-47e0-a9d6-d9fb53c31681	113	ORD000013	113	CUST-ORD-000013	113	LINE_HAUL	STANDARD	SETTLEMENT_READY	2026-04-16	2026-04-17 05:18:07.069522+09	2026-04-17 11:18:07.069522+09	CARGO	2.50	NORMAL	f	f	23.000	165.000	7.500	4.000	Test order instruction 13	113	113	2026-04-16 16:18:07.069522+09	\N	\N	2026-04-16 16:18:07.069522+09	2026-04-17 11:46:50.051974+09	\N	t	113	\N
14	c27bb0be-e14c-4a95-9124-5cb20fc05dee	114	ORD000014	114	CUST-ORD-000014	114	EMERGENCY	EXPRESS	SETTLEMENT_READY	2026-04-16	2026-04-17 06:18:07.069522+09	2026-04-17 12:18:07.069522+09	WING	5.00	NORMAL	t	f	24.000	170.000	8.000	5.000	Test order instruction 14	114	114	2026-04-16 16:18:07.069522+09	\N	\N	2026-04-16 16:18:07.069522+09	2026-04-17 11:46:50.051974+09	\N	t	114	\N
15	16209928-5849-4ff1-9281-6151ea3b6b11	115	ORD000015	115	CUST-ORD-000015	115	MULTI_STOP	STANDARD	SETTLEMENT_READY	2026-04-16	2026-04-17 07:18:07.069522+09	2026-04-17 13:18:07.069522+09	CARGO	2.50	NORMAL	f	f	25.000	175.000	8.500	6.000	Test order instruction 15	115	115	2026-04-16 16:18:07.069522+09	\N	\N	2026-04-16 16:18:07.069522+09	2026-04-17 11:46:50.051974+09	\N	t	115	\N
16	b9612f9a-06a8-4f29-99e3-16086478f7f5	116	ORD000016	116	CUST-ORD-000016	116	ONE_WAY	EXPRESS	SETTLEMENT_READY	2026-04-16	2026-04-17 08:18:07.069522+09	2026-04-17 14:18:07.069522+09	WING	5.00	FROZEN	f	f	26.000	180.000	9.000	7.000	Test order instruction 16	116	116	2026-04-16 16:18:07.069522+09	\N	\N	2026-04-16 16:18:07.069522+09	2026-04-17 11:46:50.051974+09	\N	t	116	\N
17	f9a0f234-a085-4e6f-a269-6ebc484ad9a2	117	ORD000017	117	CUST-ORD-000017	117	RETURN	STANDARD	SETTLEMENT_READY	2026-04-16	2026-04-17 09:18:07.069522+09	2026-04-17 15:18:07.069522+09	CARGO	2.50	NORMAL	f	f	27.000	185.000	9.500	8.000	Test order instruction 17	117	117	2026-04-16 16:18:07.069522+09	\N	\N	2026-04-16 16:18:07.069522+09	2026-04-17 11:46:50.051974+09	\N	t	117	\N
18	efc2ed8c-888e-4c74-965d-d326ed0ccf48	118	ORD000018	118	CUST-ORD-000018	118	LINE_HAUL	EXPRESS	SETTLEMENT_READY	2026-04-16	2026-04-17 10:18:07.069522+09	2026-04-17 16:18:07.069522+09	WING	5.00	NORMAL	f	f	28.000	190.000	10.000	9.000	Test order instruction 18	118	118	2026-04-16 16:18:07.069522+09	\N	\N	2026-04-16 16:18:07.069522+09	2026-04-17 11:46:50.051974+09	\N	t	118	\N
19	3f7ddb16-4119-45c2-8d7f-64b5922379ed	119	ORD000019	119	CUST-ORD-000019	119	EMERGENCY	STANDARD	SETTLEMENT_READY	2026-04-16	2026-04-17 11:18:07.069522+09	2026-04-17 17:18:07.069522+09	CARGO	2.50	NORMAL	f	f	29.000	195.000	10.500	10.000	Test order instruction 19	119	119	2026-04-16 16:18:07.069522+09	\N	\N	2026-04-16 16:18:07.069522+09	2026-04-17 11:46:50.051974+09	\N	t	119	\N
20	317449ff-3c93-4b1d-a799-ba2f410ce3ad	120	ORD000020	120	CUST-ORD-000020	120	MULTI_STOP	EXPRESS	SETTLEMENT_READY	2026-04-16	2026-04-17 12:18:07.069522+09	2026-04-17 18:18:07.069522+09	WING	5.00	FROZEN	f	f	30.000	200.000	11.000	1.000	Test order instruction 20	120	120	2026-04-16 16:18:07.069522+09	\N	\N	2026-04-16 16:18:07.069522+09	2026-04-17 11:46:50.051974+09	\N	t	120	\N
21	ff248505-e620-41ed-9e97-077884323d28	121	ORD000021	121	CUST-ORD-000021	121	ONE_WAY	STANDARD	SETTLEMENT_READY	2026-04-16	2026-04-17 13:18:07.069522+09	2026-04-17 19:18:07.069522+09	CARGO	2.50	NORMAL	t	f	31.000	205.000	11.500	2.000	Test order instruction 21	121	121	2026-04-16 16:18:07.069522+09	\N	\N	2026-04-16 16:18:07.069522+09	2026-04-17 11:46:50.051974+09	\N	t	121	\N
22	c6c424ab-7956-4789-a777-36b5d245749d	122	ORD000022	122	CUST-ORD-000022	122	RETURN	EXPRESS	SETTLEMENT_READY	2026-04-16	2026-04-17 14:18:07.069522+09	2026-04-17 20:18:07.069522+09	WING	5.00	NORMAL	f	t	32.000	210.000	12.000	3.000	Test order instruction 22	122	122	2026-04-16 16:18:07.069522+09	\N	\N	2026-04-16 16:18:07.069522+09	2026-04-17 11:46:50.051974+09	\N	t	122	\N
23	f9785ae5-30fc-4a59-a516-78612a0d9279	123	ORD000023	123	CUST-ORD-000023	123	LINE_HAUL	STANDARD	SETTLEMENT_READY	2026-04-16	2026-04-17 15:18:07.069522+09	2026-04-17 21:18:07.069522+09	CARGO	2.50	NORMAL	f	f	33.000	215.000	12.500	4.000	Test order instruction 23	123	123	2026-04-16 16:18:07.069522+09	\N	\N	2026-04-16 16:18:07.069522+09	2026-04-17 11:46:50.051974+09	\N	t	123	\N
24	3f2f19a9-f926-45e8-89c8-b429384b5a5f	124	ORD000024	124	CUST-ORD-000024	124	EMERGENCY	EXPRESS	SETTLEMENT_READY	2026-04-16	2026-04-17 16:18:07.069522+09	2026-04-17 22:18:07.069522+09	WING	5.00	FROZEN	f	f	34.000	220.000	13.000	5.000	Test order instruction 24	124	124	2026-04-16 16:18:07.069522+09	\N	\N	2026-04-16 16:18:07.069522+09	2026-04-17 11:46:50.051974+09	\N	t	124	\N
25	5d582214-4dae-493e-ae5d-9f8e0da4582c	125	ORD000025	125	CUST-ORD-000025	125	MULTI_STOP	STANDARD	SETTLEMENT_READY	2026-04-16	2026-04-17 17:18:07.069522+09	2026-04-17 23:18:07.069522+09	CARGO	2.50	NORMAL	f	f	35.000	225.000	13.500	6.000	Test order instruction 25	125	125	2026-04-16 16:18:07.069522+09	\N	\N	2026-04-16 16:18:07.069522+09	2026-04-17 11:46:50.051974+09	\N	t	125	\N
26	d787e115-aeca-48d3-846e-0023fffe731f	126	ORD000026	126	CUST-ORD-000026	126	ONE_WAY	EXPRESS	SETTLEMENT_READY	2026-04-16	2026-04-17 18:18:07.069522+09	2026-04-18 00:18:07.069522+09	WING	5.00	NORMAL	f	f	36.000	230.000	14.000	7.000	Test order instruction 26	126	126	2026-04-16 16:18:07.069522+09	\N	\N	2026-04-16 16:18:07.069522+09	2026-04-17 11:46:50.051974+09	\N	t	126	\N
27	bf78f9c2-5d68-4b6a-b0aa-8181db0e2ae0	127	ORD000027	127	CUST-ORD-000027	127	RETURN	STANDARD	SETTLEMENT_READY	2026-04-16	2026-04-17 19:18:07.069522+09	2026-04-18 01:18:07.069522+09	CARGO	2.50	NORMAL	f	f	37.000	235.000	14.500	8.000	Test order instruction 27	127	127	2026-04-16 16:18:07.069522+09	\N	\N	2026-04-16 16:18:07.069522+09	2026-04-17 11:46:50.051974+09	\N	t	127	\N
28	3563d3b8-b0f7-4247-8df2-b498c429dcf5	128	ORD000028	128	CUST-ORD-000028	128	LINE_HAUL	EXPRESS	SETTLEMENT_READY	2026-04-16	2026-04-17 20:18:07.069522+09	2026-04-18 02:18:07.069522+09	WING	5.00	FROZEN	t	f	38.000	240.000	15.000	9.000	Test order instruction 28	128	128	2026-04-16 16:18:07.069522+09	\N	\N	2026-04-16 16:18:07.069522+09	2026-04-17 11:46:50.051974+09	\N	t	128	\N
29	71c3cc77-ca70-46a2-8ac7-bd588559c592	129	ORD000029	129	CUST-ORD-000029	129	EMERGENCY	STANDARD	SETTLEMENT_READY	2026-04-16	2026-04-17 21:18:07.069522+09	2026-04-18 03:18:07.069522+09	CARGO	2.50	NORMAL	f	f	39.000	245.000	15.500	10.000	Test order instruction 29	129	129	2026-04-16 16:18:07.069522+09	\N	\N	2026-04-16 16:18:07.069522+09	2026-04-17 11:46:50.051974+09	\N	t	129	\N
30	9d8cfad4-7c6e-48a3-8c3f-c9bf80797a6a	130	ORD000030	130	CUST-ORD-000030	130	MULTI_STOP	EXPRESS	SETTLEMENT_READY	2026-04-16	2026-04-17 22:18:07.069522+09	2026-04-18 04:18:07.069522+09	WING	5.00	NORMAL	f	f	40.000	250.000	16.000	1.000	Test order instruction 30	130	130	2026-04-16 16:18:07.069522+09	\N	\N	2026-04-16 16:18:07.069522+09	2026-04-17 11:46:50.051974+09	\N	t	130	\N
31	62c72446-56d5-4722-aa2c-7f1893f6267e	131	ORD000031	131	CUST-ORD-000031	131	ONE_WAY	STANDARD	SETTLEMENT_READY	2026-04-16	2026-04-17 23:18:07.069522+09	2026-04-18 05:18:07.069522+09	CARGO	2.50	NORMAL	f	f	41.000	255.000	16.500	2.000	Test order instruction 31	131	131	2026-04-16 16:18:07.069522+09	\N	\N	2026-04-16 16:18:07.069522+09	2026-04-17 11:46:50.051974+09	\N	t	131	\N
32	3ea8c571-16b6-451a-8ab5-008cd0df1abe	132	ORD000032	132	CUST-ORD-000032	132	RETURN	EXPRESS	SETTLEMENT_READY	2026-04-16	2026-04-18 00:18:07.069522+09	2026-04-18 06:18:07.069522+09	WING	5.00	FROZEN	f	f	42.000	260.000	17.000	3.000	Test order instruction 32	132	132	2026-04-16 16:18:07.069522+09	\N	\N	2026-04-16 16:18:07.069522+09	2026-04-17 11:46:50.051974+09	\N	t	132	\N
33	fcbbbe4f-c81e-436c-88ad-786e0b529f9a	133	ORD000033	133	CUST-ORD-000033	133	LINE_HAUL	STANDARD	SETTLEMENT_READY	2026-04-16	2026-04-18 01:18:07.069522+09	2026-04-18 07:18:07.069522+09	CARGO	2.50	NORMAL	f	t	43.000	265.000	17.500	4.000	Test order instruction 33	133	133	2026-04-16 16:18:07.069522+09	\N	\N	2026-04-16 16:18:07.069522+09	2026-04-17 11:46:50.051974+09	\N	t	133	\N
34	9dcfbda0-b0a5-436d-ad73-8cff90c34bb7	134	ORD000034	134	CUST-ORD-000034	134	EMERGENCY	EXPRESS	SETTLEMENT_READY	2026-04-16	2026-04-18 02:18:07.069522+09	2026-04-18 08:18:07.069522+09	WING	5.00	NORMAL	f	f	44.000	270.000	18.000	5.000	Test order instruction 34	134	134	2026-04-16 16:18:07.069522+09	\N	\N	2026-04-16 16:18:07.069522+09	2026-04-17 11:46:50.051974+09	\N	t	134	\N
35	c29bccc0-f235-42fc-a628-5c96467d30e9	135	ORD000035	135	CUST-ORD-000035	135	MULTI_STOP	STANDARD	SETTLEMENT_READY	2026-04-16	2026-04-18 03:18:07.069522+09	2026-04-18 09:18:07.069522+09	CARGO	2.50	NORMAL	t	f	45.000	275.000	18.500	6.000	Test order instruction 35	135	135	2026-04-16 16:18:07.069522+09	\N	\N	2026-04-16 16:18:07.069522+09	2026-04-17 11:46:50.051974+09	\N	t	135	\N
36	a0a47d18-311c-416c-bd2e-1e124e976ea3	136	ORD000036	136	CUST-ORD-000036	136	ONE_WAY	EXPRESS	SETTLEMENT_READY	2026-04-16	2026-04-18 04:18:07.069522+09	2026-04-18 10:18:07.069522+09	WING	5.00	FROZEN	f	f	46.000	280.000	19.000	7.000	Test order instruction 36	136	136	2026-04-16 16:18:07.069522+09	\N	\N	2026-04-16 16:18:07.069522+09	2026-04-17 11:46:50.051974+09	\N	t	136	\N
37	4249c214-bb16-4fe6-a4c6-161fdc1cb56f	137	ORD000037	137	CUST-ORD-000037	137	RETURN	STANDARD	SETTLEMENT_READY	2026-04-16	2026-04-18 05:18:07.069522+09	2026-04-18 11:18:07.069522+09	CARGO	2.50	NORMAL	f	f	47.000	285.000	19.500	8.000	Test order instruction 37	137	137	2026-04-16 16:18:07.069522+09	\N	\N	2026-04-16 16:18:07.069522+09	2026-04-17 11:46:50.051974+09	\N	t	137	\N
38	1276efb9-d50e-4192-9290-a336d8e4a552	138	ORD000038	138	CUST-ORD-000038	138	LINE_HAUL	EXPRESS	SETTLEMENT_READY	2026-04-16	2026-04-18 06:18:07.069522+09	2026-04-18 12:18:07.069522+09	WING	5.00	NORMAL	f	f	48.000	290.000	20.000	9.000	Test order instruction 38	138	138	2026-04-16 16:18:07.069522+09	\N	\N	2026-04-16 16:18:07.069522+09	2026-04-17 11:46:50.051974+09	\N	t	138	\N
39	092e4593-27af-4e52-9004-ec10204e112d	139	ORD000039	139	CUST-ORD-000039	139	EMERGENCY	STANDARD	SETTLEMENT_READY	2026-04-16	2026-04-18 07:18:07.069522+09	2026-04-18 13:18:07.069522+09	CARGO	2.50	NORMAL	f	f	49.000	295.000	20.500	10.000	Test order instruction 39	139	139	2026-04-16 16:18:07.069522+09	\N	\N	2026-04-16 16:18:07.069522+09	2026-04-17 11:46:50.051974+09	\N	t	139	\N
40	bfe7ba30-dd6f-4f22-b720-903a4397deb4	140	ORD000040	140	CUST-ORD-000040	140	MULTI_STOP	EXPRESS	SETTLEMENT_READY	2026-04-16	2026-04-18 08:18:07.069522+09	2026-04-18 14:18:07.069522+09	WING	5.00	FROZEN	f	f	50.000	300.000	21.000	1.000	Test order instruction 40	140	140	2026-04-16 16:18:07.069522+09	\N	\N	2026-04-16 16:18:07.069522+09	2026-04-17 11:46:50.051974+09	\N	t	140	\N
41	e00e8cce-f4e0-4bd0-be7d-8551d62c00ba	141	ORD000041	141	CUST-ORD-000041	141	ONE_WAY	STANDARD	SETTLEMENT_READY	2026-04-16	2026-04-18 09:18:07.069522+09	2026-04-18 15:18:07.069522+09	CARGO	2.50	NORMAL	f	f	51.000	305.000	21.500	2.000	Test order instruction 41	141	141	2026-04-16 16:18:07.069522+09	\N	\N	2026-04-16 16:18:07.069522+09	2026-04-17 11:46:50.051974+09	\N	t	141	\N
42	4574af44-fd21-405a-9231-85023829247d	142	ORD000042	142	CUST-ORD-000042	142	RETURN	EXPRESS	SETTLEMENT_READY	2026-04-16	2026-04-18 10:18:07.069522+09	2026-04-18 16:18:07.069522+09	WING	5.00	NORMAL	t	f	52.000	310.000	22.000	3.000	Test order instruction 42	142	142	2026-04-16 16:18:07.069522+09	\N	\N	2026-04-16 16:18:07.069522+09	2026-04-17 11:46:50.051974+09	\N	t	142	\N
43	6aae6174-3c47-4ca1-b51f-19039140823c	143	ORD000043	143	CUST-ORD-000043	143	LINE_HAUL	STANDARD	SETTLEMENT_READY	2026-04-16	2026-04-18 11:18:07.069522+09	2026-04-18 17:18:07.069522+09	CARGO	2.50	NORMAL	f	f	53.000	315.000	22.500	4.000	Test order instruction 43	143	143	2026-04-16 16:18:07.069522+09	\N	\N	2026-04-16 16:18:07.069522+09	2026-04-17 11:46:50.051974+09	\N	t	143	\N
44	47b13053-0272-4252-a00a-3e7b612693ea	144	ORD000044	144	CUST-ORD-000044	144	EMERGENCY	EXPRESS	SETTLEMENT_READY	2026-04-16	2026-04-18 12:18:07.069522+09	2026-04-18 18:18:07.069522+09	WING	5.00	FROZEN	f	t	54.000	320.000	23.000	5.000	Test order instruction 44	144	144	2026-04-16 16:18:07.069522+09	\N	\N	2026-04-16 16:18:07.069522+09	2026-04-17 11:46:50.051974+09	\N	t	144	\N
45	2094b6e7-f734-4eb8-a5d3-4170d8f09e2d	145	ORD000045	145	CUST-ORD-000045	145	MULTI_STOP	STANDARD	SETTLEMENT_READY	2026-04-16	2026-04-18 13:18:07.069522+09	2026-04-18 19:18:07.069522+09	CARGO	2.50	NORMAL	f	f	55.000	325.000	23.500	6.000	Test order instruction 45	145	145	2026-04-16 16:18:07.069522+09	\N	\N	2026-04-16 16:18:07.069522+09	2026-04-17 11:46:50.051974+09	\N	t	145	\N
46	7c248a3a-4821-415a-af19-06c0ad9a85dc	146	ORD000046	146	CUST-ORD-000046	146	ONE_WAY	EXPRESS	SETTLEMENT_READY	2026-04-16	2026-04-18 14:18:07.069522+09	2026-04-18 20:18:07.069522+09	WING	5.00	NORMAL	f	f	56.000	330.000	24.000	7.000	Test order instruction 46	146	146	2026-04-16 16:18:07.069522+09	\N	\N	2026-04-16 16:18:07.069522+09	2026-04-17 11:46:50.051974+09	\N	t	146	\N
47	cd0cb646-47eb-4c59-808c-3d1740bbee3b	147	ORD000047	147	CUST-ORD-000047	147	RETURN	STANDARD	SETTLEMENT_READY	2026-04-16	2026-04-18 15:18:07.069522+09	2026-04-18 21:18:07.069522+09	CARGO	2.50	NORMAL	f	f	57.000	335.000	24.500	8.000	Test order instruction 47	147	147	2026-04-16 16:18:07.069522+09	\N	\N	2026-04-16 16:18:07.069522+09	2026-04-17 11:46:50.051974+09	\N	t	147	\N
48	0ba227da-0845-4f5c-9b25-b662331d9e82	148	ORD000048	148	CUST-ORD-000048	148	LINE_HAUL	EXPRESS	SETTLEMENT_READY	2026-04-16	2026-04-18 16:18:07.069522+09	2026-04-18 22:18:07.069522+09	WING	5.00	FROZEN	f	f	58.000	340.000	25.000	9.000	Test order instruction 48	148	148	2026-04-16 16:18:07.069522+09	\N	\N	2026-04-16 16:18:07.069522+09	2026-04-17 11:46:50.051974+09	\N	t	148	\N
49	cd626c37-784d-4d9c-84c0-5f18c6014650	149	ORD000049	149	CUST-ORD-000049	149	EMERGENCY	STANDARD	SETTLEMENT_READY	2026-04-16	2026-04-18 17:18:07.069522+09	2026-04-18 23:18:07.069522+09	CARGO	2.50	NORMAL	t	f	59.000	345.000	25.500	10.000	Test order instruction 49	149	149	2026-04-16 16:18:07.069522+09	\N	\N	2026-04-16 16:18:07.069522+09	2026-04-17 11:46:50.051974+09	\N	t	149	\N
50	49ec8a64-745b-4d6e-82ca-80bf2c5d4890	150	ORD000050	150	CUST-ORD-000050	150	MULTI_STOP	EXPRESS	SETTLEMENT_READY	2026-04-16	2026-04-18 18:18:07.069522+09	2026-04-19 00:18:07.069522+09	WING	5.00	NORMAL	f	f	60.000	350.000	26.000	1.000	Test order instruction 50	150	150	2026-04-16 16:18:07.069522+09	\N	\N	2026-04-16 16:18:07.069522+09	2026-04-17 11:46:50.051974+09	\N	t	150	\N
51	5dc2a7da-9904-4a47-9e55-0951faeef15c	151	ORD000051	151	CUST-ORD-000051	151	ONE_WAY	STANDARD	SETTLEMENT_READY	2026-04-16	2026-04-18 19:18:07.069522+09	2026-04-19 01:18:07.069522+09	CARGO	2.50	NORMAL	f	f	61.000	355.000	26.500	2.000	Test order instruction 51	151	151	2026-04-16 16:18:07.069522+09	\N	\N	2026-04-16 16:18:07.069522+09	2026-04-17 11:46:50.051974+09	\N	t	151	\N
52	d048e20f-b264-421d-ad0e-df268f675168	152	ORD000052	152	CUST-ORD-000052	152	RETURN	EXPRESS	SETTLEMENT_READY	2026-04-16	2026-04-18 20:18:07.069522+09	2026-04-19 02:18:07.069522+09	WING	5.00	FROZEN	f	f	62.000	360.000	27.000	3.000	Test order instruction 52	152	152	2026-04-16 16:18:07.069522+09	\N	\N	2026-04-16 16:18:07.069522+09	2026-04-17 11:46:50.051974+09	\N	t	152	\N
53	9dd8c4e6-a057-411d-8932-7c074f54323c	153	ORD000053	153	CUST-ORD-000053	153	LINE_HAUL	STANDARD	SETTLEMENT_READY	2026-04-16	2026-04-18 21:18:07.069522+09	2026-04-19 03:18:07.069522+09	CARGO	2.50	NORMAL	f	f	63.000	365.000	27.500	4.000	Test order instruction 53	153	153	2026-04-16 16:18:07.069522+09	\N	\N	2026-04-16 16:18:07.069522+09	2026-04-17 11:46:50.051974+09	\N	t	153	\N
54	954192fb-df42-457b-beff-abe28e62c3fd	154	ORD000054	154	CUST-ORD-000054	154	EMERGENCY	EXPRESS	SETTLEMENT_READY	2026-04-16	2026-04-18 22:18:07.069522+09	2026-04-19 04:18:07.069522+09	WING	5.00	NORMAL	f	f	64.000	370.000	28.000	5.000	Test order instruction 54	154	154	2026-04-16 16:18:07.069522+09	\N	\N	2026-04-16 16:18:07.069522+09	2026-04-17 11:46:50.051974+09	\N	t	154	\N
55	9d9f9f93-b5e6-4569-935d-9b875237621f	155	ORD000055	155	CUST-ORD-000055	155	MULTI_STOP	STANDARD	SETTLEMENT_READY	2026-04-16	2026-04-18 23:18:07.069522+09	2026-04-19 05:18:07.069522+09	CARGO	2.50	NORMAL	f	t	65.000	375.000	28.500	6.000	Test order instruction 55	155	155	2026-04-16 16:18:07.069522+09	\N	\N	2026-04-16 16:18:07.069522+09	2026-04-17 11:46:50.051974+09	\N	t	155	\N
56	368f2a17-b781-442c-8cdb-14560b3c5148	156	ORD000056	156	CUST-ORD-000056	156	ONE_WAY	EXPRESS	SETTLEMENT_READY	2026-04-16	2026-04-19 00:18:07.069522+09	2026-04-19 06:18:07.069522+09	WING	5.00	FROZEN	t	f	66.000	380.000	29.000	7.000	Test order instruction 56	156	156	2026-04-16 16:18:07.069522+09	\N	\N	2026-04-16 16:18:07.069522+09	2026-04-17 11:46:50.051974+09	\N	t	156	\N
57	25b0ac42-2205-407f-9fbc-6a996a2b09e9	157	ORD000057	157	CUST-ORD-000057	157	RETURN	STANDARD	SETTLEMENT_READY	2026-04-16	2026-04-19 01:18:07.069522+09	2026-04-19 07:18:07.069522+09	CARGO	2.50	NORMAL	f	f	67.000	385.000	29.500	8.000	Test order instruction 57	157	157	2026-04-16 16:18:07.069522+09	\N	\N	2026-04-16 16:18:07.069522+09	2026-04-17 11:46:50.051974+09	\N	t	157	\N
58	787bd324-5244-47eb-9b6e-9ae503ec736a	158	ORD000058	158	CUST-ORD-000058	158	LINE_HAUL	EXPRESS	SETTLEMENT_READY	2026-04-16	2026-04-19 02:18:07.069522+09	2026-04-19 08:18:07.069522+09	WING	5.00	NORMAL	f	f	68.000	390.000	30.000	9.000	Test order instruction 58	158	158	2026-04-16 16:18:07.069522+09	\N	\N	2026-04-16 16:18:07.069522+09	2026-04-17 11:46:50.051974+09	\N	t	158	\N
59	07c774f4-2106-455a-b059-7e9f721b31ac	159	ORD000059	159	CUST-ORD-000059	159	EMERGENCY	STANDARD	SETTLEMENT_READY	2026-04-16	2026-04-19 03:18:07.069522+09	2026-04-19 09:18:07.069522+09	CARGO	2.50	NORMAL	f	f	69.000	395.000	30.500	10.000	Test order instruction 59	159	159	2026-04-16 16:18:07.069522+09	\N	\N	2026-04-16 16:18:07.069522+09	2026-04-17 11:46:50.051974+09	\N	t	159	\N
60	99c476c6-9f70-4758-874c-d4fd8c597353	160	ORD000060	160	CUST-ORD-000060	160	MULTI_STOP	EXPRESS	SETTLEMENT_READY	2026-04-16	2026-04-19 04:18:07.069522+09	2026-04-19 10:18:07.069522+09	WING	5.00	FROZEN	f	f	70.000	400.000	31.000	1.000	Test order instruction 60	160	160	2026-04-16 16:18:07.069522+09	\N	\N	2026-04-16 16:18:07.069522+09	2026-04-17 11:46:50.051974+09	\N	t	160	\N
61	a0fa811a-3153-4eec-b15d-cffae28f77cd	161	ORD000061	161	CUST-ORD-000061	161	ONE_WAY	STANDARD	SETTLEMENT_READY	2026-04-16	2026-04-19 05:18:07.069522+09	2026-04-19 11:18:07.069522+09	CARGO	2.50	NORMAL	f	f	71.000	405.000	31.500	2.000	Test order instruction 61	161	161	2026-04-16 16:18:07.069522+09	\N	\N	2026-04-16 16:18:07.069522+09	2026-04-17 11:46:50.051974+09	\N	t	161	\N
62	aba13be9-aa93-4d32-82ed-4f927f28db78	162	ORD000062	162	CUST-ORD-000062	162	RETURN	EXPRESS	SETTLEMENT_READY	2026-04-16	2026-04-19 06:18:07.069522+09	2026-04-19 12:18:07.069522+09	WING	5.00	NORMAL	f	f	72.000	410.000	32.000	3.000	Test order instruction 62	162	162	2026-04-16 16:18:07.069522+09	\N	\N	2026-04-16 16:18:07.069522+09	2026-04-17 11:46:50.051974+09	\N	t	162	\N
63	3e930657-100e-40b4-8e24-57a1e34440ca	163	ORD000063	163	CUST-ORD-000063	163	LINE_HAUL	STANDARD	SETTLEMENT_READY	2026-04-16	2026-04-19 07:18:07.069522+09	2026-04-19 13:18:07.069522+09	CARGO	2.50	NORMAL	t	f	73.000	415.000	32.500	4.000	Test order instruction 63	163	163	2026-04-16 16:18:07.069522+09	\N	\N	2026-04-16 16:18:07.069522+09	2026-04-17 11:46:50.051974+09	\N	t	163	\N
64	35c0e289-25e2-49fb-add8-c4e7184afa0c	164	ORD000064	164	CUST-ORD-000064	164	EMERGENCY	EXPRESS	SETTLEMENT_READY	2026-04-16	2026-04-19 08:18:07.069522+09	2026-04-19 14:18:07.069522+09	WING	5.00	FROZEN	f	f	74.000	420.000	33.000	5.000	Test order instruction 64	164	164	2026-04-16 16:18:07.069522+09	\N	\N	2026-04-16 16:18:07.069522+09	2026-04-17 11:46:50.051974+09	\N	t	164	\N
65	438acd6e-6206-4cc1-9dd1-5e6549521663	165	ORD000065	165	CUST-ORD-000065	165	MULTI_STOP	STANDARD	SETTLEMENT_READY	2026-04-16	2026-04-19 09:18:07.069522+09	2026-04-19 15:18:07.069522+09	CARGO	2.50	NORMAL	f	f	75.000	425.000	33.500	6.000	Test order instruction 65	165	165	2026-04-16 16:18:07.069522+09	\N	\N	2026-04-16 16:18:07.069522+09	2026-04-17 11:46:50.051974+09	\N	t	165	\N
66	7be828be-5b3d-4a8c-b43d-248a53c3527a	166	ORD000066	166	CUST-ORD-000066	166	ONE_WAY	EXPRESS	SETTLEMENT_READY	2026-04-16	2026-04-19 10:18:07.069522+09	2026-04-19 16:18:07.069522+09	WING	5.00	NORMAL	f	t	76.000	430.000	34.000	7.000	Test order instruction 66	166	166	2026-04-16 16:18:07.069522+09	\N	\N	2026-04-16 16:18:07.069522+09	2026-04-17 11:46:50.051974+09	\N	t	166	\N
67	852a8128-d86a-4560-9c51-2691a9b870ac	167	ORD000067	167	CUST-ORD-000067	167	RETURN	STANDARD	SETTLEMENT_READY	2026-04-16	2026-04-19 11:18:07.069522+09	2026-04-19 17:18:07.069522+09	CARGO	2.50	NORMAL	f	f	77.000	435.000	34.500	8.000	Test order instruction 67	167	167	2026-04-16 16:18:07.069522+09	\N	\N	2026-04-16 16:18:07.069522+09	2026-04-17 11:46:50.051974+09	\N	t	167	\N
68	708d58af-e0d1-4399-91b5-c4120b62318f	168	ORD000068	168	CUST-ORD-000068	168	LINE_HAUL	EXPRESS	SETTLEMENT_READY	2026-04-16	2026-04-19 12:18:07.069522+09	2026-04-19 18:18:07.069522+09	WING	5.00	FROZEN	f	f	78.000	440.000	35.000	9.000	Test order instruction 68	168	168	2026-04-16 16:18:07.069522+09	\N	\N	2026-04-16 16:18:07.069522+09	2026-04-17 11:46:50.051974+09	\N	t	168	\N
69	dd54a95d-63ab-441e-a8c9-8c41f8d2c978	169	ORD000069	169	CUST-ORD-000069	169	EMERGENCY	STANDARD	SETTLEMENT_READY	2026-04-16	2026-04-19 13:18:07.069522+09	2026-04-19 19:18:07.069522+09	CARGO	2.50	NORMAL	f	f	79.000	445.000	35.500	10.000	Test order instruction 69	169	169	2026-04-16 16:18:07.069522+09	\N	\N	2026-04-16 16:18:07.069522+09	2026-04-17 11:46:50.051974+09	\N	t	169	\N
70	bfa2ebf2-0aca-4412-ac43-bfc62ec6904d	170	ORD000070	170	CUST-ORD-000070	170	MULTI_STOP	EXPRESS	SETTLEMENT_READY	2026-04-16	2026-04-19 14:18:07.069522+09	2026-04-19 20:18:07.069522+09	WING	5.00	NORMAL	t	f	80.000	450.000	36.000	1.000	Test order instruction 70	170	170	2026-04-16 16:18:07.069522+09	\N	\N	2026-04-16 16:18:07.069522+09	2026-04-17 11:46:50.051974+09	\N	t	170	\N
71	7f42772b-62fc-4fed-bc6c-583af95fb775	171	ORD000071	171	CUST-ORD-000071	171	ONE_WAY	STANDARD	SETTLEMENT_READY	2026-04-16	2026-04-19 15:18:07.069522+09	2026-04-19 21:18:07.069522+09	CARGO	2.50	NORMAL	f	f	81.000	455.000	36.500	2.000	Test order instruction 71	171	171	2026-04-16 16:18:07.069522+09	\N	\N	2026-04-16 16:18:07.069522+09	2026-04-17 11:46:50.051974+09	\N	t	171	\N
72	3463f777-143c-416b-8f3d-a174fb4b8403	172	ORD000072	172	CUST-ORD-000072	172	RETURN	EXPRESS	SETTLEMENT_READY	2026-04-16	2026-04-19 16:18:07.069522+09	2026-04-19 22:18:07.069522+09	WING	5.00	FROZEN	f	f	82.000	460.000	37.000	3.000	Test order instruction 72	172	172	2026-04-16 16:18:07.069522+09	\N	\N	2026-04-16 16:18:07.069522+09	2026-04-17 11:46:50.051974+09	\N	t	172	\N
73	5c61ff5d-7d7c-4e61-8d9d-e9cdfafc4909	173	ORD000073	173	CUST-ORD-000073	173	LINE_HAUL	STANDARD	SETTLEMENT_READY	2026-04-16	2026-04-19 17:18:07.069522+09	2026-04-19 23:18:07.069522+09	CARGO	2.50	NORMAL	f	f	83.000	465.000	37.500	4.000	Test order instruction 73	173	173	2026-04-16 16:18:07.069522+09	\N	\N	2026-04-16 16:18:07.069522+09	2026-04-17 11:46:50.051974+09	\N	t	173	\N
74	30fab29f-6724-4e3d-a5cc-9230c025499e	174	ORD000074	174	CUST-ORD-000074	174	EMERGENCY	EXPRESS	SETTLEMENT_READY	2026-04-16	2026-04-19 18:18:07.069522+09	2026-04-20 00:18:07.069522+09	WING	5.00	NORMAL	f	f	84.000	470.000	38.000	5.000	Test order instruction 74	174	174	2026-04-16 16:18:07.069522+09	\N	\N	2026-04-16 16:18:07.069522+09	2026-04-17 11:46:50.051974+09	\N	t	174	\N
75	ef4f5d1c-b0be-4c00-9b34-5fa98a44d9fd	175	ORD000075	175	CUST-ORD-000075	175	MULTI_STOP	STANDARD	SETTLEMENT_READY	2026-04-16	2026-04-19 19:18:07.069522+09	2026-04-20 01:18:07.069522+09	CARGO	2.50	NORMAL	f	f	85.000	475.000	38.500	6.000	Test order instruction 75	175	175	2026-04-16 16:18:07.069522+09	\N	\N	2026-04-16 16:18:07.069522+09	2026-04-17 11:46:50.051974+09	\N	t	175	\N
76	3d857ba5-1034-429e-a5fd-5b261e39fa9c	176	ORD000076	176	CUST-ORD-000076	176	ONE_WAY	EXPRESS	SETTLEMENT_READY	2026-04-16	2026-04-19 20:18:07.069522+09	2026-04-20 02:18:07.069522+09	WING	5.00	FROZEN	f	f	86.000	480.000	39.000	7.000	Test order instruction 76	176	176	2026-04-16 16:18:07.069522+09	\N	\N	2026-04-16 16:18:07.069522+09	2026-04-17 11:46:50.051974+09	\N	t	176	\N
77	23888554-17e8-46ea-ad93-65c168b32e4b	177	ORD000077	177	CUST-ORD-000077	177	RETURN	STANDARD	SETTLEMENT_READY	2026-04-16	2026-04-19 21:18:07.069522+09	2026-04-20 03:18:07.069522+09	CARGO	2.50	NORMAL	t	t	87.000	485.000	39.500	8.000	Test order instruction 77	177	177	2026-04-16 16:18:07.069522+09	\N	\N	2026-04-16 16:18:07.069522+09	2026-04-17 11:46:50.051974+09	\N	t	177	\N
78	b51187d7-e19c-4e37-baf7-54d93a38aeae	178	ORD000078	178	CUST-ORD-000078	178	LINE_HAUL	EXPRESS	SETTLEMENT_READY	2026-04-16	2026-04-19 22:18:07.069522+09	2026-04-20 04:18:07.069522+09	WING	5.00	NORMAL	f	f	88.000	490.000	40.000	9.000	Test order instruction 78	178	178	2026-04-16 16:18:07.069522+09	\N	\N	2026-04-16 16:18:07.069522+09	2026-04-17 11:46:50.051974+09	\N	t	178	\N
79	357a8bbb-0f8c-44b7-85bb-f71175b9a274	179	ORD000079	179	CUST-ORD-000079	179	EMERGENCY	STANDARD	SETTLEMENT_READY	2026-04-16	2026-04-19 23:18:07.069522+09	2026-04-20 05:18:07.069522+09	CARGO	2.50	NORMAL	f	f	89.000	495.000	40.500	10.000	Test order instruction 79	179	179	2026-04-16 16:18:07.069522+09	\N	\N	2026-04-16 16:18:07.069522+09	2026-04-17 11:46:50.051974+09	\N	t	179	\N
80	ca6ae674-7c12-489e-8c13-871a558752a5	180	ORD000080	180	CUST-ORD-000080	180	MULTI_STOP	EXPRESS	SETTLEMENT_READY	2026-04-16	2026-04-20 00:18:07.069522+09	2026-04-20 06:18:07.069522+09	WING	5.00	FROZEN	f	f	90.000	500.000	41.000	1.000	Test order instruction 80	180	180	2026-04-16 16:18:07.069522+09	\N	\N	2026-04-16 16:18:07.069522+09	2026-04-17 11:46:50.051974+09	\N	t	180	\N
81	e91e8a37-53af-4048-8ad5-34999743fd00	181	ORD000081	181	CUST-ORD-000081	181	ONE_WAY	STANDARD	SETTLEMENT_READY	2026-04-16	2026-04-20 01:18:07.069522+09	2026-04-20 07:18:07.069522+09	CARGO	2.50	NORMAL	f	f	91.000	505.000	41.500	2.000	Test order instruction 81	181	181	2026-04-16 16:18:07.069522+09	\N	\N	2026-04-16 16:18:07.069522+09	2026-04-17 11:46:50.051974+09	\N	t	181	\N
82	d5c78db5-3e2c-4ca9-8266-2ab74ef51b1d	182	ORD000082	182	CUST-ORD-000082	182	RETURN	EXPRESS	SETTLEMENT_READY	2026-04-16	2026-04-20 02:18:07.069522+09	2026-04-20 08:18:07.069522+09	WING	5.00	NORMAL	f	f	92.000	510.000	42.000	3.000	Test order instruction 82	182	182	2026-04-16 16:18:07.069522+09	\N	\N	2026-04-16 16:18:07.069522+09	2026-04-17 11:46:50.051974+09	\N	t	182	\N
83	f238c186-c893-4ee5-bac7-cf8231657408	183	ORD000083	183	CUST-ORD-000083	183	LINE_HAUL	STANDARD	SETTLEMENT_READY	2026-04-16	2026-04-20 03:18:07.069522+09	2026-04-20 09:18:07.069522+09	CARGO	2.50	NORMAL	f	f	93.000	515.000	42.500	4.000	Test order instruction 83	183	183	2026-04-16 16:18:07.069522+09	\N	\N	2026-04-16 16:18:07.069522+09	2026-04-17 11:46:50.051974+09	\N	t	183	\N
84	3bfe14ae-8c1a-4f73-9e8a-94341cac487b	184	ORD000084	184	CUST-ORD-000084	184	EMERGENCY	EXPRESS	SETTLEMENT_READY	2026-04-16	2026-04-20 04:18:07.069522+09	2026-04-20 10:18:07.069522+09	WING	5.00	FROZEN	t	f	94.000	520.000	43.000	5.000	Test order instruction 84	184	184	2026-04-16 16:18:07.069522+09	\N	\N	2026-04-16 16:18:07.069522+09	2026-04-17 11:46:50.051974+09	\N	t	184	\N
85	3490b0c1-88e7-4bc7-a491-eadda7598500	185	ORD000085	185	CUST-ORD-000085	185	MULTI_STOP	STANDARD	SETTLEMENT_READY	2026-04-16	2026-04-20 05:18:07.069522+09	2026-04-20 11:18:07.069522+09	CARGO	2.50	NORMAL	f	f	95.000	525.000	43.500	6.000	Test order instruction 85	185	185	2026-04-16 16:18:07.069522+09	\N	\N	2026-04-16 16:18:07.069522+09	2026-04-17 11:46:50.051974+09	\N	t	185	\N
86	b0112feb-24ea-4e47-b3ab-1529d49024de	186	ORD000086	186	CUST-ORD-000086	186	ONE_WAY	EXPRESS	SETTLEMENT_READY	2026-04-16	2026-04-20 06:18:07.069522+09	2026-04-20 12:18:07.069522+09	WING	5.00	NORMAL	f	f	96.000	530.000	44.000	7.000	Test order instruction 86	186	186	2026-04-16 16:18:07.069522+09	\N	\N	2026-04-16 16:18:07.069522+09	2026-04-17 11:46:50.051974+09	\N	t	186	\N
87	2bfe13bc-946c-4203-b5b8-2f2cab12e736	187	ORD000087	187	CUST-ORD-000087	187	RETURN	STANDARD	SETTLEMENT_READY	2026-04-16	2026-04-20 07:18:07.069522+09	2026-04-20 13:18:07.069522+09	CARGO	2.50	NORMAL	f	f	97.000	535.000	44.500	8.000	Test order instruction 87	187	187	2026-04-16 16:18:07.069522+09	\N	\N	2026-04-16 16:18:07.069522+09	2026-04-17 11:46:50.051974+09	\N	t	187	\N
88	0f20cab8-a3eb-4c59-8ee0-d858e914ad31	188	ORD000088	188	CUST-ORD-000088	188	LINE_HAUL	EXPRESS	SETTLEMENT_READY	2026-04-16	2026-04-20 08:18:07.069522+09	2026-04-20 14:18:07.069522+09	WING	5.00	FROZEN	f	t	98.000	540.000	45.000	9.000	Test order instruction 88	188	188	2026-04-16 16:18:07.069522+09	\N	\N	2026-04-16 16:18:07.069522+09	2026-04-17 11:46:50.051974+09	\N	t	188	\N
89	7789d86b-a73e-4b47-8ff9-9ca45c048e53	189	ORD000089	189	CUST-ORD-000089	189	EMERGENCY	STANDARD	SETTLEMENT_READY	2026-04-16	2026-04-20 09:18:07.069522+09	2026-04-20 15:18:07.069522+09	CARGO	2.50	NORMAL	f	f	99.000	545.000	45.500	10.000	Test order instruction 89	189	189	2026-04-16 16:18:07.069522+09	\N	\N	2026-04-16 16:18:07.069522+09	2026-04-17 11:46:50.051974+09	\N	t	189	\N
90	3533ccd1-782e-40f2-9e47-0aa27f5934fd	190	ORD000090	190	CUST-ORD-000090	190	MULTI_STOP	EXPRESS	SETTLEMENT_READY	2026-04-16	2026-04-20 10:18:07.069522+09	2026-04-20 16:18:07.069522+09	WING	5.00	NORMAL	f	f	100.000	550.000	46.000	1.000	Test order instruction 90	190	190	2026-04-16 16:18:07.069522+09	\N	\N	2026-04-16 16:18:07.069522+09	2026-04-17 11:46:50.051974+09	\N	t	190	\N
91	e29bb59f-504e-4345-81b9-48e6c9eebd43	191	ORD000091	191	CUST-ORD-000091	191	ONE_WAY	STANDARD	SETTLEMENT_READY	2026-04-16	2026-04-20 11:18:07.069522+09	2026-04-20 17:18:07.069522+09	CARGO	2.50	NORMAL	t	f	101.000	555.000	46.500	2.000	Test order instruction 91	191	191	2026-04-16 16:18:07.069522+09	\N	\N	2026-04-16 16:18:07.069522+09	2026-04-17 11:46:50.051974+09	\N	t	191	\N
1	d00b1506-78c8-40ec-9533-db43ce8f3941	101	ORD000001	101	CUST-ORD-000001	101	ONE_WAY	STANDARD	SETTLEMENT_READY	2026-04-16	2026-04-16 17:18:07.069522+09	2026-04-16 23:18:07.069522+09	CARGO	2.50	NORMAL	f	f	11.000	105.000	1.500	2.000	Test order instruction 1	101	101	2026-04-16 16:18:07.069522+09	\N	\N	2026-04-16 16:18:07.069522+09	2026-04-17 11:46:50.051974+09	\N	t	101	\N
2	eca8ea06-74e0-40ef-9895-c486c3133dfe	102	ORD000002	102	CUST-ORD-000002	102	RETURN	EXPRESS	SETTLEMENT_READY	2026-04-16	2026-04-16 18:18:07.069522+09	2026-04-17 00:18:07.069522+09	WING	5.00	NORMAL	f	f	12.000	110.000	2.000	3.000	Test order instruction 2	102	102	2026-04-16 16:18:07.069522+09	\N	\N	2026-04-16 16:18:07.069522+09	2026-04-17 11:46:50.051974+09	\N	t	102	\N
3	5f2f78bb-ce17-4cdf-95d5-78a0e9f9ff98	103	ORD000003	103	CUST-ORD-000003	103	LINE_HAUL	STANDARD	SETTLEMENT_READY	2026-04-16	2026-04-16 19:18:07.069522+09	2026-04-17 01:18:07.069522+09	CARGO	2.50	NORMAL	f	f	13.000	115.000	2.500	4.000	Test order instruction 3	103	103	2026-04-16 16:18:07.069522+09	\N	\N	2026-04-16 16:18:07.069522+09	2026-04-17 11:46:50.051974+09	\N	t	103	\N
4	a988c01c-f28c-4db3-a5a2-eb4ce09c6f4d	104	ORD000004	104	CUST-ORD-000004	104	EMERGENCY	EXPRESS	SETTLEMENT_READY	2026-04-16	2026-04-16 20:18:07.069522+09	2026-04-17 02:18:07.069522+09	WING	5.00	FROZEN	f	f	14.000	120.000	3.000	5.000	Test order instruction 4	104	104	2026-04-16 16:18:07.069522+09	\N	\N	2026-04-16 16:18:07.069522+09	2026-04-17 11:46:50.051974+09	\N	t	104	\N
5	0d167efe-b68f-45b8-81b2-ccfeff0333f2	105	ORD000005	105	CUST-ORD-000005	105	MULTI_STOP	STANDARD	SETTLEMENT_READY	2026-04-16	2026-04-16 21:18:07.069522+09	2026-04-17 03:18:07.069522+09	CARGO	2.50	NORMAL	f	f	15.000	125.000	3.500	6.000	Test order instruction 5	105	105	2026-04-16 16:18:07.069522+09	\N	\N	2026-04-16 16:18:07.069522+09	2026-04-17 11:46:50.051974+09	\N	t	105	\N
6	fa158bd8-5820-4a70-9091-e77dea0d5160	106	ORD000006	106	CUST-ORD-000006	106	ONE_WAY	EXPRESS	SETTLEMENT_READY	2026-04-16	2026-04-16 22:18:07.069522+09	2026-04-17 04:18:07.069522+09	WING	5.00	NORMAL	f	f	16.000	130.000	4.000	7.000	Test order instruction 6	106	106	2026-04-16 16:18:07.069522+09	\N	\N	2026-04-16 16:18:07.069522+09	2026-04-17 11:46:50.051974+09	\N	t	106	\N
7	1b74c579-5d01-4e33-85a6-ec58a475ac00	107	ORD000007	107	CUST-ORD-000007	107	RETURN	STANDARD	SETTLEMENT_READY	2026-04-16	2026-04-16 23:18:07.069522+09	2026-04-17 05:18:07.069522+09	CARGO	2.50	NORMAL	t	f	17.000	135.000	4.500	8.000	Test order instruction 7	107	107	2026-04-16 16:18:07.069522+09	\N	\N	2026-04-16 16:18:07.069522+09	2026-04-17 11:46:50.051974+09	\N	t	107	\N
8	f4867c97-7429-44e1-86ce-b825718ca536	108	ORD000008	108	CUST-ORD-000008	108	LINE_HAUL	EXPRESS	SETTLEMENT_READY	2026-04-16	2026-04-17 00:18:07.069522+09	2026-04-17 06:18:07.069522+09	WING	5.00	FROZEN	f	f	18.000	140.000	5.000	9.000	Test order instruction 8	108	108	2026-04-16 16:18:07.069522+09	\N	\N	2026-04-16 16:18:07.069522+09	2026-04-17 11:46:50.051974+09	\N	t	108	\N
9	3afe43ad-87d1-49ef-92b6-464e2f0b0015	109	ORD000009	109	CUST-ORD-000009	109	EMERGENCY	STANDARD	SETTLEMENT_READY	2026-04-16	2026-04-17 01:18:07.069522+09	2026-04-17 07:18:07.069522+09	CARGO	2.50	NORMAL	f	f	19.000	145.000	5.500	10.000	Test order instruction 9	109	109	2026-04-16 16:18:07.069522+09	\N	\N	2026-04-16 16:18:07.069522+09	2026-04-17 11:46:50.051974+09	\N	t	109	\N
10	cbda1be6-c35a-4a3b-b453-f0f17d9bff68	110	ORD000010	110	CUST-ORD-000010	110	MULTI_STOP	EXPRESS	SETTLEMENT_READY	2026-04-16	2026-04-17 02:18:07.069522+09	2026-04-17 08:18:07.069522+09	WING	5.00	NORMAL	f	f	20.000	150.000	6.000	1.000	Test order instruction 10	110	110	2026-04-16 16:18:07.069522+09	\N	\N	2026-04-16 16:18:07.069522+09	2026-04-17 11:46:50.051974+09	\N	t	110	\N
92	29fbe506-6053-4668-8b90-1496a0e34b70	192	ORD000092	192	CUST-ORD-000092	192	RETURN	EXPRESS	SETTLEMENT_READY	2026-04-16	2026-04-20 12:18:07.069522+09	2026-04-20 18:18:07.069522+09	WING	5.00	FROZEN	f	f	102.000	560.000	47.000	3.000	Test order instruction 92	192	192	2026-04-16 16:18:07.069522+09	\N	\N	2026-04-16 16:18:07.069522+09	2026-04-17 11:46:50.051974+09	\N	t	192	\N
93	9076765b-3f41-4a0d-aa56-aa222fb83d34	193	ORD000093	193	CUST-ORD-000093	193	LINE_HAUL	STANDARD	SETTLEMENT_READY	2026-04-16	2026-04-20 13:18:07.069522+09	2026-04-20 19:18:07.069522+09	CARGO	2.50	NORMAL	f	f	103.000	565.000	47.500	4.000	Test order instruction 93	193	193	2026-04-16 16:18:07.069522+09	\N	\N	2026-04-16 16:18:07.069522+09	2026-04-17 11:46:50.051974+09	\N	t	193	\N
94	b8f46d50-cf20-487a-a383-3c0131e2f0f3	194	ORD000094	194	CUST-ORD-000094	194	EMERGENCY	EXPRESS	SETTLEMENT_READY	2026-04-16	2026-04-20 14:18:07.069522+09	2026-04-20 20:18:07.069522+09	WING	5.00	NORMAL	f	f	104.000	570.000	48.000	5.000	Test order instruction 94	194	194	2026-04-16 16:18:07.069522+09	\N	\N	2026-04-16 16:18:07.069522+09	2026-04-17 11:46:50.051974+09	\N	t	194	\N
95	3f0b4317-3ddf-4e1c-979b-d0d572a216c3	195	ORD000095	195	CUST-ORD-000095	195	MULTI_STOP	STANDARD	SETTLEMENT_READY	2026-04-16	2026-04-20 15:18:07.069522+09	2026-04-20 21:18:07.069522+09	CARGO	2.50	NORMAL	f	f	105.000	575.000	48.500	6.000	Test order instruction 95	195	195	2026-04-16 16:18:07.069522+09	\N	\N	2026-04-16 16:18:07.069522+09	2026-04-17 11:46:50.051974+09	\N	t	195	\N
96	3ea76e26-f6d5-41d6-9ad6-1540945698f9	196	ORD000096	196	CUST-ORD-000096	196	ONE_WAY	EXPRESS	SETTLEMENT_READY	2026-04-16	2026-04-20 16:18:07.069522+09	2026-04-20 22:18:07.069522+09	WING	5.00	FROZEN	f	f	106.000	580.000	49.000	7.000	Test order instruction 96	196	196	2026-04-16 16:18:07.069522+09	\N	\N	2026-04-16 16:18:07.069522+09	2026-04-17 11:46:50.051974+09	\N	t	196	\N
97	91e545b4-d382-4a91-bcd9-e6234a734e8a	197	ORD000097	197	CUST-ORD-000097	197	RETURN	STANDARD	SETTLEMENT_READY	2026-04-16	2026-04-20 17:18:07.069522+09	2026-04-20 23:18:07.069522+09	CARGO	2.50	NORMAL	f	f	107.000	585.000	49.500	8.000	Test order instruction 97	197	197	2026-04-16 16:18:07.069522+09	\N	\N	2026-04-16 16:18:07.069522+09	2026-04-17 11:46:50.051974+09	\N	t	197	\N
98	0f403dfa-4662-4499-8d5d-c2f46ba77439	198	ORD000098	198	CUST-ORD-000098	198	LINE_HAUL	EXPRESS	SETTLEMENT_READY	2026-04-16	2026-04-20 18:18:07.069522+09	2026-04-21 00:18:07.069522+09	WING	5.00	NORMAL	t	f	108.000	590.000	50.000	9.000	Test order instruction 98	198	198	2026-04-16 16:18:07.069522+09	\N	\N	2026-04-16 16:18:07.069522+09	2026-04-17 11:46:50.051974+09	\N	t	198	\N
99	b9466de6-7066-4eed-ac4d-d9f283f532bc	199	ORD000099	199	CUST-ORD-000099	199	EMERGENCY	STANDARD	SETTLEMENT_READY	2026-04-16	2026-04-20 19:18:07.069522+09	2026-04-21 01:18:07.069522+09	CARGO	2.50	NORMAL	f	t	109.000	595.000	50.500	10.000	Test order instruction 99	199	199	2026-04-16 16:18:07.069522+09	\N	\N	2026-04-16 16:18:07.069522+09	2026-04-17 11:46:50.051974+09	\N	t	199	\N
100	350ff593-1f2f-43f2-92af-0e92e9b03fd2	200	ORD000100	200	CUST-ORD-000100	200	MULTI_STOP	EXPRESS	SETTLEMENT_READY	2026-04-16	2026-04-20 20:18:07.069522+09	2026-04-21 02:18:07.069522+09	WING	5.00	FROZEN	f	f	110.000	600.000	51.000	1.000	Test order instruction 100	200	200	2026-04-16 16:18:07.069522+09	\N	\N	2026-04-16 16:18:07.069522+09	2026-04-17 11:46:50.051974+09	\N	t	200	\N
\.


--
-- Data for Name: plan_orders; Type: TABLE DATA; Schema: plan; Owner: -
--

COPY plan.plan_orders (plan_order_id, plan_order_uid, tenant_id, transport_plan_id, order_id, split_seq, allocated_qty, allocated_weight_kg, allocated_volume_cbm, allocated_pallets, created_at, is_active, created_by, updated_at, updated_by, deleted_at, deleted_by) FROM stdin;
1	2e6d7f77-7beb-456f-bd72-47b3b91d9e73	101	1	1	1	11.000	105.000	1.500	2.000	2026-04-16 16:18:07.069522+09	t	101	2026-04-17 11:46:50.051974+09	101	\N	\N
2	91468444-5026-4d1a-b056-ad9d7cf7eb35	102	2	2	1	12.000	110.000	2.000	3.000	2026-04-16 16:18:07.069522+09	t	102	2026-04-17 11:46:50.051974+09	102	\N	\N
3	3b28e876-16da-4696-9509-753c1a30a876	103	3	3	1	13.000	115.000	2.500	4.000	2026-04-16 16:18:07.069522+09	t	103	2026-04-17 11:46:50.051974+09	103	\N	\N
4	e4f97c60-cf38-4707-9a69-59d947537556	104	4	4	1	14.000	120.000	3.000	5.000	2026-04-16 16:18:07.069522+09	t	104	2026-04-17 11:46:50.051974+09	104	\N	\N
5	4dc9a2ba-162a-43cc-a1b3-ae798b2c2853	105	5	5	1	15.000	125.000	3.500	6.000	2026-04-16 16:18:07.069522+09	t	105	2026-04-17 11:46:50.051974+09	105	\N	\N
6	0f9dc87d-890e-43f5-86d9-4b7c61754ccf	106	6	6	1	16.000	130.000	4.000	7.000	2026-04-16 16:18:07.069522+09	t	106	2026-04-17 11:46:50.051974+09	106	\N	\N
7	7c1faafe-6f29-46e5-9b9a-91f9714a0574	107	7	7	1	17.000	135.000	4.500	8.000	2026-04-16 16:18:07.069522+09	t	107	2026-04-17 11:46:50.051974+09	107	\N	\N
8	18124cb9-bd66-4ab3-a007-a868e6e64625	108	8	8	1	18.000	140.000	5.000	9.000	2026-04-16 16:18:07.069522+09	t	108	2026-04-17 11:46:50.051974+09	108	\N	\N
9	dfd42e6f-f669-4896-8ffa-5aa215426de3	109	9	9	1	19.000	145.000	5.500	10.000	2026-04-16 16:18:07.069522+09	t	109	2026-04-17 11:46:50.051974+09	109	\N	\N
10	dfb305b7-39ca-433c-8d10-4597eed097d6	110	10	10	1	20.000	150.000	6.000	1.000	2026-04-16 16:18:07.069522+09	t	110	2026-04-17 11:46:50.051974+09	110	\N	\N
11	d29472d1-a728-4f43-955d-0fc1f033684e	111	11	11	1	21.000	155.000	6.500	2.000	2026-04-16 16:18:07.069522+09	t	111	2026-04-17 11:46:50.051974+09	111	\N	\N
12	4f4bde8d-0c64-43dd-a46c-fa325895ba03	112	12	12	1	22.000	160.000	7.000	3.000	2026-04-16 16:18:07.069522+09	t	112	2026-04-17 11:46:50.051974+09	112	\N	\N
13	c9a1c5b5-9a62-447f-aba5-f742cc5a2bd5	113	13	13	1	23.000	165.000	7.500	4.000	2026-04-16 16:18:07.069522+09	t	113	2026-04-17 11:46:50.051974+09	113	\N	\N
14	55f0d00f-5007-4e3c-acae-0a9cdc9e4788	114	14	14	1	24.000	170.000	8.000	5.000	2026-04-16 16:18:07.069522+09	t	114	2026-04-17 11:46:50.051974+09	114	\N	\N
15	0d39197f-e2d0-4173-96f8-3344c2c78234	115	15	15	1	25.000	175.000	8.500	6.000	2026-04-16 16:18:07.069522+09	t	115	2026-04-17 11:46:50.051974+09	115	\N	\N
16	27d4da16-afb3-4917-97ec-87fc24baf497	116	16	16	1	26.000	180.000	9.000	7.000	2026-04-16 16:18:07.069522+09	t	116	2026-04-17 11:46:50.051974+09	116	\N	\N
17	772de415-f890-4b25-a981-73afd78c9eef	117	17	17	1	27.000	185.000	9.500	8.000	2026-04-16 16:18:07.069522+09	t	117	2026-04-17 11:46:50.051974+09	117	\N	\N
18	0827ccb3-b84b-4ec0-b25f-0c61cee383f4	118	18	18	1	28.000	190.000	10.000	9.000	2026-04-16 16:18:07.069522+09	t	118	2026-04-17 11:46:50.051974+09	118	\N	\N
19	23b65a60-a468-490d-b153-c9ced4849a45	119	19	19	1	29.000	195.000	10.500	10.000	2026-04-16 16:18:07.069522+09	t	119	2026-04-17 11:46:50.051974+09	119	\N	\N
20	8bda203c-f389-4847-bf0d-0ab919e7577a	120	20	20	1	30.000	200.000	11.000	1.000	2026-04-16 16:18:07.069522+09	t	120	2026-04-17 11:46:50.051974+09	120	\N	\N
21	5c415f2e-283c-453e-8dd9-89fa3243302b	121	21	21	1	31.000	205.000	11.500	2.000	2026-04-16 16:18:07.069522+09	t	121	2026-04-17 11:46:50.051974+09	121	\N	\N
22	325c29d2-7485-493d-90ba-39fe62c50f44	122	22	22	1	32.000	210.000	12.000	3.000	2026-04-16 16:18:07.069522+09	t	122	2026-04-17 11:46:50.051974+09	122	\N	\N
23	bd842cdd-f5d1-4d7f-8524-90696ff3ab7a	123	23	23	1	33.000	215.000	12.500	4.000	2026-04-16 16:18:07.069522+09	t	123	2026-04-17 11:46:50.051974+09	123	\N	\N
24	b40daf6d-ab25-40a6-8ba1-3b86fece2fac	124	24	24	1	34.000	220.000	13.000	5.000	2026-04-16 16:18:07.069522+09	t	124	2026-04-17 11:46:50.051974+09	124	\N	\N
25	2fcf55d5-67d9-460c-b3a3-28ce44eaf302	125	25	25	1	35.000	225.000	13.500	6.000	2026-04-16 16:18:07.069522+09	t	125	2026-04-17 11:46:50.051974+09	125	\N	\N
26	673573a4-0684-4f62-b5e1-26c35237674a	126	26	26	1	36.000	230.000	14.000	7.000	2026-04-16 16:18:07.069522+09	t	126	2026-04-17 11:46:50.051974+09	126	\N	\N
27	1c520f6f-e437-4e1a-8eb5-4efddab6dd0d	127	27	27	1	37.000	235.000	14.500	8.000	2026-04-16 16:18:07.069522+09	t	127	2026-04-17 11:46:50.051974+09	127	\N	\N
28	bdfa0c8f-d9b0-46b4-b0f1-8638538dafd3	128	28	28	1	38.000	240.000	15.000	9.000	2026-04-16 16:18:07.069522+09	t	128	2026-04-17 11:46:50.051974+09	128	\N	\N
29	18247123-aafc-451c-bb23-b6de4b289037	129	29	29	1	39.000	245.000	15.500	10.000	2026-04-16 16:18:07.069522+09	t	129	2026-04-17 11:46:50.051974+09	129	\N	\N
30	62c604f1-663e-439e-9f5e-c2eae3d38de4	130	30	30	1	40.000	250.000	16.000	1.000	2026-04-16 16:18:07.069522+09	t	130	2026-04-17 11:46:50.051974+09	130	\N	\N
31	9df811b4-ccd3-4675-be0b-1105bdb23a3f	131	31	31	1	41.000	255.000	16.500	2.000	2026-04-16 16:18:07.069522+09	t	131	2026-04-17 11:46:50.051974+09	131	\N	\N
32	a5aba0b2-8aa2-4f82-8031-5a4e1177dba0	132	32	32	1	42.000	260.000	17.000	3.000	2026-04-16 16:18:07.069522+09	t	132	2026-04-17 11:46:50.051974+09	132	\N	\N
33	9bea3fd6-270d-468c-b9c9-2652dc21eba1	133	33	33	1	43.000	265.000	17.500	4.000	2026-04-16 16:18:07.069522+09	t	133	2026-04-17 11:46:50.051974+09	133	\N	\N
34	98d21ae7-87ae-434f-ab4c-89d76aa97a45	134	34	34	1	44.000	270.000	18.000	5.000	2026-04-16 16:18:07.069522+09	t	134	2026-04-17 11:46:50.051974+09	134	\N	\N
35	f9afd78f-1250-4774-8ff5-8e53b79a4406	135	35	35	1	45.000	275.000	18.500	6.000	2026-04-16 16:18:07.069522+09	t	135	2026-04-17 11:46:50.051974+09	135	\N	\N
36	c2b73e6f-8b5d-478b-a169-602bd978778b	136	36	36	1	46.000	280.000	19.000	7.000	2026-04-16 16:18:07.069522+09	t	136	2026-04-17 11:46:50.051974+09	136	\N	\N
37	9b3ec0f4-8d87-4a52-b1eb-276424a711e7	137	37	37	1	47.000	285.000	19.500	8.000	2026-04-16 16:18:07.069522+09	t	137	2026-04-17 11:46:50.051974+09	137	\N	\N
38	05ad6fc2-d1d7-4f63-9048-9146668dd06a	138	38	38	1	48.000	290.000	20.000	9.000	2026-04-16 16:18:07.069522+09	t	138	2026-04-17 11:46:50.051974+09	138	\N	\N
39	cc012b06-cf17-4bfb-af44-7b49ca486212	139	39	39	1	49.000	295.000	20.500	10.000	2026-04-16 16:18:07.069522+09	t	139	2026-04-17 11:46:50.051974+09	139	\N	\N
40	40ddde3c-3186-4bbf-8fb9-333c5935e4cb	140	40	40	1	50.000	300.000	21.000	1.000	2026-04-16 16:18:07.069522+09	t	140	2026-04-17 11:46:50.051974+09	140	\N	\N
41	50f7da8f-85ab-4304-9037-03eba0dea895	141	41	41	1	51.000	305.000	21.500	2.000	2026-04-16 16:18:07.069522+09	t	141	2026-04-17 11:46:50.051974+09	141	\N	\N
42	c74177fd-8985-48ab-9955-380ebdeb3ca4	142	42	42	1	52.000	310.000	22.000	3.000	2026-04-16 16:18:07.069522+09	t	142	2026-04-17 11:46:50.051974+09	142	\N	\N
43	689e4933-e730-4488-b135-622bc0446cd7	143	43	43	1	53.000	315.000	22.500	4.000	2026-04-16 16:18:07.069522+09	t	143	2026-04-17 11:46:50.051974+09	143	\N	\N
44	bc743aa5-183c-4598-b247-eaadf2c1161a	144	44	44	1	54.000	320.000	23.000	5.000	2026-04-16 16:18:07.069522+09	t	144	2026-04-17 11:46:50.051974+09	144	\N	\N
45	51aae5f5-d7d5-4855-8437-3bcaf4c5a64a	145	45	45	1	55.000	325.000	23.500	6.000	2026-04-16 16:18:07.069522+09	t	145	2026-04-17 11:46:50.051974+09	145	\N	\N
46	afce08ad-b0ab-4688-b456-815ce39a248d	146	46	46	1	56.000	330.000	24.000	7.000	2026-04-16 16:18:07.069522+09	t	146	2026-04-17 11:46:50.051974+09	146	\N	\N
47	5a408737-2e69-46db-a44f-cec184c4ad21	147	47	47	1	57.000	335.000	24.500	8.000	2026-04-16 16:18:07.069522+09	t	147	2026-04-17 11:46:50.051974+09	147	\N	\N
48	8c85fca1-6e09-4bfe-ac27-db89ad0f2e04	148	48	48	1	58.000	340.000	25.000	9.000	2026-04-16 16:18:07.069522+09	t	148	2026-04-17 11:46:50.051974+09	148	\N	\N
49	f7094f13-f90a-421f-8b72-4ea4101c4952	149	49	49	1	59.000	345.000	25.500	10.000	2026-04-16 16:18:07.069522+09	t	149	2026-04-17 11:46:50.051974+09	149	\N	\N
50	3ebe7486-1140-4aa0-be55-3ffd1d7b7351	150	50	50	1	60.000	350.000	26.000	1.000	2026-04-16 16:18:07.069522+09	t	150	2026-04-17 11:46:50.051974+09	150	\N	\N
51	0522ec3d-9a2a-4a47-9310-6b5b67e32757	151	51	51	1	61.000	355.000	26.500	2.000	2026-04-16 16:18:07.069522+09	t	151	2026-04-17 11:46:50.051974+09	151	\N	\N
52	74a6db5b-1ef1-4aa5-a79d-604c78ec7af9	152	52	52	1	62.000	360.000	27.000	3.000	2026-04-16 16:18:07.069522+09	t	152	2026-04-17 11:46:50.051974+09	152	\N	\N
53	2b167ac4-7cf9-428a-a98e-8bf9d2af7153	153	53	53	1	63.000	365.000	27.500	4.000	2026-04-16 16:18:07.069522+09	t	153	2026-04-17 11:46:50.051974+09	153	\N	\N
54	8d37f899-94a8-4f49-b5c5-955718b39a7a	154	54	54	1	64.000	370.000	28.000	5.000	2026-04-16 16:18:07.069522+09	t	154	2026-04-17 11:46:50.051974+09	154	\N	\N
55	3beb432e-3887-4c95-af53-04edf181d987	155	55	55	1	65.000	375.000	28.500	6.000	2026-04-16 16:18:07.069522+09	t	155	2026-04-17 11:46:50.051974+09	155	\N	\N
56	da70dd1c-2a6d-48bf-8727-73ef12e88a52	156	56	56	1	66.000	380.000	29.000	7.000	2026-04-16 16:18:07.069522+09	t	156	2026-04-17 11:46:50.051974+09	156	\N	\N
57	db3f7a37-98ce-4ef8-89ce-1381ac4e0cf0	157	57	57	1	67.000	385.000	29.500	8.000	2026-04-16 16:18:07.069522+09	t	157	2026-04-17 11:46:50.051974+09	157	\N	\N
58	36871ab3-c507-4e8c-9a1b-f1e2f94d5c77	158	58	58	1	68.000	390.000	30.000	9.000	2026-04-16 16:18:07.069522+09	t	158	2026-04-17 11:46:50.051974+09	158	\N	\N
59	411d55cb-8ea9-4cb7-aec7-26470ebcb8c4	159	59	59	1	69.000	395.000	30.500	10.000	2026-04-16 16:18:07.069522+09	t	159	2026-04-17 11:46:50.051974+09	159	\N	\N
60	76c7180b-1abf-4af2-8716-4958aa9bb968	160	60	60	1	70.000	400.000	31.000	1.000	2026-04-16 16:18:07.069522+09	t	160	2026-04-17 11:46:50.051974+09	160	\N	\N
61	25dc9daa-b034-4647-9c79-eb4fd6f22a34	161	61	61	1	71.000	405.000	31.500	2.000	2026-04-16 16:18:07.069522+09	t	161	2026-04-17 11:46:50.051974+09	161	\N	\N
62	34be659e-c679-4173-9a06-760f9988c5b2	162	62	62	1	72.000	410.000	32.000	3.000	2026-04-16 16:18:07.069522+09	t	162	2026-04-17 11:46:50.051974+09	162	\N	\N
63	0a48d44e-626c-4170-8b0e-c46da2c62c09	163	63	63	1	73.000	415.000	32.500	4.000	2026-04-16 16:18:07.069522+09	t	163	2026-04-17 11:46:50.051974+09	163	\N	\N
64	abe3d87b-7fdb-41cb-acc9-ef6fb8737139	164	64	64	1	74.000	420.000	33.000	5.000	2026-04-16 16:18:07.069522+09	t	164	2026-04-17 11:46:50.051974+09	164	\N	\N
65	3f2713b8-908e-4aec-a979-175f9c5a4af8	165	65	65	1	75.000	425.000	33.500	6.000	2026-04-16 16:18:07.069522+09	t	165	2026-04-17 11:46:50.051974+09	165	\N	\N
66	65cd806e-83a4-405b-8eb3-ebacba1930ae	166	66	66	1	76.000	430.000	34.000	7.000	2026-04-16 16:18:07.069522+09	t	166	2026-04-17 11:46:50.051974+09	166	\N	\N
67	138b02de-60ab-4aa3-b922-478a327a441e	167	67	67	1	77.000	435.000	34.500	8.000	2026-04-16 16:18:07.069522+09	t	167	2026-04-17 11:46:50.051974+09	167	\N	\N
68	1b7cff99-50af-4d22-a088-6c1f7df1bb63	168	68	68	1	78.000	440.000	35.000	9.000	2026-04-16 16:18:07.069522+09	t	168	2026-04-17 11:46:50.051974+09	168	\N	\N
69	477786fb-cc0a-4c80-8e2f-f0c13344643a	169	69	69	1	79.000	445.000	35.500	10.000	2026-04-16 16:18:07.069522+09	t	169	2026-04-17 11:46:50.051974+09	169	\N	\N
70	4f01fbd0-82b9-40d9-a61a-175c76fd8e66	170	70	70	1	80.000	450.000	36.000	1.000	2026-04-16 16:18:07.069522+09	t	170	2026-04-17 11:46:50.051974+09	170	\N	\N
71	d1f16a7e-5d4c-4ea6-b82d-e7192a1ed0c3	171	71	71	1	81.000	455.000	36.500	2.000	2026-04-16 16:18:07.069522+09	t	171	2026-04-17 11:46:50.051974+09	171	\N	\N
72	cc5df8f1-09e3-4f5a-b9ec-a237ba88b823	172	72	72	1	82.000	460.000	37.000	3.000	2026-04-16 16:18:07.069522+09	t	172	2026-04-17 11:46:50.051974+09	172	\N	\N
73	cf5a8044-5aad-49cf-b0d9-f7d532b29a9e	173	73	73	1	83.000	465.000	37.500	4.000	2026-04-16 16:18:07.069522+09	t	173	2026-04-17 11:46:50.051974+09	173	\N	\N
74	fe8ea3c8-fd8a-4134-8695-8fe6b539bd1d	174	74	74	1	84.000	470.000	38.000	5.000	2026-04-16 16:18:07.069522+09	t	174	2026-04-17 11:46:50.051974+09	174	\N	\N
75	cad13f1e-2484-483b-be59-34774bc5eaf6	175	75	75	1	85.000	475.000	38.500	6.000	2026-04-16 16:18:07.069522+09	t	175	2026-04-17 11:46:50.051974+09	175	\N	\N
76	7bd4242a-da70-4f8a-af82-e094346595b4	176	76	76	1	86.000	480.000	39.000	7.000	2026-04-16 16:18:07.069522+09	t	176	2026-04-17 11:46:50.051974+09	176	\N	\N
77	1443bf0a-e756-4a72-9401-91a9e7b7dd82	177	77	77	1	87.000	485.000	39.500	8.000	2026-04-16 16:18:07.069522+09	t	177	2026-04-17 11:46:50.051974+09	177	\N	\N
78	d7710368-4879-47df-85e7-32c6cb57690c	178	78	78	1	88.000	490.000	40.000	9.000	2026-04-16 16:18:07.069522+09	t	178	2026-04-17 11:46:50.051974+09	178	\N	\N
79	00be5036-92b0-4cb6-a0fd-e2b504c0c74c	179	79	79	1	89.000	495.000	40.500	10.000	2026-04-16 16:18:07.069522+09	t	179	2026-04-17 11:46:50.051974+09	179	\N	\N
80	d95616d5-1342-4492-8a60-978297492d5e	180	80	80	1	90.000	500.000	41.000	1.000	2026-04-16 16:18:07.069522+09	t	180	2026-04-17 11:46:50.051974+09	180	\N	\N
81	a5a31807-d152-4d39-b042-13b4bb9f1afd	181	81	81	1	91.000	505.000	41.500	2.000	2026-04-16 16:18:07.069522+09	t	181	2026-04-17 11:46:50.051974+09	181	\N	\N
82	0fd376b9-ae16-4c91-a895-2025bb643bfd	182	82	82	1	92.000	510.000	42.000	3.000	2026-04-16 16:18:07.069522+09	t	182	2026-04-17 11:46:50.051974+09	182	\N	\N
83	bb33270b-d7b6-453d-9b1f-0cc5153fa6ce	183	83	83	1	93.000	515.000	42.500	4.000	2026-04-16 16:18:07.069522+09	t	183	2026-04-17 11:46:50.051974+09	183	\N	\N
84	baf5635b-7a4c-4a6b-bd03-73488c4d5e67	184	84	84	1	94.000	520.000	43.000	5.000	2026-04-16 16:18:07.069522+09	t	184	2026-04-17 11:46:50.051974+09	184	\N	\N
85	e6a1f41d-2014-4aec-8487-45e69b93556b	185	85	85	1	95.000	525.000	43.500	6.000	2026-04-16 16:18:07.069522+09	t	185	2026-04-17 11:46:50.051974+09	185	\N	\N
86	3a13e417-9303-4fdf-a55b-5eb492f75c10	186	86	86	1	96.000	530.000	44.000	7.000	2026-04-16 16:18:07.069522+09	t	186	2026-04-17 11:46:50.051974+09	186	\N	\N
87	06246501-1730-448b-9212-08f832a1c04c	187	87	87	1	97.000	535.000	44.500	8.000	2026-04-16 16:18:07.069522+09	t	187	2026-04-17 11:46:50.051974+09	187	\N	\N
88	8ed7aff0-4750-4a3f-960e-b3b381610e55	188	88	88	1	98.000	540.000	45.000	9.000	2026-04-16 16:18:07.069522+09	t	188	2026-04-17 11:46:50.051974+09	188	\N	\N
89	8d9e8830-1b5e-4005-8203-8721506c0b11	189	89	89	1	99.000	545.000	45.500	10.000	2026-04-16 16:18:07.069522+09	t	189	2026-04-17 11:46:50.051974+09	189	\N	\N
90	a7feff6e-c03c-4bc6-9725-806828320c12	190	90	90	1	100.000	550.000	46.000	1.000	2026-04-16 16:18:07.069522+09	t	190	2026-04-17 11:46:50.051974+09	190	\N	\N
91	a2bb6901-e220-4a35-a94b-9ca23222eb9e	191	91	91	1	101.000	555.000	46.500	2.000	2026-04-16 16:18:07.069522+09	t	191	2026-04-17 11:46:50.051974+09	191	\N	\N
92	1551fd51-5acb-4f8f-9c4a-2488fb46b715	192	92	92	1	102.000	560.000	47.000	3.000	2026-04-16 16:18:07.069522+09	t	192	2026-04-17 11:46:50.051974+09	192	\N	\N
93	3b8d5a31-f5a8-4e19-849f-e4b3717d350a	193	93	93	1	103.000	565.000	47.500	4.000	2026-04-16 16:18:07.069522+09	t	193	2026-04-17 11:46:50.051974+09	193	\N	\N
94	3ba25af4-6e50-45f6-87c9-8fc8666b0438	194	94	94	1	104.000	570.000	48.000	5.000	2026-04-16 16:18:07.069522+09	t	194	2026-04-17 11:46:50.051974+09	194	\N	\N
95	84fc1723-4510-4cbb-bef2-eac6ec1f05f5	195	95	95	1	105.000	575.000	48.500	6.000	2026-04-16 16:18:07.069522+09	t	195	2026-04-17 11:46:50.051974+09	195	\N	\N
96	d1e8cf21-8d2a-4c69-9f97-ac22cda0889a	196	96	96	1	106.000	580.000	49.000	7.000	2026-04-16 16:18:07.069522+09	t	196	2026-04-17 11:46:50.051974+09	196	\N	\N
97	b67d746c-123f-4a52-a3c4-8d5ffbf15da7	197	97	97	1	107.000	585.000	49.500	8.000	2026-04-16 16:18:07.069522+09	t	197	2026-04-17 11:46:50.051974+09	197	\N	\N
98	a302f954-3f2e-4172-9c3e-d2546942f832	198	98	98	1	108.000	590.000	50.000	9.000	2026-04-16 16:18:07.069522+09	t	198	2026-04-17 11:46:50.051974+09	198	\N	\N
99	935d0522-4602-4773-8c58-cbd17698d0ce	199	99	99	1	109.000	595.000	50.500	10.000	2026-04-16 16:18:07.069522+09	t	199	2026-04-17 11:46:50.051974+09	199	\N	\N
100	aed36546-a62b-4aeb-a708-58f77b6ae7de	200	100	100	1	110.000	600.000	51.000	1.000	2026-04-16 16:18:07.069522+09	t	200	2026-04-17 11:46:50.051974+09	200	\N	\N
\.


--
-- Data for Name: plan_stops; Type: TABLE DATA; Schema: plan; Owner: -
--

COPY plan.plan_stops (plan_stop_id, plan_stop_uid, tenant_id, transport_plan_id, stop_seq, stop_type, location_id, location_name, address1, address2, latitude, longitude, planned_arrival_at, planned_departure_at, work_duration_min, created_at, updated_at, is_active, created_by, updated_by, deleted_at, deleted_by) FROM stdin;
1	005042b0-3a3e-41f2-b1be-96b95efdec4d	101	1	1	DELIVERY	101	?뚯뒪??嫄곗젏 1	?쒖슱?밸퀎???뚯뒪?멸뎄 ?뚯뒪?몃줈 1	2痢??뚯뒪???꾪겕	37.5001000	127.0001000	2026-04-16 17:18:07.069522+09	2026-04-16 17:48:07.069522+09	30	2026-04-16 16:18:07.069522+09	2026-04-17 11:46:50.051974+09	t	101	101	\N	\N
2	4d6a4a5f-b09b-4b78-99d9-a0458b7a63ea	102	2	1	PICKUP	102	?뚯뒪??嫄곗젏 2	?쒖슱?밸퀎???뚯뒪?멸뎄 ?뚯뒪?몃줈 2	3痢??뚯뒪???꾪겕	37.5002000	127.0002000	2026-04-16 18:18:07.069522+09	2026-04-16 18:48:07.069522+09	30	2026-04-16 16:18:07.069522+09	2026-04-17 11:46:50.051974+09	t	102	102	\N	\N
3	33b660f6-1a15-4f19-b828-d3d1892ae5aa	103	3	1	DELIVERY	103	?뚯뒪??嫄곗젏 3	?쒖슱?밸퀎???뚯뒪?멸뎄 ?뚯뒪?몃줈 3	4痢??뚯뒪???꾪겕	37.5003000	127.0003000	2026-04-16 19:18:07.069522+09	2026-04-16 19:48:07.069522+09	30	2026-04-16 16:18:07.069522+09	2026-04-17 11:46:50.051974+09	t	103	103	\N	\N
4	efbdf788-8ee3-4846-b46d-308dc07ac231	104	4	1	PICKUP	104	?뚯뒪??嫄곗젏 4	?쒖슱?밸퀎???뚯뒪?멸뎄 ?뚯뒪?몃줈 4	5痢??뚯뒪???꾪겕	37.5004000	127.0004000	2026-04-16 20:18:07.069522+09	2026-04-16 20:48:07.069522+09	30	2026-04-16 16:18:07.069522+09	2026-04-17 11:46:50.051974+09	t	104	104	\N	\N
5	1b1ba667-826a-4238-8472-5559f9d0605e	105	5	1	DELIVERY	105	?뚯뒪??嫄곗젏 5	?쒖슱?밸퀎???뚯뒪?멸뎄 ?뚯뒪?몃줈 5	6痢??뚯뒪???꾪겕	37.5005000	127.0005000	2026-04-16 21:18:07.069522+09	2026-04-16 21:48:07.069522+09	30	2026-04-16 16:18:07.069522+09	2026-04-17 11:46:50.051974+09	t	105	105	\N	\N
6	9a7b41ee-75a6-412a-b2f9-606ece14d884	106	6	1	PICKUP	106	?뚯뒪??嫄곗젏 6	?쒖슱?밸퀎???뚯뒪?멸뎄 ?뚯뒪?몃줈 6	7痢??뚯뒪???꾪겕	37.5006000	127.0006000	2026-04-16 22:18:07.069522+09	2026-04-16 22:48:07.069522+09	30	2026-04-16 16:18:07.069522+09	2026-04-17 11:46:50.051974+09	t	106	106	\N	\N
7	9ea099b8-bce7-49e4-83a5-61279bad660b	107	7	1	DELIVERY	107	?뚯뒪??嫄곗젏 7	?쒖슱?밸퀎???뚯뒪?멸뎄 ?뚯뒪?몃줈 7	8痢??뚯뒪???꾪겕	37.5007000	127.0007000	2026-04-16 23:18:07.069522+09	2026-04-16 23:48:07.069522+09	30	2026-04-16 16:18:07.069522+09	2026-04-17 11:46:50.051974+09	t	107	107	\N	\N
8	0f5e9843-7ce5-4f3f-98b6-49acfd1897e8	108	8	1	PICKUP	108	?뚯뒪??嫄곗젏 8	?쒖슱?밸퀎???뚯뒪?멸뎄 ?뚯뒪?몃줈 8	9痢??뚯뒪???꾪겕	37.5008000	127.0008000	2026-04-17 00:18:07.069522+09	2026-04-17 00:48:07.069522+09	30	2026-04-16 16:18:07.069522+09	2026-04-17 11:46:50.051974+09	t	108	108	\N	\N
9	f36cb444-e0ca-4493-85d6-1675524037ce	109	9	1	DELIVERY	109	?뚯뒪??嫄곗젏 9	?쒖슱?밸퀎???뚯뒪?멸뎄 ?뚯뒪?몃줈 9	10痢??뚯뒪???꾪겕	37.5009000	127.0009000	2026-04-17 01:18:07.069522+09	2026-04-17 01:48:07.069522+09	30	2026-04-16 16:18:07.069522+09	2026-04-17 11:46:50.051974+09	t	109	109	\N	\N
10	3bdb5f3f-4038-445b-89b1-b22eae3744e3	110	10	1	PICKUP	110	?뚯뒪??嫄곗젏 10	?쒖슱?밸퀎???뚯뒪?멸뎄 ?뚯뒪?몃줈 10	1痢??뚯뒪???꾪겕	37.5010000	127.0010000	2026-04-17 02:18:07.069522+09	2026-04-17 02:48:07.069522+09	30	2026-04-16 16:18:07.069522+09	2026-04-17 11:46:50.051974+09	t	110	110	\N	\N
11	cba0a1cb-7e07-41dc-90ba-c7eddc5da0cd	111	11	1	DELIVERY	111	?뚯뒪??嫄곗젏 11	?쒖슱?밸퀎???뚯뒪?멸뎄 ?뚯뒪?몃줈 11	2痢??뚯뒪???꾪겕	37.5011000	127.0011000	2026-04-17 03:18:07.069522+09	2026-04-17 03:48:07.069522+09	30	2026-04-16 16:18:07.069522+09	2026-04-17 11:46:50.051974+09	t	111	111	\N	\N
12	56cab3a4-cfd5-451c-8d04-b049b0c9d0d4	112	12	1	PICKUP	112	?뚯뒪??嫄곗젏 12	?쒖슱?밸퀎???뚯뒪?멸뎄 ?뚯뒪?몃줈 12	3痢??뚯뒪???꾪겕	37.5012000	127.0012000	2026-04-17 04:18:07.069522+09	2026-04-17 04:48:07.069522+09	30	2026-04-16 16:18:07.069522+09	2026-04-17 11:46:50.051974+09	t	112	112	\N	\N
13	75b5c493-eae6-409d-8347-c6038437ebe7	113	13	1	DELIVERY	113	?뚯뒪??嫄곗젏 13	?쒖슱?밸퀎???뚯뒪?멸뎄 ?뚯뒪?몃줈 13	4痢??뚯뒪???꾪겕	37.5013000	127.0013000	2026-04-17 05:18:07.069522+09	2026-04-17 05:48:07.069522+09	30	2026-04-16 16:18:07.069522+09	2026-04-17 11:46:50.051974+09	t	113	113	\N	\N
14	7c25365e-7278-4672-aa90-f59b30358afc	114	14	1	PICKUP	114	?뚯뒪??嫄곗젏 14	?쒖슱?밸퀎???뚯뒪?멸뎄 ?뚯뒪?몃줈 14	5痢??뚯뒪???꾪겕	37.5014000	127.0014000	2026-04-17 06:18:07.069522+09	2026-04-17 06:48:07.069522+09	30	2026-04-16 16:18:07.069522+09	2026-04-17 11:46:50.051974+09	t	114	114	\N	\N
15	0bf5a051-f7a9-49f0-b231-aa6c6a4e6638	115	15	1	DELIVERY	115	?뚯뒪??嫄곗젏 15	?쒖슱?밸퀎???뚯뒪?멸뎄 ?뚯뒪?몃줈 15	6痢??뚯뒪???꾪겕	37.5015000	127.0015000	2026-04-17 07:18:07.069522+09	2026-04-17 07:48:07.069522+09	30	2026-04-16 16:18:07.069522+09	2026-04-17 11:46:50.051974+09	t	115	115	\N	\N
16	643c0686-65ad-4d11-915d-291d69f29ff0	116	16	1	PICKUP	116	?뚯뒪??嫄곗젏 16	?쒖슱?밸퀎???뚯뒪?멸뎄 ?뚯뒪?몃줈 16	7痢??뚯뒪???꾪겕	37.5016000	127.0016000	2026-04-17 08:18:07.069522+09	2026-04-17 08:48:07.069522+09	30	2026-04-16 16:18:07.069522+09	2026-04-17 11:46:50.051974+09	t	116	116	\N	\N
17	4d52f2da-5533-40ce-8b66-7d0c6fb93dae	117	17	1	DELIVERY	117	?뚯뒪??嫄곗젏 17	?쒖슱?밸퀎???뚯뒪?멸뎄 ?뚯뒪?몃줈 17	8痢??뚯뒪???꾪겕	37.5017000	127.0017000	2026-04-17 09:18:07.069522+09	2026-04-17 09:48:07.069522+09	30	2026-04-16 16:18:07.069522+09	2026-04-17 11:46:50.051974+09	t	117	117	\N	\N
18	f194dc9c-89f8-40a8-adb9-f32d499135a5	118	18	1	PICKUP	118	?뚯뒪??嫄곗젏 18	?쒖슱?밸퀎???뚯뒪?멸뎄 ?뚯뒪?몃줈 18	9痢??뚯뒪???꾪겕	37.5018000	127.0018000	2026-04-17 10:18:07.069522+09	2026-04-17 10:48:07.069522+09	30	2026-04-16 16:18:07.069522+09	2026-04-17 11:46:50.051974+09	t	118	118	\N	\N
19	8d32a57f-18a1-463f-8ae5-d70d453b63aa	119	19	1	DELIVERY	119	?뚯뒪??嫄곗젏 19	?쒖슱?밸퀎???뚯뒪?멸뎄 ?뚯뒪?몃줈 19	10痢??뚯뒪???꾪겕	37.5019000	127.0019000	2026-04-17 11:18:07.069522+09	2026-04-17 11:48:07.069522+09	30	2026-04-16 16:18:07.069522+09	2026-04-17 11:46:50.051974+09	t	119	119	\N	\N
20	37afcb86-a99f-423f-8f61-e700aa3e3a90	120	20	1	PICKUP	120	?뚯뒪??嫄곗젏 20	?쒖슱?밸퀎???뚯뒪?멸뎄 ?뚯뒪?몃줈 20	1痢??뚯뒪???꾪겕	37.5020000	127.0020000	2026-04-17 12:18:07.069522+09	2026-04-17 12:48:07.069522+09	30	2026-04-16 16:18:07.069522+09	2026-04-17 11:46:50.051974+09	t	120	120	\N	\N
21	829924d9-6360-4cf7-bddf-e2bea7bfc82c	121	21	1	DELIVERY	121	?뚯뒪??嫄곗젏 21	?쒖슱?밸퀎???뚯뒪?멸뎄 ?뚯뒪?몃줈 21	2痢??뚯뒪???꾪겕	37.5021000	127.0021000	2026-04-17 13:18:07.069522+09	2026-04-17 13:48:07.069522+09	30	2026-04-16 16:18:07.069522+09	2026-04-17 11:46:50.051974+09	t	121	121	\N	\N
22	6712cc6d-dbdb-46a8-a578-cf11529993f5	122	22	1	PICKUP	122	?뚯뒪??嫄곗젏 22	?쒖슱?밸퀎???뚯뒪?멸뎄 ?뚯뒪?몃줈 22	3痢??뚯뒪???꾪겕	37.5022000	127.0022000	2026-04-17 14:18:07.069522+09	2026-04-17 14:48:07.069522+09	30	2026-04-16 16:18:07.069522+09	2026-04-17 11:46:50.051974+09	t	122	122	\N	\N
23	059f0cc9-e77f-4249-b1bc-1faf4cd786e8	123	23	1	DELIVERY	123	?뚯뒪??嫄곗젏 23	?쒖슱?밸퀎???뚯뒪?멸뎄 ?뚯뒪?몃줈 23	4痢??뚯뒪???꾪겕	37.5023000	127.0023000	2026-04-17 15:18:07.069522+09	2026-04-17 15:48:07.069522+09	30	2026-04-16 16:18:07.069522+09	2026-04-17 11:46:50.051974+09	t	123	123	\N	\N
24	f8cfb187-dfe5-4f0e-b1b5-8125f0677b34	124	24	1	PICKUP	124	?뚯뒪??嫄곗젏 24	?쒖슱?밸퀎???뚯뒪?멸뎄 ?뚯뒪?몃줈 24	5痢??뚯뒪???꾪겕	37.5024000	127.0024000	2026-04-17 16:18:07.069522+09	2026-04-17 16:48:07.069522+09	30	2026-04-16 16:18:07.069522+09	2026-04-17 11:46:50.051974+09	t	124	124	\N	\N
25	d304bf2f-519b-4832-900a-122c59c0ba0f	125	25	1	DELIVERY	125	?뚯뒪??嫄곗젏 25	?쒖슱?밸퀎???뚯뒪?멸뎄 ?뚯뒪?몃줈 25	6痢??뚯뒪???꾪겕	37.5025000	127.0025000	2026-04-17 17:18:07.069522+09	2026-04-17 17:48:07.069522+09	30	2026-04-16 16:18:07.069522+09	2026-04-17 11:46:50.051974+09	t	125	125	\N	\N
26	77dca62a-174d-4dfb-9f04-24b990c216f2	126	26	1	PICKUP	126	?뚯뒪??嫄곗젏 26	?쒖슱?밸퀎???뚯뒪?멸뎄 ?뚯뒪?몃줈 26	7痢??뚯뒪???꾪겕	37.5026000	127.0026000	2026-04-17 18:18:07.069522+09	2026-04-17 18:48:07.069522+09	30	2026-04-16 16:18:07.069522+09	2026-04-17 11:46:50.051974+09	t	126	126	\N	\N
27	41ec1455-95b1-4ded-8f72-4ce835d6af2e	127	27	1	DELIVERY	127	?뚯뒪??嫄곗젏 27	?쒖슱?밸퀎???뚯뒪?멸뎄 ?뚯뒪?몃줈 27	8痢??뚯뒪???꾪겕	37.5027000	127.0027000	2026-04-17 19:18:07.069522+09	2026-04-17 19:48:07.069522+09	30	2026-04-16 16:18:07.069522+09	2026-04-17 11:46:50.051974+09	t	127	127	\N	\N
28	0bc0ebed-194a-45b6-bb3a-37b5f7f3f54c	128	28	1	PICKUP	128	?뚯뒪??嫄곗젏 28	?쒖슱?밸퀎???뚯뒪?멸뎄 ?뚯뒪?몃줈 28	9痢??뚯뒪???꾪겕	37.5028000	127.0028000	2026-04-17 20:18:07.069522+09	2026-04-17 20:48:07.069522+09	30	2026-04-16 16:18:07.069522+09	2026-04-17 11:46:50.051974+09	t	128	128	\N	\N
29	2f892747-2229-49d9-a779-e15dfee0ed65	129	29	1	DELIVERY	129	?뚯뒪??嫄곗젏 29	?쒖슱?밸퀎???뚯뒪?멸뎄 ?뚯뒪?몃줈 29	10痢??뚯뒪???꾪겕	37.5029000	127.0029000	2026-04-17 21:18:07.069522+09	2026-04-17 21:48:07.069522+09	30	2026-04-16 16:18:07.069522+09	2026-04-17 11:46:50.051974+09	t	129	129	\N	\N
30	7c739c4c-6a03-40f5-a75c-da4bf66c75d9	130	30	1	PICKUP	130	?뚯뒪??嫄곗젏 30	?쒖슱?밸퀎???뚯뒪?멸뎄 ?뚯뒪?몃줈 30	1痢??뚯뒪???꾪겕	37.5030000	127.0030000	2026-04-17 22:18:07.069522+09	2026-04-17 22:48:07.069522+09	30	2026-04-16 16:18:07.069522+09	2026-04-17 11:46:50.051974+09	t	130	130	\N	\N
31	e6e6e822-c04a-4e51-b1ca-a9265e18f8f2	131	31	1	DELIVERY	131	?뚯뒪??嫄곗젏 31	?쒖슱?밸퀎???뚯뒪?멸뎄 ?뚯뒪?몃줈 31	2痢??뚯뒪???꾪겕	37.5031000	127.0031000	2026-04-17 23:18:07.069522+09	2026-04-17 23:48:07.069522+09	30	2026-04-16 16:18:07.069522+09	2026-04-17 11:46:50.051974+09	t	131	131	\N	\N
32	81ff762f-52a9-4899-83eb-1547a6c8cafc	132	32	1	PICKUP	132	?뚯뒪??嫄곗젏 32	?쒖슱?밸퀎???뚯뒪?멸뎄 ?뚯뒪?몃줈 32	3痢??뚯뒪???꾪겕	37.5032000	127.0032000	2026-04-18 00:18:07.069522+09	2026-04-18 00:48:07.069522+09	30	2026-04-16 16:18:07.069522+09	2026-04-17 11:46:50.051974+09	t	132	132	\N	\N
33	5117d3ff-ad82-44c4-b8e8-45ee4d195466	133	33	1	DELIVERY	133	?뚯뒪??嫄곗젏 33	?쒖슱?밸퀎???뚯뒪?멸뎄 ?뚯뒪?몃줈 33	4痢??뚯뒪???꾪겕	37.5033000	127.0033000	2026-04-18 01:18:07.069522+09	2026-04-18 01:48:07.069522+09	30	2026-04-16 16:18:07.069522+09	2026-04-17 11:46:50.051974+09	t	133	133	\N	\N
34	80c6aa11-52cb-4a75-9023-e5c91356f62b	134	34	1	PICKUP	134	?뚯뒪??嫄곗젏 34	?쒖슱?밸퀎???뚯뒪?멸뎄 ?뚯뒪?몃줈 34	5痢??뚯뒪???꾪겕	37.5034000	127.0034000	2026-04-18 02:18:07.069522+09	2026-04-18 02:48:07.069522+09	30	2026-04-16 16:18:07.069522+09	2026-04-17 11:46:50.051974+09	t	134	134	\N	\N
35	0c7533fd-3ed3-4802-94b1-44f8a88131a4	135	35	1	DELIVERY	135	?뚯뒪??嫄곗젏 35	?쒖슱?밸퀎???뚯뒪?멸뎄 ?뚯뒪?몃줈 35	6痢??뚯뒪???꾪겕	37.5035000	127.0035000	2026-04-18 03:18:07.069522+09	2026-04-18 03:48:07.069522+09	30	2026-04-16 16:18:07.069522+09	2026-04-17 11:46:50.051974+09	t	135	135	\N	\N
36	ddcc6124-d4d0-4e4e-8ef9-52523834081b	136	36	1	PICKUP	136	?뚯뒪??嫄곗젏 36	?쒖슱?밸퀎???뚯뒪?멸뎄 ?뚯뒪?몃줈 36	7痢??뚯뒪???꾪겕	37.5036000	127.0036000	2026-04-18 04:18:07.069522+09	2026-04-18 04:48:07.069522+09	30	2026-04-16 16:18:07.069522+09	2026-04-17 11:46:50.051974+09	t	136	136	\N	\N
37	92cb2101-7486-46f6-b67c-4dcf6cf3af0d	137	37	1	DELIVERY	137	?뚯뒪??嫄곗젏 37	?쒖슱?밸퀎???뚯뒪?멸뎄 ?뚯뒪?몃줈 37	8痢??뚯뒪???꾪겕	37.5037000	127.0037000	2026-04-18 05:18:07.069522+09	2026-04-18 05:48:07.069522+09	30	2026-04-16 16:18:07.069522+09	2026-04-17 11:46:50.051974+09	t	137	137	\N	\N
38	ef58c7f5-8962-43d9-85a0-26331d41a0af	138	38	1	PICKUP	138	?뚯뒪??嫄곗젏 38	?쒖슱?밸퀎???뚯뒪?멸뎄 ?뚯뒪?몃줈 38	9痢??뚯뒪???꾪겕	37.5038000	127.0038000	2026-04-18 06:18:07.069522+09	2026-04-18 06:48:07.069522+09	30	2026-04-16 16:18:07.069522+09	2026-04-17 11:46:50.051974+09	t	138	138	\N	\N
39	0c6bd93d-8460-4a71-9c1f-b521a8297546	139	39	1	DELIVERY	139	?뚯뒪??嫄곗젏 39	?쒖슱?밸퀎???뚯뒪?멸뎄 ?뚯뒪?몃줈 39	10痢??뚯뒪???꾪겕	37.5039000	127.0039000	2026-04-18 07:18:07.069522+09	2026-04-18 07:48:07.069522+09	30	2026-04-16 16:18:07.069522+09	2026-04-17 11:46:50.051974+09	t	139	139	\N	\N
40	d3b270a2-b5cf-4095-aeda-3f9a0a754d30	140	40	1	PICKUP	140	?뚯뒪??嫄곗젏 40	?쒖슱?밸퀎???뚯뒪?멸뎄 ?뚯뒪?몃줈 40	1痢??뚯뒪???꾪겕	37.5040000	127.0040000	2026-04-18 08:18:07.069522+09	2026-04-18 08:48:07.069522+09	30	2026-04-16 16:18:07.069522+09	2026-04-17 11:46:50.051974+09	t	140	140	\N	\N
41	f03ec8ab-108c-401c-afd6-f805c44594ea	141	41	1	DELIVERY	141	?뚯뒪??嫄곗젏 41	?쒖슱?밸퀎???뚯뒪?멸뎄 ?뚯뒪?몃줈 41	2痢??뚯뒪???꾪겕	37.5041000	127.0041000	2026-04-18 09:18:07.069522+09	2026-04-18 09:48:07.069522+09	30	2026-04-16 16:18:07.069522+09	2026-04-17 11:46:50.051974+09	t	141	141	\N	\N
42	91b9436c-fda5-41c9-a5ba-0552f697d9b3	142	42	1	PICKUP	142	?뚯뒪??嫄곗젏 42	?쒖슱?밸퀎???뚯뒪?멸뎄 ?뚯뒪?몃줈 42	3痢??뚯뒪???꾪겕	37.5042000	127.0042000	2026-04-18 10:18:07.069522+09	2026-04-18 10:48:07.069522+09	30	2026-04-16 16:18:07.069522+09	2026-04-17 11:46:50.051974+09	t	142	142	\N	\N
43	83d0fb65-60b1-488b-a0be-e547d6acbf5a	143	43	1	DELIVERY	143	?뚯뒪??嫄곗젏 43	?쒖슱?밸퀎???뚯뒪?멸뎄 ?뚯뒪?몃줈 43	4痢??뚯뒪???꾪겕	37.5043000	127.0043000	2026-04-18 11:18:07.069522+09	2026-04-18 11:48:07.069522+09	30	2026-04-16 16:18:07.069522+09	2026-04-17 11:46:50.051974+09	t	143	143	\N	\N
44	75d389fb-7fb9-4d4a-9eb9-533b28d318ac	144	44	1	PICKUP	144	?뚯뒪??嫄곗젏 44	?쒖슱?밸퀎???뚯뒪?멸뎄 ?뚯뒪?몃줈 44	5痢??뚯뒪???꾪겕	37.5044000	127.0044000	2026-04-18 12:18:07.069522+09	2026-04-18 12:48:07.069522+09	30	2026-04-16 16:18:07.069522+09	2026-04-17 11:46:50.051974+09	t	144	144	\N	\N
45	7da66e9e-4caf-4267-87c3-4ee5c03d2403	145	45	1	DELIVERY	145	?뚯뒪??嫄곗젏 45	?쒖슱?밸퀎???뚯뒪?멸뎄 ?뚯뒪?몃줈 45	6痢??뚯뒪???꾪겕	37.5045000	127.0045000	2026-04-18 13:18:07.069522+09	2026-04-18 13:48:07.069522+09	30	2026-04-16 16:18:07.069522+09	2026-04-17 11:46:50.051974+09	t	145	145	\N	\N
46	b5348eac-62af-4442-b124-a49532a3ef7a	146	46	1	PICKUP	146	?뚯뒪??嫄곗젏 46	?쒖슱?밸퀎???뚯뒪?멸뎄 ?뚯뒪?몃줈 46	7痢??뚯뒪???꾪겕	37.5046000	127.0046000	2026-04-18 14:18:07.069522+09	2026-04-18 14:48:07.069522+09	30	2026-04-16 16:18:07.069522+09	2026-04-17 11:46:50.051974+09	t	146	146	\N	\N
47	7f087c67-35ca-4e21-8030-eb47d8653775	147	47	1	DELIVERY	147	?뚯뒪??嫄곗젏 47	?쒖슱?밸퀎???뚯뒪?멸뎄 ?뚯뒪?몃줈 47	8痢??뚯뒪???꾪겕	37.5047000	127.0047000	2026-04-18 15:18:07.069522+09	2026-04-18 15:48:07.069522+09	30	2026-04-16 16:18:07.069522+09	2026-04-17 11:46:50.051974+09	t	147	147	\N	\N
48	5090a86c-d062-4db2-b258-e7eb5444055f	148	48	1	PICKUP	148	?뚯뒪??嫄곗젏 48	?쒖슱?밸퀎???뚯뒪?멸뎄 ?뚯뒪?몃줈 48	9痢??뚯뒪???꾪겕	37.5048000	127.0048000	2026-04-18 16:18:07.069522+09	2026-04-18 16:48:07.069522+09	30	2026-04-16 16:18:07.069522+09	2026-04-17 11:46:50.051974+09	t	148	148	\N	\N
49	84a6875b-e172-4eb3-8d1f-b0a2ca826882	149	49	1	DELIVERY	149	?뚯뒪??嫄곗젏 49	?쒖슱?밸퀎???뚯뒪?멸뎄 ?뚯뒪?몃줈 49	10痢??뚯뒪???꾪겕	37.5049000	127.0049000	2026-04-18 17:18:07.069522+09	2026-04-18 17:48:07.069522+09	30	2026-04-16 16:18:07.069522+09	2026-04-17 11:46:50.051974+09	t	149	149	\N	\N
50	fd813379-ad30-422b-8c4f-99e508873f0c	150	50	1	PICKUP	150	?뚯뒪??嫄곗젏 50	?쒖슱?밸퀎???뚯뒪?멸뎄 ?뚯뒪?몃줈 50	1痢??뚯뒪???꾪겕	37.5050000	127.0050000	2026-04-18 18:18:07.069522+09	2026-04-18 18:48:07.069522+09	30	2026-04-16 16:18:07.069522+09	2026-04-17 11:46:50.051974+09	t	150	150	\N	\N
51	85aea66f-cb94-4c32-9d78-da42dd992f7c	151	51	1	DELIVERY	151	?뚯뒪??嫄곗젏 51	?쒖슱?밸퀎???뚯뒪?멸뎄 ?뚯뒪?몃줈 51	2痢??뚯뒪???꾪겕	37.5051000	127.0051000	2026-04-18 19:18:07.069522+09	2026-04-18 19:48:07.069522+09	30	2026-04-16 16:18:07.069522+09	2026-04-17 11:46:50.051974+09	t	151	151	\N	\N
52	ed4306a2-2791-4722-af74-76e10593ac8a	152	52	1	PICKUP	152	?뚯뒪??嫄곗젏 52	?쒖슱?밸퀎???뚯뒪?멸뎄 ?뚯뒪?몃줈 52	3痢??뚯뒪???꾪겕	37.5052000	127.0052000	2026-04-18 20:18:07.069522+09	2026-04-18 20:48:07.069522+09	30	2026-04-16 16:18:07.069522+09	2026-04-17 11:46:50.051974+09	t	152	152	\N	\N
53	a7737620-af98-40a5-a65e-8c82063745c0	153	53	1	DELIVERY	153	?뚯뒪??嫄곗젏 53	?쒖슱?밸퀎???뚯뒪?멸뎄 ?뚯뒪?몃줈 53	4痢??뚯뒪???꾪겕	37.5053000	127.0053000	2026-04-18 21:18:07.069522+09	2026-04-18 21:48:07.069522+09	30	2026-04-16 16:18:07.069522+09	2026-04-17 11:46:50.051974+09	t	153	153	\N	\N
54	e17e0dfb-dbb9-40ba-a792-6267ef95a7ed	154	54	1	PICKUP	154	?뚯뒪??嫄곗젏 54	?쒖슱?밸퀎???뚯뒪?멸뎄 ?뚯뒪?몃줈 54	5痢??뚯뒪???꾪겕	37.5054000	127.0054000	2026-04-18 22:18:07.069522+09	2026-04-18 22:48:07.069522+09	30	2026-04-16 16:18:07.069522+09	2026-04-17 11:46:50.051974+09	t	154	154	\N	\N
55	ec8fa86e-6cc3-4a67-bc3e-de7dfb53f70a	155	55	1	DELIVERY	155	?뚯뒪??嫄곗젏 55	?쒖슱?밸퀎???뚯뒪?멸뎄 ?뚯뒪?몃줈 55	6痢??뚯뒪???꾪겕	37.5055000	127.0055000	2026-04-18 23:18:07.069522+09	2026-04-18 23:48:07.069522+09	30	2026-04-16 16:18:07.069522+09	2026-04-17 11:46:50.051974+09	t	155	155	\N	\N
56	d89ba22b-cef8-43f9-be00-e7337523d531	156	56	1	PICKUP	156	?뚯뒪??嫄곗젏 56	?쒖슱?밸퀎???뚯뒪?멸뎄 ?뚯뒪?몃줈 56	7痢??뚯뒪???꾪겕	37.5056000	127.0056000	2026-04-19 00:18:07.069522+09	2026-04-19 00:48:07.069522+09	30	2026-04-16 16:18:07.069522+09	2026-04-17 11:46:50.051974+09	t	156	156	\N	\N
57	b85fe80a-e285-42b1-9daa-dcd003fe1edd	157	57	1	DELIVERY	157	?뚯뒪??嫄곗젏 57	?쒖슱?밸퀎???뚯뒪?멸뎄 ?뚯뒪?몃줈 57	8痢??뚯뒪???꾪겕	37.5057000	127.0057000	2026-04-19 01:18:07.069522+09	2026-04-19 01:48:07.069522+09	30	2026-04-16 16:18:07.069522+09	2026-04-17 11:46:50.051974+09	t	157	157	\N	\N
58	c15e119f-adbe-474e-881a-75a206697320	158	58	1	PICKUP	158	?뚯뒪??嫄곗젏 58	?쒖슱?밸퀎???뚯뒪?멸뎄 ?뚯뒪?몃줈 58	9痢??뚯뒪???꾪겕	37.5058000	127.0058000	2026-04-19 02:18:07.069522+09	2026-04-19 02:48:07.069522+09	30	2026-04-16 16:18:07.069522+09	2026-04-17 11:46:50.051974+09	t	158	158	\N	\N
59	fffce128-7c6b-4c43-877a-f5a136d7d3e2	159	59	1	DELIVERY	159	?뚯뒪??嫄곗젏 59	?쒖슱?밸퀎???뚯뒪?멸뎄 ?뚯뒪?몃줈 59	10痢??뚯뒪???꾪겕	37.5059000	127.0059000	2026-04-19 03:18:07.069522+09	2026-04-19 03:48:07.069522+09	30	2026-04-16 16:18:07.069522+09	2026-04-17 11:46:50.051974+09	t	159	159	\N	\N
60	3f528795-9701-4f03-9921-d98dfba508f8	160	60	1	PICKUP	160	?뚯뒪??嫄곗젏 60	?쒖슱?밸퀎???뚯뒪?멸뎄 ?뚯뒪?몃줈 60	1痢??뚯뒪???꾪겕	37.5060000	127.0060000	2026-04-19 04:18:07.069522+09	2026-04-19 04:48:07.069522+09	30	2026-04-16 16:18:07.069522+09	2026-04-17 11:46:50.051974+09	t	160	160	\N	\N
61	62063331-47d1-4343-880d-568b98114014	161	61	1	DELIVERY	161	?뚯뒪??嫄곗젏 61	?쒖슱?밸퀎???뚯뒪?멸뎄 ?뚯뒪?몃줈 61	2痢??뚯뒪???꾪겕	37.5061000	127.0061000	2026-04-19 05:18:07.069522+09	2026-04-19 05:48:07.069522+09	30	2026-04-16 16:18:07.069522+09	2026-04-17 11:46:50.051974+09	t	161	161	\N	\N
62	982c70d6-5b74-43d0-9ac4-5c7a4202855a	162	62	1	PICKUP	162	?뚯뒪??嫄곗젏 62	?쒖슱?밸퀎???뚯뒪?멸뎄 ?뚯뒪?몃줈 62	3痢??뚯뒪???꾪겕	37.5062000	127.0062000	2026-04-19 06:18:07.069522+09	2026-04-19 06:48:07.069522+09	30	2026-04-16 16:18:07.069522+09	2026-04-17 11:46:50.051974+09	t	162	162	\N	\N
63	3bfc1f6e-cba5-4684-a5af-794b6c5b0b87	163	63	1	DELIVERY	163	?뚯뒪??嫄곗젏 63	?쒖슱?밸퀎???뚯뒪?멸뎄 ?뚯뒪?몃줈 63	4痢??뚯뒪???꾪겕	37.5063000	127.0063000	2026-04-19 07:18:07.069522+09	2026-04-19 07:48:07.069522+09	30	2026-04-16 16:18:07.069522+09	2026-04-17 11:46:50.051974+09	t	163	163	\N	\N
64	aa5b4178-fd2d-4653-bf2d-1e2233674ae9	164	64	1	PICKUP	164	?뚯뒪??嫄곗젏 64	?쒖슱?밸퀎???뚯뒪?멸뎄 ?뚯뒪?몃줈 64	5痢??뚯뒪???꾪겕	37.5064000	127.0064000	2026-04-19 08:18:07.069522+09	2026-04-19 08:48:07.069522+09	30	2026-04-16 16:18:07.069522+09	2026-04-17 11:46:50.051974+09	t	164	164	\N	\N
65	6a43a66c-a79a-4f5a-904d-cb20e110518e	165	65	1	DELIVERY	165	?뚯뒪??嫄곗젏 65	?쒖슱?밸퀎???뚯뒪?멸뎄 ?뚯뒪?몃줈 65	6痢??뚯뒪???꾪겕	37.5065000	127.0065000	2026-04-19 09:18:07.069522+09	2026-04-19 09:48:07.069522+09	30	2026-04-16 16:18:07.069522+09	2026-04-17 11:46:50.051974+09	t	165	165	\N	\N
66	de1a417d-b4da-4460-9149-1a9176daa84b	166	66	1	PICKUP	166	?뚯뒪??嫄곗젏 66	?쒖슱?밸퀎???뚯뒪?멸뎄 ?뚯뒪?몃줈 66	7痢??뚯뒪???꾪겕	37.5066000	127.0066000	2026-04-19 10:18:07.069522+09	2026-04-19 10:48:07.069522+09	30	2026-04-16 16:18:07.069522+09	2026-04-17 11:46:50.051974+09	t	166	166	\N	\N
67	551d0f2f-d743-4314-8cd0-5a83670fb74e	167	67	1	DELIVERY	167	?뚯뒪??嫄곗젏 67	?쒖슱?밸퀎???뚯뒪?멸뎄 ?뚯뒪?몃줈 67	8痢??뚯뒪???꾪겕	37.5067000	127.0067000	2026-04-19 11:18:07.069522+09	2026-04-19 11:48:07.069522+09	30	2026-04-16 16:18:07.069522+09	2026-04-17 11:46:50.051974+09	t	167	167	\N	\N
68	067d5a51-021d-4aeb-8a56-844c8c2a8885	168	68	1	PICKUP	168	?뚯뒪??嫄곗젏 68	?쒖슱?밸퀎???뚯뒪?멸뎄 ?뚯뒪?몃줈 68	9痢??뚯뒪???꾪겕	37.5068000	127.0068000	2026-04-19 12:18:07.069522+09	2026-04-19 12:48:07.069522+09	30	2026-04-16 16:18:07.069522+09	2026-04-17 11:46:50.051974+09	t	168	168	\N	\N
69	6bb4816d-fba1-4e2b-9b7b-799f309ad9c6	169	69	1	DELIVERY	169	?뚯뒪??嫄곗젏 69	?쒖슱?밸퀎???뚯뒪?멸뎄 ?뚯뒪?몃줈 69	10痢??뚯뒪???꾪겕	37.5069000	127.0069000	2026-04-19 13:18:07.069522+09	2026-04-19 13:48:07.069522+09	30	2026-04-16 16:18:07.069522+09	2026-04-17 11:46:50.051974+09	t	169	169	\N	\N
70	a0399d8e-2421-4ee4-b84a-5451efd72bb4	170	70	1	PICKUP	170	?뚯뒪??嫄곗젏 70	?쒖슱?밸퀎???뚯뒪?멸뎄 ?뚯뒪?몃줈 70	1痢??뚯뒪???꾪겕	37.5070000	127.0070000	2026-04-19 14:18:07.069522+09	2026-04-19 14:48:07.069522+09	30	2026-04-16 16:18:07.069522+09	2026-04-17 11:46:50.051974+09	t	170	170	\N	\N
71	f5afef48-a491-445e-9e3c-3df9a60cc071	171	71	1	DELIVERY	171	?뚯뒪??嫄곗젏 71	?쒖슱?밸퀎???뚯뒪?멸뎄 ?뚯뒪?몃줈 71	2痢??뚯뒪???꾪겕	37.5071000	127.0071000	2026-04-19 15:18:07.069522+09	2026-04-19 15:48:07.069522+09	30	2026-04-16 16:18:07.069522+09	2026-04-17 11:46:50.051974+09	t	171	171	\N	\N
72	f7b56cc0-545f-4a69-b6e2-b3549d1ea30b	172	72	1	PICKUP	172	?뚯뒪??嫄곗젏 72	?쒖슱?밸퀎???뚯뒪?멸뎄 ?뚯뒪?몃줈 72	3痢??뚯뒪???꾪겕	37.5072000	127.0072000	2026-04-19 16:18:07.069522+09	2026-04-19 16:48:07.069522+09	30	2026-04-16 16:18:07.069522+09	2026-04-17 11:46:50.051974+09	t	172	172	\N	\N
73	e04b249b-e91a-48e1-9653-00197943aacf	173	73	1	DELIVERY	173	?뚯뒪??嫄곗젏 73	?쒖슱?밸퀎???뚯뒪?멸뎄 ?뚯뒪?몃줈 73	4痢??뚯뒪???꾪겕	37.5073000	127.0073000	2026-04-19 17:18:07.069522+09	2026-04-19 17:48:07.069522+09	30	2026-04-16 16:18:07.069522+09	2026-04-17 11:46:50.051974+09	t	173	173	\N	\N
74	169f9482-77f3-4e20-8c54-6280df33ec82	174	74	1	PICKUP	174	?뚯뒪??嫄곗젏 74	?쒖슱?밸퀎???뚯뒪?멸뎄 ?뚯뒪?몃줈 74	5痢??뚯뒪???꾪겕	37.5074000	127.0074000	2026-04-19 18:18:07.069522+09	2026-04-19 18:48:07.069522+09	30	2026-04-16 16:18:07.069522+09	2026-04-17 11:46:50.051974+09	t	174	174	\N	\N
75	cc69bcfa-0a35-4280-9675-61232fcdd2e4	175	75	1	DELIVERY	175	?뚯뒪??嫄곗젏 75	?쒖슱?밸퀎???뚯뒪?멸뎄 ?뚯뒪?몃줈 75	6痢??뚯뒪???꾪겕	37.5075000	127.0075000	2026-04-19 19:18:07.069522+09	2026-04-19 19:48:07.069522+09	30	2026-04-16 16:18:07.069522+09	2026-04-17 11:46:50.051974+09	t	175	175	\N	\N
76	171ce868-8577-439d-8ea3-cc45a1b4f48f	176	76	1	PICKUP	176	?뚯뒪??嫄곗젏 76	?쒖슱?밸퀎???뚯뒪?멸뎄 ?뚯뒪?몃줈 76	7痢??뚯뒪???꾪겕	37.5076000	127.0076000	2026-04-19 20:18:07.069522+09	2026-04-19 20:48:07.069522+09	30	2026-04-16 16:18:07.069522+09	2026-04-17 11:46:50.051974+09	t	176	176	\N	\N
77	42557321-9027-4596-8ffe-21e1a86ede6b	177	77	1	DELIVERY	177	?뚯뒪??嫄곗젏 77	?쒖슱?밸퀎???뚯뒪?멸뎄 ?뚯뒪?몃줈 77	8痢??뚯뒪???꾪겕	37.5077000	127.0077000	2026-04-19 21:18:07.069522+09	2026-04-19 21:48:07.069522+09	30	2026-04-16 16:18:07.069522+09	2026-04-17 11:46:50.051974+09	t	177	177	\N	\N
78	6f1e1f06-11f0-4067-9553-b4da02b9b359	178	78	1	PICKUP	178	?뚯뒪??嫄곗젏 78	?쒖슱?밸퀎???뚯뒪?멸뎄 ?뚯뒪?몃줈 78	9痢??뚯뒪???꾪겕	37.5078000	127.0078000	2026-04-19 22:18:07.069522+09	2026-04-19 22:48:07.069522+09	30	2026-04-16 16:18:07.069522+09	2026-04-17 11:46:50.051974+09	t	178	178	\N	\N
79	1e5bf1b1-1479-4d03-bf02-ef7e45ebb37c	179	79	1	DELIVERY	179	?뚯뒪??嫄곗젏 79	?쒖슱?밸퀎???뚯뒪?멸뎄 ?뚯뒪?몃줈 79	10痢??뚯뒪???꾪겕	37.5079000	127.0079000	2026-04-19 23:18:07.069522+09	2026-04-19 23:48:07.069522+09	30	2026-04-16 16:18:07.069522+09	2026-04-17 11:46:50.051974+09	t	179	179	\N	\N
80	206e6c0b-e48f-4989-8da4-ab3bc509dad8	180	80	1	PICKUP	180	?뚯뒪??嫄곗젏 80	?쒖슱?밸퀎???뚯뒪?멸뎄 ?뚯뒪?몃줈 80	1痢??뚯뒪???꾪겕	37.5080000	127.0080000	2026-04-20 00:18:07.069522+09	2026-04-20 00:48:07.069522+09	30	2026-04-16 16:18:07.069522+09	2026-04-17 11:46:50.051974+09	t	180	180	\N	\N
81	9040c548-bea9-419b-97c1-ebb849f30222	181	81	1	DELIVERY	181	?뚯뒪??嫄곗젏 81	?쒖슱?밸퀎???뚯뒪?멸뎄 ?뚯뒪?몃줈 81	2痢??뚯뒪???꾪겕	37.5081000	127.0081000	2026-04-20 01:18:07.069522+09	2026-04-20 01:48:07.069522+09	30	2026-04-16 16:18:07.069522+09	2026-04-17 11:46:50.051974+09	t	181	181	\N	\N
82	a93b3925-93c7-4bdd-bbbb-7ddd37090996	182	82	1	PICKUP	182	?뚯뒪??嫄곗젏 82	?쒖슱?밸퀎???뚯뒪?멸뎄 ?뚯뒪?몃줈 82	3痢??뚯뒪???꾪겕	37.5082000	127.0082000	2026-04-20 02:18:07.069522+09	2026-04-20 02:48:07.069522+09	30	2026-04-16 16:18:07.069522+09	2026-04-17 11:46:50.051974+09	t	182	182	\N	\N
83	47d2e1ab-de43-4b82-af13-157e41290dbd	183	83	1	DELIVERY	183	?뚯뒪??嫄곗젏 83	?쒖슱?밸퀎???뚯뒪?멸뎄 ?뚯뒪?몃줈 83	4痢??뚯뒪???꾪겕	37.5083000	127.0083000	2026-04-20 03:18:07.069522+09	2026-04-20 03:48:07.069522+09	30	2026-04-16 16:18:07.069522+09	2026-04-17 11:46:50.051974+09	t	183	183	\N	\N
84	d15be24b-5be1-4037-bb76-9fb40204663c	184	84	1	PICKUP	184	?뚯뒪??嫄곗젏 84	?쒖슱?밸퀎???뚯뒪?멸뎄 ?뚯뒪?몃줈 84	5痢??뚯뒪???꾪겕	37.5084000	127.0084000	2026-04-20 04:18:07.069522+09	2026-04-20 04:48:07.069522+09	30	2026-04-16 16:18:07.069522+09	2026-04-17 11:46:50.051974+09	t	184	184	\N	\N
85	28f77c6c-04cc-4226-a554-7329e69ccd2c	185	85	1	DELIVERY	185	?뚯뒪??嫄곗젏 85	?쒖슱?밸퀎???뚯뒪?멸뎄 ?뚯뒪?몃줈 85	6痢??뚯뒪???꾪겕	37.5085000	127.0085000	2026-04-20 05:18:07.069522+09	2026-04-20 05:48:07.069522+09	30	2026-04-16 16:18:07.069522+09	2026-04-17 11:46:50.051974+09	t	185	185	\N	\N
86	f2d2cfd7-4e90-47a5-952b-46d40e41d700	186	86	1	PICKUP	186	?뚯뒪??嫄곗젏 86	?쒖슱?밸퀎???뚯뒪?멸뎄 ?뚯뒪?몃줈 86	7痢??뚯뒪???꾪겕	37.5086000	127.0086000	2026-04-20 06:18:07.069522+09	2026-04-20 06:48:07.069522+09	30	2026-04-16 16:18:07.069522+09	2026-04-17 11:46:50.051974+09	t	186	186	\N	\N
87	db54f446-02ad-454a-a719-98481cf2622f	187	87	1	DELIVERY	187	?뚯뒪??嫄곗젏 87	?쒖슱?밸퀎???뚯뒪?멸뎄 ?뚯뒪?몃줈 87	8痢??뚯뒪???꾪겕	37.5087000	127.0087000	2026-04-20 07:18:07.069522+09	2026-04-20 07:48:07.069522+09	30	2026-04-16 16:18:07.069522+09	2026-04-17 11:46:50.051974+09	t	187	187	\N	\N
88	39f8428d-6199-4a0d-88cd-1d893b581464	188	88	1	PICKUP	188	?뚯뒪??嫄곗젏 88	?쒖슱?밸퀎???뚯뒪?멸뎄 ?뚯뒪?몃줈 88	9痢??뚯뒪???꾪겕	37.5088000	127.0088000	2026-04-20 08:18:07.069522+09	2026-04-20 08:48:07.069522+09	30	2026-04-16 16:18:07.069522+09	2026-04-17 11:46:50.051974+09	t	188	188	\N	\N
89	ecbbb22c-e815-4577-a65f-2f57b67908b0	189	89	1	DELIVERY	189	?뚯뒪??嫄곗젏 89	?쒖슱?밸퀎???뚯뒪?멸뎄 ?뚯뒪?몃줈 89	10痢??뚯뒪???꾪겕	37.5089000	127.0089000	2026-04-20 09:18:07.069522+09	2026-04-20 09:48:07.069522+09	30	2026-04-16 16:18:07.069522+09	2026-04-17 11:46:50.051974+09	t	189	189	\N	\N
90	ca6267a3-04ec-41d4-b001-679fc515b2dc	190	90	1	PICKUP	190	?뚯뒪??嫄곗젏 90	?쒖슱?밸퀎???뚯뒪?멸뎄 ?뚯뒪?몃줈 90	1痢??뚯뒪???꾪겕	37.5090000	127.0090000	2026-04-20 10:18:07.069522+09	2026-04-20 10:48:07.069522+09	30	2026-04-16 16:18:07.069522+09	2026-04-17 11:46:50.051974+09	t	190	190	\N	\N
91	e703a144-c8de-4bb9-9541-133c1e8963b0	191	91	1	DELIVERY	191	?뚯뒪??嫄곗젏 91	?쒖슱?밸퀎???뚯뒪?멸뎄 ?뚯뒪?몃줈 91	2痢??뚯뒪???꾪겕	37.5091000	127.0091000	2026-04-20 11:18:07.069522+09	2026-04-20 11:48:07.069522+09	30	2026-04-16 16:18:07.069522+09	2026-04-17 11:46:50.051974+09	t	191	191	\N	\N
92	242bd9ff-5480-4527-9f12-3081e8694e33	192	92	1	PICKUP	192	?뚯뒪??嫄곗젏 92	?쒖슱?밸퀎???뚯뒪?멸뎄 ?뚯뒪?몃줈 92	3痢??뚯뒪???꾪겕	37.5092000	127.0092000	2026-04-20 12:18:07.069522+09	2026-04-20 12:48:07.069522+09	30	2026-04-16 16:18:07.069522+09	2026-04-17 11:46:50.051974+09	t	192	192	\N	\N
93	698d1dbf-97e7-4a14-ac1c-0e493627d1b8	193	93	1	DELIVERY	193	?뚯뒪??嫄곗젏 93	?쒖슱?밸퀎???뚯뒪?멸뎄 ?뚯뒪?몃줈 93	4痢??뚯뒪???꾪겕	37.5093000	127.0093000	2026-04-20 13:18:07.069522+09	2026-04-20 13:48:07.069522+09	30	2026-04-16 16:18:07.069522+09	2026-04-17 11:46:50.051974+09	t	193	193	\N	\N
94	31f32c32-38c5-4fac-a562-9cc02509f6da	194	94	1	PICKUP	194	?뚯뒪??嫄곗젏 94	?쒖슱?밸퀎???뚯뒪?멸뎄 ?뚯뒪?몃줈 94	5痢??뚯뒪???꾪겕	37.5094000	127.0094000	2026-04-20 14:18:07.069522+09	2026-04-20 14:48:07.069522+09	30	2026-04-16 16:18:07.069522+09	2026-04-17 11:46:50.051974+09	t	194	194	\N	\N
95	56f3d9b2-42f0-46da-ab3e-59e20eb0b586	195	95	1	DELIVERY	195	?뚯뒪??嫄곗젏 95	?쒖슱?밸퀎???뚯뒪?멸뎄 ?뚯뒪?몃줈 95	6痢??뚯뒪???꾪겕	37.5095000	127.0095000	2026-04-20 15:18:07.069522+09	2026-04-20 15:48:07.069522+09	30	2026-04-16 16:18:07.069522+09	2026-04-17 11:46:50.051974+09	t	195	195	\N	\N
96	08ec712e-5617-4089-8f56-7c0eb1586e16	196	96	1	PICKUP	196	?뚯뒪??嫄곗젏 96	?쒖슱?밸퀎???뚯뒪?멸뎄 ?뚯뒪?몃줈 96	7痢??뚯뒪???꾪겕	37.5096000	127.0096000	2026-04-20 16:18:07.069522+09	2026-04-20 16:48:07.069522+09	30	2026-04-16 16:18:07.069522+09	2026-04-17 11:46:50.051974+09	t	196	196	\N	\N
97	4082de4d-8821-45ae-9db9-41b90cde0592	197	97	1	DELIVERY	197	?뚯뒪??嫄곗젏 97	?쒖슱?밸퀎???뚯뒪?멸뎄 ?뚯뒪?몃줈 97	8痢??뚯뒪???꾪겕	37.5097000	127.0097000	2026-04-20 17:18:07.069522+09	2026-04-20 17:48:07.069522+09	30	2026-04-16 16:18:07.069522+09	2026-04-17 11:46:50.051974+09	t	197	197	\N	\N
98	6bc40788-7a74-4096-891f-479a17532281	198	98	1	PICKUP	198	?뚯뒪??嫄곗젏 98	?쒖슱?밸퀎???뚯뒪?멸뎄 ?뚯뒪?몃줈 98	9痢??뚯뒪???꾪겕	37.5098000	127.0098000	2026-04-20 18:18:07.069522+09	2026-04-20 18:48:07.069522+09	30	2026-04-16 16:18:07.069522+09	2026-04-17 11:46:50.051974+09	t	198	198	\N	\N
99	3e91477f-6299-4aa0-a60b-baf1505eb5c7	199	99	1	DELIVERY	199	?뚯뒪??嫄곗젏 99	?쒖슱?밸퀎???뚯뒪?멸뎄 ?뚯뒪?몃줈 99	10痢??뚯뒪???꾪겕	37.5099000	127.0099000	2026-04-20 19:18:07.069522+09	2026-04-20 19:48:07.069522+09	30	2026-04-16 16:18:07.069522+09	2026-04-17 11:46:50.051974+09	t	199	199	\N	\N
100	cb41fe1a-e667-42f1-9011-120f37e982b3	200	100	1	PICKUP	200	?뚯뒪??嫄곗젏 100	?쒖슱?밸퀎???뚯뒪?멸뎄 ?뚯뒪?몃줈 100	1痢??뚯뒪???꾪겕	37.5100000	127.0100000	2026-04-20 20:18:07.069522+09	2026-04-20 20:48:07.069522+09	30	2026-04-16 16:18:07.069522+09	2026-04-17 11:46:50.051974+09	t	200	200	\N	\N
\.


--
-- Data for Name: transport_plans; Type: TABLE DATA; Schema: plan; Owner: -
--

COPY plan.transport_plans (transport_plan_id, transport_plan_uid, tenant_id, plan_no, plan_date, plan_type, status_code, scheduled_start_at, scheduled_end_at, planned_distance_km, planned_duration_min, required_vehicle_type, required_ton_class, planned_weight_kg, planned_volume_cbm, planned_pallets, estimated_sales_amount, estimated_purchase_amount, created_by, confirmed_by, confirmed_at, created_at, updated_at, is_active, updated_by, deleted_at, deleted_by) FROM stdin;
1	502ebc36-e815-4bad-9247-3aace8ab6a3b	101	PLN000001	2026-04-16	NORMAL	CONFIRMED	2026-04-16 17:18:07.069522+09	2026-04-16 23:18:07.069522+09	11.000	61	CARGO	2.50	105.000	1.500	2.000	102000.00	81500.00	101	101	2026-04-16 16:18:07.069522+09	2026-04-16 16:18:07.069522+09	2026-04-17 11:46:50.051974+09	t	101	\N	\N
2	34a23e0a-5b85-4d7e-a308-89b157e5adeb	102	PLN000002	2026-04-16	NORMAL	CONFIRMED	2026-04-16 18:18:07.069522+09	2026-04-17 00:18:07.069522+09	12.000	62	WING	5.00	110.000	2.000	3.000	104000.00	83000.00	102	102	2026-04-16 16:18:07.069522+09	2026-04-16 16:18:07.069522+09	2026-04-17 11:46:50.051974+09	t	102	\N	\N
3	93a7a0bf-f258-4aca-be05-f888dc4339d9	103	PLN000003	2026-04-16	NORMAL	CONFIRMED	2026-04-16 19:18:07.069522+09	2026-04-17 01:18:07.069522+09	13.000	63	CARGO	2.50	115.000	2.500	4.000	106000.00	84500.00	103	103	2026-04-16 16:18:07.069522+09	2026-04-16 16:18:07.069522+09	2026-04-17 11:46:50.051974+09	t	103	\N	\N
4	98bb016f-52a1-43cf-8692-b85f6bdfe382	104	PLN000004	2026-04-16	NORMAL	CONFIRMED	2026-04-16 20:18:07.069522+09	2026-04-17 02:18:07.069522+09	14.000	64	WING	5.00	120.000	3.000	5.000	108000.00	86000.00	104	104	2026-04-16 16:18:07.069522+09	2026-04-16 16:18:07.069522+09	2026-04-17 11:46:50.051974+09	t	104	\N	\N
5	6dad2f68-728b-46d8-9a1a-928c11673a38	105	PLN000005	2026-04-16	NORMAL	CONFIRMED	2026-04-16 21:18:07.069522+09	2026-04-17 03:18:07.069522+09	15.000	65	CARGO	2.50	125.000	3.500	6.000	110000.00	87500.00	105	105	2026-04-16 16:18:07.069522+09	2026-04-16 16:18:07.069522+09	2026-04-17 11:46:50.051974+09	t	105	\N	\N
6	a89f17ce-06f5-4bc2-9d10-030885e95d5b	106	PLN000006	2026-04-16	NORMAL	CONFIRMED	2026-04-16 22:18:07.069522+09	2026-04-17 04:18:07.069522+09	16.000	66	WING	5.00	130.000	4.000	7.000	112000.00	89000.00	106	106	2026-04-16 16:18:07.069522+09	2026-04-16 16:18:07.069522+09	2026-04-17 11:46:50.051974+09	t	106	\N	\N
7	dd94c8d8-5164-4686-bca0-62ef2585d529	107	PLN000007	2026-04-16	NORMAL	CONFIRMED	2026-04-16 23:18:07.069522+09	2026-04-17 05:18:07.069522+09	17.000	67	CARGO	2.50	135.000	4.500	8.000	114000.00	90500.00	107	107	2026-04-16 16:18:07.069522+09	2026-04-16 16:18:07.069522+09	2026-04-17 11:46:50.051974+09	t	107	\N	\N
8	24d18247-2c65-4927-a424-5a1e3c9a07cd	108	PLN000008	2026-04-16	NORMAL	CONFIRMED	2026-04-17 00:18:07.069522+09	2026-04-17 06:18:07.069522+09	18.000	68	WING	5.00	140.000	5.000	9.000	116000.00	92000.00	108	108	2026-04-16 16:18:07.069522+09	2026-04-16 16:18:07.069522+09	2026-04-17 11:46:50.051974+09	t	108	\N	\N
9	14f8d0b3-cbd4-499e-b057-28f2a69c0f4a	109	PLN000009	2026-04-16	NORMAL	CONFIRMED	2026-04-17 01:18:07.069522+09	2026-04-17 07:18:07.069522+09	19.000	69	CARGO	2.50	145.000	5.500	10.000	118000.00	93500.00	109	109	2026-04-16 16:18:07.069522+09	2026-04-16 16:18:07.069522+09	2026-04-17 11:46:50.051974+09	t	109	\N	\N
10	3ccec484-2f4c-4164-9246-8c122ad10406	110	PLN000010	2026-04-16	NORMAL	CONFIRMED	2026-04-17 02:18:07.069522+09	2026-04-17 08:18:07.069522+09	20.000	70	WING	5.00	150.000	6.000	1.000	120000.00	95000.00	110	110	2026-04-16 16:18:07.069522+09	2026-04-16 16:18:07.069522+09	2026-04-17 11:46:50.051974+09	t	110	\N	\N
11	86cd51fd-3f9c-4c7c-a4de-b07ba10c92e0	111	PLN000011	2026-04-16	NORMAL	CONFIRMED	2026-04-17 03:18:07.069522+09	2026-04-17 09:18:07.069522+09	21.000	71	CARGO	2.50	155.000	6.500	2.000	122000.00	96500.00	111	111	2026-04-16 16:18:07.069522+09	2026-04-16 16:18:07.069522+09	2026-04-17 11:46:50.051974+09	t	111	\N	\N
12	ad99c2cd-a149-4da9-b15f-3960c69fd3a9	112	PLN000012	2026-04-16	NORMAL	CONFIRMED	2026-04-17 04:18:07.069522+09	2026-04-17 10:18:07.069522+09	22.000	72	WING	5.00	160.000	7.000	3.000	124000.00	98000.00	112	112	2026-04-16 16:18:07.069522+09	2026-04-16 16:18:07.069522+09	2026-04-17 11:46:50.051974+09	t	112	\N	\N
13	684cc676-01f7-43f9-8af6-6a3ca8ef02a3	113	PLN000013	2026-04-16	NORMAL	CONFIRMED	2026-04-17 05:18:07.069522+09	2026-04-17 11:18:07.069522+09	23.000	73	CARGO	2.50	165.000	7.500	4.000	126000.00	99500.00	113	113	2026-04-16 16:18:07.069522+09	2026-04-16 16:18:07.069522+09	2026-04-17 11:46:50.051974+09	t	113	\N	\N
14	d6ebc419-0050-42d3-b181-289217cef2c5	114	PLN000014	2026-04-16	NORMAL	CONFIRMED	2026-04-17 06:18:07.069522+09	2026-04-17 12:18:07.069522+09	24.000	74	WING	5.00	170.000	8.000	5.000	128000.00	101000.00	114	114	2026-04-16 16:18:07.069522+09	2026-04-16 16:18:07.069522+09	2026-04-17 11:46:50.051974+09	t	114	\N	\N
15	a4210b67-ed3f-48ec-9078-a3ac88b42edc	115	PLN000015	2026-04-16	NORMAL	CONFIRMED	2026-04-17 07:18:07.069522+09	2026-04-17 13:18:07.069522+09	25.000	75	CARGO	2.50	175.000	8.500	6.000	130000.00	102500.00	115	115	2026-04-16 16:18:07.069522+09	2026-04-16 16:18:07.069522+09	2026-04-17 11:46:50.051974+09	t	115	\N	\N
16	bd309690-7663-4c77-b5de-878890667670	116	PLN000016	2026-04-16	NORMAL	CONFIRMED	2026-04-17 08:18:07.069522+09	2026-04-17 14:18:07.069522+09	26.000	76	WING	5.00	180.000	9.000	7.000	132000.00	104000.00	116	116	2026-04-16 16:18:07.069522+09	2026-04-16 16:18:07.069522+09	2026-04-17 11:46:50.051974+09	t	116	\N	\N
17	1e03d03d-c64c-4554-b537-bcb75675ba06	117	PLN000017	2026-04-16	NORMAL	CONFIRMED	2026-04-17 09:18:07.069522+09	2026-04-17 15:18:07.069522+09	27.000	77	CARGO	2.50	185.000	9.500	8.000	134000.00	105500.00	117	117	2026-04-16 16:18:07.069522+09	2026-04-16 16:18:07.069522+09	2026-04-17 11:46:50.051974+09	t	117	\N	\N
18	b224acae-476a-430d-8a32-3bdf0d8385ab	118	PLN000018	2026-04-16	NORMAL	CONFIRMED	2026-04-17 10:18:07.069522+09	2026-04-17 16:18:07.069522+09	28.000	78	WING	5.00	190.000	10.000	9.000	136000.00	107000.00	118	118	2026-04-16 16:18:07.069522+09	2026-04-16 16:18:07.069522+09	2026-04-17 11:46:50.051974+09	t	118	\N	\N
19	cc73f0c7-f127-4cf5-a257-0a1aa1554fa5	119	PLN000019	2026-04-16	NORMAL	CONFIRMED	2026-04-17 11:18:07.069522+09	2026-04-17 17:18:07.069522+09	29.000	79	CARGO	2.50	195.000	10.500	10.000	138000.00	108500.00	119	119	2026-04-16 16:18:07.069522+09	2026-04-16 16:18:07.069522+09	2026-04-17 11:46:50.051974+09	t	119	\N	\N
20	ce8cd4f5-c633-4318-9874-0780d0d70822	120	PLN000020	2026-04-16	NORMAL	CONFIRMED	2026-04-17 12:18:07.069522+09	2026-04-17 18:18:07.069522+09	30.000	80	WING	5.00	200.000	11.000	1.000	140000.00	110000.00	120	120	2026-04-16 16:18:07.069522+09	2026-04-16 16:18:07.069522+09	2026-04-17 11:46:50.051974+09	t	120	\N	\N
21	e8d57bc1-8346-40b0-a354-6b70c0cd8e10	121	PLN000021	2026-04-16	NORMAL	CONFIRMED	2026-04-17 13:18:07.069522+09	2026-04-17 19:18:07.069522+09	31.000	81	CARGO	2.50	205.000	11.500	2.000	142000.00	111500.00	121	121	2026-04-16 16:18:07.069522+09	2026-04-16 16:18:07.069522+09	2026-04-17 11:46:50.051974+09	t	121	\N	\N
22	83931eab-a3f9-4de7-82d7-2931ffc3e05e	122	PLN000022	2026-04-16	NORMAL	CONFIRMED	2026-04-17 14:18:07.069522+09	2026-04-17 20:18:07.069522+09	32.000	82	WING	5.00	210.000	12.000	3.000	144000.00	113000.00	122	122	2026-04-16 16:18:07.069522+09	2026-04-16 16:18:07.069522+09	2026-04-17 11:46:50.051974+09	t	122	\N	\N
23	da29544a-b0e2-4af4-a1cd-141db1d9ec47	123	PLN000023	2026-04-16	NORMAL	CONFIRMED	2026-04-17 15:18:07.069522+09	2026-04-17 21:18:07.069522+09	33.000	83	CARGO	2.50	215.000	12.500	4.000	146000.00	114500.00	123	123	2026-04-16 16:18:07.069522+09	2026-04-16 16:18:07.069522+09	2026-04-17 11:46:50.051974+09	t	123	\N	\N
24	acb0c359-8bdc-4438-b4bc-f2ddbf51dbe1	124	PLN000024	2026-04-16	NORMAL	CONFIRMED	2026-04-17 16:18:07.069522+09	2026-04-17 22:18:07.069522+09	34.000	84	WING	5.00	220.000	13.000	5.000	148000.00	116000.00	124	124	2026-04-16 16:18:07.069522+09	2026-04-16 16:18:07.069522+09	2026-04-17 11:46:50.051974+09	t	124	\N	\N
25	a103ad61-9da0-4bcc-86f6-25a313f29d45	125	PLN000025	2026-04-16	NORMAL	CONFIRMED	2026-04-17 17:18:07.069522+09	2026-04-17 23:18:07.069522+09	35.000	85	CARGO	2.50	225.000	13.500	6.000	150000.00	117500.00	125	125	2026-04-16 16:18:07.069522+09	2026-04-16 16:18:07.069522+09	2026-04-17 11:46:50.051974+09	t	125	\N	\N
26	2cc41ad2-07d2-41a6-b65d-99023df3fc0f	126	PLN000026	2026-04-16	NORMAL	CONFIRMED	2026-04-17 18:18:07.069522+09	2026-04-18 00:18:07.069522+09	36.000	86	WING	5.00	230.000	14.000	7.000	152000.00	119000.00	126	126	2026-04-16 16:18:07.069522+09	2026-04-16 16:18:07.069522+09	2026-04-17 11:46:50.051974+09	t	126	\N	\N
27	3ba51b3d-bcb3-4a1b-92be-899685eaf87e	127	PLN000027	2026-04-16	NORMAL	CONFIRMED	2026-04-17 19:18:07.069522+09	2026-04-18 01:18:07.069522+09	37.000	87	CARGO	2.50	235.000	14.500	8.000	154000.00	120500.00	127	127	2026-04-16 16:18:07.069522+09	2026-04-16 16:18:07.069522+09	2026-04-17 11:46:50.051974+09	t	127	\N	\N
28	716bab96-bcb6-45cc-a87b-d5cdaa95f8f0	128	PLN000028	2026-04-16	NORMAL	CONFIRMED	2026-04-17 20:18:07.069522+09	2026-04-18 02:18:07.069522+09	38.000	88	WING	5.00	240.000	15.000	9.000	156000.00	122000.00	128	128	2026-04-16 16:18:07.069522+09	2026-04-16 16:18:07.069522+09	2026-04-17 11:46:50.051974+09	t	128	\N	\N
29	e99da933-c8a8-42d5-983d-9f4b1cb255c6	129	PLN000029	2026-04-16	NORMAL	CONFIRMED	2026-04-17 21:18:07.069522+09	2026-04-18 03:18:07.069522+09	39.000	89	CARGO	2.50	245.000	15.500	10.000	158000.00	123500.00	129	129	2026-04-16 16:18:07.069522+09	2026-04-16 16:18:07.069522+09	2026-04-17 11:46:50.051974+09	t	129	\N	\N
30	d5589588-b450-4215-ad26-29b1fcf36740	130	PLN000030	2026-04-16	NORMAL	CONFIRMED	2026-04-17 22:18:07.069522+09	2026-04-18 04:18:07.069522+09	40.000	90	WING	5.00	250.000	16.000	1.000	160000.00	125000.00	130	130	2026-04-16 16:18:07.069522+09	2026-04-16 16:18:07.069522+09	2026-04-17 11:46:50.051974+09	t	130	\N	\N
31	b3e0a761-9ea8-403d-b78f-8cef6ec18174	131	PLN000031	2026-04-16	NORMAL	CONFIRMED	2026-04-17 23:18:07.069522+09	2026-04-18 05:18:07.069522+09	41.000	91	CARGO	2.50	255.000	16.500	2.000	162000.00	126500.00	131	131	2026-04-16 16:18:07.069522+09	2026-04-16 16:18:07.069522+09	2026-04-17 11:46:50.051974+09	t	131	\N	\N
32	dbefb74f-c31d-4115-ab99-5fa3cacc2c4b	132	PLN000032	2026-04-16	NORMAL	CONFIRMED	2026-04-18 00:18:07.069522+09	2026-04-18 06:18:07.069522+09	42.000	92	WING	5.00	260.000	17.000	3.000	164000.00	128000.00	132	132	2026-04-16 16:18:07.069522+09	2026-04-16 16:18:07.069522+09	2026-04-17 11:46:50.051974+09	t	132	\N	\N
33	8be28aac-0e15-479b-b53a-66b9d18344b9	133	PLN000033	2026-04-16	NORMAL	CONFIRMED	2026-04-18 01:18:07.069522+09	2026-04-18 07:18:07.069522+09	43.000	93	CARGO	2.50	265.000	17.500	4.000	166000.00	129500.00	133	133	2026-04-16 16:18:07.069522+09	2026-04-16 16:18:07.069522+09	2026-04-17 11:46:50.051974+09	t	133	\N	\N
34	cba83ff7-990a-4484-92a2-3e743b8fdd09	134	PLN000034	2026-04-16	NORMAL	CONFIRMED	2026-04-18 02:18:07.069522+09	2026-04-18 08:18:07.069522+09	44.000	94	WING	5.00	270.000	18.000	5.000	168000.00	131000.00	134	134	2026-04-16 16:18:07.069522+09	2026-04-16 16:18:07.069522+09	2026-04-17 11:46:50.051974+09	t	134	\N	\N
35	024c1490-dc14-43d4-ac61-ee4c10f0ed63	135	PLN000035	2026-04-16	NORMAL	CONFIRMED	2026-04-18 03:18:07.069522+09	2026-04-18 09:18:07.069522+09	45.000	95	CARGO	2.50	275.000	18.500	6.000	170000.00	132500.00	135	135	2026-04-16 16:18:07.069522+09	2026-04-16 16:18:07.069522+09	2026-04-17 11:46:50.051974+09	t	135	\N	\N
36	81fd8af3-824e-40b1-9d7a-fee43c47e7f4	136	PLN000036	2026-04-16	NORMAL	CONFIRMED	2026-04-18 04:18:07.069522+09	2026-04-18 10:18:07.069522+09	46.000	96	WING	5.00	280.000	19.000	7.000	172000.00	134000.00	136	136	2026-04-16 16:18:07.069522+09	2026-04-16 16:18:07.069522+09	2026-04-17 11:46:50.051974+09	t	136	\N	\N
37	50832e23-ad54-4038-adb4-3cba30860643	137	PLN000037	2026-04-16	NORMAL	CONFIRMED	2026-04-18 05:18:07.069522+09	2026-04-18 11:18:07.069522+09	47.000	97	CARGO	2.50	285.000	19.500	8.000	174000.00	135500.00	137	137	2026-04-16 16:18:07.069522+09	2026-04-16 16:18:07.069522+09	2026-04-17 11:46:50.051974+09	t	137	\N	\N
38	a867ae51-4cad-4d51-899f-71d8a77b286b	138	PLN000038	2026-04-16	NORMAL	CONFIRMED	2026-04-18 06:18:07.069522+09	2026-04-18 12:18:07.069522+09	48.000	98	WING	5.00	290.000	20.000	9.000	176000.00	137000.00	138	138	2026-04-16 16:18:07.069522+09	2026-04-16 16:18:07.069522+09	2026-04-17 11:46:50.051974+09	t	138	\N	\N
39	2d2be31b-d0e0-4332-9782-e5b6ff747407	139	PLN000039	2026-04-16	NORMAL	CONFIRMED	2026-04-18 07:18:07.069522+09	2026-04-18 13:18:07.069522+09	49.000	99	CARGO	2.50	295.000	20.500	10.000	178000.00	138500.00	139	139	2026-04-16 16:18:07.069522+09	2026-04-16 16:18:07.069522+09	2026-04-17 11:46:50.051974+09	t	139	\N	\N
40	5bb00c93-7bf3-411e-8458-2e4a24d695a7	140	PLN000040	2026-04-16	NORMAL	CONFIRMED	2026-04-18 08:18:07.069522+09	2026-04-18 14:18:07.069522+09	50.000	100	WING	5.00	300.000	21.000	1.000	180000.00	140000.00	140	140	2026-04-16 16:18:07.069522+09	2026-04-16 16:18:07.069522+09	2026-04-17 11:46:50.051974+09	t	140	\N	\N
41	6c7614b1-a2ce-423e-ad6d-78d9a3e01229	141	PLN000041	2026-04-16	NORMAL	CONFIRMED	2026-04-18 09:18:07.069522+09	2026-04-18 15:18:07.069522+09	51.000	101	CARGO	2.50	305.000	21.500	2.000	182000.00	141500.00	141	141	2026-04-16 16:18:07.069522+09	2026-04-16 16:18:07.069522+09	2026-04-17 11:46:50.051974+09	t	141	\N	\N
42	2d6a5d2f-7ad6-455e-8658-47c637b21062	142	PLN000042	2026-04-16	NORMAL	CONFIRMED	2026-04-18 10:18:07.069522+09	2026-04-18 16:18:07.069522+09	52.000	102	WING	5.00	310.000	22.000	3.000	184000.00	143000.00	142	142	2026-04-16 16:18:07.069522+09	2026-04-16 16:18:07.069522+09	2026-04-17 11:46:50.051974+09	t	142	\N	\N
43	50d9405e-023d-4f82-b910-1b5fc5741761	143	PLN000043	2026-04-16	NORMAL	CONFIRMED	2026-04-18 11:18:07.069522+09	2026-04-18 17:18:07.069522+09	53.000	103	CARGO	2.50	315.000	22.500	4.000	186000.00	144500.00	143	143	2026-04-16 16:18:07.069522+09	2026-04-16 16:18:07.069522+09	2026-04-17 11:46:50.051974+09	t	143	\N	\N
44	f511b843-5977-42f9-b4a2-8edaaffc986b	144	PLN000044	2026-04-16	NORMAL	CONFIRMED	2026-04-18 12:18:07.069522+09	2026-04-18 18:18:07.069522+09	54.000	104	WING	5.00	320.000	23.000	5.000	188000.00	146000.00	144	144	2026-04-16 16:18:07.069522+09	2026-04-16 16:18:07.069522+09	2026-04-17 11:46:50.051974+09	t	144	\N	\N
45	22302c15-2474-4be1-9754-e25500ec6027	145	PLN000045	2026-04-16	NORMAL	CONFIRMED	2026-04-18 13:18:07.069522+09	2026-04-18 19:18:07.069522+09	55.000	105	CARGO	2.50	325.000	23.500	6.000	190000.00	147500.00	145	145	2026-04-16 16:18:07.069522+09	2026-04-16 16:18:07.069522+09	2026-04-17 11:46:50.051974+09	t	145	\N	\N
46	924a5f4a-4de9-4cf2-9d87-933b250233ec	146	PLN000046	2026-04-16	NORMAL	CONFIRMED	2026-04-18 14:18:07.069522+09	2026-04-18 20:18:07.069522+09	56.000	106	WING	5.00	330.000	24.000	7.000	192000.00	149000.00	146	146	2026-04-16 16:18:07.069522+09	2026-04-16 16:18:07.069522+09	2026-04-17 11:46:50.051974+09	t	146	\N	\N
47	69095287-311e-4079-a3ba-520186215335	147	PLN000047	2026-04-16	NORMAL	CONFIRMED	2026-04-18 15:18:07.069522+09	2026-04-18 21:18:07.069522+09	57.000	107	CARGO	2.50	335.000	24.500	8.000	194000.00	150500.00	147	147	2026-04-16 16:18:07.069522+09	2026-04-16 16:18:07.069522+09	2026-04-17 11:46:50.051974+09	t	147	\N	\N
48	13600373-5cb7-4bf4-8ae0-f110877e6580	148	PLN000048	2026-04-16	NORMAL	CONFIRMED	2026-04-18 16:18:07.069522+09	2026-04-18 22:18:07.069522+09	58.000	108	WING	5.00	340.000	25.000	9.000	196000.00	152000.00	148	148	2026-04-16 16:18:07.069522+09	2026-04-16 16:18:07.069522+09	2026-04-17 11:46:50.051974+09	t	148	\N	\N
49	bf607281-2c3e-4c39-8667-b92e82e1d3b7	149	PLN000049	2026-04-16	NORMAL	CONFIRMED	2026-04-18 17:18:07.069522+09	2026-04-18 23:18:07.069522+09	59.000	109	CARGO	2.50	345.000	25.500	10.000	198000.00	153500.00	149	149	2026-04-16 16:18:07.069522+09	2026-04-16 16:18:07.069522+09	2026-04-17 11:46:50.051974+09	t	149	\N	\N
50	0b13a434-e2f8-40de-baca-7f0e01b2bbf9	150	PLN000050	2026-04-16	NORMAL	CONFIRMED	2026-04-18 18:18:07.069522+09	2026-04-19 00:18:07.069522+09	60.000	110	WING	5.00	350.000	26.000	1.000	200000.00	155000.00	150	150	2026-04-16 16:18:07.069522+09	2026-04-16 16:18:07.069522+09	2026-04-17 11:46:50.051974+09	t	150	\N	\N
51	2f529422-090b-4f88-9273-95627bfc4f8e	151	PLN000051	2026-04-16	NORMAL	CONFIRMED	2026-04-18 19:18:07.069522+09	2026-04-19 01:18:07.069522+09	61.000	111	CARGO	2.50	355.000	26.500	2.000	202000.00	156500.00	151	151	2026-04-16 16:18:07.069522+09	2026-04-16 16:18:07.069522+09	2026-04-17 11:46:50.051974+09	t	151	\N	\N
52	e7aa5952-c75d-4b6f-ad33-193aae09aa5c	152	PLN000052	2026-04-16	NORMAL	CONFIRMED	2026-04-18 20:18:07.069522+09	2026-04-19 02:18:07.069522+09	62.000	112	WING	5.00	360.000	27.000	3.000	204000.00	158000.00	152	152	2026-04-16 16:18:07.069522+09	2026-04-16 16:18:07.069522+09	2026-04-17 11:46:50.051974+09	t	152	\N	\N
53	683af932-b86d-43f4-8fe1-edfc4db865a0	153	PLN000053	2026-04-16	NORMAL	CONFIRMED	2026-04-18 21:18:07.069522+09	2026-04-19 03:18:07.069522+09	63.000	113	CARGO	2.50	365.000	27.500	4.000	206000.00	159500.00	153	153	2026-04-16 16:18:07.069522+09	2026-04-16 16:18:07.069522+09	2026-04-17 11:46:50.051974+09	t	153	\N	\N
54	ab5ad04c-d4c4-440f-bb95-128ca2d35d11	154	PLN000054	2026-04-16	NORMAL	CONFIRMED	2026-04-18 22:18:07.069522+09	2026-04-19 04:18:07.069522+09	64.000	114	WING	5.00	370.000	28.000	5.000	208000.00	161000.00	154	154	2026-04-16 16:18:07.069522+09	2026-04-16 16:18:07.069522+09	2026-04-17 11:46:50.051974+09	t	154	\N	\N
55	2a1e1094-7be5-4017-b2ec-08ed6b2cbb9d	155	PLN000055	2026-04-16	NORMAL	CONFIRMED	2026-04-18 23:18:07.069522+09	2026-04-19 05:18:07.069522+09	65.000	115	CARGO	2.50	375.000	28.500	6.000	210000.00	162500.00	155	155	2026-04-16 16:18:07.069522+09	2026-04-16 16:18:07.069522+09	2026-04-17 11:46:50.051974+09	t	155	\N	\N
56	2a7f94bb-445d-4220-8b1a-be4bd7989113	156	PLN000056	2026-04-16	NORMAL	CONFIRMED	2026-04-19 00:18:07.069522+09	2026-04-19 06:18:07.069522+09	66.000	116	WING	5.00	380.000	29.000	7.000	212000.00	164000.00	156	156	2026-04-16 16:18:07.069522+09	2026-04-16 16:18:07.069522+09	2026-04-17 11:46:50.051974+09	t	156	\N	\N
57	cbe3a752-b5a1-4009-b674-3e04bc1bf332	157	PLN000057	2026-04-16	NORMAL	CONFIRMED	2026-04-19 01:18:07.069522+09	2026-04-19 07:18:07.069522+09	67.000	117	CARGO	2.50	385.000	29.500	8.000	214000.00	165500.00	157	157	2026-04-16 16:18:07.069522+09	2026-04-16 16:18:07.069522+09	2026-04-17 11:46:50.051974+09	t	157	\N	\N
58	376cee11-f8c6-41a0-bea9-ea41309eaa6e	158	PLN000058	2026-04-16	NORMAL	CONFIRMED	2026-04-19 02:18:07.069522+09	2026-04-19 08:18:07.069522+09	68.000	118	WING	5.00	390.000	30.000	9.000	216000.00	167000.00	158	158	2026-04-16 16:18:07.069522+09	2026-04-16 16:18:07.069522+09	2026-04-17 11:46:50.051974+09	t	158	\N	\N
59	73319540-d550-454c-a1f4-90bec07016c3	159	PLN000059	2026-04-16	NORMAL	CONFIRMED	2026-04-19 03:18:07.069522+09	2026-04-19 09:18:07.069522+09	69.000	119	CARGO	2.50	395.000	30.500	10.000	218000.00	168500.00	159	159	2026-04-16 16:18:07.069522+09	2026-04-16 16:18:07.069522+09	2026-04-17 11:46:50.051974+09	t	159	\N	\N
60	f3d55084-8e59-4df5-a874-607dac32a106	160	PLN000060	2026-04-16	NORMAL	CONFIRMED	2026-04-19 04:18:07.069522+09	2026-04-19 10:18:07.069522+09	70.000	120	WING	5.00	400.000	31.000	1.000	220000.00	170000.00	160	160	2026-04-16 16:18:07.069522+09	2026-04-16 16:18:07.069522+09	2026-04-17 11:46:50.051974+09	t	160	\N	\N
61	4b47b7f5-779f-4ac9-ba09-59afd6c3da68	161	PLN000061	2026-04-16	NORMAL	CONFIRMED	2026-04-19 05:18:07.069522+09	2026-04-19 11:18:07.069522+09	71.000	121	CARGO	2.50	405.000	31.500	2.000	222000.00	171500.00	161	161	2026-04-16 16:18:07.069522+09	2026-04-16 16:18:07.069522+09	2026-04-17 11:46:50.051974+09	t	161	\N	\N
62	fc37ae99-e3b3-43a7-8126-4cc0294d082c	162	PLN000062	2026-04-16	NORMAL	CONFIRMED	2026-04-19 06:18:07.069522+09	2026-04-19 12:18:07.069522+09	72.000	122	WING	5.00	410.000	32.000	3.000	224000.00	173000.00	162	162	2026-04-16 16:18:07.069522+09	2026-04-16 16:18:07.069522+09	2026-04-17 11:46:50.051974+09	t	162	\N	\N
63	7a14a425-27c5-4cae-9c83-b0647a4d786b	163	PLN000063	2026-04-16	NORMAL	CONFIRMED	2026-04-19 07:18:07.069522+09	2026-04-19 13:18:07.069522+09	73.000	123	CARGO	2.50	415.000	32.500	4.000	226000.00	174500.00	163	163	2026-04-16 16:18:07.069522+09	2026-04-16 16:18:07.069522+09	2026-04-17 11:46:50.051974+09	t	163	\N	\N
64	08b8e8bf-5012-4359-9242-05554b9e775b	164	PLN000064	2026-04-16	NORMAL	CONFIRMED	2026-04-19 08:18:07.069522+09	2026-04-19 14:18:07.069522+09	74.000	124	WING	5.00	420.000	33.000	5.000	228000.00	176000.00	164	164	2026-04-16 16:18:07.069522+09	2026-04-16 16:18:07.069522+09	2026-04-17 11:46:50.051974+09	t	164	\N	\N
65	6d3e9fa2-1e23-432e-844b-f54027901855	165	PLN000065	2026-04-16	NORMAL	CONFIRMED	2026-04-19 09:18:07.069522+09	2026-04-19 15:18:07.069522+09	75.000	125	CARGO	2.50	425.000	33.500	6.000	230000.00	177500.00	165	165	2026-04-16 16:18:07.069522+09	2026-04-16 16:18:07.069522+09	2026-04-17 11:46:50.051974+09	t	165	\N	\N
66	57d6f038-2130-4eab-98a0-abbc3e51ec38	166	PLN000066	2026-04-16	NORMAL	CONFIRMED	2026-04-19 10:18:07.069522+09	2026-04-19 16:18:07.069522+09	76.000	126	WING	5.00	430.000	34.000	7.000	232000.00	179000.00	166	166	2026-04-16 16:18:07.069522+09	2026-04-16 16:18:07.069522+09	2026-04-17 11:46:50.051974+09	t	166	\N	\N
67	8c623d3c-80d9-4e61-afa3-57f480393816	167	PLN000067	2026-04-16	NORMAL	CONFIRMED	2026-04-19 11:18:07.069522+09	2026-04-19 17:18:07.069522+09	77.000	127	CARGO	2.50	435.000	34.500	8.000	234000.00	180500.00	167	167	2026-04-16 16:18:07.069522+09	2026-04-16 16:18:07.069522+09	2026-04-17 11:46:50.051974+09	t	167	\N	\N
68	90c71364-ece9-4e88-af62-dfd0872f5d6b	168	PLN000068	2026-04-16	NORMAL	CONFIRMED	2026-04-19 12:18:07.069522+09	2026-04-19 18:18:07.069522+09	78.000	128	WING	5.00	440.000	35.000	9.000	236000.00	182000.00	168	168	2026-04-16 16:18:07.069522+09	2026-04-16 16:18:07.069522+09	2026-04-17 11:46:50.051974+09	t	168	\N	\N
69	c9bb6eee-faf1-4030-b9eb-14d903acda2e	169	PLN000069	2026-04-16	NORMAL	CONFIRMED	2026-04-19 13:18:07.069522+09	2026-04-19 19:18:07.069522+09	79.000	129	CARGO	2.50	445.000	35.500	10.000	238000.00	183500.00	169	169	2026-04-16 16:18:07.069522+09	2026-04-16 16:18:07.069522+09	2026-04-17 11:46:50.051974+09	t	169	\N	\N
70	089ccfc6-1ba4-44d6-98b9-1a12750d768c	170	PLN000070	2026-04-16	NORMAL	CONFIRMED	2026-04-19 14:18:07.069522+09	2026-04-19 20:18:07.069522+09	80.000	130	WING	5.00	450.000	36.000	1.000	240000.00	185000.00	170	170	2026-04-16 16:18:07.069522+09	2026-04-16 16:18:07.069522+09	2026-04-17 11:46:50.051974+09	t	170	\N	\N
71	c79f3674-b2a0-4f64-b8d5-c344eabb14f9	171	PLN000071	2026-04-16	NORMAL	CONFIRMED	2026-04-19 15:18:07.069522+09	2026-04-19 21:18:07.069522+09	81.000	131	CARGO	2.50	455.000	36.500	2.000	242000.00	186500.00	171	171	2026-04-16 16:18:07.069522+09	2026-04-16 16:18:07.069522+09	2026-04-17 11:46:50.051974+09	t	171	\N	\N
72	813f52d9-0ee7-4100-a5d2-f3d6b9aeef5e	172	PLN000072	2026-04-16	NORMAL	CONFIRMED	2026-04-19 16:18:07.069522+09	2026-04-19 22:18:07.069522+09	82.000	132	WING	5.00	460.000	37.000	3.000	244000.00	188000.00	172	172	2026-04-16 16:18:07.069522+09	2026-04-16 16:18:07.069522+09	2026-04-17 11:46:50.051974+09	t	172	\N	\N
73	aef5e1e6-6164-4d49-9381-bbb8d1a1a774	173	PLN000073	2026-04-16	NORMAL	CONFIRMED	2026-04-19 17:18:07.069522+09	2026-04-19 23:18:07.069522+09	83.000	133	CARGO	2.50	465.000	37.500	4.000	246000.00	189500.00	173	173	2026-04-16 16:18:07.069522+09	2026-04-16 16:18:07.069522+09	2026-04-17 11:46:50.051974+09	t	173	\N	\N
74	c7a08ae6-2806-4c08-80a3-1d0d091b25fe	174	PLN000074	2026-04-16	NORMAL	CONFIRMED	2026-04-19 18:18:07.069522+09	2026-04-20 00:18:07.069522+09	84.000	134	WING	5.00	470.000	38.000	5.000	248000.00	191000.00	174	174	2026-04-16 16:18:07.069522+09	2026-04-16 16:18:07.069522+09	2026-04-17 11:46:50.051974+09	t	174	\N	\N
75	1b0e9676-1869-4204-8bf5-4041a3af13f9	175	PLN000075	2026-04-16	NORMAL	CONFIRMED	2026-04-19 19:18:07.069522+09	2026-04-20 01:18:07.069522+09	85.000	135	CARGO	2.50	475.000	38.500	6.000	250000.00	192500.00	175	175	2026-04-16 16:18:07.069522+09	2026-04-16 16:18:07.069522+09	2026-04-17 11:46:50.051974+09	t	175	\N	\N
76	eadfa6f5-0615-48b8-8b78-9a44ffe80058	176	PLN000076	2026-04-16	NORMAL	CONFIRMED	2026-04-19 20:18:07.069522+09	2026-04-20 02:18:07.069522+09	86.000	136	WING	5.00	480.000	39.000	7.000	252000.00	194000.00	176	176	2026-04-16 16:18:07.069522+09	2026-04-16 16:18:07.069522+09	2026-04-17 11:46:50.051974+09	t	176	\N	\N
77	e6e75d1d-8501-4f6a-ba9c-af566f7d3f8f	177	PLN000077	2026-04-16	NORMAL	CONFIRMED	2026-04-19 21:18:07.069522+09	2026-04-20 03:18:07.069522+09	87.000	137	CARGO	2.50	485.000	39.500	8.000	254000.00	195500.00	177	177	2026-04-16 16:18:07.069522+09	2026-04-16 16:18:07.069522+09	2026-04-17 11:46:50.051974+09	t	177	\N	\N
78	b27863a2-e14c-4dbd-b1df-81b25fa32a75	178	PLN000078	2026-04-16	NORMAL	CONFIRMED	2026-04-19 22:18:07.069522+09	2026-04-20 04:18:07.069522+09	88.000	138	WING	5.00	490.000	40.000	9.000	256000.00	197000.00	178	178	2026-04-16 16:18:07.069522+09	2026-04-16 16:18:07.069522+09	2026-04-17 11:46:50.051974+09	t	178	\N	\N
79	a5e8b3b3-8134-4702-9358-6535c6fad989	179	PLN000079	2026-04-16	NORMAL	CONFIRMED	2026-04-19 23:18:07.069522+09	2026-04-20 05:18:07.069522+09	89.000	139	CARGO	2.50	495.000	40.500	10.000	258000.00	198500.00	179	179	2026-04-16 16:18:07.069522+09	2026-04-16 16:18:07.069522+09	2026-04-17 11:46:50.051974+09	t	179	\N	\N
80	f36b6166-e016-4927-80d9-2329279ebf2c	180	PLN000080	2026-04-16	NORMAL	CONFIRMED	2026-04-20 00:18:07.069522+09	2026-04-20 06:18:07.069522+09	90.000	140	WING	5.00	500.000	41.000	1.000	260000.00	200000.00	180	180	2026-04-16 16:18:07.069522+09	2026-04-16 16:18:07.069522+09	2026-04-17 11:46:50.051974+09	t	180	\N	\N
81	d3d9c539-7aa9-42ed-9f6f-9cb0b305ffe7	181	PLN000081	2026-04-16	NORMAL	CONFIRMED	2026-04-20 01:18:07.069522+09	2026-04-20 07:18:07.069522+09	91.000	141	CARGO	2.50	505.000	41.500	2.000	262000.00	201500.00	181	181	2026-04-16 16:18:07.069522+09	2026-04-16 16:18:07.069522+09	2026-04-17 11:46:50.051974+09	t	181	\N	\N
82	4cbcb26b-5c84-4a11-87e8-6bde4634a8e8	182	PLN000082	2026-04-16	NORMAL	CONFIRMED	2026-04-20 02:18:07.069522+09	2026-04-20 08:18:07.069522+09	92.000	142	WING	5.00	510.000	42.000	3.000	264000.00	203000.00	182	182	2026-04-16 16:18:07.069522+09	2026-04-16 16:18:07.069522+09	2026-04-17 11:46:50.051974+09	t	182	\N	\N
83	aefec0b9-e153-45f4-b40f-6ecdaa0211a6	183	PLN000083	2026-04-16	NORMAL	CONFIRMED	2026-04-20 03:18:07.069522+09	2026-04-20 09:18:07.069522+09	93.000	143	CARGO	2.50	515.000	42.500	4.000	266000.00	204500.00	183	183	2026-04-16 16:18:07.069522+09	2026-04-16 16:18:07.069522+09	2026-04-17 11:46:50.051974+09	t	183	\N	\N
84	fe4531f3-3be3-49da-9cdf-a6ebe0e6fd4b	184	PLN000084	2026-04-16	NORMAL	CONFIRMED	2026-04-20 04:18:07.069522+09	2026-04-20 10:18:07.069522+09	94.000	144	WING	5.00	520.000	43.000	5.000	268000.00	206000.00	184	184	2026-04-16 16:18:07.069522+09	2026-04-16 16:18:07.069522+09	2026-04-17 11:46:50.051974+09	t	184	\N	\N
85	acb76a2d-c98e-446b-bb8a-6feaf83ba96e	185	PLN000085	2026-04-16	NORMAL	CONFIRMED	2026-04-20 05:18:07.069522+09	2026-04-20 11:18:07.069522+09	95.000	145	CARGO	2.50	525.000	43.500	6.000	270000.00	207500.00	185	185	2026-04-16 16:18:07.069522+09	2026-04-16 16:18:07.069522+09	2026-04-17 11:46:50.051974+09	t	185	\N	\N
86	c2a09403-6f70-461c-bfa1-30a48555a88c	186	PLN000086	2026-04-16	NORMAL	CONFIRMED	2026-04-20 06:18:07.069522+09	2026-04-20 12:18:07.069522+09	96.000	146	WING	5.00	530.000	44.000	7.000	272000.00	209000.00	186	186	2026-04-16 16:18:07.069522+09	2026-04-16 16:18:07.069522+09	2026-04-17 11:46:50.051974+09	t	186	\N	\N
87	b5a3b02e-d2a9-4e77-a2d3-f427d61b49ce	187	PLN000087	2026-04-16	NORMAL	CONFIRMED	2026-04-20 07:18:07.069522+09	2026-04-20 13:18:07.069522+09	97.000	147	CARGO	2.50	535.000	44.500	8.000	274000.00	210500.00	187	187	2026-04-16 16:18:07.069522+09	2026-04-16 16:18:07.069522+09	2026-04-17 11:46:50.051974+09	t	187	\N	\N
88	afce8217-3a1b-4a86-b575-d33e19c8dc2a	188	PLN000088	2026-04-16	NORMAL	CONFIRMED	2026-04-20 08:18:07.069522+09	2026-04-20 14:18:07.069522+09	98.000	148	WING	5.00	540.000	45.000	9.000	276000.00	212000.00	188	188	2026-04-16 16:18:07.069522+09	2026-04-16 16:18:07.069522+09	2026-04-17 11:46:50.051974+09	t	188	\N	\N
89	b65899d4-ca4e-47c2-a152-4d3c290c880f	189	PLN000089	2026-04-16	NORMAL	CONFIRMED	2026-04-20 09:18:07.069522+09	2026-04-20 15:18:07.069522+09	99.000	149	CARGO	2.50	545.000	45.500	10.000	278000.00	213500.00	189	189	2026-04-16 16:18:07.069522+09	2026-04-16 16:18:07.069522+09	2026-04-17 11:46:50.051974+09	t	189	\N	\N
90	6e6ed893-771d-4d40-9e01-e35c5c7e61e9	190	PLN000090	2026-04-16	NORMAL	CONFIRMED	2026-04-20 10:18:07.069522+09	2026-04-20 16:18:07.069522+09	100.000	150	WING	5.00	550.000	46.000	1.000	280000.00	215000.00	190	190	2026-04-16 16:18:07.069522+09	2026-04-16 16:18:07.069522+09	2026-04-17 11:46:50.051974+09	t	190	\N	\N
91	e61ca525-d40e-416a-bad5-fefce9833bf0	191	PLN000091	2026-04-16	NORMAL	CONFIRMED	2026-04-20 11:18:07.069522+09	2026-04-20 17:18:07.069522+09	101.000	151	CARGO	2.50	555.000	46.500	2.000	282000.00	216500.00	191	191	2026-04-16 16:18:07.069522+09	2026-04-16 16:18:07.069522+09	2026-04-17 11:46:50.051974+09	t	191	\N	\N
92	cff64db5-bb6a-47c3-8bb2-35287b028650	192	PLN000092	2026-04-16	NORMAL	CONFIRMED	2026-04-20 12:18:07.069522+09	2026-04-20 18:18:07.069522+09	102.000	152	WING	5.00	560.000	47.000	3.000	284000.00	218000.00	192	192	2026-04-16 16:18:07.069522+09	2026-04-16 16:18:07.069522+09	2026-04-17 11:46:50.051974+09	t	192	\N	\N
93	cd84168d-2f1f-401f-81be-22fcf5971b41	193	PLN000093	2026-04-16	NORMAL	CONFIRMED	2026-04-20 13:18:07.069522+09	2026-04-20 19:18:07.069522+09	103.000	153	CARGO	2.50	565.000	47.500	4.000	286000.00	219500.00	193	193	2026-04-16 16:18:07.069522+09	2026-04-16 16:18:07.069522+09	2026-04-17 11:46:50.051974+09	t	193	\N	\N
94	299afb72-18ff-4465-9790-1274777a2ad9	194	PLN000094	2026-04-16	NORMAL	CONFIRMED	2026-04-20 14:18:07.069522+09	2026-04-20 20:18:07.069522+09	104.000	154	WING	5.00	570.000	48.000	5.000	288000.00	221000.00	194	194	2026-04-16 16:18:07.069522+09	2026-04-16 16:18:07.069522+09	2026-04-17 11:46:50.051974+09	t	194	\N	\N
95	84e80b69-b684-4dc0-9c9d-6837413fe7ff	195	PLN000095	2026-04-16	NORMAL	CONFIRMED	2026-04-20 15:18:07.069522+09	2026-04-20 21:18:07.069522+09	105.000	155	CARGO	2.50	575.000	48.500	6.000	290000.00	222500.00	195	195	2026-04-16 16:18:07.069522+09	2026-04-16 16:18:07.069522+09	2026-04-17 11:46:50.051974+09	t	195	\N	\N
96	a290e135-6d0c-4c90-bbf7-44328c15e745	196	PLN000096	2026-04-16	NORMAL	CONFIRMED	2026-04-20 16:18:07.069522+09	2026-04-20 22:18:07.069522+09	106.000	156	WING	5.00	580.000	49.000	7.000	292000.00	224000.00	196	196	2026-04-16 16:18:07.069522+09	2026-04-16 16:18:07.069522+09	2026-04-17 11:46:50.051974+09	t	196	\N	\N
97	3e9284c2-c79c-4c8d-8482-0bcad6aedbf0	197	PLN000097	2026-04-16	NORMAL	CONFIRMED	2026-04-20 17:18:07.069522+09	2026-04-20 23:18:07.069522+09	107.000	157	CARGO	2.50	585.000	49.500	8.000	294000.00	225500.00	197	197	2026-04-16 16:18:07.069522+09	2026-04-16 16:18:07.069522+09	2026-04-17 11:46:50.051974+09	t	197	\N	\N
98	22859ffe-a04a-459f-8326-0f40ee495642	198	PLN000098	2026-04-16	NORMAL	CONFIRMED	2026-04-20 18:18:07.069522+09	2026-04-21 00:18:07.069522+09	108.000	158	WING	5.00	590.000	50.000	9.000	296000.00	227000.00	198	198	2026-04-16 16:18:07.069522+09	2026-04-16 16:18:07.069522+09	2026-04-17 11:46:50.051974+09	t	198	\N	\N
99	760c0bef-aa46-4f36-8de7-dcfb08e808ac	199	PLN000099	2026-04-16	NORMAL	CONFIRMED	2026-04-20 19:18:07.069522+09	2026-04-21 01:18:07.069522+09	109.000	159	CARGO	2.50	595.000	50.500	10.000	298000.00	228500.00	199	199	2026-04-16 16:18:07.069522+09	2026-04-16 16:18:07.069522+09	2026-04-17 11:46:50.051974+09	t	199	\N	\N
100	64e5c01b-00ac-47ec-879b-f79754ff0f34	200	PLN000100	2026-04-16	NORMAL	CONFIRMED	2026-04-20 20:18:07.069522+09	2026-04-21 02:18:07.069522+09	110.000	160	WING	5.00	600.000	51.000	1.000	300000.00	230000.00	200	200	2026-04-16 16:18:07.069522+09	2026-04-16 16:18:07.069522+09	2026-04-17 11:46:50.051974+09	t	200	\N	\N
\.


--
-- Data for Name: alembic_version; Type: TABLE DATA; Schema: public; Owner: -
--

COPY public.alembic_version (version_num) FROM stdin;
20260429_0100
\.


--
-- Data for Name: settlement_adjustments; Type: TABLE DATA; Schema: stl; Owner: -
--

COPY stl.settlement_adjustments (settlement_adjustment_id, settlement_adjustment_uid, tenant_id, settlement_id, adjustment_no, adjustment_type, requested_amount, approved_amount, reason_code, reason_text, status_code, requested_by, requested_at, approved_by, approved_at, is_active, created_at, created_by, updated_at, updated_by, deleted_at, deleted_by) FROM stdin;
6	4f61eca8-2036-4239-8d86-80e7a7acda92	106	6	ADJ000006	ADD	600.00	600.00	TEST	Test settlement adjustment 6	APPROVED	106	2026-04-16 16:18:07.069522+09	106	2026-04-16 16:18:07.069522+09	t	2026-04-17 11:41:57.024596+09	106	2026-04-17 11:46:50.051974+09	106	\N	\N
7	d565bd7c-be18-495d-a759-0b7fee16b888	107	7	ADJ000007	DEDUCT	700.00	700.00	TEST	Test settlement adjustment 7	APPROVED	107	2026-04-16 16:18:07.069522+09	107	2026-04-16 16:18:07.069522+09	t	2026-04-17 11:41:57.024596+09	107	2026-04-17 11:46:50.051974+09	107	\N	\N
8	8e4d65ca-749e-4a60-b7cd-2d9c3ee3e00b	108	8	ADJ000008	ADD	800.00	800.00	TEST	Test settlement adjustment 8	APPROVED	108	2026-04-16 16:18:07.069522+09	108	2026-04-16 16:18:07.069522+09	t	2026-04-17 11:41:57.024596+09	108	2026-04-17 11:46:50.051974+09	108	\N	\N
9	f316d96b-df94-496e-8ec8-8956cdf121e5	109	9	ADJ000009	DEDUCT	900.00	900.00	TEST	Test settlement adjustment 9	APPROVED	109	2026-04-16 16:18:07.069522+09	109	2026-04-16 16:18:07.069522+09	t	2026-04-17 11:41:57.024596+09	109	2026-04-17 11:46:50.051974+09	109	\N	\N
10	7a11b72c-e2bd-4162-b033-d0f412717dd8	110	10	ADJ000010	ADD	1000.00	1000.00	TEST	Test settlement adjustment 10	APPROVED	110	2026-04-16 16:18:07.069522+09	110	2026-04-16 16:18:07.069522+09	t	2026-04-17 11:41:57.024596+09	110	2026-04-17 11:46:50.051974+09	110	\N	\N
11	146451f2-acd4-4f37-af52-056b59c97757	111	11	ADJ000011	DEDUCT	1100.00	1100.00	TEST	Test settlement adjustment 11	APPROVED	111	2026-04-16 16:18:07.069522+09	111	2026-04-16 16:18:07.069522+09	t	2026-04-17 11:41:57.024596+09	111	2026-04-17 11:46:50.051974+09	111	\N	\N
12	fc393d76-9c35-43ea-8f88-ef815d6c50eb	112	12	ADJ000012	ADD	1200.00	1200.00	TEST	Test settlement adjustment 12	APPROVED	112	2026-04-16 16:18:07.069522+09	112	2026-04-16 16:18:07.069522+09	t	2026-04-17 11:41:57.024596+09	112	2026-04-17 11:46:50.051974+09	112	\N	\N
13	89bb55b0-fc3e-4e3c-b4a9-d2ef4d4bc7ed	113	13	ADJ000013	DEDUCT	1300.00	1300.00	TEST	Test settlement adjustment 13	APPROVED	113	2026-04-16 16:18:07.069522+09	113	2026-04-16 16:18:07.069522+09	t	2026-04-17 11:41:57.024596+09	113	2026-04-17 11:46:50.051974+09	113	\N	\N
14	601197b6-8ae1-4dff-b603-db095cdb38a8	114	14	ADJ000014	ADD	1400.00	1400.00	TEST	Test settlement adjustment 14	APPROVED	114	2026-04-16 16:18:07.069522+09	114	2026-04-16 16:18:07.069522+09	t	2026-04-17 11:41:57.024596+09	114	2026-04-17 11:46:50.051974+09	114	\N	\N
15	dff18ab5-6aa4-4311-a690-368bea4afa51	115	15	ADJ000015	DEDUCT	1500.00	1500.00	TEST	Test settlement adjustment 15	APPROVED	115	2026-04-16 16:18:07.069522+09	115	2026-04-16 16:18:07.069522+09	t	2026-04-17 11:41:57.024596+09	115	2026-04-17 11:46:50.051974+09	115	\N	\N
16	f48e8d05-239c-40f2-b853-e74b10f69ea7	116	16	ADJ000016	ADD	1600.00	1600.00	TEST	Test settlement adjustment 16	APPROVED	116	2026-04-16 16:18:07.069522+09	116	2026-04-16 16:18:07.069522+09	t	2026-04-17 11:41:57.024596+09	116	2026-04-17 11:46:50.051974+09	116	\N	\N
17	81f0733a-91e9-43a0-8e5d-4f994f647413	117	17	ADJ000017	DEDUCT	1700.00	1700.00	TEST	Test settlement adjustment 17	APPROVED	117	2026-04-16 16:18:07.069522+09	117	2026-04-16 16:18:07.069522+09	t	2026-04-17 11:41:57.024596+09	117	2026-04-17 11:46:50.051974+09	117	\N	\N
18	b90e77a6-87f4-4b6e-8474-1ba3c5fc78e4	118	18	ADJ000018	ADD	1800.00	1800.00	TEST	Test settlement adjustment 18	APPROVED	118	2026-04-16 16:18:07.069522+09	118	2026-04-16 16:18:07.069522+09	t	2026-04-17 11:41:57.024596+09	118	2026-04-17 11:46:50.051974+09	118	\N	\N
19	bb8122db-1b8f-493f-88e3-c202dd84f982	119	19	ADJ000019	DEDUCT	1900.00	1900.00	TEST	Test settlement adjustment 19	APPROVED	119	2026-04-16 16:18:07.069522+09	119	2026-04-16 16:18:07.069522+09	t	2026-04-17 11:41:57.024596+09	119	2026-04-17 11:46:50.051974+09	119	\N	\N
20	b5778a41-9051-422a-ac72-a753df9e7c03	120	20	ADJ000020	ADD	2000.00	2000.00	TEST	Test settlement adjustment 20	APPROVED	120	2026-04-16 16:18:07.069522+09	120	2026-04-16 16:18:07.069522+09	t	2026-04-17 11:41:57.024596+09	120	2026-04-17 11:46:50.051974+09	120	\N	\N
21	88fe4451-30cc-477e-a9ad-9c52e1df34dd	121	21	ADJ000021	DEDUCT	2100.00	2100.00	TEST	Test settlement adjustment 21	APPROVED	121	2026-04-16 16:18:07.069522+09	121	2026-04-16 16:18:07.069522+09	t	2026-04-17 11:41:57.024596+09	121	2026-04-17 11:46:50.051974+09	121	\N	\N
22	d2aeb5cc-7a99-426a-b870-36aa2b073b66	122	22	ADJ000022	ADD	2200.00	2200.00	TEST	Test settlement adjustment 22	APPROVED	122	2026-04-16 16:18:07.069522+09	122	2026-04-16 16:18:07.069522+09	t	2026-04-17 11:41:57.024596+09	122	2026-04-17 11:46:50.051974+09	122	\N	\N
23	1e06aa92-0b02-4d69-aaea-a58410d7c64e	123	23	ADJ000023	DEDUCT	2300.00	2300.00	TEST	Test settlement adjustment 23	APPROVED	123	2026-04-16 16:18:07.069522+09	123	2026-04-16 16:18:07.069522+09	t	2026-04-17 11:41:57.024596+09	123	2026-04-17 11:46:50.051974+09	123	\N	\N
24	266aa555-28d9-4e2a-94bc-66d5b7aef045	124	24	ADJ000024	ADD	2400.00	2400.00	TEST	Test settlement adjustment 24	APPROVED	124	2026-04-16 16:18:07.069522+09	124	2026-04-16 16:18:07.069522+09	t	2026-04-17 11:41:57.024596+09	124	2026-04-17 11:46:50.051974+09	124	\N	\N
25	2deb86c6-f756-437a-9f6a-48ddff720cf5	125	25	ADJ000025	DEDUCT	2500.00	2500.00	TEST	Test settlement adjustment 25	APPROVED	125	2026-04-16 16:18:07.069522+09	125	2026-04-16 16:18:07.069522+09	t	2026-04-17 11:41:57.024596+09	125	2026-04-17 11:46:50.051974+09	125	\N	\N
26	d5fea4d5-b3fd-4978-bc7a-3b45cd6918df	126	26	ADJ000026	ADD	2600.00	2600.00	TEST	Test settlement adjustment 26	APPROVED	126	2026-04-16 16:18:07.069522+09	126	2026-04-16 16:18:07.069522+09	t	2026-04-17 11:41:57.024596+09	126	2026-04-17 11:46:50.051974+09	126	\N	\N
27	12609be9-54d0-4078-b71e-df0c8217477a	127	27	ADJ000027	DEDUCT	2700.00	2700.00	TEST	Test settlement adjustment 27	APPROVED	127	2026-04-16 16:18:07.069522+09	127	2026-04-16 16:18:07.069522+09	t	2026-04-17 11:41:57.024596+09	127	2026-04-17 11:46:50.051974+09	127	\N	\N
28	6f1c3898-b46f-4170-98fd-63a3f7fb792f	128	28	ADJ000028	ADD	2800.00	2800.00	TEST	Test settlement adjustment 28	APPROVED	128	2026-04-16 16:18:07.069522+09	128	2026-04-16 16:18:07.069522+09	t	2026-04-17 11:41:57.024596+09	128	2026-04-17 11:46:50.051974+09	128	\N	\N
29	2a5476d8-4f10-4ba2-9bef-bf602574d8a2	129	29	ADJ000029	DEDUCT	2900.00	2900.00	TEST	Test settlement adjustment 29	APPROVED	129	2026-04-16 16:18:07.069522+09	129	2026-04-16 16:18:07.069522+09	t	2026-04-17 11:41:57.024596+09	129	2026-04-17 11:46:50.051974+09	129	\N	\N
30	c6fc29d1-6880-4ab5-9923-08517a7cc5e3	130	30	ADJ000030	ADD	3000.00	3000.00	TEST	Test settlement adjustment 30	APPROVED	130	2026-04-16 16:18:07.069522+09	130	2026-04-16 16:18:07.069522+09	t	2026-04-17 11:41:57.024596+09	130	2026-04-17 11:46:50.051974+09	130	\N	\N
31	72e964cd-070a-4c0c-bc4b-b7b9a046d517	131	31	ADJ000031	DEDUCT	3100.00	3100.00	TEST	Test settlement adjustment 31	APPROVED	131	2026-04-16 16:18:07.069522+09	131	2026-04-16 16:18:07.069522+09	t	2026-04-17 11:41:57.024596+09	131	2026-04-17 11:46:50.051974+09	131	\N	\N
32	b24d9022-2474-4050-9282-43f89036ca65	132	32	ADJ000032	ADD	3200.00	3200.00	TEST	Test settlement adjustment 32	APPROVED	132	2026-04-16 16:18:07.069522+09	132	2026-04-16 16:18:07.069522+09	t	2026-04-17 11:41:57.024596+09	132	2026-04-17 11:46:50.051974+09	132	\N	\N
33	8d778095-1595-402c-b1bb-83b32b0de4e2	133	33	ADJ000033	DEDUCT	3300.00	3300.00	TEST	Test settlement adjustment 33	APPROVED	133	2026-04-16 16:18:07.069522+09	133	2026-04-16 16:18:07.069522+09	t	2026-04-17 11:41:57.024596+09	133	2026-04-17 11:46:50.051974+09	133	\N	\N
34	ae2438af-9137-4a7a-8fbd-4993b3fb19c9	134	34	ADJ000034	ADD	3400.00	3400.00	TEST	Test settlement adjustment 34	APPROVED	134	2026-04-16 16:18:07.069522+09	134	2026-04-16 16:18:07.069522+09	t	2026-04-17 11:41:57.024596+09	134	2026-04-17 11:46:50.051974+09	134	\N	\N
35	f84e7bdd-c7f3-4867-a490-41b44f4ff1eb	135	35	ADJ000035	DEDUCT	3500.00	3500.00	TEST	Test settlement adjustment 35	APPROVED	135	2026-04-16 16:18:07.069522+09	135	2026-04-16 16:18:07.069522+09	t	2026-04-17 11:41:57.024596+09	135	2026-04-17 11:46:50.051974+09	135	\N	\N
36	39aab9ff-adb7-4bf6-9c88-7ad460cd0343	136	36	ADJ000036	ADD	3600.00	3600.00	TEST	Test settlement adjustment 36	APPROVED	136	2026-04-16 16:18:07.069522+09	136	2026-04-16 16:18:07.069522+09	t	2026-04-17 11:41:57.024596+09	136	2026-04-17 11:46:50.051974+09	136	\N	\N
37	a3863696-eecd-495d-ae2c-fd25be9d8e03	137	37	ADJ000037	DEDUCT	3700.00	3700.00	TEST	Test settlement adjustment 37	APPROVED	137	2026-04-16 16:18:07.069522+09	137	2026-04-16 16:18:07.069522+09	t	2026-04-17 11:41:57.024596+09	137	2026-04-17 11:46:50.051974+09	137	\N	\N
38	fb858f25-380f-49c4-bf64-f5654c503148	138	38	ADJ000038	ADD	3800.00	3800.00	TEST	Test settlement adjustment 38	APPROVED	138	2026-04-16 16:18:07.069522+09	138	2026-04-16 16:18:07.069522+09	t	2026-04-17 11:41:57.024596+09	138	2026-04-17 11:46:50.051974+09	138	\N	\N
39	b655cd6e-98d3-4f96-a353-58e45bde1f50	139	39	ADJ000039	DEDUCT	3900.00	3900.00	TEST	Test settlement adjustment 39	APPROVED	139	2026-04-16 16:18:07.069522+09	139	2026-04-16 16:18:07.069522+09	t	2026-04-17 11:41:57.024596+09	139	2026-04-17 11:46:50.051974+09	139	\N	\N
40	c366aa8e-3f71-49b6-a644-a35e7c0b0688	140	40	ADJ000040	ADD	4000.00	4000.00	TEST	Test settlement adjustment 40	APPROVED	140	2026-04-16 16:18:07.069522+09	140	2026-04-16 16:18:07.069522+09	t	2026-04-17 11:41:57.024596+09	140	2026-04-17 11:46:50.051974+09	140	\N	\N
41	fa34cda1-c12e-4226-b1c2-e21245b9b9a6	141	41	ADJ000041	DEDUCT	4100.00	4100.00	TEST	Test settlement adjustment 41	APPROVED	141	2026-04-16 16:18:07.069522+09	141	2026-04-16 16:18:07.069522+09	t	2026-04-17 11:41:57.024596+09	141	2026-04-17 11:46:50.051974+09	141	\N	\N
42	93b2adca-e40d-40be-ab0f-e0712de314b3	142	42	ADJ000042	ADD	4200.00	4200.00	TEST	Test settlement adjustment 42	APPROVED	142	2026-04-16 16:18:07.069522+09	142	2026-04-16 16:18:07.069522+09	t	2026-04-17 11:41:57.024596+09	142	2026-04-17 11:46:50.051974+09	142	\N	\N
43	6832bf8a-cc13-46f5-9ef2-75ffaa5bb27b	143	43	ADJ000043	DEDUCT	4300.00	4300.00	TEST	Test settlement adjustment 43	APPROVED	143	2026-04-16 16:18:07.069522+09	143	2026-04-16 16:18:07.069522+09	t	2026-04-17 11:41:57.024596+09	143	2026-04-17 11:46:50.051974+09	143	\N	\N
44	812a51b3-436a-4f26-ba1e-598c704dd1bd	144	44	ADJ000044	ADD	4400.00	4400.00	TEST	Test settlement adjustment 44	APPROVED	144	2026-04-16 16:18:07.069522+09	144	2026-04-16 16:18:07.069522+09	t	2026-04-17 11:41:57.024596+09	144	2026-04-17 11:46:50.051974+09	144	\N	\N
45	eaa4f44a-f917-47e4-bf13-80eb36d93173	145	45	ADJ000045	DEDUCT	4500.00	4500.00	TEST	Test settlement adjustment 45	APPROVED	145	2026-04-16 16:18:07.069522+09	145	2026-04-16 16:18:07.069522+09	t	2026-04-17 11:41:57.024596+09	145	2026-04-17 11:46:50.051974+09	145	\N	\N
46	5740df99-aa15-451e-83d3-1486ec69e921	146	46	ADJ000046	ADD	4600.00	4600.00	TEST	Test settlement adjustment 46	APPROVED	146	2026-04-16 16:18:07.069522+09	146	2026-04-16 16:18:07.069522+09	t	2026-04-17 11:41:57.024596+09	146	2026-04-17 11:46:50.051974+09	146	\N	\N
47	18bd6028-1787-4d64-b9fa-c955e5884433	147	47	ADJ000047	DEDUCT	4700.00	4700.00	TEST	Test settlement adjustment 47	APPROVED	147	2026-04-16 16:18:07.069522+09	147	2026-04-16 16:18:07.069522+09	t	2026-04-17 11:41:57.024596+09	147	2026-04-17 11:46:50.051974+09	147	\N	\N
48	52573f57-0540-414b-8f67-190cc85c4f89	148	48	ADJ000048	ADD	4800.00	4800.00	TEST	Test settlement adjustment 48	APPROVED	148	2026-04-16 16:18:07.069522+09	148	2026-04-16 16:18:07.069522+09	t	2026-04-17 11:41:57.024596+09	148	2026-04-17 11:46:50.051974+09	148	\N	\N
49	d516f396-3701-4ac1-aa77-5bd533a98cce	149	49	ADJ000049	DEDUCT	4900.00	4900.00	TEST	Test settlement adjustment 49	APPROVED	149	2026-04-16 16:18:07.069522+09	149	2026-04-16 16:18:07.069522+09	t	2026-04-17 11:41:57.024596+09	149	2026-04-17 11:46:50.051974+09	149	\N	\N
50	98295c43-15a6-43eb-8607-9e40de8fe578	150	50	ADJ000050	ADD	5000.00	5000.00	TEST	Test settlement adjustment 50	APPROVED	150	2026-04-16 16:18:07.069522+09	150	2026-04-16 16:18:07.069522+09	t	2026-04-17 11:41:57.024596+09	150	2026-04-17 11:46:50.051974+09	150	\N	\N
51	f9887527-9399-4000-96ac-7965e0223d2d	151	51	ADJ000051	DEDUCT	5100.00	5100.00	TEST	Test settlement adjustment 51	APPROVED	151	2026-04-16 16:18:07.069522+09	151	2026-04-16 16:18:07.069522+09	t	2026-04-17 11:41:57.024596+09	151	2026-04-17 11:46:50.051974+09	151	\N	\N
52	7ade468c-6bb6-4057-8149-e5ef59c2baee	152	52	ADJ000052	ADD	5200.00	5200.00	TEST	Test settlement adjustment 52	APPROVED	152	2026-04-16 16:18:07.069522+09	152	2026-04-16 16:18:07.069522+09	t	2026-04-17 11:41:57.024596+09	152	2026-04-17 11:46:50.051974+09	152	\N	\N
53	e25289e6-4d51-4070-b7cf-7bdce3ec0127	153	53	ADJ000053	DEDUCT	5300.00	5300.00	TEST	Test settlement adjustment 53	APPROVED	153	2026-04-16 16:18:07.069522+09	153	2026-04-16 16:18:07.069522+09	t	2026-04-17 11:41:57.024596+09	153	2026-04-17 11:46:50.051974+09	153	\N	\N
54	eabf2be5-87f5-4e2d-ad30-55ba8d52c4b9	154	54	ADJ000054	ADD	5400.00	5400.00	TEST	Test settlement adjustment 54	APPROVED	154	2026-04-16 16:18:07.069522+09	154	2026-04-16 16:18:07.069522+09	t	2026-04-17 11:41:57.024596+09	154	2026-04-17 11:46:50.051974+09	154	\N	\N
55	0cd81f31-15ad-4c37-9c1e-d4afe3451208	155	55	ADJ000055	DEDUCT	5500.00	5500.00	TEST	Test settlement adjustment 55	APPROVED	155	2026-04-16 16:18:07.069522+09	155	2026-04-16 16:18:07.069522+09	t	2026-04-17 11:41:57.024596+09	155	2026-04-17 11:46:50.051974+09	155	\N	\N
56	4b711672-f8eb-437d-a656-b3136fc47c63	156	56	ADJ000056	ADD	5600.00	5600.00	TEST	Test settlement adjustment 56	APPROVED	156	2026-04-16 16:18:07.069522+09	156	2026-04-16 16:18:07.069522+09	t	2026-04-17 11:41:57.024596+09	156	2026-04-17 11:46:50.051974+09	156	\N	\N
57	f9123ca9-45df-46c2-aebe-ac031dc04d41	157	57	ADJ000057	DEDUCT	5700.00	5700.00	TEST	Test settlement adjustment 57	APPROVED	157	2026-04-16 16:18:07.069522+09	157	2026-04-16 16:18:07.069522+09	t	2026-04-17 11:41:57.024596+09	157	2026-04-17 11:46:50.051974+09	157	\N	\N
58	9eba4a63-d0ec-45b5-97fe-482aeae9eb32	158	58	ADJ000058	ADD	5800.00	5800.00	TEST	Test settlement adjustment 58	APPROVED	158	2026-04-16 16:18:07.069522+09	158	2026-04-16 16:18:07.069522+09	t	2026-04-17 11:41:57.024596+09	158	2026-04-17 11:46:50.051974+09	158	\N	\N
59	178434f1-3958-48f7-b1b0-5707fc232c8d	159	59	ADJ000059	DEDUCT	5900.00	5900.00	TEST	Test settlement adjustment 59	APPROVED	159	2026-04-16 16:18:07.069522+09	159	2026-04-16 16:18:07.069522+09	t	2026-04-17 11:41:57.024596+09	159	2026-04-17 11:46:50.051974+09	159	\N	\N
60	8f34fcbb-e53f-4730-a2ed-4edc29e92e59	160	60	ADJ000060	ADD	6000.00	6000.00	TEST	Test settlement adjustment 60	APPROVED	160	2026-04-16 16:18:07.069522+09	160	2026-04-16 16:18:07.069522+09	t	2026-04-17 11:41:57.024596+09	160	2026-04-17 11:46:50.051974+09	160	\N	\N
61	24f459dd-f346-46f6-808f-f6e948283a1b	161	61	ADJ000061	DEDUCT	6100.00	6100.00	TEST	Test settlement adjustment 61	APPROVED	161	2026-04-16 16:18:07.069522+09	161	2026-04-16 16:18:07.069522+09	t	2026-04-17 11:41:57.024596+09	161	2026-04-17 11:46:50.051974+09	161	\N	\N
62	b958848a-4aaa-4638-99ef-59b77e4407ae	162	62	ADJ000062	ADD	6200.00	6200.00	TEST	Test settlement adjustment 62	APPROVED	162	2026-04-16 16:18:07.069522+09	162	2026-04-16 16:18:07.069522+09	t	2026-04-17 11:41:57.024596+09	162	2026-04-17 11:46:50.051974+09	162	\N	\N
63	864cd550-f33a-4118-973f-48330b161cad	163	63	ADJ000063	DEDUCT	6300.00	6300.00	TEST	Test settlement adjustment 63	APPROVED	163	2026-04-16 16:18:07.069522+09	163	2026-04-16 16:18:07.069522+09	t	2026-04-17 11:41:57.024596+09	163	2026-04-17 11:46:50.051974+09	163	\N	\N
64	5f0c4347-49bb-48f6-88dd-a0c92e9fcceb	164	64	ADJ000064	ADD	6400.00	6400.00	TEST	Test settlement adjustment 64	APPROVED	164	2026-04-16 16:18:07.069522+09	164	2026-04-16 16:18:07.069522+09	t	2026-04-17 11:41:57.024596+09	164	2026-04-17 11:46:50.051974+09	164	\N	\N
65	537572f3-4fe6-453f-80fb-1386ecb1b0ca	165	65	ADJ000065	DEDUCT	6500.00	6500.00	TEST	Test settlement adjustment 65	APPROVED	165	2026-04-16 16:18:07.069522+09	165	2026-04-16 16:18:07.069522+09	t	2026-04-17 11:41:57.024596+09	165	2026-04-17 11:46:50.051974+09	165	\N	\N
66	4c5b38b7-bc36-490a-8ef9-522ff94fa807	166	66	ADJ000066	ADD	6600.00	6600.00	TEST	Test settlement adjustment 66	APPROVED	166	2026-04-16 16:18:07.069522+09	166	2026-04-16 16:18:07.069522+09	t	2026-04-17 11:41:57.024596+09	166	2026-04-17 11:46:50.051974+09	166	\N	\N
67	ee0a8076-a557-46e9-af98-14cff5541c79	167	67	ADJ000067	DEDUCT	6700.00	6700.00	TEST	Test settlement adjustment 67	APPROVED	167	2026-04-16 16:18:07.069522+09	167	2026-04-16 16:18:07.069522+09	t	2026-04-17 11:41:57.024596+09	167	2026-04-17 11:46:50.051974+09	167	\N	\N
68	41a14fc9-5265-4abf-9c51-fc40c16033ba	168	68	ADJ000068	ADD	6800.00	6800.00	TEST	Test settlement adjustment 68	APPROVED	168	2026-04-16 16:18:07.069522+09	168	2026-04-16 16:18:07.069522+09	t	2026-04-17 11:41:57.024596+09	168	2026-04-17 11:46:50.051974+09	168	\N	\N
69	023732a1-ab22-444c-93a6-e725d3843bab	169	69	ADJ000069	DEDUCT	6900.00	6900.00	TEST	Test settlement adjustment 69	APPROVED	169	2026-04-16 16:18:07.069522+09	169	2026-04-16 16:18:07.069522+09	t	2026-04-17 11:41:57.024596+09	169	2026-04-17 11:46:50.051974+09	169	\N	\N
70	886775c9-a64d-4f98-a42a-92b380cf94c3	170	70	ADJ000070	ADD	7000.00	7000.00	TEST	Test settlement adjustment 70	APPROVED	170	2026-04-16 16:18:07.069522+09	170	2026-04-16 16:18:07.069522+09	t	2026-04-17 11:41:57.024596+09	170	2026-04-17 11:46:50.051974+09	170	\N	\N
71	ce99b32e-e67b-4bce-b533-ac834fec7e6c	171	71	ADJ000071	DEDUCT	7100.00	7100.00	TEST	Test settlement adjustment 71	APPROVED	171	2026-04-16 16:18:07.069522+09	171	2026-04-16 16:18:07.069522+09	t	2026-04-17 11:41:57.024596+09	171	2026-04-17 11:46:50.051974+09	171	\N	\N
72	30f83510-242c-4800-85cd-7e1c6c5f97e1	172	72	ADJ000072	ADD	7200.00	7200.00	TEST	Test settlement adjustment 72	APPROVED	172	2026-04-16 16:18:07.069522+09	172	2026-04-16 16:18:07.069522+09	t	2026-04-17 11:41:57.024596+09	172	2026-04-17 11:46:50.051974+09	172	\N	\N
73	95349d12-e732-4e57-b129-1af65330a15c	173	73	ADJ000073	DEDUCT	7300.00	7300.00	TEST	Test settlement adjustment 73	APPROVED	173	2026-04-16 16:18:07.069522+09	173	2026-04-16 16:18:07.069522+09	t	2026-04-17 11:41:57.024596+09	173	2026-04-17 11:46:50.051974+09	173	\N	\N
74	ff32a819-3f67-4924-a7ce-a23d7c5058d2	174	74	ADJ000074	ADD	7400.00	7400.00	TEST	Test settlement adjustment 74	APPROVED	174	2026-04-16 16:18:07.069522+09	174	2026-04-16 16:18:07.069522+09	t	2026-04-17 11:41:57.024596+09	174	2026-04-17 11:46:50.051974+09	174	\N	\N
75	a3d788d4-0c47-4ec8-9f8e-494b646f1227	175	75	ADJ000075	DEDUCT	7500.00	7500.00	TEST	Test settlement adjustment 75	APPROVED	175	2026-04-16 16:18:07.069522+09	175	2026-04-16 16:18:07.069522+09	t	2026-04-17 11:41:57.024596+09	175	2026-04-17 11:46:50.051974+09	175	\N	\N
76	cef5a2c6-f427-4218-bc85-af4221c5efa5	176	76	ADJ000076	ADD	7600.00	7600.00	TEST	Test settlement adjustment 76	APPROVED	176	2026-04-16 16:18:07.069522+09	176	2026-04-16 16:18:07.069522+09	t	2026-04-17 11:41:57.024596+09	176	2026-04-17 11:46:50.051974+09	176	\N	\N
77	25810950-842b-4d77-b360-671551957224	177	77	ADJ000077	DEDUCT	7700.00	7700.00	TEST	Test settlement adjustment 77	APPROVED	177	2026-04-16 16:18:07.069522+09	177	2026-04-16 16:18:07.069522+09	t	2026-04-17 11:41:57.024596+09	177	2026-04-17 11:46:50.051974+09	177	\N	\N
78	89b39710-ddd5-4fc9-8696-b988037c9d78	178	78	ADJ000078	ADD	7800.00	7800.00	TEST	Test settlement adjustment 78	APPROVED	178	2026-04-16 16:18:07.069522+09	178	2026-04-16 16:18:07.069522+09	t	2026-04-17 11:41:57.024596+09	178	2026-04-17 11:46:50.051974+09	178	\N	\N
79	cc8b3c20-fdaf-4fe0-939c-8e9328399ed8	179	79	ADJ000079	DEDUCT	7900.00	7900.00	TEST	Test settlement adjustment 79	APPROVED	179	2026-04-16 16:18:07.069522+09	179	2026-04-16 16:18:07.069522+09	t	2026-04-17 11:41:57.024596+09	179	2026-04-17 11:46:50.051974+09	179	\N	\N
1	9db03830-96e1-4ba9-bfb2-a4cca850c1b3	101	1	ADJ000001	DEDUCT	100.00	100.00	TEST	Test settlement adjustment 1	APPROVED	101	2026-04-16 16:18:07.069522+09	101	2026-04-16 16:18:07.069522+09	t	2026-04-17 11:41:57.024596+09	101	2026-04-17 11:46:50.051974+09	101	\N	\N
2	725e5643-42fa-4f75-b586-8baadfe3ffb9	102	2	ADJ000002	ADD	200.00	200.00	TEST	Test settlement adjustment 2	APPROVED	102	2026-04-16 16:18:07.069522+09	102	2026-04-16 16:18:07.069522+09	t	2026-04-17 11:41:57.024596+09	102	2026-04-17 11:46:50.051974+09	102	\N	\N
3	bf8c412e-7577-4d87-84a6-5d9dba3fbe0f	103	3	ADJ000003	DEDUCT	300.00	300.00	TEST	Test settlement adjustment 3	APPROVED	103	2026-04-16 16:18:07.069522+09	103	2026-04-16 16:18:07.069522+09	t	2026-04-17 11:41:57.024596+09	103	2026-04-17 11:46:50.051974+09	103	\N	\N
4	dd1b246b-5a09-49fc-a3a7-499ff9e62841	104	4	ADJ000004	ADD	400.00	400.00	TEST	Test settlement adjustment 4	APPROVED	104	2026-04-16 16:18:07.069522+09	104	2026-04-16 16:18:07.069522+09	t	2026-04-17 11:41:57.024596+09	104	2026-04-17 11:46:50.051974+09	104	\N	\N
5	bb29fac7-5607-4454-b31d-919164269b4b	105	5	ADJ000005	DEDUCT	500.00	500.00	TEST	Test settlement adjustment 5	APPROVED	105	2026-04-16 16:18:07.069522+09	105	2026-04-16 16:18:07.069522+09	t	2026-04-17 11:41:57.024596+09	105	2026-04-17 11:46:50.051974+09	105	\N	\N
80	afe42aac-192d-4b9c-b8aa-61ffdde90d6d	180	80	ADJ000080	ADD	8000.00	8000.00	TEST	Test settlement adjustment 80	APPROVED	180	2026-04-16 16:18:07.069522+09	180	2026-04-16 16:18:07.069522+09	t	2026-04-17 11:41:57.024596+09	180	2026-04-17 11:46:50.051974+09	180	\N	\N
81	a83de016-b2aa-4b12-b206-c022b1fd1080	181	81	ADJ000081	DEDUCT	8100.00	8100.00	TEST	Test settlement adjustment 81	APPROVED	181	2026-04-16 16:18:07.069522+09	181	2026-04-16 16:18:07.069522+09	t	2026-04-17 11:41:57.024596+09	181	2026-04-17 11:46:50.051974+09	181	\N	\N
82	f2e94999-05d0-414d-82bd-c414646b815a	182	82	ADJ000082	ADD	8200.00	8200.00	TEST	Test settlement adjustment 82	APPROVED	182	2026-04-16 16:18:07.069522+09	182	2026-04-16 16:18:07.069522+09	t	2026-04-17 11:41:57.024596+09	182	2026-04-17 11:46:50.051974+09	182	\N	\N
83	37949288-0b09-4958-b023-c0f3c13eb210	183	83	ADJ000083	DEDUCT	8300.00	8300.00	TEST	Test settlement adjustment 83	APPROVED	183	2026-04-16 16:18:07.069522+09	183	2026-04-16 16:18:07.069522+09	t	2026-04-17 11:41:57.024596+09	183	2026-04-17 11:46:50.051974+09	183	\N	\N
84	fcb502b1-e347-4700-8646-edf73399b77c	184	84	ADJ000084	ADD	8400.00	8400.00	TEST	Test settlement adjustment 84	APPROVED	184	2026-04-16 16:18:07.069522+09	184	2026-04-16 16:18:07.069522+09	t	2026-04-17 11:41:57.024596+09	184	2026-04-17 11:46:50.051974+09	184	\N	\N
85	c6302b6c-65dc-4f11-98cc-b27470611633	185	85	ADJ000085	DEDUCT	8500.00	8500.00	TEST	Test settlement adjustment 85	APPROVED	185	2026-04-16 16:18:07.069522+09	185	2026-04-16 16:18:07.069522+09	t	2026-04-17 11:41:57.024596+09	185	2026-04-17 11:46:50.051974+09	185	\N	\N
86	bab4d576-e35a-491b-89cd-05340dbfade9	186	86	ADJ000086	ADD	8600.00	8600.00	TEST	Test settlement adjustment 86	APPROVED	186	2026-04-16 16:18:07.069522+09	186	2026-04-16 16:18:07.069522+09	t	2026-04-17 11:41:57.024596+09	186	2026-04-17 11:46:50.051974+09	186	\N	\N
87	82bfafa5-29eb-4084-b9ed-02b11a2bc13a	187	87	ADJ000087	DEDUCT	8700.00	8700.00	TEST	Test settlement adjustment 87	APPROVED	187	2026-04-16 16:18:07.069522+09	187	2026-04-16 16:18:07.069522+09	t	2026-04-17 11:41:57.024596+09	187	2026-04-17 11:46:50.051974+09	187	\N	\N
88	dd7b4b03-5803-4af5-b93f-a2873390c76a	188	88	ADJ000088	ADD	8800.00	8800.00	TEST	Test settlement adjustment 88	APPROVED	188	2026-04-16 16:18:07.069522+09	188	2026-04-16 16:18:07.069522+09	t	2026-04-17 11:41:57.024596+09	188	2026-04-17 11:46:50.051974+09	188	\N	\N
89	1e55b655-ad01-4cd5-89f2-caabf90a879e	189	89	ADJ000089	DEDUCT	8900.00	8900.00	TEST	Test settlement adjustment 89	APPROVED	189	2026-04-16 16:18:07.069522+09	189	2026-04-16 16:18:07.069522+09	t	2026-04-17 11:41:57.024596+09	189	2026-04-17 11:46:50.051974+09	189	\N	\N
90	1d04639c-a7d5-4b39-962c-b1fdb6f3caf4	190	90	ADJ000090	ADD	9000.00	9000.00	TEST	Test settlement adjustment 90	APPROVED	190	2026-04-16 16:18:07.069522+09	190	2026-04-16 16:18:07.069522+09	t	2026-04-17 11:41:57.024596+09	190	2026-04-17 11:46:50.051974+09	190	\N	\N
91	ef45e3e0-2415-4eeb-b552-f3ec901e4c2c	191	91	ADJ000091	DEDUCT	9100.00	9100.00	TEST	Test settlement adjustment 91	APPROVED	191	2026-04-16 16:18:07.069522+09	191	2026-04-16 16:18:07.069522+09	t	2026-04-17 11:41:57.024596+09	191	2026-04-17 11:46:50.051974+09	191	\N	\N
92	c1170e06-0a84-4984-8ab4-b9a0fa58914e	192	92	ADJ000092	ADD	9200.00	9200.00	TEST	Test settlement adjustment 92	APPROVED	192	2026-04-16 16:18:07.069522+09	192	2026-04-16 16:18:07.069522+09	t	2026-04-17 11:41:57.024596+09	192	2026-04-17 11:46:50.051974+09	192	\N	\N
93	fdf49c60-e5d9-4fc6-b2e5-6b2e82dfe265	193	93	ADJ000093	DEDUCT	9300.00	9300.00	TEST	Test settlement adjustment 93	APPROVED	193	2026-04-16 16:18:07.069522+09	193	2026-04-16 16:18:07.069522+09	t	2026-04-17 11:41:57.024596+09	193	2026-04-17 11:46:50.051974+09	193	\N	\N
94	f7e03a1c-d86a-47d7-959b-3027176df4f4	194	94	ADJ000094	ADD	9400.00	9400.00	TEST	Test settlement adjustment 94	APPROVED	194	2026-04-16 16:18:07.069522+09	194	2026-04-16 16:18:07.069522+09	t	2026-04-17 11:41:57.024596+09	194	2026-04-17 11:46:50.051974+09	194	\N	\N
95	2440b0bb-69ed-4bbf-afc0-5effe05bc99a	195	95	ADJ000095	DEDUCT	9500.00	9500.00	TEST	Test settlement adjustment 95	APPROVED	195	2026-04-16 16:18:07.069522+09	195	2026-04-16 16:18:07.069522+09	t	2026-04-17 11:41:57.024596+09	195	2026-04-17 11:46:50.051974+09	195	\N	\N
96	1e33667e-9fec-4731-b326-27cd764faeae	196	96	ADJ000096	ADD	9600.00	9600.00	TEST	Test settlement adjustment 96	APPROVED	196	2026-04-16 16:18:07.069522+09	196	2026-04-16 16:18:07.069522+09	t	2026-04-17 11:41:57.024596+09	196	2026-04-17 11:46:50.051974+09	196	\N	\N
97	e133c28f-0517-49e4-a52a-5d22e9b6f514	197	97	ADJ000097	DEDUCT	9700.00	9700.00	TEST	Test settlement adjustment 97	APPROVED	197	2026-04-16 16:18:07.069522+09	197	2026-04-16 16:18:07.069522+09	t	2026-04-17 11:41:57.024596+09	197	2026-04-17 11:46:50.051974+09	197	\N	\N
98	b921f8fd-1580-4510-bb65-0f4314df77dc	198	98	ADJ000098	ADD	9800.00	9800.00	TEST	Test settlement adjustment 98	APPROVED	198	2026-04-16 16:18:07.069522+09	198	2026-04-16 16:18:07.069522+09	t	2026-04-17 11:41:57.024596+09	198	2026-04-17 11:46:50.051974+09	198	\N	\N
99	8cfbd6c7-9da1-4c9b-b859-55a8ed8ef9ec	199	99	ADJ000099	DEDUCT	9900.00	9900.00	TEST	Test settlement adjustment 99	APPROVED	199	2026-04-16 16:18:07.069522+09	199	2026-04-16 16:18:07.069522+09	t	2026-04-17 11:41:57.024596+09	199	2026-04-17 11:46:50.051974+09	199	\N	\N
100	acc189e9-bf1d-490d-ba87-3b8a49fa16e0	200	100	ADJ000100	ADD	10000.00	10000.00	TEST	Test settlement adjustment 100	APPROVED	200	2026-04-16 16:18:07.069522+09	200	2026-04-16 16:18:07.069522+09	t	2026-04-17 11:41:57.024596+09	200	2026-04-17 11:46:50.051974+09	200	\N	\N
\.


--
-- Data for Name: settlement_batches; Type: TABLE DATA; Schema: stl; Owner: -
--

COPY stl.settlement_batches (settlement_batch_id, settlement_batch_uid, tenant_id, batch_no, settlement_type, period_from, period_to, partner_id, status_code, total_supply_amount, total_vat_amount, total_amount, closed_by, closed_at, created_by, created_at, updated_at, is_active, updated_by, deleted_at, deleted_by) FROM stdin;
1	c5caafb4-4fd3-4ed7-a3b8-eb63a6646c77	101	BAT000001	PURCHASE	2026-03-17	2026-04-16	101	CLOSED	101000.00	10100.00	111100.00	101	2026-04-16 16:18:07.069522+09	101	2026-04-16 16:18:07.069522+09	2026-04-17 11:46:50.051974+09	t	101	\N	\N
2	f5db167a-f36d-4efa-8002-09e3f36e2eb6	102	BAT000002	SALES	2026-03-17	2026-04-16	102	CLOSED	102000.00	10200.00	112200.00	102	2026-04-16 16:18:07.069522+09	102	2026-04-16 16:18:07.069522+09	2026-04-17 11:46:50.051974+09	t	102	\N	\N
3	f2e380fa-678a-4466-992e-70a467cf1fe2	103	BAT000003	PURCHASE	2026-03-17	2026-04-16	103	CLOSED	103000.00	10300.00	113300.00	103	2026-04-16 16:18:07.069522+09	103	2026-04-16 16:18:07.069522+09	2026-04-17 11:46:50.051974+09	t	103	\N	\N
4	dd031de7-914a-451d-953d-005d2a4a0387	104	BAT000004	SALES	2026-03-17	2026-04-16	104	CLOSED	104000.00	10400.00	114400.00	104	2026-04-16 16:18:07.069522+09	104	2026-04-16 16:18:07.069522+09	2026-04-17 11:46:50.051974+09	t	104	\N	\N
5	06a7912f-db89-4a0e-8f1c-7b619a979864	105	BAT000005	PURCHASE	2026-03-17	2026-04-16	105	CLOSED	105000.00	10500.00	115500.00	105	2026-04-16 16:18:07.069522+09	105	2026-04-16 16:18:07.069522+09	2026-04-17 11:46:50.051974+09	t	105	\N	\N
6	201a17fe-6281-4d05-8cb3-2c3f16e30abe	106	BAT000006	SALES	2026-03-17	2026-04-16	106	CLOSED	106000.00	10600.00	116600.00	106	2026-04-16 16:18:07.069522+09	106	2026-04-16 16:18:07.069522+09	2026-04-17 11:46:50.051974+09	t	106	\N	\N
7	2500d90f-6ce4-42a9-94b9-4f9ff379ab27	107	BAT000007	PURCHASE	2026-03-17	2026-04-16	107	CLOSED	107000.00	10700.00	117700.00	107	2026-04-16 16:18:07.069522+09	107	2026-04-16 16:18:07.069522+09	2026-04-17 11:46:50.051974+09	t	107	\N	\N
8	75b14617-e329-4f9b-9d86-d92c6f5a0bad	108	BAT000008	SALES	2026-03-17	2026-04-16	108	CLOSED	108000.00	10800.00	118800.00	108	2026-04-16 16:18:07.069522+09	108	2026-04-16 16:18:07.069522+09	2026-04-17 11:46:50.051974+09	t	108	\N	\N
9	8f8517c4-d302-4df8-ac15-8d65eb750681	109	BAT000009	PURCHASE	2026-03-17	2026-04-16	109	CLOSED	109000.00	10900.00	119900.00	109	2026-04-16 16:18:07.069522+09	109	2026-04-16 16:18:07.069522+09	2026-04-17 11:46:50.051974+09	t	109	\N	\N
10	d2f9e50d-8067-4e23-b0ae-25e735a37dd5	110	BAT000010	SALES	2026-03-17	2026-04-16	110	CLOSED	110000.00	11000.00	121000.00	110	2026-04-16 16:18:07.069522+09	110	2026-04-16 16:18:07.069522+09	2026-04-17 11:46:50.051974+09	t	110	\N	\N
11	636b58b9-f9e0-4ec5-b3d9-c7beb405df66	111	BAT000011	PURCHASE	2026-03-17	2026-04-16	111	CLOSED	111000.00	11100.00	122100.00	111	2026-04-16 16:18:07.069522+09	111	2026-04-16 16:18:07.069522+09	2026-04-17 11:46:50.051974+09	t	111	\N	\N
12	6dc8d699-12d1-42a4-9548-b19fa0357915	112	BAT000012	SALES	2026-03-17	2026-04-16	112	CLOSED	112000.00	11200.00	123200.00	112	2026-04-16 16:18:07.069522+09	112	2026-04-16 16:18:07.069522+09	2026-04-17 11:46:50.051974+09	t	112	\N	\N
13	2b54aca2-f19b-4266-95e9-58368aa2dcab	113	BAT000013	PURCHASE	2026-03-17	2026-04-16	113	CLOSED	113000.00	11300.00	124300.00	113	2026-04-16 16:18:07.069522+09	113	2026-04-16 16:18:07.069522+09	2026-04-17 11:46:50.051974+09	t	113	\N	\N
14	5463adf9-74b2-4f47-a60f-581bb56e790f	114	BAT000014	SALES	2026-03-17	2026-04-16	114	CLOSED	114000.00	11400.00	125400.00	114	2026-04-16 16:18:07.069522+09	114	2026-04-16 16:18:07.069522+09	2026-04-17 11:46:50.051974+09	t	114	\N	\N
15	8b0cb228-94a6-43cb-b070-f407fabeac78	115	BAT000015	PURCHASE	2026-03-17	2026-04-16	115	CLOSED	115000.00	11500.00	126500.00	115	2026-04-16 16:18:07.069522+09	115	2026-04-16 16:18:07.069522+09	2026-04-17 11:46:50.051974+09	t	115	\N	\N
16	98763b6f-4338-47a2-8c8c-b006dd1f9de3	116	BAT000016	SALES	2026-03-17	2026-04-16	116	CLOSED	116000.00	11600.00	127600.00	116	2026-04-16 16:18:07.069522+09	116	2026-04-16 16:18:07.069522+09	2026-04-17 11:46:50.051974+09	t	116	\N	\N
17	21187c20-51c2-427d-b67a-f8cc842fadd5	117	BAT000017	PURCHASE	2026-03-17	2026-04-16	117	CLOSED	117000.00	11700.00	128700.00	117	2026-04-16 16:18:07.069522+09	117	2026-04-16 16:18:07.069522+09	2026-04-17 11:46:50.051974+09	t	117	\N	\N
18	60eb65a6-cd48-48a9-8b48-f86436f5101a	118	BAT000018	SALES	2026-03-17	2026-04-16	118	CLOSED	118000.00	11800.00	129800.00	118	2026-04-16 16:18:07.069522+09	118	2026-04-16 16:18:07.069522+09	2026-04-17 11:46:50.051974+09	t	118	\N	\N
19	756bec53-31fa-444c-9bc7-95e049543c89	119	BAT000019	PURCHASE	2026-03-17	2026-04-16	119	CLOSED	119000.00	11900.00	130900.00	119	2026-04-16 16:18:07.069522+09	119	2026-04-16 16:18:07.069522+09	2026-04-17 11:46:50.051974+09	t	119	\N	\N
20	5af0f695-6036-4144-9ac7-2c230e80c571	120	BAT000020	SALES	2026-03-17	2026-04-16	120	CLOSED	120000.00	12000.00	132000.00	120	2026-04-16 16:18:07.069522+09	120	2026-04-16 16:18:07.069522+09	2026-04-17 11:46:50.051974+09	t	120	\N	\N
21	0d5d0c06-eda0-4136-b55a-88488a460439	121	BAT000021	PURCHASE	2026-03-17	2026-04-16	121	CLOSED	121000.00	12100.00	133100.00	121	2026-04-16 16:18:07.069522+09	121	2026-04-16 16:18:07.069522+09	2026-04-17 11:46:50.051974+09	t	121	\N	\N
22	727e4090-961d-4d6f-b90f-deba08138213	122	BAT000022	SALES	2026-03-17	2026-04-16	122	CLOSED	122000.00	12200.00	134200.00	122	2026-04-16 16:18:07.069522+09	122	2026-04-16 16:18:07.069522+09	2026-04-17 11:46:50.051974+09	t	122	\N	\N
23	d40fdaa8-bc0f-446f-8e12-a9550cebbb40	123	BAT000023	PURCHASE	2026-03-17	2026-04-16	123	CLOSED	123000.00	12300.00	135300.00	123	2026-04-16 16:18:07.069522+09	123	2026-04-16 16:18:07.069522+09	2026-04-17 11:46:50.051974+09	t	123	\N	\N
24	85d1e5f3-dd84-4737-aace-2adf5ecab06c	124	BAT000024	SALES	2026-03-17	2026-04-16	124	CLOSED	124000.00	12400.00	136400.00	124	2026-04-16 16:18:07.069522+09	124	2026-04-16 16:18:07.069522+09	2026-04-17 11:46:50.051974+09	t	124	\N	\N
25	6f5ca06d-c7e8-4539-9185-69c342f94f70	125	BAT000025	PURCHASE	2026-03-17	2026-04-16	125	CLOSED	125000.00	12500.00	137500.00	125	2026-04-16 16:18:07.069522+09	125	2026-04-16 16:18:07.069522+09	2026-04-17 11:46:50.051974+09	t	125	\N	\N
26	057e6dc1-6eae-4ede-b552-03a534e7fe72	126	BAT000026	SALES	2026-03-17	2026-04-16	126	CLOSED	126000.00	12600.00	138600.00	126	2026-04-16 16:18:07.069522+09	126	2026-04-16 16:18:07.069522+09	2026-04-17 11:46:50.051974+09	t	126	\N	\N
27	0ff7611f-d93c-4381-b79e-95a504a19c08	127	BAT000027	PURCHASE	2026-03-17	2026-04-16	127	CLOSED	127000.00	12700.00	139700.00	127	2026-04-16 16:18:07.069522+09	127	2026-04-16 16:18:07.069522+09	2026-04-17 11:46:50.051974+09	t	127	\N	\N
28	3653f274-094f-403f-a50b-78a6f7986764	128	BAT000028	SALES	2026-03-17	2026-04-16	128	CLOSED	128000.00	12800.00	140800.00	128	2026-04-16 16:18:07.069522+09	128	2026-04-16 16:18:07.069522+09	2026-04-17 11:46:50.051974+09	t	128	\N	\N
29	6823d9bb-b792-444f-8d4f-f727c922e388	129	BAT000029	PURCHASE	2026-03-17	2026-04-16	129	CLOSED	129000.00	12900.00	141900.00	129	2026-04-16 16:18:07.069522+09	129	2026-04-16 16:18:07.069522+09	2026-04-17 11:46:50.051974+09	t	129	\N	\N
30	62e131be-fa18-4cb9-b461-7a0fa90f4dae	130	BAT000030	SALES	2026-03-17	2026-04-16	130	CLOSED	130000.00	13000.00	143000.00	130	2026-04-16 16:18:07.069522+09	130	2026-04-16 16:18:07.069522+09	2026-04-17 11:46:50.051974+09	t	130	\N	\N
31	7cae8a17-4edf-471d-9a98-cfdf71824541	131	BAT000031	PURCHASE	2026-03-17	2026-04-16	131	CLOSED	131000.00	13100.00	144100.00	131	2026-04-16 16:18:07.069522+09	131	2026-04-16 16:18:07.069522+09	2026-04-17 11:46:50.051974+09	t	131	\N	\N
32	700c73b3-6254-4e6e-80ec-8c8e131cec89	132	BAT000032	SALES	2026-03-17	2026-04-16	132	CLOSED	132000.00	13200.00	145200.00	132	2026-04-16 16:18:07.069522+09	132	2026-04-16 16:18:07.069522+09	2026-04-17 11:46:50.051974+09	t	132	\N	\N
33	11fd9911-5437-45db-aeb1-851506448e12	133	BAT000033	PURCHASE	2026-03-17	2026-04-16	133	CLOSED	133000.00	13300.00	146300.00	133	2026-04-16 16:18:07.069522+09	133	2026-04-16 16:18:07.069522+09	2026-04-17 11:46:50.051974+09	t	133	\N	\N
34	b5910221-0216-4b1b-9060-9f58a59084eb	134	BAT000034	SALES	2026-03-17	2026-04-16	134	CLOSED	134000.00	13400.00	147400.00	134	2026-04-16 16:18:07.069522+09	134	2026-04-16 16:18:07.069522+09	2026-04-17 11:46:50.051974+09	t	134	\N	\N
35	d2737caa-8fe2-4798-b4e5-bed9f345d9f9	135	BAT000035	PURCHASE	2026-03-17	2026-04-16	135	CLOSED	135000.00	13500.00	148500.00	135	2026-04-16 16:18:07.069522+09	135	2026-04-16 16:18:07.069522+09	2026-04-17 11:46:50.051974+09	t	135	\N	\N
36	ebafe8e4-0135-4842-ba8a-9a20115db0d9	136	BAT000036	SALES	2026-03-17	2026-04-16	136	CLOSED	136000.00	13600.00	149600.00	136	2026-04-16 16:18:07.069522+09	136	2026-04-16 16:18:07.069522+09	2026-04-17 11:46:50.051974+09	t	136	\N	\N
37	0701e7e2-a0e8-472b-9ebe-96d4e4e8ac98	137	BAT000037	PURCHASE	2026-03-17	2026-04-16	137	CLOSED	137000.00	13700.00	150700.00	137	2026-04-16 16:18:07.069522+09	137	2026-04-16 16:18:07.069522+09	2026-04-17 11:46:50.051974+09	t	137	\N	\N
38	2ef8b887-dcb5-4f91-81cc-f860336bd365	138	BAT000038	SALES	2026-03-17	2026-04-16	138	CLOSED	138000.00	13800.00	151800.00	138	2026-04-16 16:18:07.069522+09	138	2026-04-16 16:18:07.069522+09	2026-04-17 11:46:50.051974+09	t	138	\N	\N
39	dcf169f5-55a5-4ebc-803c-93050ed2c595	139	BAT000039	PURCHASE	2026-03-17	2026-04-16	139	CLOSED	139000.00	13900.00	152900.00	139	2026-04-16 16:18:07.069522+09	139	2026-04-16 16:18:07.069522+09	2026-04-17 11:46:50.051974+09	t	139	\N	\N
40	0fe6d519-cef1-49a7-a08a-1a4309df3b55	140	BAT000040	SALES	2026-03-17	2026-04-16	140	CLOSED	140000.00	14000.00	154000.00	140	2026-04-16 16:18:07.069522+09	140	2026-04-16 16:18:07.069522+09	2026-04-17 11:46:50.051974+09	t	140	\N	\N
41	1b53268b-f44c-4c9e-a540-0d8be758895c	141	BAT000041	PURCHASE	2026-03-17	2026-04-16	141	CLOSED	141000.00	14100.00	155100.00	141	2026-04-16 16:18:07.069522+09	141	2026-04-16 16:18:07.069522+09	2026-04-17 11:46:50.051974+09	t	141	\N	\N
42	3f4ff044-00c5-4818-a5d2-c4ac7ed3d47d	142	BAT000042	SALES	2026-03-17	2026-04-16	142	CLOSED	142000.00	14200.00	156200.00	142	2026-04-16 16:18:07.069522+09	142	2026-04-16 16:18:07.069522+09	2026-04-17 11:46:50.051974+09	t	142	\N	\N
43	3224fac3-a121-4b84-ae7b-e375c1b89e78	143	BAT000043	PURCHASE	2026-03-17	2026-04-16	143	CLOSED	143000.00	14300.00	157300.00	143	2026-04-16 16:18:07.069522+09	143	2026-04-16 16:18:07.069522+09	2026-04-17 11:46:50.051974+09	t	143	\N	\N
44	454edd04-0325-42ac-8786-419b4e14bec4	144	BAT000044	SALES	2026-03-17	2026-04-16	144	CLOSED	144000.00	14400.00	158400.00	144	2026-04-16 16:18:07.069522+09	144	2026-04-16 16:18:07.069522+09	2026-04-17 11:46:50.051974+09	t	144	\N	\N
45	9af6c5d7-dc43-4e96-8e3d-d0e1560458b0	145	BAT000045	PURCHASE	2026-03-17	2026-04-16	145	CLOSED	145000.00	14500.00	159500.00	145	2026-04-16 16:18:07.069522+09	145	2026-04-16 16:18:07.069522+09	2026-04-17 11:46:50.051974+09	t	145	\N	\N
46	bf80ca5e-7e65-4b1b-9eba-509ea03f05fb	146	BAT000046	SALES	2026-03-17	2026-04-16	146	CLOSED	146000.00	14600.00	160600.00	146	2026-04-16 16:18:07.069522+09	146	2026-04-16 16:18:07.069522+09	2026-04-17 11:46:50.051974+09	t	146	\N	\N
47	13142374-a2d0-497c-b4a0-667416da153d	147	BAT000047	PURCHASE	2026-03-17	2026-04-16	147	CLOSED	147000.00	14700.00	161700.00	147	2026-04-16 16:18:07.069522+09	147	2026-04-16 16:18:07.069522+09	2026-04-17 11:46:50.051974+09	t	147	\N	\N
48	21aba6c4-6de8-42ec-a4e9-ad33e3d6ecf7	148	BAT000048	SALES	2026-03-17	2026-04-16	148	CLOSED	148000.00	14800.00	162800.00	148	2026-04-16 16:18:07.069522+09	148	2026-04-16 16:18:07.069522+09	2026-04-17 11:46:50.051974+09	t	148	\N	\N
49	fb97bba1-7f94-4382-a152-619125164ba9	149	BAT000049	PURCHASE	2026-03-17	2026-04-16	149	CLOSED	149000.00	14900.00	163900.00	149	2026-04-16 16:18:07.069522+09	149	2026-04-16 16:18:07.069522+09	2026-04-17 11:46:50.051974+09	t	149	\N	\N
50	fb22ed6d-1736-4517-aaf0-ac6b5267cf29	150	BAT000050	SALES	2026-03-17	2026-04-16	150	CLOSED	150000.00	15000.00	165000.00	150	2026-04-16 16:18:07.069522+09	150	2026-04-16 16:18:07.069522+09	2026-04-17 11:46:50.051974+09	t	150	\N	\N
51	6a0055f7-135c-45d7-93cf-3f12ff192d24	151	BAT000051	PURCHASE	2026-03-17	2026-04-16	151	CLOSED	151000.00	15100.00	166100.00	151	2026-04-16 16:18:07.069522+09	151	2026-04-16 16:18:07.069522+09	2026-04-17 11:46:50.051974+09	t	151	\N	\N
52	a0176669-0ac6-4e21-9661-ed892a6d918c	152	BAT000052	SALES	2026-03-17	2026-04-16	152	CLOSED	152000.00	15200.00	167200.00	152	2026-04-16 16:18:07.069522+09	152	2026-04-16 16:18:07.069522+09	2026-04-17 11:46:50.051974+09	t	152	\N	\N
53	9c1fea39-097c-4648-8086-d89686173b41	153	BAT000053	PURCHASE	2026-03-17	2026-04-16	153	CLOSED	153000.00	15300.00	168300.00	153	2026-04-16 16:18:07.069522+09	153	2026-04-16 16:18:07.069522+09	2026-04-17 11:46:50.051974+09	t	153	\N	\N
54	a21e109d-369c-414f-9271-bdf544e80014	154	BAT000054	SALES	2026-03-17	2026-04-16	154	CLOSED	154000.00	15400.00	169400.00	154	2026-04-16 16:18:07.069522+09	154	2026-04-16 16:18:07.069522+09	2026-04-17 11:46:50.051974+09	t	154	\N	\N
55	acf6be7f-dd6f-4c97-9fbf-01aba5250a4e	155	BAT000055	PURCHASE	2026-03-17	2026-04-16	155	CLOSED	155000.00	15500.00	170500.00	155	2026-04-16 16:18:07.069522+09	155	2026-04-16 16:18:07.069522+09	2026-04-17 11:46:50.051974+09	t	155	\N	\N
56	c6f56b51-ec64-4a70-bd0b-823f34727df3	156	BAT000056	SALES	2026-03-17	2026-04-16	156	CLOSED	156000.00	15600.00	171600.00	156	2026-04-16 16:18:07.069522+09	156	2026-04-16 16:18:07.069522+09	2026-04-17 11:46:50.051974+09	t	156	\N	\N
57	39d5c81e-cda0-453f-a810-3122de0d7783	157	BAT000057	PURCHASE	2026-03-17	2026-04-16	157	CLOSED	157000.00	15700.00	172700.00	157	2026-04-16 16:18:07.069522+09	157	2026-04-16 16:18:07.069522+09	2026-04-17 11:46:50.051974+09	t	157	\N	\N
58	61886a46-3e4f-42ce-a308-f8a7698deed7	158	BAT000058	SALES	2026-03-17	2026-04-16	158	CLOSED	158000.00	15800.00	173800.00	158	2026-04-16 16:18:07.069522+09	158	2026-04-16 16:18:07.069522+09	2026-04-17 11:46:50.051974+09	t	158	\N	\N
59	71d34f88-a44f-433a-b737-57f688fc0081	159	BAT000059	PURCHASE	2026-03-17	2026-04-16	159	CLOSED	159000.00	15900.00	174900.00	159	2026-04-16 16:18:07.069522+09	159	2026-04-16 16:18:07.069522+09	2026-04-17 11:46:50.051974+09	t	159	\N	\N
60	771b1589-7445-4bc2-842a-622c52c2dfe8	160	BAT000060	SALES	2026-03-17	2026-04-16	160	CLOSED	160000.00	16000.00	176000.00	160	2026-04-16 16:18:07.069522+09	160	2026-04-16 16:18:07.069522+09	2026-04-17 11:46:50.051974+09	t	160	\N	\N
61	5ff012cf-90d7-4720-97b1-9e0177298363	161	BAT000061	PURCHASE	2026-03-17	2026-04-16	161	CLOSED	161000.00	16100.00	177100.00	161	2026-04-16 16:18:07.069522+09	161	2026-04-16 16:18:07.069522+09	2026-04-17 11:46:50.051974+09	t	161	\N	\N
62	514d435d-4282-4616-9256-c8a875ab151c	162	BAT000062	SALES	2026-03-17	2026-04-16	162	CLOSED	162000.00	16200.00	178200.00	162	2026-04-16 16:18:07.069522+09	162	2026-04-16 16:18:07.069522+09	2026-04-17 11:46:50.051974+09	t	162	\N	\N
63	8a7fab05-89ef-49df-9e34-19a30452dd84	163	BAT000063	PURCHASE	2026-03-17	2026-04-16	163	CLOSED	163000.00	16300.00	179300.00	163	2026-04-16 16:18:07.069522+09	163	2026-04-16 16:18:07.069522+09	2026-04-17 11:46:50.051974+09	t	163	\N	\N
64	e047f380-9e19-4c65-b7ab-0b17e9f03826	164	BAT000064	SALES	2026-03-17	2026-04-16	164	CLOSED	164000.00	16400.00	180400.00	164	2026-04-16 16:18:07.069522+09	164	2026-04-16 16:18:07.069522+09	2026-04-17 11:46:50.051974+09	t	164	\N	\N
65	a4118eee-192b-45de-a243-8f8770fd5447	165	BAT000065	PURCHASE	2026-03-17	2026-04-16	165	CLOSED	165000.00	16500.00	181500.00	165	2026-04-16 16:18:07.069522+09	165	2026-04-16 16:18:07.069522+09	2026-04-17 11:46:50.051974+09	t	165	\N	\N
66	2a19400e-76d1-4219-b83d-c30b9b4a333d	166	BAT000066	SALES	2026-03-17	2026-04-16	166	CLOSED	166000.00	16600.00	182600.00	166	2026-04-16 16:18:07.069522+09	166	2026-04-16 16:18:07.069522+09	2026-04-17 11:46:50.051974+09	t	166	\N	\N
67	73e5494a-28e4-41b5-9278-f7384fa6325a	167	BAT000067	PURCHASE	2026-03-17	2026-04-16	167	CLOSED	167000.00	16700.00	183700.00	167	2026-04-16 16:18:07.069522+09	167	2026-04-16 16:18:07.069522+09	2026-04-17 11:46:50.051974+09	t	167	\N	\N
68	6b295678-726f-49f7-bb14-55c1c8c25744	168	BAT000068	SALES	2026-03-17	2026-04-16	168	CLOSED	168000.00	16800.00	184800.00	168	2026-04-16 16:18:07.069522+09	168	2026-04-16 16:18:07.069522+09	2026-04-17 11:46:50.051974+09	t	168	\N	\N
69	faf7d01e-7121-4336-a262-fb7b2c60804f	169	BAT000069	PURCHASE	2026-03-17	2026-04-16	169	CLOSED	169000.00	16900.00	185900.00	169	2026-04-16 16:18:07.069522+09	169	2026-04-16 16:18:07.069522+09	2026-04-17 11:46:50.051974+09	t	169	\N	\N
70	8f13c813-27c2-4bd0-b063-a9d96b1af907	170	BAT000070	SALES	2026-03-17	2026-04-16	170	CLOSED	170000.00	17000.00	187000.00	170	2026-04-16 16:18:07.069522+09	170	2026-04-16 16:18:07.069522+09	2026-04-17 11:46:50.051974+09	t	170	\N	\N
71	9fe33b99-2949-49c6-8024-4dd8ee6eaef5	171	BAT000071	PURCHASE	2026-03-17	2026-04-16	171	CLOSED	171000.00	17100.00	188100.00	171	2026-04-16 16:18:07.069522+09	171	2026-04-16 16:18:07.069522+09	2026-04-17 11:46:50.051974+09	t	171	\N	\N
72	fe87b084-518c-45c9-9e44-81488247c437	172	BAT000072	SALES	2026-03-17	2026-04-16	172	CLOSED	172000.00	17200.00	189200.00	172	2026-04-16 16:18:07.069522+09	172	2026-04-16 16:18:07.069522+09	2026-04-17 11:46:50.051974+09	t	172	\N	\N
73	63f3081a-80d8-485d-8084-af2b83e9e63c	173	BAT000073	PURCHASE	2026-03-17	2026-04-16	173	CLOSED	173000.00	17300.00	190300.00	173	2026-04-16 16:18:07.069522+09	173	2026-04-16 16:18:07.069522+09	2026-04-17 11:46:50.051974+09	t	173	\N	\N
74	63067653-71f5-4d64-846a-6fd36aad067a	174	BAT000074	SALES	2026-03-17	2026-04-16	174	CLOSED	174000.00	17400.00	191400.00	174	2026-04-16 16:18:07.069522+09	174	2026-04-16 16:18:07.069522+09	2026-04-17 11:46:50.051974+09	t	174	\N	\N
75	a0a9e468-c662-40e3-a66f-ddedbb2c8ef6	175	BAT000075	PURCHASE	2026-03-17	2026-04-16	175	CLOSED	175000.00	17500.00	192500.00	175	2026-04-16 16:18:07.069522+09	175	2026-04-16 16:18:07.069522+09	2026-04-17 11:46:50.051974+09	t	175	\N	\N
76	4c417aa0-872c-447e-9011-9aa5edd4cf92	176	BAT000076	SALES	2026-03-17	2026-04-16	176	CLOSED	176000.00	17600.00	193600.00	176	2026-04-16 16:18:07.069522+09	176	2026-04-16 16:18:07.069522+09	2026-04-17 11:46:50.051974+09	t	176	\N	\N
77	7aba1732-989d-49f9-8539-f6fa8d37d97d	177	BAT000077	PURCHASE	2026-03-17	2026-04-16	177	CLOSED	177000.00	17700.00	194700.00	177	2026-04-16 16:18:07.069522+09	177	2026-04-16 16:18:07.069522+09	2026-04-17 11:46:50.051974+09	t	177	\N	\N
78	e114070d-47f5-4d0e-a706-d2e874bbc068	178	BAT000078	SALES	2026-03-17	2026-04-16	178	CLOSED	178000.00	17800.00	195800.00	178	2026-04-16 16:18:07.069522+09	178	2026-04-16 16:18:07.069522+09	2026-04-17 11:46:50.051974+09	t	178	\N	\N
79	bcfc0fe1-55b5-4489-a29e-2230f21edb66	179	BAT000079	PURCHASE	2026-03-17	2026-04-16	179	CLOSED	179000.00	17900.00	196900.00	179	2026-04-16 16:18:07.069522+09	179	2026-04-16 16:18:07.069522+09	2026-04-17 11:46:50.051974+09	t	179	\N	\N
80	cb47871b-6eb5-44e1-b42d-3000cf3fbe3a	180	BAT000080	SALES	2026-03-17	2026-04-16	180	CLOSED	180000.00	18000.00	198000.00	180	2026-04-16 16:18:07.069522+09	180	2026-04-16 16:18:07.069522+09	2026-04-17 11:46:50.051974+09	t	180	\N	\N
81	c3ba56a4-03bc-483b-b208-5753074a3415	181	BAT000081	PURCHASE	2026-03-17	2026-04-16	181	CLOSED	181000.00	18100.00	199100.00	181	2026-04-16 16:18:07.069522+09	181	2026-04-16 16:18:07.069522+09	2026-04-17 11:46:50.051974+09	t	181	\N	\N
82	cd236281-2ab6-4841-9ece-6502b042685e	182	BAT000082	SALES	2026-03-17	2026-04-16	182	CLOSED	182000.00	18200.00	200200.00	182	2026-04-16 16:18:07.069522+09	182	2026-04-16 16:18:07.069522+09	2026-04-17 11:46:50.051974+09	t	182	\N	\N
83	526abbc1-cf80-4485-97e7-aad623558399	183	BAT000083	PURCHASE	2026-03-17	2026-04-16	183	CLOSED	183000.00	18300.00	201300.00	183	2026-04-16 16:18:07.069522+09	183	2026-04-16 16:18:07.069522+09	2026-04-17 11:46:50.051974+09	t	183	\N	\N
84	5bd99635-dff3-419a-8efb-b20c8fca6a82	184	BAT000084	SALES	2026-03-17	2026-04-16	184	CLOSED	184000.00	18400.00	202400.00	184	2026-04-16 16:18:07.069522+09	184	2026-04-16 16:18:07.069522+09	2026-04-17 11:46:50.051974+09	t	184	\N	\N
85	4e988510-da55-4500-809e-dba8aa3f833f	185	BAT000085	PURCHASE	2026-03-17	2026-04-16	185	CLOSED	185000.00	18500.00	203500.00	185	2026-04-16 16:18:07.069522+09	185	2026-04-16 16:18:07.069522+09	2026-04-17 11:46:50.051974+09	t	185	\N	\N
86	d40d703e-9d53-46a7-8963-eb4e57f5d5d2	186	BAT000086	SALES	2026-03-17	2026-04-16	186	CLOSED	186000.00	18600.00	204600.00	186	2026-04-16 16:18:07.069522+09	186	2026-04-16 16:18:07.069522+09	2026-04-17 11:46:50.051974+09	t	186	\N	\N
87	22749667-9d32-417f-835c-509ad3c702f8	187	BAT000087	PURCHASE	2026-03-17	2026-04-16	187	CLOSED	187000.00	18700.00	205700.00	187	2026-04-16 16:18:07.069522+09	187	2026-04-16 16:18:07.069522+09	2026-04-17 11:46:50.051974+09	t	187	\N	\N
88	682d7076-3abe-4399-89b5-169e16143b14	188	BAT000088	SALES	2026-03-17	2026-04-16	188	CLOSED	188000.00	18800.00	206800.00	188	2026-04-16 16:18:07.069522+09	188	2026-04-16 16:18:07.069522+09	2026-04-17 11:46:50.051974+09	t	188	\N	\N
89	0fb49ec4-acbd-4efd-9b29-4c59ca04f497	189	BAT000089	PURCHASE	2026-03-17	2026-04-16	189	CLOSED	189000.00	18900.00	207900.00	189	2026-04-16 16:18:07.069522+09	189	2026-04-16 16:18:07.069522+09	2026-04-17 11:46:50.051974+09	t	189	\N	\N
90	502f8ffc-9721-4304-ad67-9c89f6a8a443	190	BAT000090	SALES	2026-03-17	2026-04-16	190	CLOSED	190000.00	19000.00	209000.00	190	2026-04-16 16:18:07.069522+09	190	2026-04-16 16:18:07.069522+09	2026-04-17 11:46:50.051974+09	t	190	\N	\N
91	2c992555-f515-4345-9423-def47fa9843b	191	BAT000091	PURCHASE	2026-03-17	2026-04-16	191	CLOSED	191000.00	19100.00	210100.00	191	2026-04-16 16:18:07.069522+09	191	2026-04-16 16:18:07.069522+09	2026-04-17 11:46:50.051974+09	t	191	\N	\N
92	2f62b70a-21a3-434a-9b95-a05d4280523d	192	BAT000092	SALES	2026-03-17	2026-04-16	192	CLOSED	192000.00	19200.00	211200.00	192	2026-04-16 16:18:07.069522+09	192	2026-04-16 16:18:07.069522+09	2026-04-17 11:46:50.051974+09	t	192	\N	\N
93	cde78361-8741-4632-836a-649835cbe05f	193	BAT000093	PURCHASE	2026-03-17	2026-04-16	193	CLOSED	193000.00	19300.00	212300.00	193	2026-04-16 16:18:07.069522+09	193	2026-04-16 16:18:07.069522+09	2026-04-17 11:46:50.051974+09	t	193	\N	\N
94	767893c3-f82c-4184-b92c-d9d972b05f12	194	BAT000094	SALES	2026-03-17	2026-04-16	194	CLOSED	194000.00	19400.00	213400.00	194	2026-04-16 16:18:07.069522+09	194	2026-04-16 16:18:07.069522+09	2026-04-17 11:46:50.051974+09	t	194	\N	\N
95	33e236dc-06ed-4b54-b228-4e8df8b0e23c	195	BAT000095	PURCHASE	2026-03-17	2026-04-16	195	CLOSED	195000.00	19500.00	214500.00	195	2026-04-16 16:18:07.069522+09	195	2026-04-16 16:18:07.069522+09	2026-04-17 11:46:50.051974+09	t	195	\N	\N
96	590a9fad-cb1e-4b68-a64b-06ae97b6e52c	196	BAT000096	SALES	2026-03-17	2026-04-16	196	CLOSED	196000.00	19600.00	215600.00	196	2026-04-16 16:18:07.069522+09	196	2026-04-16 16:18:07.069522+09	2026-04-17 11:46:50.051974+09	t	196	\N	\N
97	63d8e066-1244-4f6f-942e-0d01475cd411	197	BAT000097	PURCHASE	2026-03-17	2026-04-16	197	CLOSED	197000.00	19700.00	216700.00	197	2026-04-16 16:18:07.069522+09	197	2026-04-16 16:18:07.069522+09	2026-04-17 11:46:50.051974+09	t	197	\N	\N
98	b3bba4f1-4c87-4093-ad31-df5b63dddddc	198	BAT000098	SALES	2026-03-17	2026-04-16	198	CLOSED	198000.00	19800.00	217800.00	198	2026-04-16 16:18:07.069522+09	198	2026-04-16 16:18:07.069522+09	2026-04-17 11:46:50.051974+09	t	198	\N	\N
99	e722076e-b4e0-4806-ae49-59b7f9def986	199	BAT000099	PURCHASE	2026-03-17	2026-04-16	199	CLOSED	199000.00	19900.00	218900.00	199	2026-04-16 16:18:07.069522+09	199	2026-04-16 16:18:07.069522+09	2026-04-17 11:46:50.051974+09	t	199	\N	\N
100	3893d172-26df-41a9-ad1f-6329887c7276	200	BAT000100	SALES	2026-03-17	2026-04-16	200	CLOSED	200000.00	20000.00	220000.00	200	2026-04-16 16:18:07.069522+09	200	2026-04-16 16:18:07.069522+09	2026-04-17 11:46:50.051974+09	t	200	\N	\N
\.


--
-- Data for Name: settlement_closings; Type: TABLE DATA; Schema: stl; Owner: -
--

COPY stl.settlement_closings (settlement_closing_id, settlement_closing_uid, tenant_id, closing_no, closing_type, period_from, period_to, status_code, closed_by, closed_at, reopened_by, reopened_at, reopen_reason, is_active, created_at, created_by, updated_at, updated_by, deleted_at, deleted_by) FROM stdin;
1	9d250ee8-e532-4a50-9566-e9230effdec7	101	CLS000001	PURCHASE	2026-03-17	2026-04-16	CLOSED	101	2026-04-16 16:18:07.069522+09	\N	\N	\N	t	2026-04-17 11:41:57.024596+09	101	2026-04-17 11:46:50.051974+09	101	\N	\N
2	c4b51b9c-a000-4e01-91fc-2c334b57154b	102	CLS000002	SALES	2026-03-17	2026-04-16	CLOSED	102	2026-04-16 16:18:07.069522+09	\N	\N	\N	t	2026-04-17 11:41:57.024596+09	102	2026-04-17 11:46:50.051974+09	102	\N	\N
3	64e94fa0-6bfd-44ee-b171-dea9b8de76e7	103	CLS000003	PURCHASE	2026-03-17	2026-04-16	CLOSED	103	2026-04-16 16:18:07.069522+09	\N	\N	\N	t	2026-04-17 11:41:57.024596+09	103	2026-04-17 11:46:50.051974+09	103	\N	\N
4	3e5e53d7-b3e1-40a7-86eb-90c06271fb03	104	CLS000004	SALES	2026-03-17	2026-04-16	CLOSED	104	2026-04-16 16:18:07.069522+09	\N	\N	\N	t	2026-04-17 11:41:57.024596+09	104	2026-04-17 11:46:50.051974+09	104	\N	\N
5	dd5a2615-763b-4ab4-a696-2878cb60c022	105	CLS000005	PURCHASE	2026-03-17	2026-04-16	CLOSED	105	2026-04-16 16:18:07.069522+09	\N	\N	\N	t	2026-04-17 11:41:57.024596+09	105	2026-04-17 11:46:50.051974+09	105	\N	\N
6	690be44c-ef6f-45d9-b3bd-314f6fbcc9da	106	CLS000006	SALES	2026-03-17	2026-04-16	CLOSED	106	2026-04-16 16:18:07.069522+09	\N	\N	\N	t	2026-04-17 11:41:57.024596+09	106	2026-04-17 11:46:50.051974+09	106	\N	\N
7	0ff3baa5-3e21-4077-92fd-07f4f66db151	107	CLS000007	PURCHASE	2026-03-17	2026-04-16	CLOSED	107	2026-04-16 16:18:07.069522+09	\N	\N	\N	t	2026-04-17 11:41:57.024596+09	107	2026-04-17 11:46:50.051974+09	107	\N	\N
8	21aa52a2-5507-49f1-bd10-59090417bf17	108	CLS000008	SALES	2026-03-17	2026-04-16	CLOSED	108	2026-04-16 16:18:07.069522+09	\N	\N	\N	t	2026-04-17 11:41:57.024596+09	108	2026-04-17 11:46:50.051974+09	108	\N	\N
9	9d4cabbf-dbac-4a61-aa60-3cb2c8fd055b	109	CLS000009	PURCHASE	2026-03-17	2026-04-16	CLOSED	109	2026-04-16 16:18:07.069522+09	\N	\N	\N	t	2026-04-17 11:41:57.024596+09	109	2026-04-17 11:46:50.051974+09	109	\N	\N
10	78af0964-bd20-412f-934d-08c75c94adc0	110	CLS000010	SALES	2026-03-17	2026-04-16	CLOSED	110	2026-04-16 16:18:07.069522+09	\N	\N	\N	t	2026-04-17 11:41:57.024596+09	110	2026-04-17 11:46:50.051974+09	110	\N	\N
11	3f5308eb-9b06-48a8-b611-3b7c715eece6	111	CLS000011	PURCHASE	2026-03-17	2026-04-16	CLOSED	111	2026-04-16 16:18:07.069522+09	\N	\N	\N	t	2026-04-17 11:41:57.024596+09	111	2026-04-17 11:46:50.051974+09	111	\N	\N
12	6a456d8e-2c22-4e30-95d7-e2c126cbe956	112	CLS000012	SALES	2026-03-17	2026-04-16	CLOSED	112	2026-04-16 16:18:07.069522+09	\N	\N	\N	t	2026-04-17 11:41:57.024596+09	112	2026-04-17 11:46:50.051974+09	112	\N	\N
13	63878d23-cdea-4409-90c5-f3b22608b0d9	113	CLS000013	PURCHASE	2026-03-17	2026-04-16	CLOSED	113	2026-04-16 16:18:07.069522+09	\N	\N	\N	t	2026-04-17 11:41:57.024596+09	113	2026-04-17 11:46:50.051974+09	113	\N	\N
14	e3dc9126-2a88-4d1a-a548-b378fe905b97	114	CLS000014	SALES	2026-03-17	2026-04-16	CLOSED	114	2026-04-16 16:18:07.069522+09	\N	\N	\N	t	2026-04-17 11:41:57.024596+09	114	2026-04-17 11:46:50.051974+09	114	\N	\N
15	984600bc-7f48-42b8-83f0-b904c98bb87b	115	CLS000015	PURCHASE	2026-03-17	2026-04-16	CLOSED	115	2026-04-16 16:18:07.069522+09	\N	\N	\N	t	2026-04-17 11:41:57.024596+09	115	2026-04-17 11:46:50.051974+09	115	\N	\N
16	527feff3-1346-401a-a8a2-09d48360eb3f	116	CLS000016	SALES	2026-03-17	2026-04-16	CLOSED	116	2026-04-16 16:18:07.069522+09	\N	\N	\N	t	2026-04-17 11:41:57.024596+09	116	2026-04-17 11:46:50.051974+09	116	\N	\N
17	e75a14b6-66dc-470f-8738-500f616f4826	117	CLS000017	PURCHASE	2026-03-17	2026-04-16	CLOSED	117	2026-04-16 16:18:07.069522+09	\N	\N	\N	t	2026-04-17 11:41:57.024596+09	117	2026-04-17 11:46:50.051974+09	117	\N	\N
18	323d282f-8520-437d-a0f2-0306ae1adf45	118	CLS000018	SALES	2026-03-17	2026-04-16	CLOSED	118	2026-04-16 16:18:07.069522+09	\N	\N	\N	t	2026-04-17 11:41:57.024596+09	118	2026-04-17 11:46:50.051974+09	118	\N	\N
19	c3216d68-5c27-47e5-87b1-f245f8066245	119	CLS000019	PURCHASE	2026-03-17	2026-04-16	CLOSED	119	2026-04-16 16:18:07.069522+09	\N	\N	\N	t	2026-04-17 11:41:57.024596+09	119	2026-04-17 11:46:50.051974+09	119	\N	\N
20	169bd8d0-6ac0-40c6-a4ad-540ddc8871c1	120	CLS000020	SALES	2026-03-17	2026-04-16	CLOSED	120	2026-04-16 16:18:07.069522+09	\N	\N	\N	t	2026-04-17 11:41:57.024596+09	120	2026-04-17 11:46:50.051974+09	120	\N	\N
21	4526c102-bf14-445f-bbeb-15ad2474b659	121	CLS000021	PURCHASE	2026-03-17	2026-04-16	CLOSED	121	2026-04-16 16:18:07.069522+09	\N	\N	\N	t	2026-04-17 11:41:57.024596+09	121	2026-04-17 11:46:50.051974+09	121	\N	\N
22	cf3d353d-def7-4122-b88f-79d6a25edf7d	122	CLS000022	SALES	2026-03-17	2026-04-16	CLOSED	122	2026-04-16 16:18:07.069522+09	\N	\N	\N	t	2026-04-17 11:41:57.024596+09	122	2026-04-17 11:46:50.051974+09	122	\N	\N
23	e92636b0-3094-463e-9c74-e24f481eafc9	123	CLS000023	PURCHASE	2026-03-17	2026-04-16	CLOSED	123	2026-04-16 16:18:07.069522+09	\N	\N	\N	t	2026-04-17 11:41:57.024596+09	123	2026-04-17 11:46:50.051974+09	123	\N	\N
24	eb8ddf21-055d-4423-af26-4e76eedd8c6d	124	CLS000024	SALES	2026-03-17	2026-04-16	CLOSED	124	2026-04-16 16:18:07.069522+09	\N	\N	\N	t	2026-04-17 11:41:57.024596+09	124	2026-04-17 11:46:50.051974+09	124	\N	\N
25	12366884-60eb-4fba-884e-ae0106a4564f	125	CLS000025	PURCHASE	2026-03-17	2026-04-16	CLOSED	125	2026-04-16 16:18:07.069522+09	\N	\N	\N	t	2026-04-17 11:41:57.024596+09	125	2026-04-17 11:46:50.051974+09	125	\N	\N
26	fb43e397-b003-4988-ace1-9408230799a0	126	CLS000026	SALES	2026-03-17	2026-04-16	CLOSED	126	2026-04-16 16:18:07.069522+09	\N	\N	\N	t	2026-04-17 11:41:57.024596+09	126	2026-04-17 11:46:50.051974+09	126	\N	\N
27	8efb2a32-3eaf-4dc4-9318-22065e595b2d	127	CLS000027	PURCHASE	2026-03-17	2026-04-16	CLOSED	127	2026-04-16 16:18:07.069522+09	\N	\N	\N	t	2026-04-17 11:41:57.024596+09	127	2026-04-17 11:46:50.051974+09	127	\N	\N
28	e96c0f90-4e35-4efc-b121-732b64d1a3cd	128	CLS000028	SALES	2026-03-17	2026-04-16	CLOSED	128	2026-04-16 16:18:07.069522+09	\N	\N	\N	t	2026-04-17 11:41:57.024596+09	128	2026-04-17 11:46:50.051974+09	128	\N	\N
29	4a2d38e5-002f-496c-9567-6d87e5799ebf	129	CLS000029	PURCHASE	2026-03-17	2026-04-16	CLOSED	129	2026-04-16 16:18:07.069522+09	\N	\N	\N	t	2026-04-17 11:41:57.024596+09	129	2026-04-17 11:46:50.051974+09	129	\N	\N
30	86a46bd4-5a0f-40cd-8abd-05d088b5bf63	130	CLS000030	SALES	2026-03-17	2026-04-16	CLOSED	130	2026-04-16 16:18:07.069522+09	\N	\N	\N	t	2026-04-17 11:41:57.024596+09	130	2026-04-17 11:46:50.051974+09	130	\N	\N
31	d625b1eb-5ccb-48d7-b68b-f5f5d2e0a916	131	CLS000031	PURCHASE	2026-03-17	2026-04-16	CLOSED	131	2026-04-16 16:18:07.069522+09	\N	\N	\N	t	2026-04-17 11:41:57.024596+09	131	2026-04-17 11:46:50.051974+09	131	\N	\N
32	9288fd8f-bcd0-4aea-a4c9-39e921b2a75e	132	CLS000032	SALES	2026-03-17	2026-04-16	CLOSED	132	2026-04-16 16:18:07.069522+09	\N	\N	\N	t	2026-04-17 11:41:57.024596+09	132	2026-04-17 11:46:50.051974+09	132	\N	\N
33	1564d402-94b6-4277-a4e1-925aa481571f	133	CLS000033	PURCHASE	2026-03-17	2026-04-16	CLOSED	133	2026-04-16 16:18:07.069522+09	\N	\N	\N	t	2026-04-17 11:41:57.024596+09	133	2026-04-17 11:46:50.051974+09	133	\N	\N
34	8de48686-8c7d-4b2f-a1d1-d824fa0aad43	134	CLS000034	SALES	2026-03-17	2026-04-16	CLOSED	134	2026-04-16 16:18:07.069522+09	\N	\N	\N	t	2026-04-17 11:41:57.024596+09	134	2026-04-17 11:46:50.051974+09	134	\N	\N
35	726cbc5c-5fab-46ce-8b1c-97c6a6ac39d2	135	CLS000035	PURCHASE	2026-03-17	2026-04-16	CLOSED	135	2026-04-16 16:18:07.069522+09	\N	\N	\N	t	2026-04-17 11:41:57.024596+09	135	2026-04-17 11:46:50.051974+09	135	\N	\N
36	64cee1b0-c9b5-4465-b6a5-0b925bab8ce1	136	CLS000036	SALES	2026-03-17	2026-04-16	CLOSED	136	2026-04-16 16:18:07.069522+09	\N	\N	\N	t	2026-04-17 11:41:57.024596+09	136	2026-04-17 11:46:50.051974+09	136	\N	\N
37	4e7ad782-c2a8-4b35-b52b-9d2990ee80a9	137	CLS000037	PURCHASE	2026-03-17	2026-04-16	CLOSED	137	2026-04-16 16:18:07.069522+09	\N	\N	\N	t	2026-04-17 11:41:57.024596+09	137	2026-04-17 11:46:50.051974+09	137	\N	\N
38	0cacea0e-bd59-4a39-b5e5-dbe4a42dc547	138	CLS000038	SALES	2026-03-17	2026-04-16	CLOSED	138	2026-04-16 16:18:07.069522+09	\N	\N	\N	t	2026-04-17 11:41:57.024596+09	138	2026-04-17 11:46:50.051974+09	138	\N	\N
39	242ffbec-7fdf-4715-9195-6a535cb9967a	139	CLS000039	PURCHASE	2026-03-17	2026-04-16	CLOSED	139	2026-04-16 16:18:07.069522+09	\N	\N	\N	t	2026-04-17 11:41:57.024596+09	139	2026-04-17 11:46:50.051974+09	139	\N	\N
40	24ae2c0b-7c77-4f48-8ae0-be9143f81238	140	CLS000040	SALES	2026-03-17	2026-04-16	CLOSED	140	2026-04-16 16:18:07.069522+09	\N	\N	\N	t	2026-04-17 11:41:57.024596+09	140	2026-04-17 11:46:50.051974+09	140	\N	\N
41	f4bfc145-0b2f-417d-8096-7afc9c323303	141	CLS000041	PURCHASE	2026-03-17	2026-04-16	CLOSED	141	2026-04-16 16:18:07.069522+09	\N	\N	\N	t	2026-04-17 11:41:57.024596+09	141	2026-04-17 11:46:50.051974+09	141	\N	\N
42	2900f4d5-4662-43b5-82a6-1f245cb4b749	142	CLS000042	SALES	2026-03-17	2026-04-16	CLOSED	142	2026-04-16 16:18:07.069522+09	\N	\N	\N	t	2026-04-17 11:41:57.024596+09	142	2026-04-17 11:46:50.051974+09	142	\N	\N
43	878dc4f4-3b86-474e-b55b-46c0a501297d	143	CLS000043	PURCHASE	2026-03-17	2026-04-16	CLOSED	143	2026-04-16 16:18:07.069522+09	\N	\N	\N	t	2026-04-17 11:41:57.024596+09	143	2026-04-17 11:46:50.051974+09	143	\N	\N
44	bdae2e75-fd4e-44e2-a9da-3fef77f63693	144	CLS000044	SALES	2026-03-17	2026-04-16	CLOSED	144	2026-04-16 16:18:07.069522+09	\N	\N	\N	t	2026-04-17 11:41:57.024596+09	144	2026-04-17 11:46:50.051974+09	144	\N	\N
45	ddee7def-bfa8-4828-907b-82d5515d5c30	145	CLS000045	PURCHASE	2026-03-17	2026-04-16	CLOSED	145	2026-04-16 16:18:07.069522+09	\N	\N	\N	t	2026-04-17 11:41:57.024596+09	145	2026-04-17 11:46:50.051974+09	145	\N	\N
46	b4c5262e-fac7-4dc2-b8b8-c7b7c5b46b2c	146	CLS000046	SALES	2026-03-17	2026-04-16	CLOSED	146	2026-04-16 16:18:07.069522+09	\N	\N	\N	t	2026-04-17 11:41:57.024596+09	146	2026-04-17 11:46:50.051974+09	146	\N	\N
47	6de4a241-01d9-4f20-a54c-196ed2ef7981	147	CLS000047	PURCHASE	2026-03-17	2026-04-16	CLOSED	147	2026-04-16 16:18:07.069522+09	\N	\N	\N	t	2026-04-17 11:41:57.024596+09	147	2026-04-17 11:46:50.051974+09	147	\N	\N
48	0e94f0b2-2d7c-4304-9e55-d0c2b684c4ce	148	CLS000048	SALES	2026-03-17	2026-04-16	CLOSED	148	2026-04-16 16:18:07.069522+09	\N	\N	\N	t	2026-04-17 11:41:57.024596+09	148	2026-04-17 11:46:50.051974+09	148	\N	\N
49	98d0d425-632d-4e0a-b208-0ba4393377bf	149	CLS000049	PURCHASE	2026-03-17	2026-04-16	CLOSED	149	2026-04-16 16:18:07.069522+09	\N	\N	\N	t	2026-04-17 11:41:57.024596+09	149	2026-04-17 11:46:50.051974+09	149	\N	\N
50	0a5c9432-a728-43d1-9b93-b503c0aa00bd	150	CLS000050	SALES	2026-03-17	2026-04-16	CLOSED	150	2026-04-16 16:18:07.069522+09	\N	\N	\N	t	2026-04-17 11:41:57.024596+09	150	2026-04-17 11:46:50.051974+09	150	\N	\N
51	443a499e-1b32-444e-844c-fc415be25026	151	CLS000051	PURCHASE	2026-03-17	2026-04-16	CLOSED	151	2026-04-16 16:18:07.069522+09	\N	\N	\N	t	2026-04-17 11:41:57.024596+09	151	2026-04-17 11:46:50.051974+09	151	\N	\N
52	e477831e-dd59-4d52-b44f-c0b6b8e4acf9	152	CLS000052	SALES	2026-03-17	2026-04-16	CLOSED	152	2026-04-16 16:18:07.069522+09	\N	\N	\N	t	2026-04-17 11:41:57.024596+09	152	2026-04-17 11:46:50.051974+09	152	\N	\N
53	093e3ee8-74ea-4ee9-a90f-2b89f1e86ade	153	CLS000053	PURCHASE	2026-03-17	2026-04-16	CLOSED	153	2026-04-16 16:18:07.069522+09	\N	\N	\N	t	2026-04-17 11:41:57.024596+09	153	2026-04-17 11:46:50.051974+09	153	\N	\N
54	3ec0a92f-9aed-477e-8680-82079554d8ad	154	CLS000054	SALES	2026-03-17	2026-04-16	CLOSED	154	2026-04-16 16:18:07.069522+09	\N	\N	\N	t	2026-04-17 11:41:57.024596+09	154	2026-04-17 11:46:50.051974+09	154	\N	\N
55	5e1d32fb-7d86-4a42-a3d3-c00f457f146e	155	CLS000055	PURCHASE	2026-03-17	2026-04-16	CLOSED	155	2026-04-16 16:18:07.069522+09	\N	\N	\N	t	2026-04-17 11:41:57.024596+09	155	2026-04-17 11:46:50.051974+09	155	\N	\N
56	a02547fe-ff1e-443e-b5a3-fc1055fb0d29	156	CLS000056	SALES	2026-03-17	2026-04-16	CLOSED	156	2026-04-16 16:18:07.069522+09	\N	\N	\N	t	2026-04-17 11:41:57.024596+09	156	2026-04-17 11:46:50.051974+09	156	\N	\N
57	1ec70a09-7a02-4bad-9e90-5b5f904aec42	157	CLS000057	PURCHASE	2026-03-17	2026-04-16	CLOSED	157	2026-04-16 16:18:07.069522+09	\N	\N	\N	t	2026-04-17 11:41:57.024596+09	157	2026-04-17 11:46:50.051974+09	157	\N	\N
58	b7783655-9330-4118-948a-662716cfcb18	158	CLS000058	SALES	2026-03-17	2026-04-16	CLOSED	158	2026-04-16 16:18:07.069522+09	\N	\N	\N	t	2026-04-17 11:41:57.024596+09	158	2026-04-17 11:46:50.051974+09	158	\N	\N
59	9ebcf7b5-8ed0-4ca0-979f-9f5563d92d36	159	CLS000059	PURCHASE	2026-03-17	2026-04-16	CLOSED	159	2026-04-16 16:18:07.069522+09	\N	\N	\N	t	2026-04-17 11:41:57.024596+09	159	2026-04-17 11:46:50.051974+09	159	\N	\N
60	a60e6461-6535-4ef8-9c69-092958652204	160	CLS000060	SALES	2026-03-17	2026-04-16	CLOSED	160	2026-04-16 16:18:07.069522+09	\N	\N	\N	t	2026-04-17 11:41:57.024596+09	160	2026-04-17 11:46:50.051974+09	160	\N	\N
61	9084c4f5-e231-4a12-9f4f-b89b1e8a4207	161	CLS000061	PURCHASE	2026-03-17	2026-04-16	CLOSED	161	2026-04-16 16:18:07.069522+09	\N	\N	\N	t	2026-04-17 11:41:57.024596+09	161	2026-04-17 11:46:50.051974+09	161	\N	\N
62	c6b7b3f4-f8d7-45fb-9c01-b994b74d94f5	162	CLS000062	SALES	2026-03-17	2026-04-16	CLOSED	162	2026-04-16 16:18:07.069522+09	\N	\N	\N	t	2026-04-17 11:41:57.024596+09	162	2026-04-17 11:46:50.051974+09	162	\N	\N
63	4bb56be6-e4e5-42c0-b197-a25aa2f1e96e	163	CLS000063	PURCHASE	2026-03-17	2026-04-16	CLOSED	163	2026-04-16 16:18:07.069522+09	\N	\N	\N	t	2026-04-17 11:41:57.024596+09	163	2026-04-17 11:46:50.051974+09	163	\N	\N
64	8b2165fb-a1fd-4fdb-a565-bf87a022acb4	164	CLS000064	SALES	2026-03-17	2026-04-16	CLOSED	164	2026-04-16 16:18:07.069522+09	\N	\N	\N	t	2026-04-17 11:41:57.024596+09	164	2026-04-17 11:46:50.051974+09	164	\N	\N
65	d43476f2-1cc3-4494-b1dd-f3ecf2a7929b	165	CLS000065	PURCHASE	2026-03-17	2026-04-16	CLOSED	165	2026-04-16 16:18:07.069522+09	\N	\N	\N	t	2026-04-17 11:41:57.024596+09	165	2026-04-17 11:46:50.051974+09	165	\N	\N
66	500d7a51-fcea-4459-83fd-0b6d88a8e9b3	166	CLS000066	SALES	2026-03-17	2026-04-16	CLOSED	166	2026-04-16 16:18:07.069522+09	\N	\N	\N	t	2026-04-17 11:41:57.024596+09	166	2026-04-17 11:46:50.051974+09	166	\N	\N
67	2fb19693-185a-44e0-a944-0908371dd4b0	167	CLS000067	PURCHASE	2026-03-17	2026-04-16	CLOSED	167	2026-04-16 16:18:07.069522+09	\N	\N	\N	t	2026-04-17 11:41:57.024596+09	167	2026-04-17 11:46:50.051974+09	167	\N	\N
68	269e228b-8848-4c36-bb78-c80a6f566d29	168	CLS000068	SALES	2026-03-17	2026-04-16	CLOSED	168	2026-04-16 16:18:07.069522+09	\N	\N	\N	t	2026-04-17 11:41:57.024596+09	168	2026-04-17 11:46:50.051974+09	168	\N	\N
69	ee1ae623-52b4-42e2-bf61-b0ed1950557f	169	CLS000069	PURCHASE	2026-03-17	2026-04-16	CLOSED	169	2026-04-16 16:18:07.069522+09	\N	\N	\N	t	2026-04-17 11:41:57.024596+09	169	2026-04-17 11:46:50.051974+09	169	\N	\N
70	0d2e8e54-cc90-43e9-a731-67e54716977c	170	CLS000070	SALES	2026-03-17	2026-04-16	CLOSED	170	2026-04-16 16:18:07.069522+09	\N	\N	\N	t	2026-04-17 11:41:57.024596+09	170	2026-04-17 11:46:50.051974+09	170	\N	\N
71	1a442f20-722a-41d2-af0f-c9f1d7a62c13	171	CLS000071	PURCHASE	2026-03-17	2026-04-16	CLOSED	171	2026-04-16 16:18:07.069522+09	\N	\N	\N	t	2026-04-17 11:41:57.024596+09	171	2026-04-17 11:46:50.051974+09	171	\N	\N
72	664983eb-1b4e-4f8e-87e7-d92651209808	172	CLS000072	SALES	2026-03-17	2026-04-16	CLOSED	172	2026-04-16 16:18:07.069522+09	\N	\N	\N	t	2026-04-17 11:41:57.024596+09	172	2026-04-17 11:46:50.051974+09	172	\N	\N
73	a8caa224-f97a-41ac-8806-e940da6d7ea0	173	CLS000073	PURCHASE	2026-03-17	2026-04-16	CLOSED	173	2026-04-16 16:18:07.069522+09	\N	\N	\N	t	2026-04-17 11:41:57.024596+09	173	2026-04-17 11:46:50.051974+09	173	\N	\N
74	7fb5ab19-1ccb-4eca-b19d-545d58b44d66	174	CLS000074	SALES	2026-03-17	2026-04-16	CLOSED	174	2026-04-16 16:18:07.069522+09	\N	\N	\N	t	2026-04-17 11:41:57.024596+09	174	2026-04-17 11:46:50.051974+09	174	\N	\N
75	dc6ca73a-f516-4a3c-9ba3-cb66ebd0d9b0	175	CLS000075	PURCHASE	2026-03-17	2026-04-16	CLOSED	175	2026-04-16 16:18:07.069522+09	\N	\N	\N	t	2026-04-17 11:41:57.024596+09	175	2026-04-17 11:46:50.051974+09	175	\N	\N
76	be8909c0-b76f-42d0-afb2-5704a37154ca	176	CLS000076	SALES	2026-03-17	2026-04-16	CLOSED	176	2026-04-16 16:18:07.069522+09	\N	\N	\N	t	2026-04-17 11:41:57.024596+09	176	2026-04-17 11:46:50.051974+09	176	\N	\N
77	c6a702e5-aca8-419c-ba0f-6b7aec6e2fd3	177	CLS000077	PURCHASE	2026-03-17	2026-04-16	CLOSED	177	2026-04-16 16:18:07.069522+09	\N	\N	\N	t	2026-04-17 11:41:57.024596+09	177	2026-04-17 11:46:50.051974+09	177	\N	\N
78	47efe372-b121-4db4-862b-0aadb25153a3	178	CLS000078	SALES	2026-03-17	2026-04-16	CLOSED	178	2026-04-16 16:18:07.069522+09	\N	\N	\N	t	2026-04-17 11:41:57.024596+09	178	2026-04-17 11:46:50.051974+09	178	\N	\N
79	62bda14e-9b05-4607-9fc5-59e95797fd36	179	CLS000079	PURCHASE	2026-03-17	2026-04-16	CLOSED	179	2026-04-16 16:18:07.069522+09	\N	\N	\N	t	2026-04-17 11:41:57.024596+09	179	2026-04-17 11:46:50.051974+09	179	\N	\N
80	7fcc0d32-d304-4f3a-a273-a0d60777bafb	180	CLS000080	SALES	2026-03-17	2026-04-16	CLOSED	180	2026-04-16 16:18:07.069522+09	\N	\N	\N	t	2026-04-17 11:41:57.024596+09	180	2026-04-17 11:46:50.051974+09	180	\N	\N
81	387fbd4e-b7d9-469a-9d34-f74b2a6c22f5	181	CLS000081	PURCHASE	2026-03-17	2026-04-16	CLOSED	181	2026-04-16 16:18:07.069522+09	\N	\N	\N	t	2026-04-17 11:41:57.024596+09	181	2026-04-17 11:46:50.051974+09	181	\N	\N
82	a65b6af0-947a-4762-bc85-1f6b8f739b5a	182	CLS000082	SALES	2026-03-17	2026-04-16	CLOSED	182	2026-04-16 16:18:07.069522+09	\N	\N	\N	t	2026-04-17 11:41:57.024596+09	182	2026-04-17 11:46:50.051974+09	182	\N	\N
83	0d309579-7d84-449e-b3e5-13a51fb6840a	183	CLS000083	PURCHASE	2026-03-17	2026-04-16	CLOSED	183	2026-04-16 16:18:07.069522+09	\N	\N	\N	t	2026-04-17 11:41:57.024596+09	183	2026-04-17 11:46:50.051974+09	183	\N	\N
84	00e21fb5-af86-463d-b17a-b3cad8c50243	184	CLS000084	SALES	2026-03-17	2026-04-16	CLOSED	184	2026-04-16 16:18:07.069522+09	\N	\N	\N	t	2026-04-17 11:41:57.024596+09	184	2026-04-17 11:46:50.051974+09	184	\N	\N
85	29ddacf3-f02d-4c39-916b-d505d045b212	185	CLS000085	PURCHASE	2026-03-17	2026-04-16	CLOSED	185	2026-04-16 16:18:07.069522+09	\N	\N	\N	t	2026-04-17 11:41:57.024596+09	185	2026-04-17 11:46:50.051974+09	185	\N	\N
86	ef386e37-43be-4d93-9212-0c97d7beee98	186	CLS000086	SALES	2026-03-17	2026-04-16	CLOSED	186	2026-04-16 16:18:07.069522+09	\N	\N	\N	t	2026-04-17 11:41:57.024596+09	186	2026-04-17 11:46:50.051974+09	186	\N	\N
87	0e210e8f-f2d6-4e37-a184-513f84dff44d	187	CLS000087	PURCHASE	2026-03-17	2026-04-16	CLOSED	187	2026-04-16 16:18:07.069522+09	\N	\N	\N	t	2026-04-17 11:41:57.024596+09	187	2026-04-17 11:46:50.051974+09	187	\N	\N
88	903e9ead-7c9a-4a3f-b74a-404aace3aedb	188	CLS000088	SALES	2026-03-17	2026-04-16	CLOSED	188	2026-04-16 16:18:07.069522+09	\N	\N	\N	t	2026-04-17 11:41:57.024596+09	188	2026-04-17 11:46:50.051974+09	188	\N	\N
89	ee68d4c7-3999-4ca2-9e2d-04aef11b704f	189	CLS000089	PURCHASE	2026-03-17	2026-04-16	CLOSED	189	2026-04-16 16:18:07.069522+09	\N	\N	\N	t	2026-04-17 11:41:57.024596+09	189	2026-04-17 11:46:50.051974+09	189	\N	\N
90	b895cf06-4801-4082-b865-0e5a5ca900db	190	CLS000090	SALES	2026-03-17	2026-04-16	CLOSED	190	2026-04-16 16:18:07.069522+09	\N	\N	\N	t	2026-04-17 11:41:57.024596+09	190	2026-04-17 11:46:50.051974+09	190	\N	\N
91	87de9b07-599f-4833-af95-b7176206ea45	191	CLS000091	PURCHASE	2026-03-17	2026-04-16	CLOSED	191	2026-04-16 16:18:07.069522+09	\N	\N	\N	t	2026-04-17 11:41:57.024596+09	191	2026-04-17 11:46:50.051974+09	191	\N	\N
92	58cf94bd-2dde-49b1-9b7b-0125ae58bcae	192	CLS000092	SALES	2026-03-17	2026-04-16	CLOSED	192	2026-04-16 16:18:07.069522+09	\N	\N	\N	t	2026-04-17 11:41:57.024596+09	192	2026-04-17 11:46:50.051974+09	192	\N	\N
93	5d20c609-4fb3-4f0f-82fb-0193f5f1e50e	193	CLS000093	PURCHASE	2026-03-17	2026-04-16	CLOSED	193	2026-04-16 16:18:07.069522+09	\N	\N	\N	t	2026-04-17 11:41:57.024596+09	193	2026-04-17 11:46:50.051974+09	193	\N	\N
94	572a4f7e-9f61-4ced-8e71-574594e5e399	194	CLS000094	SALES	2026-03-17	2026-04-16	CLOSED	194	2026-04-16 16:18:07.069522+09	\N	\N	\N	t	2026-04-17 11:41:57.024596+09	194	2026-04-17 11:46:50.051974+09	194	\N	\N
95	f58b1266-4fff-4c0f-8039-b3348fbdfee1	195	CLS000095	PURCHASE	2026-03-17	2026-04-16	CLOSED	195	2026-04-16 16:18:07.069522+09	\N	\N	\N	t	2026-04-17 11:41:57.024596+09	195	2026-04-17 11:46:50.051974+09	195	\N	\N
96	49506591-3822-42e2-b9cf-d737e19cd203	196	CLS000096	SALES	2026-03-17	2026-04-16	CLOSED	196	2026-04-16 16:18:07.069522+09	\N	\N	\N	t	2026-04-17 11:41:57.024596+09	196	2026-04-17 11:46:50.051974+09	196	\N	\N
97	5a9d1dbb-b552-4ca7-bfda-9c00c9cf483b	197	CLS000097	PURCHASE	2026-03-17	2026-04-16	CLOSED	197	2026-04-16 16:18:07.069522+09	\N	\N	\N	t	2026-04-17 11:41:57.024596+09	197	2026-04-17 11:46:50.051974+09	197	\N	\N
98	b7c4c3a0-909d-4588-b448-9dc1cf16f57a	198	CLS000098	SALES	2026-03-17	2026-04-16	CLOSED	198	2026-04-16 16:18:07.069522+09	\N	\N	\N	t	2026-04-17 11:41:57.024596+09	198	2026-04-17 11:46:50.051974+09	198	\N	\N
99	046e3a4b-8d20-4db8-87e9-ddf0f988b19a	199	CLS000099	PURCHASE	2026-03-17	2026-04-16	CLOSED	199	2026-04-16 16:18:07.069522+09	\N	\N	\N	t	2026-04-17 11:41:57.024596+09	199	2026-04-17 11:46:50.051974+09	199	\N	\N
100	81274145-41d5-4613-a129-a38db91e09b3	200	CLS000100	SALES	2026-03-17	2026-04-16	CLOSED	200	2026-04-16 16:18:07.069522+09	\N	\N	\N	t	2026-04-17 11:41:57.024596+09	200	2026-04-17 11:46:50.051974+09	200	\N	\N
\.


--
-- Data for Name: settlement_lines; Type: TABLE DATA; Schema: stl; Owner: -
--

COPY stl.settlement_lines (settlement_line_id, settlement_line_uid, tenant_id, settlement_id, line_seq, line_type, line_name, quantity, unit_price, supply_amount, vat_amount, total_amount, rate_source, adjustment_reason, created_by, created_at, updated_at, is_active, updated_by, deleted_at, deleted_by) FROM stdin;
3	f9ac8892-85df-4e01-a25c-5838ea5c6095	103	3	1	BASE_FREIGHT	Test base freight	1.000	103000.0000	103000.00	10300.00	113300.00	{"source": "test seed", "settlement_no": "STL000003"}	\N	103	2026-04-16 16:18:07.069522+09	2026-04-17 11:46:50.051974+09	t	103	\N	\N
4	37470536-eed9-4bb0-9d51-06bd159e966a	104	4	1	BASE_FREIGHT	Test base freight	1.000	104000.0000	104000.00	10400.00	114400.00	{"source": "test seed", "settlement_no": "STL000004"}	\N	104	2026-04-16 16:18:07.069522+09	2026-04-17 11:46:50.051974+09	t	104	\N	\N
5	e223595f-ab90-40d2-b379-ccecd74951db	105	5	1	BASE_FREIGHT	Test base freight	1.000	105000.0000	105000.00	10500.00	115500.00	{"source": "test seed", "settlement_no": "STL000005"}	\N	105	2026-04-16 16:18:07.069522+09	2026-04-17 11:46:50.051974+09	t	105	\N	\N
6	81e5c958-1f73-4fac-b2fc-0ffafea7c5a0	106	6	1	BASE_FREIGHT	Test base freight	1.000	106000.0000	106000.00	10600.00	116600.00	{"source": "test seed", "settlement_no": "STL000006"}	\N	106	2026-04-16 16:18:07.069522+09	2026-04-17 11:46:50.051974+09	t	106	\N	\N
7	86eb99dd-8833-48c4-ab93-ea7221e8ab1a	107	7	1	BASE_FREIGHT	Test base freight	1.000	107000.0000	107000.00	10700.00	117700.00	{"source": "test seed", "settlement_no": "STL000007"}	\N	107	2026-04-16 16:18:07.069522+09	2026-04-17 11:46:50.051974+09	t	107	\N	\N
8	0e32c11e-b9c8-41a6-88cf-cd51b820387b	108	8	1	BASE_FREIGHT	Test base freight	1.000	108000.0000	108000.00	10800.00	118800.00	{"source": "test seed", "settlement_no": "STL000008"}	\N	108	2026-04-16 16:18:07.069522+09	2026-04-17 11:46:50.051974+09	t	108	\N	\N
9	688fdf5e-215d-4635-a564-10f4c8268f2d	109	9	1	BASE_FREIGHT	Test base freight	1.000	109000.0000	109000.00	10900.00	119900.00	{"source": "test seed", "settlement_no": "STL000009"}	\N	109	2026-04-16 16:18:07.069522+09	2026-04-17 11:46:50.051974+09	t	109	\N	\N
10	9556322f-4482-450a-91af-400a1a084156	110	10	1	BASE_FREIGHT	Test base freight	1.000	110000.0000	110000.00	11000.00	121000.00	{"source": "test seed", "settlement_no": "STL000010"}	\N	110	2026-04-16 16:18:07.069522+09	2026-04-17 11:46:50.051974+09	t	110	\N	\N
11	3ecb9c19-c237-43ab-a0e2-58ac8b14bcd6	111	11	1	BASE_FREIGHT	Test base freight	1.000	111000.0000	111000.00	11100.00	122100.00	{"source": "test seed", "settlement_no": "STL000011"}	\N	111	2026-04-16 16:18:07.069522+09	2026-04-17 11:46:50.051974+09	t	111	\N	\N
12	dbe1e431-cd94-4729-809d-cb01856022ad	112	12	1	BASE_FREIGHT	Test base freight	1.000	112000.0000	112000.00	11200.00	123200.00	{"source": "test seed", "settlement_no": "STL000012"}	\N	112	2026-04-16 16:18:07.069522+09	2026-04-17 11:46:50.051974+09	t	112	\N	\N
13	e005528d-ebf1-4aab-8487-0b4965962bc5	113	13	1	BASE_FREIGHT	Test base freight	1.000	113000.0000	113000.00	11300.00	124300.00	{"source": "test seed", "settlement_no": "STL000013"}	\N	113	2026-04-16 16:18:07.069522+09	2026-04-17 11:46:50.051974+09	t	113	\N	\N
14	1a9b7423-c9f6-4fc0-8fea-21d2b093fc68	114	14	1	BASE_FREIGHT	Test base freight	1.000	114000.0000	114000.00	11400.00	125400.00	{"source": "test seed", "settlement_no": "STL000014"}	\N	114	2026-04-16 16:18:07.069522+09	2026-04-17 11:46:50.051974+09	t	114	\N	\N
15	3cf32378-f8e9-4845-9932-cfa0a42c5615	115	15	1	BASE_FREIGHT	Test base freight	1.000	115000.0000	115000.00	11500.00	126500.00	{"source": "test seed", "settlement_no": "STL000015"}	\N	115	2026-04-16 16:18:07.069522+09	2026-04-17 11:46:50.051974+09	t	115	\N	\N
16	abd915c5-331e-4216-954b-7004e021bc48	116	16	1	BASE_FREIGHT	Test base freight	1.000	116000.0000	116000.00	11600.00	127600.00	{"source": "test seed", "settlement_no": "STL000016"}	\N	116	2026-04-16 16:18:07.069522+09	2026-04-17 11:46:50.051974+09	t	116	\N	\N
17	600f1d38-e2e1-4162-9d24-1434d7b730c3	117	17	1	BASE_FREIGHT	Test base freight	1.000	117000.0000	117000.00	11700.00	128700.00	{"source": "test seed", "settlement_no": "STL000017"}	\N	117	2026-04-16 16:18:07.069522+09	2026-04-17 11:46:50.051974+09	t	117	\N	\N
18	0a3385f6-0dce-445a-adde-107c88ec1498	118	18	1	BASE_FREIGHT	Test base freight	1.000	118000.0000	118000.00	11800.00	129800.00	{"source": "test seed", "settlement_no": "STL000018"}	\N	118	2026-04-16 16:18:07.069522+09	2026-04-17 11:46:50.051974+09	t	118	\N	\N
19	56ebc5e4-3ae0-49e1-b1d4-cce61fe10bdc	119	19	1	BASE_FREIGHT	Test base freight	1.000	119000.0000	119000.00	11900.00	130900.00	{"source": "test seed", "settlement_no": "STL000019"}	\N	119	2026-04-16 16:18:07.069522+09	2026-04-17 11:46:50.051974+09	t	119	\N	\N
20	46c60ac9-3761-4710-b1a7-8c0439af07a5	120	20	1	BASE_FREIGHT	Test base freight	1.000	120000.0000	120000.00	12000.00	132000.00	{"source": "test seed", "settlement_no": "STL000020"}	\N	120	2026-04-16 16:18:07.069522+09	2026-04-17 11:46:50.051974+09	t	120	\N	\N
21	0bee1dfb-c9ea-4d0b-a065-cf36709bba66	121	21	1	BASE_FREIGHT	Test base freight	1.000	121000.0000	121000.00	12100.00	133100.00	{"source": "test seed", "settlement_no": "STL000021"}	\N	121	2026-04-16 16:18:07.069522+09	2026-04-17 11:46:50.051974+09	t	121	\N	\N
22	316c9141-2d83-42ff-a499-faadb5a26370	122	22	1	BASE_FREIGHT	Test base freight	1.000	122000.0000	122000.00	12200.00	134200.00	{"source": "test seed", "settlement_no": "STL000022"}	\N	122	2026-04-16 16:18:07.069522+09	2026-04-17 11:46:50.051974+09	t	122	\N	\N
23	2de76865-1aa2-40c9-a187-8cf5791a10b5	123	23	1	BASE_FREIGHT	Test base freight	1.000	123000.0000	123000.00	12300.00	135300.00	{"source": "test seed", "settlement_no": "STL000023"}	\N	123	2026-04-16 16:18:07.069522+09	2026-04-17 11:46:50.051974+09	t	123	\N	\N
24	99451d31-78f7-4fdc-b177-9694de759568	124	24	1	BASE_FREIGHT	Test base freight	1.000	124000.0000	124000.00	12400.00	136400.00	{"source": "test seed", "settlement_no": "STL000024"}	\N	124	2026-04-16 16:18:07.069522+09	2026-04-17 11:46:50.051974+09	t	124	\N	\N
25	860038bb-0c5f-4f26-b722-fcf278de558e	125	25	1	BASE_FREIGHT	Test base freight	1.000	125000.0000	125000.00	12500.00	137500.00	{"source": "test seed", "settlement_no": "STL000025"}	\N	125	2026-04-16 16:18:07.069522+09	2026-04-17 11:46:50.051974+09	t	125	\N	\N
26	2d43086d-1a83-4437-ac7f-280b1ed2f229	126	26	1	BASE_FREIGHT	Test base freight	1.000	126000.0000	126000.00	12600.00	138600.00	{"source": "test seed", "settlement_no": "STL000026"}	\N	126	2026-04-16 16:18:07.069522+09	2026-04-17 11:46:50.051974+09	t	126	\N	\N
27	39f0e867-f88e-4a03-8d18-ca4ffb6f42bd	127	27	1	BASE_FREIGHT	Test base freight	1.000	127000.0000	127000.00	12700.00	139700.00	{"source": "test seed", "settlement_no": "STL000027"}	\N	127	2026-04-16 16:18:07.069522+09	2026-04-17 11:46:50.051974+09	t	127	\N	\N
28	ce15fb3f-a6fc-4073-bfa4-3590a7d45bf3	128	28	1	BASE_FREIGHT	Test base freight	1.000	128000.0000	128000.00	12800.00	140800.00	{"source": "test seed", "settlement_no": "STL000028"}	\N	128	2026-04-16 16:18:07.069522+09	2026-04-17 11:46:50.051974+09	t	128	\N	\N
29	9b5ccb5d-db21-42f6-92a5-0af8e21ea78f	129	29	1	BASE_FREIGHT	Test base freight	1.000	129000.0000	129000.00	12900.00	141900.00	{"source": "test seed", "settlement_no": "STL000029"}	\N	129	2026-04-16 16:18:07.069522+09	2026-04-17 11:46:50.051974+09	t	129	\N	\N
30	6abc5288-62c2-4de8-9bce-11577cce9020	130	30	1	BASE_FREIGHT	Test base freight	1.000	130000.0000	130000.00	13000.00	143000.00	{"source": "test seed", "settlement_no": "STL000030"}	\N	130	2026-04-16 16:18:07.069522+09	2026-04-17 11:46:50.051974+09	t	130	\N	\N
31	18fc1c87-97dd-4326-9e7f-ec9b989fda13	131	31	1	BASE_FREIGHT	Test base freight	1.000	131000.0000	131000.00	13100.00	144100.00	{"source": "test seed", "settlement_no": "STL000031"}	\N	131	2026-04-16 16:18:07.069522+09	2026-04-17 11:46:50.051974+09	t	131	\N	\N
32	f383b151-23fc-4c52-b14a-122546ef3b6a	132	32	1	BASE_FREIGHT	Test base freight	1.000	132000.0000	132000.00	13200.00	145200.00	{"source": "test seed", "settlement_no": "STL000032"}	\N	132	2026-04-16 16:18:07.069522+09	2026-04-17 11:46:50.051974+09	t	132	\N	\N
33	3e9ff055-f11a-45fa-aee3-01b09329a794	133	33	1	BASE_FREIGHT	Test base freight	1.000	133000.0000	133000.00	13300.00	146300.00	{"source": "test seed", "settlement_no": "STL000033"}	\N	133	2026-04-16 16:18:07.069522+09	2026-04-17 11:46:50.051974+09	t	133	\N	\N
34	5b5aa5d2-a417-453d-bfb2-8da83b024111	134	34	1	BASE_FREIGHT	Test base freight	1.000	134000.0000	134000.00	13400.00	147400.00	{"source": "test seed", "settlement_no": "STL000034"}	\N	134	2026-04-16 16:18:07.069522+09	2026-04-17 11:46:50.051974+09	t	134	\N	\N
35	0349b41c-90ad-4e07-97a9-68822f01a965	135	35	1	BASE_FREIGHT	Test base freight	1.000	135000.0000	135000.00	13500.00	148500.00	{"source": "test seed", "settlement_no": "STL000035"}	\N	135	2026-04-16 16:18:07.069522+09	2026-04-17 11:46:50.051974+09	t	135	\N	\N
36	a9482826-ee8e-40fb-863a-580333e837da	136	36	1	BASE_FREIGHT	Test base freight	1.000	136000.0000	136000.00	13600.00	149600.00	{"source": "test seed", "settlement_no": "STL000036"}	\N	136	2026-04-16 16:18:07.069522+09	2026-04-17 11:46:50.051974+09	t	136	\N	\N
37	b577f5eb-ead4-41a7-85df-79fb2a1f9fc8	137	37	1	BASE_FREIGHT	Test base freight	1.000	137000.0000	137000.00	13700.00	150700.00	{"source": "test seed", "settlement_no": "STL000037"}	\N	137	2026-04-16 16:18:07.069522+09	2026-04-17 11:46:50.051974+09	t	137	\N	\N
38	264172e7-d368-46b6-83d6-fed2e05f467d	138	38	1	BASE_FREIGHT	Test base freight	1.000	138000.0000	138000.00	13800.00	151800.00	{"source": "test seed", "settlement_no": "STL000038"}	\N	138	2026-04-16 16:18:07.069522+09	2026-04-17 11:46:50.051974+09	t	138	\N	\N
39	197bffa7-d6fa-49d0-9e90-1619b93356cb	139	39	1	BASE_FREIGHT	Test base freight	1.000	139000.0000	139000.00	13900.00	152900.00	{"source": "test seed", "settlement_no": "STL000039"}	\N	139	2026-04-16 16:18:07.069522+09	2026-04-17 11:46:50.051974+09	t	139	\N	\N
40	2617321e-8885-4eca-af66-e30afe840fc0	140	40	1	BASE_FREIGHT	Test base freight	1.000	140000.0000	140000.00	14000.00	154000.00	{"source": "test seed", "settlement_no": "STL000040"}	\N	140	2026-04-16 16:18:07.069522+09	2026-04-17 11:46:50.051974+09	t	140	\N	\N
41	9b3b5add-d16a-463e-bc70-9d995488749b	141	41	1	BASE_FREIGHT	Test base freight	1.000	141000.0000	141000.00	14100.00	155100.00	{"source": "test seed", "settlement_no": "STL000041"}	\N	141	2026-04-16 16:18:07.069522+09	2026-04-17 11:46:50.051974+09	t	141	\N	\N
42	9a74072d-416d-4c58-893b-a9b579062097	142	42	1	BASE_FREIGHT	Test base freight	1.000	142000.0000	142000.00	14200.00	156200.00	{"source": "test seed", "settlement_no": "STL000042"}	\N	142	2026-04-16 16:18:07.069522+09	2026-04-17 11:46:50.051974+09	t	142	\N	\N
43	ea28c10c-93ec-4796-9180-89b718918bd6	143	43	1	BASE_FREIGHT	Test base freight	1.000	143000.0000	143000.00	14300.00	157300.00	{"source": "test seed", "settlement_no": "STL000043"}	\N	143	2026-04-16 16:18:07.069522+09	2026-04-17 11:46:50.051974+09	t	143	\N	\N
44	d2498c3d-fc51-4477-bec0-2acc3f28c5a2	144	44	1	BASE_FREIGHT	Test base freight	1.000	144000.0000	144000.00	14400.00	158400.00	{"source": "test seed", "settlement_no": "STL000044"}	\N	144	2026-04-16 16:18:07.069522+09	2026-04-17 11:46:50.051974+09	t	144	\N	\N
45	650792ad-c1ae-4bf0-9fec-ee11d60a0079	145	45	1	BASE_FREIGHT	Test base freight	1.000	145000.0000	145000.00	14500.00	159500.00	{"source": "test seed", "settlement_no": "STL000045"}	\N	145	2026-04-16 16:18:07.069522+09	2026-04-17 11:46:50.051974+09	t	145	\N	\N
46	78944bce-d487-4bda-9204-9255633c9b11	146	46	1	BASE_FREIGHT	Test base freight	1.000	146000.0000	146000.00	14600.00	160600.00	{"source": "test seed", "settlement_no": "STL000046"}	\N	146	2026-04-16 16:18:07.069522+09	2026-04-17 11:46:50.051974+09	t	146	\N	\N
47	2fbfb954-9329-484e-a99f-60c3ee2e48a4	147	47	1	BASE_FREIGHT	Test base freight	1.000	147000.0000	147000.00	14700.00	161700.00	{"source": "test seed", "settlement_no": "STL000047"}	\N	147	2026-04-16 16:18:07.069522+09	2026-04-17 11:46:50.051974+09	t	147	\N	\N
48	5dcd102d-d65d-4e0e-8942-beff0f4f8e28	148	48	1	BASE_FREIGHT	Test base freight	1.000	148000.0000	148000.00	14800.00	162800.00	{"source": "test seed", "settlement_no": "STL000048"}	\N	148	2026-04-16 16:18:07.069522+09	2026-04-17 11:46:50.051974+09	t	148	\N	\N
49	00c27823-f0d8-4a66-ad9b-a083c559628e	149	49	1	BASE_FREIGHT	Test base freight	1.000	149000.0000	149000.00	14900.00	163900.00	{"source": "test seed", "settlement_no": "STL000049"}	\N	149	2026-04-16 16:18:07.069522+09	2026-04-17 11:46:50.051974+09	t	149	\N	\N
50	090180c8-769e-42c6-bef2-3058b7c47f82	150	50	1	BASE_FREIGHT	Test base freight	1.000	150000.0000	150000.00	15000.00	165000.00	{"source": "test seed", "settlement_no": "STL000050"}	\N	150	2026-04-16 16:18:07.069522+09	2026-04-17 11:46:50.051974+09	t	150	\N	\N
51	6612a307-3b34-41b7-b2b9-65c7a40b081b	151	51	1	BASE_FREIGHT	Test base freight	1.000	151000.0000	151000.00	15100.00	166100.00	{"source": "test seed", "settlement_no": "STL000051"}	\N	151	2026-04-16 16:18:07.069522+09	2026-04-17 11:46:50.051974+09	t	151	\N	\N
52	a85aa92c-6f10-4ae3-a64e-0255af4737b0	152	52	1	BASE_FREIGHT	Test base freight	1.000	152000.0000	152000.00	15200.00	167200.00	{"source": "test seed", "settlement_no": "STL000052"}	\N	152	2026-04-16 16:18:07.069522+09	2026-04-17 11:46:50.051974+09	t	152	\N	\N
53	205d37f9-11dc-4d1c-ab6c-d38b343a39ee	153	53	1	BASE_FREIGHT	Test base freight	1.000	153000.0000	153000.00	15300.00	168300.00	{"source": "test seed", "settlement_no": "STL000053"}	\N	153	2026-04-16 16:18:07.069522+09	2026-04-17 11:46:50.051974+09	t	153	\N	\N
54	bdfc432f-002a-4c23-b9e4-4bb03c28bf64	154	54	1	BASE_FREIGHT	Test base freight	1.000	154000.0000	154000.00	15400.00	169400.00	{"source": "test seed", "settlement_no": "STL000054"}	\N	154	2026-04-16 16:18:07.069522+09	2026-04-17 11:46:50.051974+09	t	154	\N	\N
55	0f3a0a44-2b70-4c3c-b4ed-196850923407	155	55	1	BASE_FREIGHT	Test base freight	1.000	155000.0000	155000.00	15500.00	170500.00	{"source": "test seed", "settlement_no": "STL000055"}	\N	155	2026-04-16 16:18:07.069522+09	2026-04-17 11:46:50.051974+09	t	155	\N	\N
56	303b13a3-af1d-42e2-b722-6b3820e5275b	156	56	1	BASE_FREIGHT	Test base freight	1.000	156000.0000	156000.00	15600.00	171600.00	{"source": "test seed", "settlement_no": "STL000056"}	\N	156	2026-04-16 16:18:07.069522+09	2026-04-17 11:46:50.051974+09	t	156	\N	\N
57	2d5b212a-f2ee-4d60-887d-7ba2311e782d	157	57	1	BASE_FREIGHT	Test base freight	1.000	157000.0000	157000.00	15700.00	172700.00	{"source": "test seed", "settlement_no": "STL000057"}	\N	157	2026-04-16 16:18:07.069522+09	2026-04-17 11:46:50.051974+09	t	157	\N	\N
58	bd1ab618-f27b-49df-bc71-e19423fd7557	158	58	1	BASE_FREIGHT	Test base freight	1.000	158000.0000	158000.00	15800.00	173800.00	{"source": "test seed", "settlement_no": "STL000058"}	\N	158	2026-04-16 16:18:07.069522+09	2026-04-17 11:46:50.051974+09	t	158	\N	\N
59	b074f829-a529-447e-9d01-e1222f6597ef	159	59	1	BASE_FREIGHT	Test base freight	1.000	159000.0000	159000.00	15900.00	174900.00	{"source": "test seed", "settlement_no": "STL000059"}	\N	159	2026-04-16 16:18:07.069522+09	2026-04-17 11:46:50.051974+09	t	159	\N	\N
60	fdbb07f9-a353-4c70-8cb3-35b049068e37	160	60	1	BASE_FREIGHT	Test base freight	1.000	160000.0000	160000.00	16000.00	176000.00	{"source": "test seed", "settlement_no": "STL000060"}	\N	160	2026-04-16 16:18:07.069522+09	2026-04-17 11:46:50.051974+09	t	160	\N	\N
61	2ca7acb4-11cf-45cd-ace2-66ce7502a133	161	61	1	BASE_FREIGHT	Test base freight	1.000	161000.0000	161000.00	16100.00	177100.00	{"source": "test seed", "settlement_no": "STL000061"}	\N	161	2026-04-16 16:18:07.069522+09	2026-04-17 11:46:50.051974+09	t	161	\N	\N
62	c28d1e62-5e5e-4197-a868-b0d4c8746ebf	162	62	1	BASE_FREIGHT	Test base freight	1.000	162000.0000	162000.00	16200.00	178200.00	{"source": "test seed", "settlement_no": "STL000062"}	\N	162	2026-04-16 16:18:07.069522+09	2026-04-17 11:46:50.051974+09	t	162	\N	\N
63	81abba89-8b11-4c51-84d9-4428a17483eb	163	63	1	BASE_FREIGHT	Test base freight	1.000	163000.0000	163000.00	16300.00	179300.00	{"source": "test seed", "settlement_no": "STL000063"}	\N	163	2026-04-16 16:18:07.069522+09	2026-04-17 11:46:50.051974+09	t	163	\N	\N
64	5780ef81-fbb6-4a2d-bd61-f4851919ad28	164	64	1	BASE_FREIGHT	Test base freight	1.000	164000.0000	164000.00	16400.00	180400.00	{"source": "test seed", "settlement_no": "STL000064"}	\N	164	2026-04-16 16:18:07.069522+09	2026-04-17 11:46:50.051974+09	t	164	\N	\N
65	53299fb9-1d84-4922-bd71-e6082e74fee3	165	65	1	BASE_FREIGHT	Test base freight	1.000	165000.0000	165000.00	16500.00	181500.00	{"source": "test seed", "settlement_no": "STL000065"}	\N	165	2026-04-16 16:18:07.069522+09	2026-04-17 11:46:50.051974+09	t	165	\N	\N
66	4c89c0e5-9e50-48f5-896f-8da9211595c4	166	66	1	BASE_FREIGHT	Test base freight	1.000	166000.0000	166000.00	16600.00	182600.00	{"source": "test seed", "settlement_no": "STL000066"}	\N	166	2026-04-16 16:18:07.069522+09	2026-04-17 11:46:50.051974+09	t	166	\N	\N
67	fe2d668b-d419-4d57-91df-6bbf5869cac8	167	67	1	BASE_FREIGHT	Test base freight	1.000	167000.0000	167000.00	16700.00	183700.00	{"source": "test seed", "settlement_no": "STL000067"}	\N	167	2026-04-16 16:18:07.069522+09	2026-04-17 11:46:50.051974+09	t	167	\N	\N
68	7de710ca-8e22-4c92-8ac3-cd6bfd356274	168	68	1	BASE_FREIGHT	Test base freight	1.000	168000.0000	168000.00	16800.00	184800.00	{"source": "test seed", "settlement_no": "STL000068"}	\N	168	2026-04-16 16:18:07.069522+09	2026-04-17 11:46:50.051974+09	t	168	\N	\N
1	aaab77b2-1272-4475-a707-3d69ec530ce2	101	1	1	BASE_FREIGHT	Test base freight	1.000	101000.0000	101000.00	10100.00	111100.00	{"source": "test seed", "settlement_no": "STL000001"}	\N	101	2026-04-16 16:18:07.069522+09	2026-04-17 11:46:50.051974+09	t	101	\N	\N
2	d136c280-7b17-43d1-b013-1f412b34c51e	102	2	1	BASE_FREIGHT	Test base freight	1.000	102000.0000	102000.00	10200.00	112200.00	{"source": "test seed", "settlement_no": "STL000002"}	\N	102	2026-04-16 16:18:07.069522+09	2026-04-17 11:46:50.051974+09	t	102	\N	\N
69	56e5ff46-22e6-4308-b306-9e87055c04eb	169	69	1	BASE_FREIGHT	Test base freight	1.000	169000.0000	169000.00	16900.00	185900.00	{"source": "test seed", "settlement_no": "STL000069"}	\N	169	2026-04-16 16:18:07.069522+09	2026-04-17 11:46:50.051974+09	t	169	\N	\N
70	c5c67dd7-0ebb-4fbe-979e-20bb004dc2cb	170	70	1	BASE_FREIGHT	Test base freight	1.000	170000.0000	170000.00	17000.00	187000.00	{"source": "test seed", "settlement_no": "STL000070"}	\N	170	2026-04-16 16:18:07.069522+09	2026-04-17 11:46:50.051974+09	t	170	\N	\N
71	b0fc362b-9515-44eb-99e1-16cdda5debca	171	71	1	BASE_FREIGHT	Test base freight	1.000	171000.0000	171000.00	17100.00	188100.00	{"source": "test seed", "settlement_no": "STL000071"}	\N	171	2026-04-16 16:18:07.069522+09	2026-04-17 11:46:50.051974+09	t	171	\N	\N
72	25e03a83-c587-4ec3-87c5-98a412d798d3	172	72	1	BASE_FREIGHT	Test base freight	1.000	172000.0000	172000.00	17200.00	189200.00	{"source": "test seed", "settlement_no": "STL000072"}	\N	172	2026-04-16 16:18:07.069522+09	2026-04-17 11:46:50.051974+09	t	172	\N	\N
80	1d03cab2-81c9-4b22-915a-cc05becbdb84	180	80	1	BASE_FREIGHT	Test base freight	1.000	180000.0000	180000.00	18000.00	198000.00	{"source": "test seed", "settlement_no": "STL000080"}	\N	180	2026-04-16 16:18:07.069522+09	2026-04-17 11:46:50.051974+09	t	180	\N	\N
81	31b938f0-533b-4268-a06d-2f69cfd13908	181	81	1	BASE_FREIGHT	Test base freight	1.000	181000.0000	181000.00	18100.00	199100.00	{"source": "test seed", "settlement_no": "STL000081"}	\N	181	2026-04-16 16:18:07.069522+09	2026-04-17 11:46:50.051974+09	t	181	\N	\N
82	9c84dc66-4322-4567-8bb4-1acb8acb8c5b	182	82	1	BASE_FREIGHT	Test base freight	1.000	182000.0000	182000.00	18200.00	200200.00	{"source": "test seed", "settlement_no": "STL000082"}	\N	182	2026-04-16 16:18:07.069522+09	2026-04-17 11:46:50.051974+09	t	182	\N	\N
83	1a234fd2-4dd1-4978-ae98-bf4adfe247cc	183	83	1	BASE_FREIGHT	Test base freight	1.000	183000.0000	183000.00	18300.00	201300.00	{"source": "test seed", "settlement_no": "STL000083"}	\N	183	2026-04-16 16:18:07.069522+09	2026-04-17 11:46:50.051974+09	t	183	\N	\N
84	46c62c6a-955c-4ffe-8c3c-0ab5d22b851d	184	84	1	BASE_FREIGHT	Test base freight	1.000	184000.0000	184000.00	18400.00	202400.00	{"source": "test seed", "settlement_no": "STL000084"}	\N	184	2026-04-16 16:18:07.069522+09	2026-04-17 11:46:50.051974+09	t	184	\N	\N
85	28b64260-ba1d-471c-b314-7bf6be6a06d3	185	85	1	BASE_FREIGHT	Test base freight	1.000	185000.0000	185000.00	18500.00	203500.00	{"source": "test seed", "settlement_no": "STL000085"}	\N	185	2026-04-16 16:18:07.069522+09	2026-04-17 11:46:50.051974+09	t	185	\N	\N
86	df45785e-ffb3-410e-b979-f4b8c6856af9	186	86	1	BASE_FREIGHT	Test base freight	1.000	186000.0000	186000.00	18600.00	204600.00	{"source": "test seed", "settlement_no": "STL000086"}	\N	186	2026-04-16 16:18:07.069522+09	2026-04-17 11:46:50.051974+09	t	186	\N	\N
87	36576bec-30aa-4f4c-b586-82b042fe1365	187	87	1	BASE_FREIGHT	Test base freight	1.000	187000.0000	187000.00	18700.00	205700.00	{"source": "test seed", "settlement_no": "STL000087"}	\N	187	2026-04-16 16:18:07.069522+09	2026-04-17 11:46:50.051974+09	t	187	\N	\N
88	f28bf7c0-310a-483e-b71c-84750e06ee15	188	88	1	BASE_FREIGHT	Test base freight	1.000	188000.0000	188000.00	18800.00	206800.00	{"source": "test seed", "settlement_no": "STL000088"}	\N	188	2026-04-16 16:18:07.069522+09	2026-04-17 11:46:50.051974+09	t	188	\N	\N
89	fcd7be85-82c9-416a-afe7-52e5ffa75f3f	189	89	1	BASE_FREIGHT	Test base freight	1.000	189000.0000	189000.00	18900.00	207900.00	{"source": "test seed", "settlement_no": "STL000089"}	\N	189	2026-04-16 16:18:07.069522+09	2026-04-17 11:46:50.051974+09	t	189	\N	\N
90	89d436f5-887d-45e8-bedb-7e9f4c8e27f8	190	90	1	BASE_FREIGHT	Test base freight	1.000	190000.0000	190000.00	19000.00	209000.00	{"source": "test seed", "settlement_no": "STL000090"}	\N	190	2026-04-16 16:18:07.069522+09	2026-04-17 11:46:50.051974+09	t	190	\N	\N
91	65b14156-639e-4f16-8940-fc177465d6c6	191	91	1	BASE_FREIGHT	Test base freight	1.000	191000.0000	191000.00	19100.00	210100.00	{"source": "test seed", "settlement_no": "STL000091"}	\N	191	2026-04-16 16:18:07.069522+09	2026-04-17 11:46:50.051974+09	t	191	\N	\N
92	216bc52c-3578-4a0b-ae0b-4b8a7dbcb9e0	192	92	1	BASE_FREIGHT	Test base freight	1.000	192000.0000	192000.00	19200.00	211200.00	{"source": "test seed", "settlement_no": "STL000092"}	\N	192	2026-04-16 16:18:07.069522+09	2026-04-17 11:46:50.051974+09	t	192	\N	\N
93	cc387fa8-b08a-4b34-bcc9-0fafe5016e80	193	93	1	BASE_FREIGHT	Test base freight	1.000	193000.0000	193000.00	19300.00	212300.00	{"source": "test seed", "settlement_no": "STL000093"}	\N	193	2026-04-16 16:18:07.069522+09	2026-04-17 11:46:50.051974+09	t	193	\N	\N
94	1d7256e3-2c55-4d79-9b52-d5387dadad7d	194	94	1	BASE_FREIGHT	Test base freight	1.000	194000.0000	194000.00	19400.00	213400.00	{"source": "test seed", "settlement_no": "STL000094"}	\N	194	2026-04-16 16:18:07.069522+09	2026-04-17 11:46:50.051974+09	t	194	\N	\N
95	77ad3bd1-1d39-41f3-87a7-dcc6249c8658	195	95	1	BASE_FREIGHT	Test base freight	1.000	195000.0000	195000.00	19500.00	214500.00	{"source": "test seed", "settlement_no": "STL000095"}	\N	195	2026-04-16 16:18:07.069522+09	2026-04-17 11:46:50.051974+09	t	195	\N	\N
96	9e323946-f9b1-45c1-aaa0-ac7a265f3785	196	96	1	BASE_FREIGHT	Test base freight	1.000	196000.0000	196000.00	19600.00	215600.00	{"source": "test seed", "settlement_no": "STL000096"}	\N	196	2026-04-16 16:18:07.069522+09	2026-04-17 11:46:50.051974+09	t	196	\N	\N
97	b8d46f97-ac5b-4453-8d02-9cb57cd70733	197	97	1	BASE_FREIGHT	Test base freight	1.000	197000.0000	197000.00	19700.00	216700.00	{"source": "test seed", "settlement_no": "STL000097"}	\N	197	2026-04-16 16:18:07.069522+09	2026-04-17 11:46:50.051974+09	t	197	\N	\N
98	3d60b586-55c0-4a4e-a75e-64dc384c92e4	198	98	1	BASE_FREIGHT	Test base freight	1.000	198000.0000	198000.00	19800.00	217800.00	{"source": "test seed", "settlement_no": "STL000098"}	\N	198	2026-04-16 16:18:07.069522+09	2026-04-17 11:46:50.051974+09	t	198	\N	\N
99	71b351ab-4e0f-4ed4-8bbb-53fcdb28b4f3	199	99	1	BASE_FREIGHT	Test base freight	1.000	199000.0000	199000.00	19900.00	218900.00	{"source": "test seed", "settlement_no": "STL000099"}	\N	199	2026-04-16 16:18:07.069522+09	2026-04-17 11:46:50.051974+09	t	199	\N	\N
100	a98fba5c-89fb-4000-a188-3170de114eef	200	100	1	BASE_FREIGHT	Test base freight	1.000	200000.0000	200000.00	20000.00	220000.00	{"source": "test seed", "settlement_no": "STL000100"}	\N	200	2026-04-16 16:18:07.069522+09	2026-04-17 11:46:50.051974+09	t	200	\N	\N
73	cefd0b47-ebe9-45cb-83fe-d8cf85560cf2	173	73	1	BASE_FREIGHT	Test base freight	1.000	173000.0000	173000.00	17300.00	190300.00	{"source": "test seed", "settlement_no": "STL000073"}	\N	173	2026-04-16 16:18:07.069522+09	2026-04-17 11:46:50.051974+09	t	173	\N	\N
74	678fa8ce-919f-41a7-ba9b-6caaa6ef3334	174	74	1	BASE_FREIGHT	Test base freight	1.000	174000.0000	174000.00	17400.00	191400.00	{"source": "test seed", "settlement_no": "STL000074"}	\N	174	2026-04-16 16:18:07.069522+09	2026-04-17 11:46:50.051974+09	t	174	\N	\N
75	ac0e042d-4f49-4739-9df6-1866b930ccad	175	75	1	BASE_FREIGHT	Test base freight	1.000	175000.0000	175000.00	17500.00	192500.00	{"source": "test seed", "settlement_no": "STL000075"}	\N	175	2026-04-16 16:18:07.069522+09	2026-04-17 11:46:50.051974+09	t	175	\N	\N
76	db7fc67f-6910-4834-a644-9a8e06d147ee	176	76	1	BASE_FREIGHT	Test base freight	1.000	176000.0000	176000.00	17600.00	193600.00	{"source": "test seed", "settlement_no": "STL000076"}	\N	176	2026-04-16 16:18:07.069522+09	2026-04-17 11:46:50.051974+09	t	176	\N	\N
77	4bd33830-eb25-4a68-9969-fa8bbfa438d7	177	77	1	BASE_FREIGHT	Test base freight	1.000	177000.0000	177000.00	17700.00	194700.00	{"source": "test seed", "settlement_no": "STL000077"}	\N	177	2026-04-16 16:18:07.069522+09	2026-04-17 11:46:50.051974+09	t	177	\N	\N
78	7dd39be6-4431-4288-b94f-5c408e281e3f	178	78	1	BASE_FREIGHT	Test base freight	1.000	178000.0000	178000.00	17800.00	195800.00	{"source": "test seed", "settlement_no": "STL000078"}	\N	178	2026-04-16 16:18:07.069522+09	2026-04-17 11:46:50.051974+09	t	178	\N	\N
79	21484aab-01ca-4d9b-abf5-2ec590fdef8a	179	79	1	BASE_FREIGHT	Test base freight	1.000	179000.0000	179000.00	17900.00	196900.00	{"source": "test seed", "settlement_no": "STL000079"}	\N	179	2026-04-16 16:18:07.069522+09	2026-04-17 11:46:50.051974+09	t	179	\N	\N
\.


--
-- Data for Name: settlements; Type: TABLE DATA; Schema: stl; Owner: -
--

COPY stl.settlements (settlement_id, settlement_uid, tenant_id, settlement_no, settlement_batch_id, settlement_type, execution_result_id, dispatch_id, order_id, transport_plan_id, partner_id, contract_id, contract_snapshot, settlement_date, status_code, currency_code, supply_amount, vat_amount, total_amount, hold_reason, approved_by, approved_at, created_by, created_at, updated_at, is_active, updated_by, deleted_at, deleted_by) FROM stdin;
1	d4d87dc7-de6e-4262-a77d-7e64838f4686	101	STL000001	1	PURCHASE	1	1	1	1	101	1	{"rate_basis": "test", "contract_no": "CON001"}	2026-04-16	CLOSED	KRW	101000.00	10100.00	111100.00	\N	101	2026-04-16 16:18:07.069522+09	101	2026-04-16 16:18:07.069522+09	2026-04-17 11:46:50.051974+09	t	101	\N	\N
2	b557dead-8b30-455d-8384-754f0d0f48d7	102	STL000002	2	SALES	2	2	2	2	102	2	{"rate_basis": "test", "contract_no": "CON002"}	2026-04-16	CLOSED	KRW	102000.00	10200.00	112200.00	\N	102	2026-04-16 16:18:07.069522+09	102	2026-04-16 16:18:07.069522+09	2026-04-17 11:46:50.051974+09	t	102	\N	\N
3	59d55f82-63cf-4c28-8d89-16bf990725fe	103	STL000003	3	PURCHASE	3	3	3	3	103	3	{"rate_basis": "test", "contract_no": "CON003"}	2026-04-16	CLOSED	KRW	103000.00	10300.00	113300.00	\N	103	2026-04-16 16:18:07.069522+09	103	2026-04-16 16:18:07.069522+09	2026-04-17 11:46:50.051974+09	t	103	\N	\N
4	a06e1add-a8bc-4165-a500-6d47e98f7807	104	STL000004	4	SALES	4	4	4	4	104	4	{"rate_basis": "test", "contract_no": "CON004"}	2026-04-16	CLOSED	KRW	104000.00	10400.00	114400.00	\N	104	2026-04-16 16:18:07.069522+09	104	2026-04-16 16:18:07.069522+09	2026-04-17 11:46:50.051974+09	t	104	\N	\N
5	016b98dc-1170-4892-ada4-efa2b97b0b46	105	STL000005	5	PURCHASE	5	5	5	5	105	5	{"rate_basis": "test", "contract_no": "CON005"}	2026-04-16	CLOSED	KRW	105000.00	10500.00	115500.00	\N	105	2026-04-16 16:18:07.069522+09	105	2026-04-16 16:18:07.069522+09	2026-04-17 11:46:50.051974+09	t	105	\N	\N
6	6db1e38b-6324-41b4-bddc-3b32dce4aea1	106	STL000006	6	SALES	6	6	6	6	106	6	{"rate_basis": "test", "contract_no": "CON006"}	2026-04-16	CLOSED	KRW	106000.00	10600.00	116600.00	\N	106	2026-04-16 16:18:07.069522+09	106	2026-04-16 16:18:07.069522+09	2026-04-17 11:46:50.051974+09	t	106	\N	\N
7	38194d39-ebbf-4228-a408-3b4835ed9653	107	STL000007	7	PURCHASE	7	7	7	7	107	7	{"rate_basis": "test", "contract_no": "CON007"}	2026-04-16	CLOSED	KRW	107000.00	10700.00	117700.00	\N	107	2026-04-16 16:18:07.069522+09	107	2026-04-16 16:18:07.069522+09	2026-04-17 11:46:50.051974+09	t	107	\N	\N
8	9f93decd-a186-4bf6-8f7c-e4d8599423c0	108	STL000008	8	SALES	8	8	8	8	108	8	{"rate_basis": "test", "contract_no": "CON008"}	2026-04-16	CLOSED	KRW	108000.00	10800.00	118800.00	\N	108	2026-04-16 16:18:07.069522+09	108	2026-04-16 16:18:07.069522+09	2026-04-17 11:46:50.051974+09	t	108	\N	\N
9	8b1197c5-73b9-4bb4-a13a-8aba033cbe54	109	STL000009	9	PURCHASE	9	9	9	9	109	9	{"rate_basis": "test", "contract_no": "CON009"}	2026-04-16	CLOSED	KRW	109000.00	10900.00	119900.00	\N	109	2026-04-16 16:18:07.069522+09	109	2026-04-16 16:18:07.069522+09	2026-04-17 11:46:50.051974+09	t	109	\N	\N
10	f5b3869f-133b-47b8-bd6d-e79e28b4619c	110	STL000010	10	SALES	10	10	10	10	110	10	{"rate_basis": "test", "contract_no": "CON010"}	2026-04-16	CLOSED	KRW	110000.00	11000.00	121000.00	\N	110	2026-04-16 16:18:07.069522+09	110	2026-04-16 16:18:07.069522+09	2026-04-17 11:46:50.051974+09	t	110	\N	\N
11	e73e6e28-e785-41fc-88ce-c95c0d779d51	111	STL000011	11	PURCHASE	11	11	11	11	111	11	{"rate_basis": "test", "contract_no": "CON011"}	2026-04-16	CLOSED	KRW	111000.00	11100.00	122100.00	\N	111	2026-04-16 16:18:07.069522+09	111	2026-04-16 16:18:07.069522+09	2026-04-17 11:46:50.051974+09	t	111	\N	\N
12	c3afa97a-7092-4de1-9740-e766de485809	112	STL000012	12	SALES	12	12	12	12	112	12	{"rate_basis": "test", "contract_no": "CON012"}	2026-04-16	CLOSED	KRW	112000.00	11200.00	123200.00	\N	112	2026-04-16 16:18:07.069522+09	112	2026-04-16 16:18:07.069522+09	2026-04-17 11:46:50.051974+09	t	112	\N	\N
13	1e8c6a6c-1128-4e52-9a16-7bebd9ca3871	113	STL000013	13	PURCHASE	13	13	13	13	113	13	{"rate_basis": "test", "contract_no": "CON013"}	2026-04-16	CLOSED	KRW	113000.00	11300.00	124300.00	\N	113	2026-04-16 16:18:07.069522+09	113	2026-04-16 16:18:07.069522+09	2026-04-17 11:46:50.051974+09	t	113	\N	\N
14	f64eecdf-5436-4071-adb0-d0c5e2824f34	114	STL000014	14	SALES	14	14	14	14	114	14	{"rate_basis": "test", "contract_no": "CON014"}	2026-04-16	CLOSED	KRW	114000.00	11400.00	125400.00	\N	114	2026-04-16 16:18:07.069522+09	114	2026-04-16 16:18:07.069522+09	2026-04-17 11:46:50.051974+09	t	114	\N	\N
15	081cb7ba-ce72-40b0-8de0-ee68af320e0d	115	STL000015	15	PURCHASE	15	15	15	15	115	15	{"rate_basis": "test", "contract_no": "CON015"}	2026-04-16	CLOSED	KRW	115000.00	11500.00	126500.00	\N	115	2026-04-16 16:18:07.069522+09	115	2026-04-16 16:18:07.069522+09	2026-04-17 11:46:50.051974+09	t	115	\N	\N
16	14f868ce-3b03-4d84-8aec-9211420ca100	116	STL000016	16	SALES	16	16	16	16	116	16	{"rate_basis": "test", "contract_no": "CON016"}	2026-04-16	CLOSED	KRW	116000.00	11600.00	127600.00	\N	116	2026-04-16 16:18:07.069522+09	116	2026-04-16 16:18:07.069522+09	2026-04-17 11:46:50.051974+09	t	116	\N	\N
17	b0b2e06c-109c-48b6-8638-08e39f41450a	117	STL000017	17	PURCHASE	17	17	17	17	117	17	{"rate_basis": "test", "contract_no": "CON017"}	2026-04-16	CLOSED	KRW	117000.00	11700.00	128700.00	\N	117	2026-04-16 16:18:07.069522+09	117	2026-04-16 16:18:07.069522+09	2026-04-17 11:46:50.051974+09	t	117	\N	\N
18	5e78321e-b8f3-42af-a3ad-6c227e4b8580	118	STL000018	18	SALES	18	18	18	18	118	18	{"rate_basis": "test", "contract_no": "CON018"}	2026-04-16	CLOSED	KRW	118000.00	11800.00	129800.00	\N	118	2026-04-16 16:18:07.069522+09	118	2026-04-16 16:18:07.069522+09	2026-04-17 11:46:50.051974+09	t	118	\N	\N
19	f0119776-291e-4855-a50d-707e743da855	119	STL000019	19	PURCHASE	19	19	19	19	119	19	{"rate_basis": "test", "contract_no": "CON019"}	2026-04-16	CLOSED	KRW	119000.00	11900.00	130900.00	\N	119	2026-04-16 16:18:07.069522+09	119	2026-04-16 16:18:07.069522+09	2026-04-17 11:46:50.051974+09	t	119	\N	\N
20	a0deebc0-68b2-4ae3-8be9-763662aad284	120	STL000020	20	SALES	20	20	20	20	120	20	{"rate_basis": "test", "contract_no": "CON020"}	2026-04-16	CLOSED	KRW	120000.00	12000.00	132000.00	\N	120	2026-04-16 16:18:07.069522+09	120	2026-04-16 16:18:07.069522+09	2026-04-17 11:46:50.051974+09	t	120	\N	\N
21	6223ff3d-1a4b-482e-a84c-967b5b1b889b	121	STL000021	21	PURCHASE	21	21	21	21	121	21	{"rate_basis": "test", "contract_no": "CON021"}	2026-04-16	CLOSED	KRW	121000.00	12100.00	133100.00	\N	121	2026-04-16 16:18:07.069522+09	121	2026-04-16 16:18:07.069522+09	2026-04-17 11:46:50.051974+09	t	121	\N	\N
22	f7cc5255-fdfa-452c-9d89-4f8f933823c0	122	STL000022	22	SALES	22	22	22	22	122	22	{"rate_basis": "test", "contract_no": "CON022"}	2026-04-16	CLOSED	KRW	122000.00	12200.00	134200.00	\N	122	2026-04-16 16:18:07.069522+09	122	2026-04-16 16:18:07.069522+09	2026-04-17 11:46:50.051974+09	t	122	\N	\N
23	6fb69825-f7b2-4ee0-b9ba-5edc94d69b7e	123	STL000023	23	PURCHASE	23	23	23	23	123	23	{"rate_basis": "test", "contract_no": "CON023"}	2026-04-16	CLOSED	KRW	123000.00	12300.00	135300.00	\N	123	2026-04-16 16:18:07.069522+09	123	2026-04-16 16:18:07.069522+09	2026-04-17 11:46:50.051974+09	t	123	\N	\N
24	85c349dd-6878-4dae-83bb-6620100d261c	124	STL000024	24	SALES	24	24	24	24	124	24	{"rate_basis": "test", "contract_no": "CON024"}	2026-04-16	CLOSED	KRW	124000.00	12400.00	136400.00	\N	124	2026-04-16 16:18:07.069522+09	124	2026-04-16 16:18:07.069522+09	2026-04-17 11:46:50.051974+09	t	124	\N	\N
25	26717086-8c48-4aaf-b1ac-7e0912b9c426	125	STL000025	25	PURCHASE	25	25	25	25	125	25	{"rate_basis": "test", "contract_no": "CON025"}	2026-04-16	CLOSED	KRW	125000.00	12500.00	137500.00	\N	125	2026-04-16 16:18:07.069522+09	125	2026-04-16 16:18:07.069522+09	2026-04-17 11:46:50.051974+09	t	125	\N	\N
26	f0922483-3086-41c6-b7bc-10f15cc33384	126	STL000026	26	SALES	26	26	26	26	126	26	{"rate_basis": "test", "contract_no": "CON026"}	2026-04-16	CLOSED	KRW	126000.00	12600.00	138600.00	\N	126	2026-04-16 16:18:07.069522+09	126	2026-04-16 16:18:07.069522+09	2026-04-17 11:46:50.051974+09	t	126	\N	\N
27	f73086e9-5d46-4bd1-ab74-17db1b904630	127	STL000027	27	PURCHASE	27	27	27	27	127	27	{"rate_basis": "test", "contract_no": "CON027"}	2026-04-16	CLOSED	KRW	127000.00	12700.00	139700.00	\N	127	2026-04-16 16:18:07.069522+09	127	2026-04-16 16:18:07.069522+09	2026-04-17 11:46:50.051974+09	t	127	\N	\N
28	93ffaf87-b868-42a5-9f4c-05f146e27bec	128	STL000028	28	SALES	28	28	28	28	128	28	{"rate_basis": "test", "contract_no": "CON028"}	2026-04-16	CLOSED	KRW	128000.00	12800.00	140800.00	\N	128	2026-04-16 16:18:07.069522+09	128	2026-04-16 16:18:07.069522+09	2026-04-17 11:46:50.051974+09	t	128	\N	\N
29	355bb7d3-3b93-47a9-9ee9-2015b601cabd	129	STL000029	29	PURCHASE	29	29	29	29	129	29	{"rate_basis": "test", "contract_no": "CON029"}	2026-04-16	CLOSED	KRW	129000.00	12900.00	141900.00	\N	129	2026-04-16 16:18:07.069522+09	129	2026-04-16 16:18:07.069522+09	2026-04-17 11:46:50.051974+09	t	129	\N	\N
30	629d325c-b3f7-418b-bdb4-996f087b5009	130	STL000030	30	SALES	30	30	30	30	130	30	{"rate_basis": "test", "contract_no": "CON030"}	2026-04-16	CLOSED	KRW	130000.00	13000.00	143000.00	\N	130	2026-04-16 16:18:07.069522+09	130	2026-04-16 16:18:07.069522+09	2026-04-17 11:46:50.051974+09	t	130	\N	\N
31	8ad018e3-4ea5-4fd7-b7ec-3cdd22ea880e	131	STL000031	31	PURCHASE	31	31	31	31	131	31	{"rate_basis": "test", "contract_no": "CON031"}	2026-04-16	CLOSED	KRW	131000.00	13100.00	144100.00	\N	131	2026-04-16 16:18:07.069522+09	131	2026-04-16 16:18:07.069522+09	2026-04-17 11:46:50.051974+09	t	131	\N	\N
32	53b234f8-da2a-465e-91e8-8a99eca4fba5	132	STL000032	32	SALES	32	32	32	32	132	32	{"rate_basis": "test", "contract_no": "CON032"}	2026-04-16	CLOSED	KRW	132000.00	13200.00	145200.00	\N	132	2026-04-16 16:18:07.069522+09	132	2026-04-16 16:18:07.069522+09	2026-04-17 11:46:50.051974+09	t	132	\N	\N
33	f43e1f46-9386-4181-a0a1-1ac220489845	133	STL000033	33	PURCHASE	33	33	33	33	133	33	{"rate_basis": "test", "contract_no": "CON033"}	2026-04-16	CLOSED	KRW	133000.00	13300.00	146300.00	\N	133	2026-04-16 16:18:07.069522+09	133	2026-04-16 16:18:07.069522+09	2026-04-17 11:46:50.051974+09	t	133	\N	\N
34	0347c4da-cd50-4f23-9f0b-fdb393b84b47	134	STL000034	34	SALES	34	34	34	34	134	34	{"rate_basis": "test", "contract_no": "CON034"}	2026-04-16	CLOSED	KRW	134000.00	13400.00	147400.00	\N	134	2026-04-16 16:18:07.069522+09	134	2026-04-16 16:18:07.069522+09	2026-04-17 11:46:50.051974+09	t	134	\N	\N
35	06f6a525-c726-492b-a1c9-a4428c94ca9d	135	STL000035	35	PURCHASE	35	35	35	35	135	35	{"rate_basis": "test", "contract_no": "CON035"}	2026-04-16	CLOSED	KRW	135000.00	13500.00	148500.00	\N	135	2026-04-16 16:18:07.069522+09	135	2026-04-16 16:18:07.069522+09	2026-04-17 11:46:50.051974+09	t	135	\N	\N
36	cb7f6adb-6b44-43cd-a56b-b5c33426956e	136	STL000036	36	SALES	36	36	36	36	136	36	{"rate_basis": "test", "contract_no": "CON036"}	2026-04-16	CLOSED	KRW	136000.00	13600.00	149600.00	\N	136	2026-04-16 16:18:07.069522+09	136	2026-04-16 16:18:07.069522+09	2026-04-17 11:46:50.051974+09	t	136	\N	\N
37	11cfed5e-550c-4dc4-9d85-5ea3eee025c0	137	STL000037	37	PURCHASE	37	37	37	37	137	37	{"rate_basis": "test", "contract_no": "CON037"}	2026-04-16	CLOSED	KRW	137000.00	13700.00	150700.00	\N	137	2026-04-16 16:18:07.069522+09	137	2026-04-16 16:18:07.069522+09	2026-04-17 11:46:50.051974+09	t	137	\N	\N
38	c43acd0f-52ce-400b-9332-edea83833d9f	138	STL000038	38	SALES	38	38	38	38	138	38	{"rate_basis": "test", "contract_no": "CON038"}	2026-04-16	CLOSED	KRW	138000.00	13800.00	151800.00	\N	138	2026-04-16 16:18:07.069522+09	138	2026-04-16 16:18:07.069522+09	2026-04-17 11:46:50.051974+09	t	138	\N	\N
39	bd95a4a2-b598-4189-8891-bc5627475a74	139	STL000039	39	PURCHASE	39	39	39	39	139	39	{"rate_basis": "test", "contract_no": "CON039"}	2026-04-16	CLOSED	KRW	139000.00	13900.00	152900.00	\N	139	2026-04-16 16:18:07.069522+09	139	2026-04-16 16:18:07.069522+09	2026-04-17 11:46:50.051974+09	t	139	\N	\N
40	94ec8ae8-109a-49c6-aa31-a2e007b93f00	140	STL000040	40	SALES	40	40	40	40	140	40	{"rate_basis": "test", "contract_no": "CON040"}	2026-04-16	CLOSED	KRW	140000.00	14000.00	154000.00	\N	140	2026-04-16 16:18:07.069522+09	140	2026-04-16 16:18:07.069522+09	2026-04-17 11:46:50.051974+09	t	140	\N	\N
41	ab541460-0a10-4696-b111-3ba53230290b	141	STL000041	41	PURCHASE	41	41	41	41	141	41	{"rate_basis": "test", "contract_no": "CON041"}	2026-04-16	CLOSED	KRW	141000.00	14100.00	155100.00	\N	141	2026-04-16 16:18:07.069522+09	141	2026-04-16 16:18:07.069522+09	2026-04-17 11:46:50.051974+09	t	141	\N	\N
42	447568e7-375a-41e5-afd1-80299da02382	142	STL000042	42	SALES	42	42	42	42	142	42	{"rate_basis": "test", "contract_no": "CON042"}	2026-04-16	CLOSED	KRW	142000.00	14200.00	156200.00	\N	142	2026-04-16 16:18:07.069522+09	142	2026-04-16 16:18:07.069522+09	2026-04-17 11:46:50.051974+09	t	142	\N	\N
43	9031a60c-1623-4c9a-b82a-7b156fc3f77a	143	STL000043	43	PURCHASE	43	43	43	43	143	43	{"rate_basis": "test", "contract_no": "CON043"}	2026-04-16	CLOSED	KRW	143000.00	14300.00	157300.00	\N	143	2026-04-16 16:18:07.069522+09	143	2026-04-16 16:18:07.069522+09	2026-04-17 11:46:50.051974+09	t	143	\N	\N
44	79f73b6f-6a60-43da-801f-27dce80aa772	144	STL000044	44	SALES	44	44	44	44	144	44	{"rate_basis": "test", "contract_no": "CON044"}	2026-04-16	CLOSED	KRW	144000.00	14400.00	158400.00	\N	144	2026-04-16 16:18:07.069522+09	144	2026-04-16 16:18:07.069522+09	2026-04-17 11:46:50.051974+09	t	144	\N	\N
45	44c193a7-8333-475d-aa5b-00e08aab6a3f	145	STL000045	45	PURCHASE	45	45	45	45	145	45	{"rate_basis": "test", "contract_no": "CON045"}	2026-04-16	CLOSED	KRW	145000.00	14500.00	159500.00	\N	145	2026-04-16 16:18:07.069522+09	145	2026-04-16 16:18:07.069522+09	2026-04-17 11:46:50.051974+09	t	145	\N	\N
46	fdbbff7b-445b-44a5-a0a5-2d63ef664245	146	STL000046	46	SALES	46	46	46	46	146	46	{"rate_basis": "test", "contract_no": "CON046"}	2026-04-16	CLOSED	KRW	146000.00	14600.00	160600.00	\N	146	2026-04-16 16:18:07.069522+09	146	2026-04-16 16:18:07.069522+09	2026-04-17 11:46:50.051974+09	t	146	\N	\N
47	dca09f95-ce4e-4c4c-8305-7ea7c215be9d	147	STL000047	47	PURCHASE	47	47	47	47	147	47	{"rate_basis": "test", "contract_no": "CON047"}	2026-04-16	CLOSED	KRW	147000.00	14700.00	161700.00	\N	147	2026-04-16 16:18:07.069522+09	147	2026-04-16 16:18:07.069522+09	2026-04-17 11:46:50.051974+09	t	147	\N	\N
48	5a73ea4c-4453-44a9-b108-8b9ecf9b12ad	148	STL000048	48	SALES	48	48	48	48	148	48	{"rate_basis": "test", "contract_no": "CON048"}	2026-04-16	CLOSED	KRW	148000.00	14800.00	162800.00	\N	148	2026-04-16 16:18:07.069522+09	148	2026-04-16 16:18:07.069522+09	2026-04-17 11:46:50.051974+09	t	148	\N	\N
49	ccffd7eb-6274-4cb2-a6b6-9e07ae1a0978	149	STL000049	49	PURCHASE	49	49	49	49	149	49	{"rate_basis": "test", "contract_no": "CON049"}	2026-04-16	CLOSED	KRW	149000.00	14900.00	163900.00	\N	149	2026-04-16 16:18:07.069522+09	149	2026-04-16 16:18:07.069522+09	2026-04-17 11:46:50.051974+09	t	149	\N	\N
50	a3a82cf4-aa6d-4ecd-ab08-adc47867f50f	150	STL000050	50	SALES	50	50	50	50	150	50	{"rate_basis": "test", "contract_no": "CON050"}	2026-04-16	CLOSED	KRW	150000.00	15000.00	165000.00	\N	150	2026-04-16 16:18:07.069522+09	150	2026-04-16 16:18:07.069522+09	2026-04-17 11:46:50.051974+09	t	150	\N	\N
51	85f6d161-bb22-461a-a8a8-cd50bcd8e749	151	STL000051	51	PURCHASE	51	51	51	51	151	51	{"rate_basis": "test", "contract_no": "CON051"}	2026-04-16	CLOSED	KRW	151000.00	15100.00	166100.00	\N	151	2026-04-16 16:18:07.069522+09	151	2026-04-16 16:18:07.069522+09	2026-04-17 11:46:50.051974+09	t	151	\N	\N
52	4b5d3f82-f7c6-41c8-9c47-126cf31a0910	152	STL000052	52	SALES	52	52	52	52	152	52	{"rate_basis": "test", "contract_no": "CON052"}	2026-04-16	CLOSED	KRW	152000.00	15200.00	167200.00	\N	152	2026-04-16 16:18:07.069522+09	152	2026-04-16 16:18:07.069522+09	2026-04-17 11:46:50.051974+09	t	152	\N	\N
53	eb28de93-1782-4199-86a9-726e5f187c33	153	STL000053	53	PURCHASE	53	53	53	53	153	53	{"rate_basis": "test", "contract_no": "CON053"}	2026-04-16	CLOSED	KRW	153000.00	15300.00	168300.00	\N	153	2026-04-16 16:18:07.069522+09	153	2026-04-16 16:18:07.069522+09	2026-04-17 11:46:50.051974+09	t	153	\N	\N
54	44113ea6-928a-40b5-abc9-a4c492a69f3c	154	STL000054	54	SALES	54	54	54	54	154	54	{"rate_basis": "test", "contract_no": "CON054"}	2026-04-16	CLOSED	KRW	154000.00	15400.00	169400.00	\N	154	2026-04-16 16:18:07.069522+09	154	2026-04-16 16:18:07.069522+09	2026-04-17 11:46:50.051974+09	t	154	\N	\N
55	5ce285ce-5af6-44c6-aaf8-1c025b6da44d	155	STL000055	55	PURCHASE	55	55	55	55	155	55	{"rate_basis": "test", "contract_no": "CON055"}	2026-04-16	CLOSED	KRW	155000.00	15500.00	170500.00	\N	155	2026-04-16 16:18:07.069522+09	155	2026-04-16 16:18:07.069522+09	2026-04-17 11:46:50.051974+09	t	155	\N	\N
56	a07f7769-0635-4aea-9e66-ad08b4f6693a	156	STL000056	56	SALES	56	56	56	56	156	56	{"rate_basis": "test", "contract_no": "CON056"}	2026-04-16	CLOSED	KRW	156000.00	15600.00	171600.00	\N	156	2026-04-16 16:18:07.069522+09	156	2026-04-16 16:18:07.069522+09	2026-04-17 11:46:50.051974+09	t	156	\N	\N
57	f7fcbf34-98a4-4fe7-814d-682b694c6f8e	157	STL000057	57	PURCHASE	57	57	57	57	157	57	{"rate_basis": "test", "contract_no": "CON057"}	2026-04-16	CLOSED	KRW	157000.00	15700.00	172700.00	\N	157	2026-04-16 16:18:07.069522+09	157	2026-04-16 16:18:07.069522+09	2026-04-17 11:46:50.051974+09	t	157	\N	\N
58	15bbcd9f-96ab-41ac-af04-a0890be8fae9	158	STL000058	58	SALES	58	58	58	58	158	58	{"rate_basis": "test", "contract_no": "CON058"}	2026-04-16	CLOSED	KRW	158000.00	15800.00	173800.00	\N	158	2026-04-16 16:18:07.069522+09	158	2026-04-16 16:18:07.069522+09	2026-04-17 11:46:50.051974+09	t	158	\N	\N
59	c6f45879-41d1-41a9-b48f-3571fbd57a21	159	STL000059	59	PURCHASE	59	59	59	59	159	59	{"rate_basis": "test", "contract_no": "CON059"}	2026-04-16	CLOSED	KRW	159000.00	15900.00	174900.00	\N	159	2026-04-16 16:18:07.069522+09	159	2026-04-16 16:18:07.069522+09	2026-04-17 11:46:50.051974+09	t	159	\N	\N
60	f4448a65-6ebf-4154-bf42-6958d3e12555	160	STL000060	60	SALES	60	60	60	60	160	60	{"rate_basis": "test", "contract_no": "CON060"}	2026-04-16	CLOSED	KRW	160000.00	16000.00	176000.00	\N	160	2026-04-16 16:18:07.069522+09	160	2026-04-16 16:18:07.069522+09	2026-04-17 11:46:50.051974+09	t	160	\N	\N
61	30f18639-aa92-403f-800d-8fc35afb6abe	161	STL000061	61	PURCHASE	61	61	61	61	161	61	{"rate_basis": "test", "contract_no": "CON061"}	2026-04-16	CLOSED	KRW	161000.00	16100.00	177100.00	\N	161	2026-04-16 16:18:07.069522+09	161	2026-04-16 16:18:07.069522+09	2026-04-17 11:46:50.051974+09	t	161	\N	\N
62	49af4ae9-3611-4c3a-9948-00f43c7654bf	162	STL000062	62	SALES	62	62	62	62	162	62	{"rate_basis": "test", "contract_no": "CON062"}	2026-04-16	CLOSED	KRW	162000.00	16200.00	178200.00	\N	162	2026-04-16 16:18:07.069522+09	162	2026-04-16 16:18:07.069522+09	2026-04-17 11:46:50.051974+09	t	162	\N	\N
63	0bc34e0c-ac44-4d36-8a51-30ec5fd01aca	163	STL000063	63	PURCHASE	63	63	63	63	163	63	{"rate_basis": "test", "contract_no": "CON063"}	2026-04-16	CLOSED	KRW	163000.00	16300.00	179300.00	\N	163	2026-04-16 16:18:07.069522+09	163	2026-04-16 16:18:07.069522+09	2026-04-17 11:46:50.051974+09	t	163	\N	\N
64	b9e8a1ec-00e8-4e5a-a6e2-e40199140919	164	STL000064	64	SALES	64	64	64	64	164	64	{"rate_basis": "test", "contract_no": "CON064"}	2026-04-16	CLOSED	KRW	164000.00	16400.00	180400.00	\N	164	2026-04-16 16:18:07.069522+09	164	2026-04-16 16:18:07.069522+09	2026-04-17 11:46:50.051974+09	t	164	\N	\N
65	53481989-6118-4770-8a74-6066628ae34f	165	STL000065	65	PURCHASE	65	65	65	65	165	65	{"rate_basis": "test", "contract_no": "CON065"}	2026-04-16	CLOSED	KRW	165000.00	16500.00	181500.00	\N	165	2026-04-16 16:18:07.069522+09	165	2026-04-16 16:18:07.069522+09	2026-04-17 11:46:50.051974+09	t	165	\N	\N
66	0407bfc7-eb30-4379-972b-45a8c09f0229	166	STL000066	66	SALES	66	66	66	66	166	66	{"rate_basis": "test", "contract_no": "CON066"}	2026-04-16	CLOSED	KRW	166000.00	16600.00	182600.00	\N	166	2026-04-16 16:18:07.069522+09	166	2026-04-16 16:18:07.069522+09	2026-04-17 11:46:50.051974+09	t	166	\N	\N
67	f991883b-bbf9-4f2a-ae33-a57407ee11c7	167	STL000067	67	PURCHASE	67	67	67	67	167	67	{"rate_basis": "test", "contract_no": "CON067"}	2026-04-16	CLOSED	KRW	167000.00	16700.00	183700.00	\N	167	2026-04-16 16:18:07.069522+09	167	2026-04-16 16:18:07.069522+09	2026-04-17 11:46:50.051974+09	t	167	\N	\N
68	1e5e0273-1757-4a39-bde6-f8b3472b6b77	168	STL000068	68	SALES	68	68	68	68	168	68	{"rate_basis": "test", "contract_no": "CON068"}	2026-04-16	CLOSED	KRW	168000.00	16800.00	184800.00	\N	168	2026-04-16 16:18:07.069522+09	168	2026-04-16 16:18:07.069522+09	2026-04-17 11:46:50.051974+09	t	168	\N	\N
69	9e1a21f1-cd57-4ac9-a419-e0c189d1b4c7	169	STL000069	69	PURCHASE	69	69	69	69	169	69	{"rate_basis": "test", "contract_no": "CON069"}	2026-04-16	CLOSED	KRW	169000.00	16900.00	185900.00	\N	169	2026-04-16 16:18:07.069522+09	169	2026-04-16 16:18:07.069522+09	2026-04-17 11:46:50.051974+09	t	169	\N	\N
70	4ac41914-b185-46fa-9e3e-693030801302	170	STL000070	70	SALES	70	70	70	70	170	70	{"rate_basis": "test", "contract_no": "CON070"}	2026-04-16	CLOSED	KRW	170000.00	17000.00	187000.00	\N	170	2026-04-16 16:18:07.069522+09	170	2026-04-16 16:18:07.069522+09	2026-04-17 11:46:50.051974+09	t	170	\N	\N
71	060f7980-6b52-47b5-82a9-528bde3222fb	171	STL000071	71	PURCHASE	71	71	71	71	171	71	{"rate_basis": "test", "contract_no": "CON071"}	2026-04-16	CLOSED	KRW	171000.00	17100.00	188100.00	\N	171	2026-04-16 16:18:07.069522+09	171	2026-04-16 16:18:07.069522+09	2026-04-17 11:46:50.051974+09	t	171	\N	\N
72	9c9e9070-d5a6-4b23-8538-1ed867c7d6d4	172	STL000072	72	SALES	72	72	72	72	172	72	{"rate_basis": "test", "contract_no": "CON072"}	2026-04-16	CLOSED	KRW	172000.00	17200.00	189200.00	\N	172	2026-04-16 16:18:07.069522+09	172	2026-04-16 16:18:07.069522+09	2026-04-17 11:46:50.051974+09	t	172	\N	\N
73	bdc93d5a-39f0-4847-9cff-6e5ab8f0407c	173	STL000073	73	PURCHASE	73	73	73	73	173	73	{"rate_basis": "test", "contract_no": "CON073"}	2026-04-16	CLOSED	KRW	173000.00	17300.00	190300.00	\N	173	2026-04-16 16:18:07.069522+09	173	2026-04-16 16:18:07.069522+09	2026-04-17 11:46:50.051974+09	t	173	\N	\N
74	01acf920-353e-4b7f-9f61-e8eebc788369	174	STL000074	74	SALES	74	74	74	74	174	74	{"rate_basis": "test", "contract_no": "CON074"}	2026-04-16	CLOSED	KRW	174000.00	17400.00	191400.00	\N	174	2026-04-16 16:18:07.069522+09	174	2026-04-16 16:18:07.069522+09	2026-04-17 11:46:50.051974+09	t	174	\N	\N
75	f61a5456-5850-4a1d-ad62-01d7dc867579	175	STL000075	75	PURCHASE	75	75	75	75	175	75	{"rate_basis": "test", "contract_no": "CON075"}	2026-04-16	CLOSED	KRW	175000.00	17500.00	192500.00	\N	175	2026-04-16 16:18:07.069522+09	175	2026-04-16 16:18:07.069522+09	2026-04-17 11:46:50.051974+09	t	175	\N	\N
76	e352fabb-6586-43eb-9a26-752ce4a582ea	176	STL000076	76	SALES	76	76	76	76	176	76	{"rate_basis": "test", "contract_no": "CON076"}	2026-04-16	CLOSED	KRW	176000.00	17600.00	193600.00	\N	176	2026-04-16 16:18:07.069522+09	176	2026-04-16 16:18:07.069522+09	2026-04-17 11:46:50.051974+09	t	176	\N	\N
77	d3c2a31d-e53f-4c34-939d-4ad9de452e16	177	STL000077	77	PURCHASE	77	77	77	77	177	77	{"rate_basis": "test", "contract_no": "CON077"}	2026-04-16	CLOSED	KRW	177000.00	17700.00	194700.00	\N	177	2026-04-16 16:18:07.069522+09	177	2026-04-16 16:18:07.069522+09	2026-04-17 11:46:50.051974+09	t	177	\N	\N
78	d35dd8ba-eaca-43f2-8ad3-2a1b7181bfb6	178	STL000078	78	SALES	78	78	78	78	178	78	{"rate_basis": "test", "contract_no": "CON078"}	2026-04-16	CLOSED	KRW	178000.00	17800.00	195800.00	\N	178	2026-04-16 16:18:07.069522+09	178	2026-04-16 16:18:07.069522+09	2026-04-17 11:46:50.051974+09	t	178	\N	\N
79	d47eae5a-8897-4060-b5e3-d2fd7d1bc5e0	179	STL000079	79	PURCHASE	79	79	79	79	179	79	{"rate_basis": "test", "contract_no": "CON079"}	2026-04-16	CLOSED	KRW	179000.00	17900.00	196900.00	\N	179	2026-04-16 16:18:07.069522+09	179	2026-04-16 16:18:07.069522+09	2026-04-17 11:46:50.051974+09	t	179	\N	\N
80	0b2894e2-3dae-48ec-989d-be6b6a3cf918	180	STL000080	80	SALES	80	80	80	80	180	80	{"rate_basis": "test", "contract_no": "CON080"}	2026-04-16	CLOSED	KRW	180000.00	18000.00	198000.00	\N	180	2026-04-16 16:18:07.069522+09	180	2026-04-16 16:18:07.069522+09	2026-04-17 11:46:50.051974+09	t	180	\N	\N
81	5d4fcdbe-00f7-4e15-98ab-ad3eb377dce9	181	STL000081	81	PURCHASE	81	81	81	81	181	81	{"rate_basis": "test", "contract_no": "CON081"}	2026-04-16	CLOSED	KRW	181000.00	18100.00	199100.00	\N	181	2026-04-16 16:18:07.069522+09	181	2026-04-16 16:18:07.069522+09	2026-04-17 11:46:50.051974+09	t	181	\N	\N
82	69b419c7-d3fb-4c25-9642-8384e29e69cc	182	STL000082	82	SALES	82	82	82	82	182	82	{"rate_basis": "test", "contract_no": "CON082"}	2026-04-16	CLOSED	KRW	182000.00	18200.00	200200.00	\N	182	2026-04-16 16:18:07.069522+09	182	2026-04-16 16:18:07.069522+09	2026-04-17 11:46:50.051974+09	t	182	\N	\N
83	4af1d373-5465-4a71-b9c5-8b181a05cfae	183	STL000083	83	PURCHASE	83	83	83	83	183	83	{"rate_basis": "test", "contract_no": "CON083"}	2026-04-16	CLOSED	KRW	183000.00	18300.00	201300.00	\N	183	2026-04-16 16:18:07.069522+09	183	2026-04-16 16:18:07.069522+09	2026-04-17 11:46:50.051974+09	t	183	\N	\N
84	2d71d816-996e-44f4-9701-942bf0545a08	184	STL000084	84	SALES	84	84	84	84	184	84	{"rate_basis": "test", "contract_no": "CON084"}	2026-04-16	CLOSED	KRW	184000.00	18400.00	202400.00	\N	184	2026-04-16 16:18:07.069522+09	184	2026-04-16 16:18:07.069522+09	2026-04-17 11:46:50.051974+09	t	184	\N	\N
85	12f3d8ee-f032-4832-acee-81e763788c8d	185	STL000085	85	PURCHASE	85	85	85	85	185	85	{"rate_basis": "test", "contract_no": "CON085"}	2026-04-16	CLOSED	KRW	185000.00	18500.00	203500.00	\N	185	2026-04-16 16:18:07.069522+09	185	2026-04-16 16:18:07.069522+09	2026-04-17 11:46:50.051974+09	t	185	\N	\N
86	e3097ffb-9b74-40e4-a860-cfe96dccf075	186	STL000086	86	SALES	86	86	86	86	186	86	{"rate_basis": "test", "contract_no": "CON086"}	2026-04-16	CLOSED	KRW	186000.00	18600.00	204600.00	\N	186	2026-04-16 16:18:07.069522+09	186	2026-04-16 16:18:07.069522+09	2026-04-17 11:46:50.051974+09	t	186	\N	\N
87	54a98b39-78fd-414e-b8ff-8a6a3db987c8	187	STL000087	87	PURCHASE	87	87	87	87	187	87	{"rate_basis": "test", "contract_no": "CON087"}	2026-04-16	CLOSED	KRW	187000.00	18700.00	205700.00	\N	187	2026-04-16 16:18:07.069522+09	187	2026-04-16 16:18:07.069522+09	2026-04-17 11:46:50.051974+09	t	187	\N	\N
88	49f7169e-4027-4e40-8b9f-5b66ced7987d	188	STL000088	88	SALES	88	88	88	88	188	88	{"rate_basis": "test", "contract_no": "CON088"}	2026-04-16	CLOSED	KRW	188000.00	18800.00	206800.00	\N	188	2026-04-16 16:18:07.069522+09	188	2026-04-16 16:18:07.069522+09	2026-04-17 11:46:50.051974+09	t	188	\N	\N
89	1d6f0bd9-a98d-4f45-9f68-e809d0978b47	189	STL000089	89	PURCHASE	89	89	89	89	189	89	{"rate_basis": "test", "contract_no": "CON089"}	2026-04-16	CLOSED	KRW	189000.00	18900.00	207900.00	\N	189	2026-04-16 16:18:07.069522+09	189	2026-04-16 16:18:07.069522+09	2026-04-17 11:46:50.051974+09	t	189	\N	\N
90	30e4d52f-c525-4892-9587-508c8cd973a8	190	STL000090	90	SALES	90	90	90	90	190	90	{"rate_basis": "test", "contract_no": "CON090"}	2026-04-16	CLOSED	KRW	190000.00	19000.00	209000.00	\N	190	2026-04-16 16:18:07.069522+09	190	2026-04-16 16:18:07.069522+09	2026-04-17 11:46:50.051974+09	t	190	\N	\N
91	f122c0db-f014-467b-9fd6-5511d3bf4c34	191	STL000091	91	PURCHASE	91	91	91	91	191	91	{"rate_basis": "test", "contract_no": "CON091"}	2026-04-16	CLOSED	KRW	191000.00	19100.00	210100.00	\N	191	2026-04-16 16:18:07.069522+09	191	2026-04-16 16:18:07.069522+09	2026-04-17 11:46:50.051974+09	t	191	\N	\N
92	39fbb22b-6ebe-4b69-a4c6-ceef91715351	192	STL000092	92	SALES	92	92	92	92	192	92	{"rate_basis": "test", "contract_no": "CON092"}	2026-04-16	CLOSED	KRW	192000.00	19200.00	211200.00	\N	192	2026-04-16 16:18:07.069522+09	192	2026-04-16 16:18:07.069522+09	2026-04-17 11:46:50.051974+09	t	192	\N	\N
93	9dec9fa7-812d-411c-907a-9e8310f7f4cb	193	STL000093	93	PURCHASE	93	93	93	93	193	93	{"rate_basis": "test", "contract_no": "CON093"}	2026-04-16	CLOSED	KRW	193000.00	19300.00	212300.00	\N	193	2026-04-16 16:18:07.069522+09	193	2026-04-16 16:18:07.069522+09	2026-04-17 11:46:50.051974+09	t	193	\N	\N
94	775227c6-77e1-4f84-a48a-cab51751f7a2	194	STL000094	94	SALES	94	94	94	94	194	94	{"rate_basis": "test", "contract_no": "CON094"}	2026-04-16	CLOSED	KRW	194000.00	19400.00	213400.00	\N	194	2026-04-16 16:18:07.069522+09	194	2026-04-16 16:18:07.069522+09	2026-04-17 11:46:50.051974+09	t	194	\N	\N
95	58b17d0a-b81b-441d-a1c7-ca7dfbff0a5e	195	STL000095	95	PURCHASE	95	95	95	95	195	95	{"rate_basis": "test", "contract_no": "CON095"}	2026-04-16	CLOSED	KRW	195000.00	19500.00	214500.00	\N	195	2026-04-16 16:18:07.069522+09	195	2026-04-16 16:18:07.069522+09	2026-04-17 11:46:50.051974+09	t	195	\N	\N
96	d7fb9652-7e1c-4329-b5f0-dd12abf28b6c	196	STL000096	96	SALES	96	96	96	96	196	96	{"rate_basis": "test", "contract_no": "CON096"}	2026-04-16	CLOSED	KRW	196000.00	19600.00	215600.00	\N	196	2026-04-16 16:18:07.069522+09	196	2026-04-16 16:18:07.069522+09	2026-04-17 11:46:50.051974+09	t	196	\N	\N
97	a5834aa3-00a0-401c-881d-aa3c1ea5376c	197	STL000097	97	PURCHASE	97	97	97	97	197	97	{"rate_basis": "test", "contract_no": "CON097"}	2026-04-16	CLOSED	KRW	197000.00	19700.00	216700.00	\N	197	2026-04-16 16:18:07.069522+09	197	2026-04-16 16:18:07.069522+09	2026-04-17 11:46:50.051974+09	t	197	\N	\N
98	ba0cddd9-0433-4b99-a9ab-fe77e0fec9d1	198	STL000098	98	SALES	98	98	98	98	198	98	{"rate_basis": "test", "contract_no": "CON098"}	2026-04-16	CLOSED	KRW	198000.00	19800.00	217800.00	\N	198	2026-04-16 16:18:07.069522+09	198	2026-04-16 16:18:07.069522+09	2026-04-17 11:46:50.051974+09	t	198	\N	\N
99	5cefc401-d109-4a08-8da0-69e560c5b769	199	STL000099	99	PURCHASE	99	99	99	99	199	99	{"rate_basis": "test", "contract_no": "CON099"}	2026-04-16	CLOSED	KRW	199000.00	19900.00	218900.00	\N	199	2026-04-16 16:18:07.069522+09	199	2026-04-16 16:18:07.069522+09	2026-04-17 11:46:50.051974+09	t	199	\N	\N
100	5895505e-a208-450c-846a-81625e2a5817	200	STL000100	100	SALES	100	100	100	100	200	100	{"rate_basis": "test", "contract_no": "CON100"}	2026-04-16	CLOSED	KRW	200000.00	20000.00	220000.00	\N	200	2026-04-16 16:18:07.069522+09	200	2026-04-16 16:18:07.069522+09	2026-04-17 11:46:50.051974+09	t	200	\N	\N
\.


--
-- Name: audit_logs_audit_log_id_seq; Type: SEQUENCE SET; Schema: audit; Owner: -
--

SELECT pg_catalog.setval('audit.audit_logs_audit_log_id_seq', 100, true);


--
-- Name: notifications_notification_id_seq; Type: SEQUENCE SET; Schema: audit; Owner: -
--

SELECT pg_catalog.setval('audit.notifications_notification_id_seq', 100, true);


--
-- Name: branches_branch_id_seq; Type: SEQUENCE SET; Schema: core; Owner: -
--

SELECT pg_catalog.setval('core.branches_branch_id_seq', 200, true);


--
-- Name: common_code_groups_code_group_id_seq; Type: SEQUENCE SET; Schema: core; Owner: -
--

SELECT pg_catalog.setval('core.common_code_groups_code_group_id_seq', 230, true);


--
-- Name: common_codes_code_id_seq; Type: SEQUENCE SET; Schema: core; Owner: -
--

SELECT pg_catalog.setval('core.common_codes_code_id_seq', 404, true);


--
-- Name: companies_company_id_seq; Type: SEQUENCE SET; Schema: core; Owner: -
--

SELECT pg_catalog.setval('core.companies_company_id_seq', 200, true);


--
-- Name: permissions_permission_id_seq; Type: SEQUENCE SET; Schema: core; Owner: -
--

SELECT pg_catalog.setval('core.permissions_permission_id_seq', 200, true);


--
-- Name: roles_role_id_seq; Type: SEQUENCE SET; Schema: core; Owner: -
--

SELECT pg_catalog.setval('core.roles_role_id_seq', 200, true);


--
-- Name: tenants_tenant_id_seq; Type: SEQUENCE SET; Schema: core; Owner: -
--

SELECT pg_catalog.setval('core.tenants_tenant_id_seq', 204, true);


--
-- Name: user_data_scopes_user_data_scope_id_seq; Type: SEQUENCE SET; Schema: core; Owner: -
--

SELECT pg_catalog.setval('core.user_data_scopes_user_data_scope_id_seq', 200, true);


--
-- Name: users_user_id_seq; Type: SEQUENCE SET; Schema: core; Owner: -
--

SELECT pg_catalog.setval('core.users_user_id_seq', 204, true);


--
-- Name: assignment_candidates_assignment_candidate_id_seq; Type: SEQUENCE SET; Schema: dsp; Owner: -
--

SELECT pg_catalog.setval('dsp.assignment_candidates_assignment_candidate_id_seq', 101, false);


--
-- Name: assignments_assignment_id_seq; Type: SEQUENCE SET; Schema: dsp; Owner: -
--

SELECT pg_catalog.setval('dsp.assignments_assignment_id_seq', 101, false);


--
-- Name: dispatch_events_dispatch_event_id_seq; Type: SEQUENCE SET; Schema: dsp; Owner: -
--

SELECT pg_catalog.setval('dsp.dispatch_events_dispatch_event_id_seq', 101, false);


--
-- Name: dispatches_dispatch_id_seq; Type: SEQUENCE SET; Schema: dsp; Owner: -
--

SELECT pg_catalog.setval('dsp.dispatches_dispatch_id_seq', 101, false);


--
-- Name: execution_results_execution_result_id_seq; Type: SEQUENCE SET; Schema: exec; Owner: -
--

SELECT pg_catalog.setval('exec.execution_results_execution_result_id_seq', 100, true);


--
-- Name: gps_positions_gps_position_id_seq; Type: SEQUENCE SET; Schema: exec; Owner: -
--

SELECT pg_catalog.setval('exec.gps_positions_gps_position_id_seq', 100, true);


--
-- Name: incidents_incident_id_seq; Type: SEQUENCE SET; Schema: exec; Owner: -
--

SELECT pg_catalog.setval('exec.incidents_incident_id_seq', 100, true);


--
-- Name: pod_documents_pod_document_id_seq; Type: SEQUENCE SET; Schema: exec; Owner: -
--

SELECT pg_catalog.setval('exec.pod_documents_pod_document_id_seq', 100, true);


--
-- Name: stop_results_stop_result_id_seq; Type: SEQUENCE SET; Schema: exec; Owner: -
--

SELECT pg_catalog.setval('exec.stop_results_stop_result_id_seq', 100, true);


--
-- Name: business_partners_partner_id_seq; Type: SEQUENCE SET; Schema: mdm; Owner: -
--

SELECT pg_catalog.setval('mdm.business_partners_partner_id_seq', 201, true);


--
-- Name: carriers_carrier_id_seq; Type: SEQUENCE SET; Schema: mdm; Owner: -
--

SELECT pg_catalog.setval('mdm.carriers_carrier_id_seq', 200, true);


--
-- Name: contract_rates_contract_rate_id_seq; Type: SEQUENCE SET; Schema: mdm; Owner: -
--

SELECT pg_catalog.setval('mdm.contract_rates_contract_rate_id_seq', 100, true);


--
-- Name: contracts_contract_id_seq; Type: SEQUENCE SET; Schema: mdm; Owner: -
--

SELECT pg_catalog.setval('mdm.contracts_contract_id_seq', 100, true);


--
-- Name: customers_customer_id_seq; Type: SEQUENCE SET; Schema: mdm; Owner: -
--

SELECT pg_catalog.setval('mdm.customers_customer_id_seq', 201, true);


--
-- Name: drivers_driver_id_seq; Type: SEQUENCE SET; Schema: mdm; Owner: -
--

SELECT pg_catalog.setval('mdm.drivers_driver_id_seq', 100, true);


--
-- Name: locations_location_id_seq; Type: SEQUENCE SET; Schema: mdm; Owner: -
--

SELECT pg_catalog.setval('mdm.locations_location_id_seq', 200, true);


--
-- Name: vehicles_vehicle_id_seq; Type: SEQUENCE SET; Schema: mdm; Owner: -
--

SELECT pg_catalog.setval('mdm.vehicles_vehicle_id_seq', 200, true);


--
-- Name: order_attachments_order_attachment_id_seq; Type: SEQUENCE SET; Schema: ord; Owner: -
--

SELECT pg_catalog.setval('ord.order_attachments_order_attachment_id_seq', 100, true);


--
-- Name: order_items_order_item_id_seq; Type: SEQUENCE SET; Schema: ord; Owner: -
--

SELECT pg_catalog.setval('ord.order_items_order_item_id_seq', 101, true);


--
-- Name: order_status_history_order_status_history_id_seq; Type: SEQUENCE SET; Schema: ord; Owner: -
--

SELECT pg_catalog.setval('ord.order_status_history_order_status_history_id_seq', 101, true);


--
-- Name: order_stops_order_stop_id_seq; Type: SEQUENCE SET; Schema: ord; Owner: -
--

SELECT pg_catalog.setval('ord.order_stops_order_stop_id_seq', 102, true);


--
-- Name: orders_order_id_seq; Type: SEQUENCE SET; Schema: ord; Owner: -
--

SELECT pg_catalog.setval('ord.orders_order_id_seq', 101, true);


--
-- Name: plan_orders_plan_order_id_seq; Type: SEQUENCE SET; Schema: plan; Owner: -
--

SELECT pg_catalog.setval('plan.plan_orders_plan_order_id_seq', 101, false);


--
-- Name: plan_stops_plan_stop_id_seq; Type: SEQUENCE SET; Schema: plan; Owner: -
--

SELECT pg_catalog.setval('plan.plan_stops_plan_stop_id_seq', 101, false);


--
-- Name: transport_plans_transport_plan_id_seq; Type: SEQUENCE SET; Schema: plan; Owner: -
--

SELECT pg_catalog.setval('plan.transport_plans_transport_plan_id_seq', 101, false);


--
-- Name: settlement_adjustments_settlement_adjustment_id_seq; Type: SEQUENCE SET; Schema: stl; Owner: -
--

SELECT pg_catalog.setval('stl.settlement_adjustments_settlement_adjustment_id_seq', 100, true);


--
-- Name: settlement_batches_settlement_batch_id_seq; Type: SEQUENCE SET; Schema: stl; Owner: -
--

SELECT pg_catalog.setval('stl.settlement_batches_settlement_batch_id_seq', 100, true);


--
-- Name: settlement_closings_settlement_closing_id_seq; Type: SEQUENCE SET; Schema: stl; Owner: -
--

SELECT pg_catalog.setval('stl.settlement_closings_settlement_closing_id_seq', 100, true);


--
-- Name: settlement_lines_settlement_line_id_seq; Type: SEQUENCE SET; Schema: stl; Owner: -
--

SELECT pg_catalog.setval('stl.settlement_lines_settlement_line_id_seq', 100, true);


--
-- Name: settlements_settlement_id_seq; Type: SEQUENCE SET; Schema: stl; Owner: -
--

SELECT pg_catalog.setval('stl.settlements_settlement_id_seq', 100, true);


--
-- Name: audit_logs audit_logs_audit_log_uid_key; Type: CONSTRAINT; Schema: audit; Owner: -
--

ALTER TABLE ONLY audit.audit_logs
    ADD CONSTRAINT audit_logs_audit_log_uid_key UNIQUE (audit_log_uid);


--
-- Name: audit_logs audit_logs_pkey; Type: CONSTRAINT; Schema: audit; Owner: -
--

ALTER TABLE ONLY audit.audit_logs
    ADD CONSTRAINT audit_logs_pkey PRIMARY KEY (audit_log_id);


--
-- Name: notifications notifications_notification_uid_key; Type: CONSTRAINT; Schema: audit; Owner: -
--

ALTER TABLE ONLY audit.notifications
    ADD CONSTRAINT notifications_notification_uid_key UNIQUE (notification_uid);


--
-- Name: notifications notifications_pkey; Type: CONSTRAINT; Schema: audit; Owner: -
--

ALTER TABLE ONLY audit.notifications
    ADD CONSTRAINT notifications_pkey PRIMARY KEY (notification_id);


--
-- Name: branches branches_branch_uid_key; Type: CONSTRAINT; Schema: core; Owner: -
--

ALTER TABLE ONLY core.branches
    ADD CONSTRAINT branches_branch_uid_key UNIQUE (branch_uid);


--
-- Name: branches branches_pkey; Type: CONSTRAINT; Schema: core; Owner: -
--

ALTER TABLE ONLY core.branches
    ADD CONSTRAINT branches_pkey PRIMARY KEY (branch_id);


--
-- Name: branches branches_tenant_id_company_id_branch_code_key; Type: CONSTRAINT; Schema: core; Owner: -
--

ALTER TABLE ONLY core.branches
    ADD CONSTRAINT branches_tenant_id_company_id_branch_code_key UNIQUE (tenant_id, company_id, branch_code);


--
-- Name: common_code_groups common_code_groups_code_group_uid_key; Type: CONSTRAINT; Schema: core; Owner: -
--

ALTER TABLE ONLY core.common_code_groups
    ADD CONSTRAINT common_code_groups_code_group_uid_key UNIQUE (code_group_uid);


--
-- Name: common_code_groups common_code_groups_pkey; Type: CONSTRAINT; Schema: core; Owner: -
--

ALTER TABLE ONLY core.common_code_groups
    ADD CONSTRAINT common_code_groups_pkey PRIMARY KEY (code_group_id);


--
-- Name: common_code_groups common_code_groups_tenant_id_group_code_key; Type: CONSTRAINT; Schema: core; Owner: -
--

ALTER TABLE ONLY core.common_code_groups
    ADD CONSTRAINT common_code_groups_tenant_id_group_code_key UNIQUE (tenant_id, group_code);


--
-- Name: common_codes common_codes_code_group_id_code_key; Type: CONSTRAINT; Schema: core; Owner: -
--

ALTER TABLE ONLY core.common_codes
    ADD CONSTRAINT common_codes_code_group_id_code_key UNIQUE (code_group_id, code);


--
-- Name: common_codes common_codes_code_uid_key; Type: CONSTRAINT; Schema: core; Owner: -
--

ALTER TABLE ONLY core.common_codes
    ADD CONSTRAINT common_codes_code_uid_key UNIQUE (code_uid);


--
-- Name: common_codes common_codes_pkey; Type: CONSTRAINT; Schema: core; Owner: -
--

ALTER TABLE ONLY core.common_codes
    ADD CONSTRAINT common_codes_pkey PRIMARY KEY (code_id);


--
-- Name: companies companies_company_uid_key; Type: CONSTRAINT; Schema: core; Owner: -
--

ALTER TABLE ONLY core.companies
    ADD CONSTRAINT companies_company_uid_key UNIQUE (company_uid);


--
-- Name: companies companies_pkey; Type: CONSTRAINT; Schema: core; Owner: -
--

ALTER TABLE ONLY core.companies
    ADD CONSTRAINT companies_pkey PRIMARY KEY (company_id);


--
-- Name: companies companies_tenant_id_company_code_key; Type: CONSTRAINT; Schema: core; Owner: -
--

ALTER TABLE ONLY core.companies
    ADD CONSTRAINT companies_tenant_id_company_code_key UNIQUE (tenant_id, company_code);


--
-- Name: permissions permissions_permission_code_key; Type: CONSTRAINT; Schema: core; Owner: -
--

ALTER TABLE ONLY core.permissions
    ADD CONSTRAINT permissions_permission_code_key UNIQUE (permission_code);


--
-- Name: permissions permissions_permission_uid_key; Type: CONSTRAINT; Schema: core; Owner: -
--

ALTER TABLE ONLY core.permissions
    ADD CONSTRAINT permissions_permission_uid_key UNIQUE (permission_uid);


--
-- Name: permissions permissions_pkey; Type: CONSTRAINT; Schema: core; Owner: -
--

ALTER TABLE ONLY core.permissions
    ADD CONSTRAINT permissions_pkey PRIMARY KEY (permission_id);


--
-- Name: role_permissions role_permissions_pkey; Type: CONSTRAINT; Schema: core; Owner: -
--

ALTER TABLE ONLY core.role_permissions
    ADD CONSTRAINT role_permissions_pkey PRIMARY KEY (role_id, permission_id);


--
-- Name: roles roles_pkey; Type: CONSTRAINT; Schema: core; Owner: -
--

ALTER TABLE ONLY core.roles
    ADD CONSTRAINT roles_pkey PRIMARY KEY (role_id);


--
-- Name: roles roles_role_uid_key; Type: CONSTRAINT; Schema: core; Owner: -
--

ALTER TABLE ONLY core.roles
    ADD CONSTRAINT roles_role_uid_key UNIQUE (role_uid);


--
-- Name: roles roles_tenant_id_role_code_key; Type: CONSTRAINT; Schema: core; Owner: -
--

ALTER TABLE ONLY core.roles
    ADD CONSTRAINT roles_tenant_id_role_code_key UNIQUE (tenant_id, role_code);


--
-- Name: tenants tenants_pkey; Type: CONSTRAINT; Schema: core; Owner: -
--

ALTER TABLE ONLY core.tenants
    ADD CONSTRAINT tenants_pkey PRIMARY KEY (tenant_id);


--
-- Name: tenants tenants_tenant_code_key; Type: CONSTRAINT; Schema: core; Owner: -
--

ALTER TABLE ONLY core.tenants
    ADD CONSTRAINT tenants_tenant_code_key UNIQUE (tenant_code);


--
-- Name: tenants tenants_tenant_uid_key; Type: CONSTRAINT; Schema: core; Owner: -
--

ALTER TABLE ONLY core.tenants
    ADD CONSTRAINT tenants_tenant_uid_key UNIQUE (tenant_uid);


--
-- Name: user_data_scopes user_data_scopes_pkey; Type: CONSTRAINT; Schema: core; Owner: -
--

ALTER TABLE ONLY core.user_data_scopes
    ADD CONSTRAINT user_data_scopes_pkey PRIMARY KEY (user_data_scope_id);


--
-- Name: user_data_scopes user_data_scopes_user_data_scope_uid_key; Type: CONSTRAINT; Schema: core; Owner: -
--

ALTER TABLE ONLY core.user_data_scopes
    ADD CONSTRAINT user_data_scopes_user_data_scope_uid_key UNIQUE (user_data_scope_uid);


--
-- Name: user_roles user_roles_pkey; Type: CONSTRAINT; Schema: core; Owner: -
--

ALTER TABLE ONLY core.user_roles
    ADD CONSTRAINT user_roles_pkey PRIMARY KEY (user_id, role_id);


--
-- Name: users users_pkey; Type: CONSTRAINT; Schema: core; Owner: -
--

ALTER TABLE ONLY core.users
    ADD CONSTRAINT users_pkey PRIMARY KEY (user_id);


--
-- Name: users users_tenant_id_login_id_key; Type: CONSTRAINT; Schema: core; Owner: -
--

ALTER TABLE ONLY core.users
    ADD CONSTRAINT users_tenant_id_login_id_key UNIQUE (tenant_id, login_id);


--
-- Name: users users_user_uid_key; Type: CONSTRAINT; Schema: core; Owner: -
--

ALTER TABLE ONLY core.users
    ADD CONSTRAINT users_user_uid_key UNIQUE (user_uid);


--
-- Name: assignment_candidates assignment_candidates_assignment_candidate_uid_key; Type: CONSTRAINT; Schema: dsp; Owner: -
--

ALTER TABLE ONLY dsp.assignment_candidates
    ADD CONSTRAINT assignment_candidates_assignment_candidate_uid_key UNIQUE (assignment_candidate_uid);


--
-- Name: assignment_candidates assignment_candidates_pkey; Type: CONSTRAINT; Schema: dsp; Owner: -
--

ALTER TABLE ONLY dsp.assignment_candidates
    ADD CONSTRAINT assignment_candidates_pkey PRIMARY KEY (assignment_candidate_id);


--
-- Name: assignments assignments_assignment_uid_key; Type: CONSTRAINT; Schema: dsp; Owner: -
--

ALTER TABLE ONLY dsp.assignments
    ADD CONSTRAINT assignments_assignment_uid_key UNIQUE (assignment_uid);


--
-- Name: assignments assignments_pkey; Type: CONSTRAINT; Schema: dsp; Owner: -
--

ALTER TABLE ONLY dsp.assignments
    ADD CONSTRAINT assignments_pkey PRIMARY KEY (assignment_id);


--
-- Name: assignments assignments_tenant_id_assignment_no_key; Type: CONSTRAINT; Schema: dsp; Owner: -
--

ALTER TABLE ONLY dsp.assignments
    ADD CONSTRAINT assignments_tenant_id_assignment_no_key UNIQUE (tenant_id, assignment_no);


--
-- Name: dispatches dispatch_driver_no_overlap; Type: CONSTRAINT; Schema: dsp; Owner: -
--



--
-- Name: dispatch_events dispatch_events_dispatch_event_uid_key; Type: CONSTRAINT; Schema: dsp; Owner: -
--

ALTER TABLE ONLY dsp.dispatch_events
    ADD CONSTRAINT dispatch_events_dispatch_event_uid_key UNIQUE (dispatch_event_uid);


--
-- Name: dispatch_events dispatch_events_pkey; Type: CONSTRAINT; Schema: dsp; Owner: -
--

ALTER TABLE ONLY dsp.dispatch_events
    ADD CONSTRAINT dispatch_events_pkey PRIMARY KEY (dispatch_event_id);


--
-- Name: dispatches dispatch_vehicle_no_overlap; Type: CONSTRAINT; Schema: dsp; Owner: -
--



--
-- Name: dispatches dispatches_dispatch_uid_key; Type: CONSTRAINT; Schema: dsp; Owner: -
--

ALTER TABLE ONLY dsp.dispatches
    ADD CONSTRAINT dispatches_dispatch_uid_key UNIQUE (dispatch_uid);


--
-- Name: dispatches dispatches_pkey; Type: CONSTRAINT; Schema: dsp; Owner: -
--

ALTER TABLE ONLY dsp.dispatches
    ADD CONSTRAINT dispatches_pkey PRIMARY KEY (dispatch_id);


--
-- Name: dispatches dispatches_tenant_id_dispatch_no_key; Type: CONSTRAINT; Schema: dsp; Owner: -
--

ALTER TABLE ONLY dsp.dispatches
    ADD CONSTRAINT dispatches_tenant_id_dispatch_no_key UNIQUE (tenant_id, dispatch_no);


--
-- Name: execution_results execution_results_execution_result_uid_key; Type: CONSTRAINT; Schema: exec; Owner: -
--

ALTER TABLE ONLY exec.execution_results
    ADD CONSTRAINT execution_results_execution_result_uid_key UNIQUE (execution_result_uid);


--
-- Name: execution_results execution_results_pkey; Type: CONSTRAINT; Schema: exec; Owner: -
--

ALTER TABLE ONLY exec.execution_results
    ADD CONSTRAINT execution_results_pkey PRIMARY KEY (execution_result_id);


--
-- Name: execution_results execution_results_tenant_id_dispatch_id_key; Type: CONSTRAINT; Schema: exec; Owner: -
--

ALTER TABLE ONLY exec.execution_results
    ADD CONSTRAINT execution_results_tenant_id_dispatch_id_key UNIQUE (tenant_id, dispatch_id);


--
-- Name: gps_positions gps_positions_gps_position_uid_key; Type: CONSTRAINT; Schema: exec; Owner: -
--

ALTER TABLE ONLY exec.gps_positions
    ADD CONSTRAINT gps_positions_gps_position_uid_key UNIQUE (gps_position_uid);


--
-- Name: gps_positions gps_positions_pkey; Type: CONSTRAINT; Schema: exec; Owner: -
--

ALTER TABLE ONLY exec.gps_positions
    ADD CONSTRAINT gps_positions_pkey PRIMARY KEY (gps_position_id);


--
-- Name: incidents incidents_incident_uid_key; Type: CONSTRAINT; Schema: exec; Owner: -
--

ALTER TABLE ONLY exec.incidents
    ADD CONSTRAINT incidents_incident_uid_key UNIQUE (incident_uid);


--
-- Name: incidents incidents_pkey; Type: CONSTRAINT; Schema: exec; Owner: -
--

ALTER TABLE ONLY exec.incidents
    ADD CONSTRAINT incidents_pkey PRIMARY KEY (incident_id);


--
-- Name: incidents incidents_tenant_id_incident_no_key; Type: CONSTRAINT; Schema: exec; Owner: -
--

ALTER TABLE ONLY exec.incidents
    ADD CONSTRAINT incidents_tenant_id_incident_no_key UNIQUE (tenant_id, incident_no);


--
-- Name: pod_documents pod_documents_pkey; Type: CONSTRAINT; Schema: exec; Owner: -
--

ALTER TABLE ONLY exec.pod_documents
    ADD CONSTRAINT pod_documents_pkey PRIMARY KEY (pod_document_id);


--
-- Name: pod_documents pod_documents_pod_document_uid_key; Type: CONSTRAINT; Schema: exec; Owner: -
--

ALTER TABLE ONLY exec.pod_documents
    ADD CONSTRAINT pod_documents_pod_document_uid_key UNIQUE (pod_document_uid);


--
-- Name: stop_results stop_results_pkey; Type: CONSTRAINT; Schema: exec; Owner: -
--

ALTER TABLE ONLY exec.stop_results
    ADD CONSTRAINT stop_results_pkey PRIMARY KEY (stop_result_id);


--
-- Name: stop_results stop_results_stop_result_uid_key; Type: CONSTRAINT; Schema: exec; Owner: -
--

ALTER TABLE ONLY exec.stop_results
    ADD CONSTRAINT stop_results_stop_result_uid_key UNIQUE (stop_result_uid);


--
-- Name: business_partners business_partners_partner_uid_key; Type: CONSTRAINT; Schema: mdm; Owner: -
--

ALTER TABLE ONLY mdm.business_partners
    ADD CONSTRAINT business_partners_partner_uid_key UNIQUE (partner_uid);


--
-- Name: business_partners business_partners_pkey; Type: CONSTRAINT; Schema: mdm; Owner: -
--

ALTER TABLE ONLY mdm.business_partners
    ADD CONSTRAINT business_partners_pkey PRIMARY KEY (partner_id);


--
-- Name: business_partners business_partners_tenant_id_partner_code_key; Type: CONSTRAINT; Schema: mdm; Owner: -
--

ALTER TABLE ONLY mdm.business_partners
    ADD CONSTRAINT business_partners_tenant_id_partner_code_key UNIQUE (tenant_id, partner_code);


--
-- Name: carriers carriers_carrier_uid_key; Type: CONSTRAINT; Schema: mdm; Owner: -
--

ALTER TABLE ONLY mdm.carriers
    ADD CONSTRAINT carriers_carrier_uid_key UNIQUE (carrier_uid);


--
-- Name: carriers carriers_pkey; Type: CONSTRAINT; Schema: mdm; Owner: -
--

ALTER TABLE ONLY mdm.carriers
    ADD CONSTRAINT carriers_pkey PRIMARY KEY (carrier_id);


--
-- Name: carriers carriers_tenant_id_carrier_code_key; Type: CONSTRAINT; Schema: mdm; Owner: -
--

ALTER TABLE ONLY mdm.carriers
    ADD CONSTRAINT carriers_tenant_id_carrier_code_key UNIQUE (tenant_id, carrier_code);


--
-- Name: contract_rates contract_rates_contract_rate_uid_key; Type: CONSTRAINT; Schema: mdm; Owner: -
--

ALTER TABLE ONLY mdm.contract_rates
    ADD CONSTRAINT contract_rates_contract_rate_uid_key UNIQUE (contract_rate_uid);


--
-- Name: contract_rates contract_rates_pkey; Type: CONSTRAINT; Schema: mdm; Owner: -
--

ALTER TABLE ONLY mdm.contract_rates
    ADD CONSTRAINT contract_rates_pkey PRIMARY KEY (contract_rate_id);


--
-- Name: contract_rates contract_rates_tenant_id_contract_id_rate_code_key; Type: CONSTRAINT; Schema: mdm; Owner: -
--

ALTER TABLE ONLY mdm.contract_rates
    ADD CONSTRAINT contract_rates_tenant_id_contract_id_rate_code_key UNIQUE (tenant_id, contract_id, rate_code);


--
-- Name: contracts contracts_contract_uid_key; Type: CONSTRAINT; Schema: mdm; Owner: -
--

ALTER TABLE ONLY mdm.contracts
    ADD CONSTRAINT contracts_contract_uid_key UNIQUE (contract_uid);


--
-- Name: contracts contracts_pkey; Type: CONSTRAINT; Schema: mdm; Owner: -
--

ALTER TABLE ONLY mdm.contracts
    ADD CONSTRAINT contracts_pkey PRIMARY KEY (contract_id);


--
-- Name: contracts contracts_tenant_id_contract_no_key; Type: CONSTRAINT; Schema: mdm; Owner: -
--

ALTER TABLE ONLY mdm.contracts
    ADD CONSTRAINT contracts_tenant_id_contract_no_key UNIQUE (tenant_id, contract_no);


--
-- Name: customers customers_customer_uid_key; Type: CONSTRAINT; Schema: mdm; Owner: -
--

ALTER TABLE ONLY mdm.customers
    ADD CONSTRAINT customers_customer_uid_key UNIQUE (customer_uid);


--
-- Name: customers customers_pkey; Type: CONSTRAINT; Schema: mdm; Owner: -
--

ALTER TABLE ONLY mdm.customers
    ADD CONSTRAINT customers_pkey PRIMARY KEY (customer_id);


--
-- Name: customers customers_tenant_id_customer_code_key; Type: CONSTRAINT; Schema: mdm; Owner: -
--

ALTER TABLE ONLY mdm.customers
    ADD CONSTRAINT customers_tenant_id_customer_code_key UNIQUE (tenant_id, customer_code);


--
-- Name: drivers drivers_driver_uid_key; Type: CONSTRAINT; Schema: mdm; Owner: -
--

ALTER TABLE ONLY mdm.drivers
    ADD CONSTRAINT drivers_driver_uid_key UNIQUE (driver_uid);


--
-- Name: drivers drivers_pkey; Type: CONSTRAINT; Schema: mdm; Owner: -
--

ALTER TABLE ONLY mdm.drivers
    ADD CONSTRAINT drivers_pkey PRIMARY KEY (driver_id);


--
-- Name: drivers drivers_tenant_id_driver_code_key; Type: CONSTRAINT; Schema: mdm; Owner: -
--

ALTER TABLE ONLY mdm.drivers
    ADD CONSTRAINT drivers_tenant_id_driver_code_key UNIQUE (tenant_id, driver_code);


--
-- Name: locations locations_location_uid_key; Type: CONSTRAINT; Schema: mdm; Owner: -
--

ALTER TABLE ONLY mdm.locations
    ADD CONSTRAINT locations_location_uid_key UNIQUE (location_uid);


--
-- Name: locations locations_pkey; Type: CONSTRAINT; Schema: mdm; Owner: -
--

ALTER TABLE ONLY mdm.locations
    ADD CONSTRAINT locations_pkey PRIMARY KEY (location_id);


--
-- Name: locations locations_tenant_id_location_code_key; Type: CONSTRAINT; Schema: mdm; Owner: -
--

ALTER TABLE ONLY mdm.locations
    ADD CONSTRAINT locations_tenant_id_location_code_key UNIQUE (tenant_id, location_code);


--
-- Name: vehicles vehicles_pkey; Type: CONSTRAINT; Schema: mdm; Owner: -
--

ALTER TABLE ONLY mdm.vehicles
    ADD CONSTRAINT vehicles_pkey PRIMARY KEY (vehicle_id);


--
-- Name: vehicles vehicles_tenant_id_vehicle_no_key; Type: CONSTRAINT; Schema: mdm; Owner: -
--

ALTER TABLE ONLY mdm.vehicles
    ADD CONSTRAINT vehicles_tenant_id_vehicle_no_key UNIQUE (tenant_id, vehicle_no);


--
-- Name: vehicles vehicles_vehicle_uid_key; Type: CONSTRAINT; Schema: mdm; Owner: -
--

ALTER TABLE ONLY mdm.vehicles
    ADD CONSTRAINT vehicles_vehicle_uid_key UNIQUE (vehicle_uid);


--
-- Name: order_attachments order_attachments_order_attachment_uid_key; Type: CONSTRAINT; Schema: ord; Owner: -
--

ALTER TABLE ONLY ord.order_attachments
    ADD CONSTRAINT order_attachments_order_attachment_uid_key UNIQUE (order_attachment_uid);


--
-- Name: order_attachments order_attachments_pkey; Type: CONSTRAINT; Schema: ord; Owner: -
--

ALTER TABLE ONLY ord.order_attachments
    ADD CONSTRAINT order_attachments_pkey PRIMARY KEY (order_attachment_id);


--
-- Name: order_items order_items_order_id_item_seq_key; Type: CONSTRAINT; Schema: ord; Owner: -
--

ALTER TABLE ONLY ord.order_items
    ADD CONSTRAINT order_items_order_id_item_seq_key UNIQUE (order_id, item_seq);


--
-- Name: order_items order_items_order_item_uid_key; Type: CONSTRAINT; Schema: ord; Owner: -
--

ALTER TABLE ONLY ord.order_items
    ADD CONSTRAINT order_items_order_item_uid_key UNIQUE (order_item_uid);


--
-- Name: order_items order_items_pkey; Type: CONSTRAINT; Schema: ord; Owner: -
--

ALTER TABLE ONLY ord.order_items
    ADD CONSTRAINT order_items_pkey PRIMARY KEY (order_item_id);


--
-- Name: order_status_history order_status_history_order_status_history_uid_key; Type: CONSTRAINT; Schema: ord; Owner: -
--

ALTER TABLE ONLY ord.order_status_history
    ADD CONSTRAINT order_status_history_order_status_history_uid_key UNIQUE (order_status_history_uid);


--
-- Name: order_status_history order_status_history_pkey; Type: CONSTRAINT; Schema: ord; Owner: -
--

ALTER TABLE ONLY ord.order_status_history
    ADD CONSTRAINT order_status_history_pkey PRIMARY KEY (order_status_history_id);


--
-- Name: order_stops order_stops_order_id_stop_seq_key; Type: CONSTRAINT; Schema: ord; Owner: -
--

ALTER TABLE ONLY ord.order_stops
    ADD CONSTRAINT order_stops_order_id_stop_seq_key UNIQUE (order_id, stop_seq);


--
-- Name: order_stops order_stops_order_stop_uid_key; Type: CONSTRAINT; Schema: ord; Owner: -
--

ALTER TABLE ONLY ord.order_stops
    ADD CONSTRAINT order_stops_order_stop_uid_key UNIQUE (order_stop_uid);


--
-- Name: order_stops order_stops_pkey; Type: CONSTRAINT; Schema: ord; Owner: -
--

ALTER TABLE ONLY ord.order_stops
    ADD CONSTRAINT order_stops_pkey PRIMARY KEY (order_stop_id);


--
-- Name: orders orders_order_uid_key; Type: CONSTRAINT; Schema: ord; Owner: -
--

ALTER TABLE ONLY ord.orders
    ADD CONSTRAINT orders_order_uid_key UNIQUE (order_uid);


--
-- Name: orders orders_pkey; Type: CONSTRAINT; Schema: ord; Owner: -
--

ALTER TABLE ONLY ord.orders
    ADD CONSTRAINT orders_pkey PRIMARY KEY (order_id);


--
-- Name: orders orders_tenant_id_order_no_key; Type: CONSTRAINT; Schema: ord; Owner: -
--

ALTER TABLE ONLY ord.orders
    ADD CONSTRAINT orders_tenant_id_order_no_key UNIQUE (tenant_id, order_no);


--
-- Name: plan_orders plan_orders_pkey; Type: CONSTRAINT; Schema: plan; Owner: -
--

ALTER TABLE ONLY plan.plan_orders
    ADD CONSTRAINT plan_orders_pkey PRIMARY KEY (plan_order_id);


--
-- Name: plan_orders plan_orders_plan_order_uid_key; Type: CONSTRAINT; Schema: plan; Owner: -
--

ALTER TABLE ONLY plan.plan_orders
    ADD CONSTRAINT plan_orders_plan_order_uid_key UNIQUE (plan_order_uid);


--
-- Name: plan_orders plan_orders_transport_plan_id_order_id_split_seq_key; Type: CONSTRAINT; Schema: plan; Owner: -
--

ALTER TABLE ONLY plan.plan_orders
    ADD CONSTRAINT plan_orders_transport_plan_id_order_id_split_seq_key UNIQUE (transport_plan_id, order_id, split_seq);


--
-- Name: plan_stops plan_stops_pkey; Type: CONSTRAINT; Schema: plan; Owner: -
--

ALTER TABLE ONLY plan.plan_stops
    ADD CONSTRAINT plan_stops_pkey PRIMARY KEY (plan_stop_id);


--
-- Name: plan_stops plan_stops_plan_stop_uid_key; Type: CONSTRAINT; Schema: plan; Owner: -
--

ALTER TABLE ONLY plan.plan_stops
    ADD CONSTRAINT plan_stops_plan_stop_uid_key UNIQUE (plan_stop_uid);


--
-- Name: plan_stops plan_stops_transport_plan_id_stop_seq_key; Type: CONSTRAINT; Schema: plan; Owner: -
--

ALTER TABLE ONLY plan.plan_stops
    ADD CONSTRAINT plan_stops_transport_plan_id_stop_seq_key UNIQUE (transport_plan_id, stop_seq);


--
-- Name: transport_plans transport_plans_pkey; Type: CONSTRAINT; Schema: plan; Owner: -
--

ALTER TABLE ONLY plan.transport_plans
    ADD CONSTRAINT transport_plans_pkey PRIMARY KEY (transport_plan_id);


--
-- Name: transport_plans transport_plans_tenant_id_plan_no_key; Type: CONSTRAINT; Schema: plan; Owner: -
--

ALTER TABLE ONLY plan.transport_plans
    ADD CONSTRAINT transport_plans_tenant_id_plan_no_key UNIQUE (tenant_id, plan_no);


--
-- Name: transport_plans transport_plans_transport_plan_uid_key; Type: CONSTRAINT; Schema: plan; Owner: -
--

ALTER TABLE ONLY plan.transport_plans
    ADD CONSTRAINT transport_plans_transport_plan_uid_key UNIQUE (transport_plan_uid);


--
-- Name: alembic_version alembic_version_pkc; Type: CONSTRAINT; Schema: public; Owner: -
--

ALTER TABLE ONLY public.alembic_version
    ADD CONSTRAINT alembic_version_pkc PRIMARY KEY (version_num);


--
-- Name: settlement_adjustments settlement_adjustments_pkey; Type: CONSTRAINT; Schema: stl; Owner: -
--

ALTER TABLE ONLY stl.settlement_adjustments
    ADD CONSTRAINT settlement_adjustments_pkey PRIMARY KEY (settlement_adjustment_id);


--
-- Name: settlement_adjustments settlement_adjustments_settlement_adjustment_uid_key; Type: CONSTRAINT; Schema: stl; Owner: -
--

ALTER TABLE ONLY stl.settlement_adjustments
    ADD CONSTRAINT settlement_adjustments_settlement_adjustment_uid_key UNIQUE (settlement_adjustment_uid);


--
-- Name: settlement_adjustments settlement_adjustments_tenant_id_adjustment_no_key; Type: CONSTRAINT; Schema: stl; Owner: -
--

ALTER TABLE ONLY stl.settlement_adjustments
    ADD CONSTRAINT settlement_adjustments_tenant_id_adjustment_no_key UNIQUE (tenant_id, adjustment_no);


--
-- Name: settlement_batches settlement_batches_pkey; Type: CONSTRAINT; Schema: stl; Owner: -
--

ALTER TABLE ONLY stl.settlement_batches
    ADD CONSTRAINT settlement_batches_pkey PRIMARY KEY (settlement_batch_id);


--
-- Name: settlement_batches settlement_batches_settlement_batch_uid_key; Type: CONSTRAINT; Schema: stl; Owner: -
--

ALTER TABLE ONLY stl.settlement_batches
    ADD CONSTRAINT settlement_batches_settlement_batch_uid_key UNIQUE (settlement_batch_uid);


--
-- Name: settlement_batches settlement_batches_tenant_id_batch_no_key; Type: CONSTRAINT; Schema: stl; Owner: -
--

ALTER TABLE ONLY stl.settlement_batches
    ADD CONSTRAINT settlement_batches_tenant_id_batch_no_key UNIQUE (tenant_id, batch_no);


--
-- Name: settlement_closings settlement_closings_pkey; Type: CONSTRAINT; Schema: stl; Owner: -
--

ALTER TABLE ONLY stl.settlement_closings
    ADD CONSTRAINT settlement_closings_pkey PRIMARY KEY (settlement_closing_id);


--
-- Name: settlement_closings settlement_closings_settlement_closing_uid_key; Type: CONSTRAINT; Schema: stl; Owner: -
--

ALTER TABLE ONLY stl.settlement_closings
    ADD CONSTRAINT settlement_closings_settlement_closing_uid_key UNIQUE (settlement_closing_uid);


--
-- Name: settlement_closings settlement_closings_tenant_id_closing_no_key; Type: CONSTRAINT; Schema: stl; Owner: -
--

ALTER TABLE ONLY stl.settlement_closings
    ADD CONSTRAINT settlement_closings_tenant_id_closing_no_key UNIQUE (tenant_id, closing_no);


--
-- Name: settlement_lines settlement_lines_pkey; Type: CONSTRAINT; Schema: stl; Owner: -
--

ALTER TABLE ONLY stl.settlement_lines
    ADD CONSTRAINT settlement_lines_pkey PRIMARY KEY (settlement_line_id);


--
-- Name: settlement_lines settlement_lines_settlement_id_line_seq_key; Type: CONSTRAINT; Schema: stl; Owner: -
--

ALTER TABLE ONLY stl.settlement_lines
    ADD CONSTRAINT settlement_lines_settlement_id_line_seq_key UNIQUE (settlement_id, line_seq);


--
-- Name: settlement_lines settlement_lines_settlement_line_uid_key; Type: CONSTRAINT; Schema: stl; Owner: -
--

ALTER TABLE ONLY stl.settlement_lines
    ADD CONSTRAINT settlement_lines_settlement_line_uid_key UNIQUE (settlement_line_uid);


--
-- Name: settlements settlements_pkey; Type: CONSTRAINT; Schema: stl; Owner: -
--

ALTER TABLE ONLY stl.settlements
    ADD CONSTRAINT settlements_pkey PRIMARY KEY (settlement_id);


--
-- Name: settlements settlements_settlement_uid_key; Type: CONSTRAINT; Schema: stl; Owner: -
--

ALTER TABLE ONLY stl.settlements
    ADD CONSTRAINT settlements_settlement_uid_key UNIQUE (settlement_uid);


--
-- Name: settlements settlements_tenant_id_settlement_no_key; Type: CONSTRAINT; Schema: stl; Owner: -
--

ALTER TABLE ONLY stl.settlements
    ADD CONSTRAINT settlements_tenant_id_settlement_no_key UNIQUE (tenant_id, settlement_no);


--
-- Name: idx_audit_logs_actor; Type: INDEX; Schema: audit; Owner: -
--

CREATE INDEX idx_audit_logs_actor ON audit.audit_logs USING btree (tenant_id, actor_user_id, created_at DESC);


--
-- Name: idx_audit_logs_entity; Type: INDEX; Schema: audit; Owner: -
--

CREATE INDEX idx_audit_logs_entity ON audit.audit_logs USING btree (tenant_id, entity_schema, entity_name, entity_id, created_at DESC);


--
-- Name: idx_notifications_recipient; Type: INDEX; Schema: audit; Owner: -
--

CREATE INDEX idx_notifications_recipient ON audit.notifications USING btree (tenant_id, recipient_user_id, status_code, created_at DESC);


--
-- Name: idx_branches_company; Type: INDEX; Schema: core; Owner: -
--

CREATE INDEX idx_branches_company ON core.branches USING btree (tenant_id, company_id, is_active);


--
-- Name: idx_companies_tenant; Type: INDEX; Schema: core; Owner: -
--

CREATE INDEX idx_companies_tenant ON core.companies USING btree (tenant_id, is_active);


--
-- Name: idx_user_data_scopes_user; Type: INDEX; Schema: core; Owner: -
--

CREATE INDEX idx_user_data_scopes_user ON core.user_data_scopes USING btree (tenant_id, user_id, scope_type);


--
-- Name: idx_users_tenant_company; Type: INDEX; Schema: core; Owner: -
--

CREATE INDEX idx_users_tenant_company ON core.users USING btree (tenant_id, company_id, is_active);


--
-- Name: idx_assignment_candidates_plan_score; Type: INDEX; Schema: dsp; Owner: -
--

CREATE INDEX idx_assignment_candidates_plan_score ON dsp.assignment_candidates USING btree (tenant_id, transport_plan_id, score DESC);


--
-- Name: idx_assignments_plan_status; Type: INDEX; Schema: dsp; Owner: -
--

CREATE INDEX idx_assignments_plan_status ON dsp.assignments USING btree (tenant_id, transport_plan_id, status_code);


--
-- Name: idx_dispatch_events_dispatch_time; Type: INDEX; Schema: dsp; Owner: -
--

CREATE INDEX idx_dispatch_events_dispatch_time ON dsp.dispatch_events USING btree (tenant_id, dispatch_id, event_at DESC);


--
-- Name: idx_dispatches_carrier_date; Type: INDEX; Schema: dsp; Owner: -
--

CREATE INDEX idx_dispatches_carrier_date ON dsp.dispatches USING btree (tenant_id, carrier_id, dispatch_date);


--
-- Name: idx_dispatches_date_status; Type: INDEX; Schema: dsp; Owner: -
--

CREATE INDEX idx_dispatches_date_status ON dsp.dispatches USING btree (tenant_id, dispatch_date, status_code);


--
-- Name: idx_dispatches_driver_schedule; Type: INDEX; Schema: dsp; Owner: -
--

CREATE INDEX idx_dispatches_driver_schedule ON dsp.dispatches USING btree (tenant_id, driver_id, scheduled_start_at, scheduled_end_at);


--
-- Name: idx_dispatches_vehicle_schedule; Type: INDEX; Schema: dsp; Owner: -
--

CREATE INDEX idx_dispatches_vehicle_schedule ON dsp.dispatches USING btree (tenant_id, vehicle_id, scheduled_start_at, scheduled_end_at);


--
-- Name: idx_execution_results_status; Type: INDEX; Schema: exec; Owner: -
--

CREATE INDEX idx_execution_results_status ON exec.execution_results USING btree (tenant_id, status_code, actual_end_at);


--
-- Name: idx_gps_dispatch_time; Type: INDEX; Schema: exec; Owner: -
--

CREATE INDEX idx_gps_dispatch_time ON exec.gps_positions USING btree (tenant_id, dispatch_id, position_at DESC);


--
-- Name: idx_incidents_status; Type: INDEX; Schema: exec; Owner: -
--

CREATE INDEX idx_incidents_status ON exec.incidents USING btree (tenant_id, status_code, occurred_at DESC);


--
-- Name: idx_pod_execution; Type: INDEX; Schema: exec; Owner: -
--

CREATE INDEX idx_pod_execution ON exec.pod_documents USING btree (tenant_id, execution_result_id, review_status);


--
-- Name: idx_stop_results_execution; Type: INDEX; Schema: exec; Owner: -
--

CREATE INDEX idx_stop_results_execution ON exec.stop_results USING btree (tenant_id, execution_result_id);


--
-- Name: idx_contracts_purchase; Type: INDEX; Schema: mdm; Owner: -
--

CREATE INDEX idx_contracts_purchase ON mdm.contracts USING btree (tenant_id, carrier_id, contract_type, status_code, effective_from, effective_to);


--
-- Name: idx_contracts_sales; Type: INDEX; Schema: mdm; Owner: -
--

CREATE INDEX idx_contracts_sales ON mdm.contracts USING btree (tenant_id, customer_id, contract_type, status_code, effective_from, effective_to);


--
-- Name: idx_drivers_carrier_status; Type: INDEX; Schema: mdm; Owner: -
--

CREATE INDEX idx_drivers_carrier_status ON mdm.drivers USING btree (tenant_id, carrier_id, status_code);


--
-- Name: idx_locations_tenant_name; Type: INDEX; Schema: mdm; Owner: -
--

CREATE INDEX idx_locations_tenant_name ON mdm.locations USING btree (tenant_id, location_name);


--
-- Name: idx_partners_tenant_type; Type: INDEX; Schema: mdm; Owner: -
--

CREATE INDEX idx_partners_tenant_type ON mdm.business_partners USING btree (tenant_id, partner_type, is_active);


--
-- Name: idx_vehicles_carrier_status; Type: INDEX; Schema: mdm; Owner: -
--

CREATE INDEX idx_vehicles_carrier_status ON mdm.vehicles USING btree (tenant_id, carrier_id, status_code);


--
-- Name: idx_order_status_history_order; Type: INDEX; Schema: ord; Owner: -
--

CREATE INDEX idx_order_status_history_order ON ord.order_status_history USING btree (tenant_id, order_id, changed_at DESC);


--
-- Name: idx_order_stops_order_seq; Type: INDEX; Schema: ord; Owner: -
--

CREATE INDEX idx_order_stops_order_seq ON ord.order_stops USING btree (order_id, stop_seq);


--
-- Name: idx_orders_customer_date; Type: INDEX; Schema: ord; Owner: -
--

CREATE INDEX idx_orders_customer_date ON ord.orders USING btree (tenant_id, customer_id, order_date);


--
-- Name: idx_orders_customer_order_no; Type: INDEX; Schema: ord; Owner: -
--

CREATE INDEX idx_orders_customer_order_no ON ord.orders USING btree (tenant_id, customer_id, customer_order_no);


--
-- Name: idx_orders_status_pickup; Type: INDEX; Schema: ord; Owner: -
--

CREATE INDEX idx_orders_status_pickup ON ord.orders USING btree (tenant_id, status_code, requested_pickup_at);


--
-- Name: idx_plan_orders_order; Type: INDEX; Schema: plan; Owner: -
--

CREATE INDEX idx_plan_orders_order ON plan.plan_orders USING btree (tenant_id, order_id);


--
-- Name: idx_plan_stops_plan_seq; Type: INDEX; Schema: plan; Owner: -
--

CREATE INDEX idx_plan_stops_plan_seq ON plan.plan_stops USING btree (transport_plan_id, stop_seq);


--
-- Name: idx_plans_status_date; Type: INDEX; Schema: plan; Owner: -
--

CREATE INDEX idx_plans_status_date ON plan.transport_plans USING btree (tenant_id, status_code, plan_date);


--
-- Name: idx_settlement_batches_period; Type: INDEX; Schema: stl; Owner: -
--

CREATE INDEX idx_settlement_batches_period ON stl.settlement_batches USING btree (tenant_id, settlement_type, period_from, period_to, status_code);


--
-- Name: idx_settlement_lines_settlement; Type: INDEX; Schema: stl; Owner: -
--

CREATE INDEX idx_settlement_lines_settlement ON stl.settlement_lines USING btree (tenant_id, settlement_id, line_type);


--
-- Name: idx_settlements_partner_date; Type: INDEX; Schema: stl; Owner: -
--

CREATE INDEX idx_settlements_partner_date ON stl.settlements USING btree (tenant_id, partner_id, settlement_date);


--
-- Name: idx_settlements_status_date; Type: INDEX; Schema: stl; Owner: -
--

CREATE INDEX idx_settlements_status_date ON stl.settlements USING btree (tenant_id, settlement_type, status_code, settlement_date);


--
-- Name: audit_logs trg_audit_logs_updated_at; Type: TRIGGER; Schema: audit; Owner: -
--

CREATE TRIGGER trg_audit_logs_updated_at BEFORE UPDATE ON audit.audit_logs FOR EACH ROW EXECUTE FUNCTION core.touch_updated_at();


--
-- Name: notifications trg_notifications_updated_at; Type: TRIGGER; Schema: audit; Owner: -
--

CREATE TRIGGER trg_notifications_updated_at BEFORE UPDATE ON audit.notifications FOR EACH ROW EXECUTE FUNCTION core.touch_updated_at();


--
-- Name: branches trg_branches_updated_at; Type: TRIGGER; Schema: core; Owner: -
--

CREATE TRIGGER trg_branches_updated_at BEFORE UPDATE ON core.branches FOR EACH ROW EXECUTE FUNCTION core.touch_updated_at();


--
-- Name: common_code_groups trg_common_code_groups_updated_at; Type: TRIGGER; Schema: core; Owner: -
--

CREATE TRIGGER trg_common_code_groups_updated_at BEFORE UPDATE ON core.common_code_groups FOR EACH ROW EXECUTE FUNCTION core.touch_updated_at();


--
-- Name: common_codes trg_common_codes_updated_at; Type: TRIGGER; Schema: core; Owner: -
--

CREATE TRIGGER trg_common_codes_updated_at BEFORE UPDATE ON core.common_codes FOR EACH ROW EXECUTE FUNCTION core.touch_updated_at();


--
-- Name: companies trg_companies_updated_at; Type: TRIGGER; Schema: core; Owner: -
--

CREATE TRIGGER trg_companies_updated_at BEFORE UPDATE ON core.companies FOR EACH ROW EXECUTE FUNCTION core.touch_updated_at();


--
-- Name: permissions trg_permissions_updated_at; Type: TRIGGER; Schema: core; Owner: -
--

CREATE TRIGGER trg_permissions_updated_at BEFORE UPDATE ON core.permissions FOR EACH ROW EXECUTE FUNCTION core.touch_updated_at();


--
-- Name: role_permissions trg_role_permissions_updated_at; Type: TRIGGER; Schema: core; Owner: -
--

CREATE TRIGGER trg_role_permissions_updated_at BEFORE UPDATE ON core.role_permissions FOR EACH ROW EXECUTE FUNCTION core.touch_updated_at();


--
-- Name: roles trg_roles_updated_at; Type: TRIGGER; Schema: core; Owner: -
--

CREATE TRIGGER trg_roles_updated_at BEFORE UPDATE ON core.roles FOR EACH ROW EXECUTE FUNCTION core.touch_updated_at();


--
-- Name: tenants trg_tenants_updated_at; Type: TRIGGER; Schema: core; Owner: -
--

CREATE TRIGGER trg_tenants_updated_at BEFORE UPDATE ON core.tenants FOR EACH ROW EXECUTE FUNCTION core.touch_updated_at();


--
-- Name: user_data_scopes trg_user_data_scopes_updated_at; Type: TRIGGER; Schema: core; Owner: -
--

CREATE TRIGGER trg_user_data_scopes_updated_at BEFORE UPDATE ON core.user_data_scopes FOR EACH ROW EXECUTE FUNCTION core.touch_updated_at();


--
-- Name: user_roles trg_user_roles_updated_at; Type: TRIGGER; Schema: core; Owner: -
--

CREATE TRIGGER trg_user_roles_updated_at BEFORE UPDATE ON core.user_roles FOR EACH ROW EXECUTE FUNCTION core.touch_updated_at();


--
-- Name: users trg_users_updated_at; Type: TRIGGER; Schema: core; Owner: -
--

CREATE TRIGGER trg_users_updated_at BEFORE UPDATE ON core.users FOR EACH ROW EXECUTE FUNCTION core.touch_updated_at();


--
-- Name: assignment_candidates trg_assignment_candidates_updated_at; Type: TRIGGER; Schema: dsp; Owner: -
--

CREATE TRIGGER trg_assignment_candidates_updated_at BEFORE UPDATE ON dsp.assignment_candidates FOR EACH ROW EXECUTE FUNCTION core.touch_updated_at();


--
-- Name: assignments trg_assignments_updated_at; Type: TRIGGER; Schema: dsp; Owner: -
--

CREATE TRIGGER trg_assignments_updated_at BEFORE UPDATE ON dsp.assignments FOR EACH ROW EXECUTE FUNCTION core.touch_updated_at();


--
-- Name: dispatch_events trg_dispatch_events_updated_at; Type: TRIGGER; Schema: dsp; Owner: -
--

CREATE TRIGGER trg_dispatch_events_updated_at BEFORE UPDATE ON dsp.dispatch_events FOR EACH ROW EXECUTE FUNCTION core.touch_updated_at();


--
-- Name: dispatches trg_dispatches_updated_at; Type: TRIGGER; Schema: dsp; Owner: -
--

CREATE TRIGGER trg_dispatches_updated_at BEFORE UPDATE ON dsp.dispatches FOR EACH ROW EXECUTE FUNCTION core.touch_updated_at();


--
-- Name: execution_results trg_execution_results_updated_at; Type: TRIGGER; Schema: exec; Owner: -
--

CREATE TRIGGER trg_execution_results_updated_at BEFORE UPDATE ON exec.execution_results FOR EACH ROW EXECUTE FUNCTION core.touch_updated_at();


--
-- Name: gps_positions trg_gps_positions_updated_at; Type: TRIGGER; Schema: exec; Owner: -
--

CREATE TRIGGER trg_gps_positions_updated_at BEFORE UPDATE ON exec.gps_positions FOR EACH ROW EXECUTE FUNCTION core.touch_updated_at();


--
-- Name: incidents trg_incidents_updated_at; Type: TRIGGER; Schema: exec; Owner: -
--

CREATE TRIGGER trg_incidents_updated_at BEFORE UPDATE ON exec.incidents FOR EACH ROW EXECUTE FUNCTION core.touch_updated_at();


--
-- Name: pod_documents trg_pod_documents_updated_at; Type: TRIGGER; Schema: exec; Owner: -
--

CREATE TRIGGER trg_pod_documents_updated_at BEFORE UPDATE ON exec.pod_documents FOR EACH ROW EXECUTE FUNCTION core.touch_updated_at();


--
-- Name: stop_results trg_stop_results_updated_at; Type: TRIGGER; Schema: exec; Owner: -
--

CREATE TRIGGER trg_stop_results_updated_at BEFORE UPDATE ON exec.stop_results FOR EACH ROW EXECUTE FUNCTION core.touch_updated_at();


--
-- Name: business_partners trg_business_partners_updated_at; Type: TRIGGER; Schema: mdm; Owner: -
--

CREATE TRIGGER trg_business_partners_updated_at BEFORE UPDATE ON mdm.business_partners FOR EACH ROW EXECUTE FUNCTION core.touch_updated_at();


--
-- Name: carriers trg_carriers_updated_at; Type: TRIGGER; Schema: mdm; Owner: -
--

CREATE TRIGGER trg_carriers_updated_at BEFORE UPDATE ON mdm.carriers FOR EACH ROW EXECUTE FUNCTION core.touch_updated_at();


--
-- Name: contract_rates trg_contract_rates_updated_at; Type: TRIGGER; Schema: mdm; Owner: -
--

CREATE TRIGGER trg_contract_rates_updated_at BEFORE UPDATE ON mdm.contract_rates FOR EACH ROW EXECUTE FUNCTION core.touch_updated_at();


--
-- Name: contracts trg_contracts_updated_at; Type: TRIGGER; Schema: mdm; Owner: -
--

CREATE TRIGGER trg_contracts_updated_at BEFORE UPDATE ON mdm.contracts FOR EACH ROW EXECUTE FUNCTION core.touch_updated_at();


--
-- Name: customers trg_customers_updated_at; Type: TRIGGER; Schema: mdm; Owner: -
--

CREATE TRIGGER trg_customers_updated_at BEFORE UPDATE ON mdm.customers FOR EACH ROW EXECUTE FUNCTION core.touch_updated_at();


--
-- Name: drivers trg_drivers_updated_at; Type: TRIGGER; Schema: mdm; Owner: -
--

CREATE TRIGGER trg_drivers_updated_at BEFORE UPDATE ON mdm.drivers FOR EACH ROW EXECUTE FUNCTION core.touch_updated_at();


--
-- Name: locations trg_locations_updated_at; Type: TRIGGER; Schema: mdm; Owner: -
--

CREATE TRIGGER trg_locations_updated_at BEFORE UPDATE ON mdm.locations FOR EACH ROW EXECUTE FUNCTION core.touch_updated_at();


--
-- Name: vehicles trg_vehicles_updated_at; Type: TRIGGER; Schema: mdm; Owner: -
--

CREATE TRIGGER trg_vehicles_updated_at BEFORE UPDATE ON mdm.vehicles FOR EACH ROW EXECUTE FUNCTION core.touch_updated_at();


--
-- Name: order_attachments trg_order_attachments_updated_at; Type: TRIGGER; Schema: ord; Owner: -
--

CREATE TRIGGER trg_order_attachments_updated_at BEFORE UPDATE ON ord.order_attachments FOR EACH ROW EXECUTE FUNCTION core.touch_updated_at();


--
-- Name: order_items trg_order_items_updated_at; Type: TRIGGER; Schema: ord; Owner: -
--

CREATE TRIGGER trg_order_items_updated_at BEFORE UPDATE ON ord.order_items FOR EACH ROW EXECUTE FUNCTION core.touch_updated_at();


--
-- Name: order_status_history trg_order_status_history_updated_at; Type: TRIGGER; Schema: ord; Owner: -
--

CREATE TRIGGER trg_order_status_history_updated_at BEFORE UPDATE ON ord.order_status_history FOR EACH ROW EXECUTE FUNCTION core.touch_updated_at();


--
-- Name: order_stops trg_order_stops_updated_at; Type: TRIGGER; Schema: ord; Owner: -
--

CREATE TRIGGER trg_order_stops_updated_at BEFORE UPDATE ON ord.order_stops FOR EACH ROW EXECUTE FUNCTION core.touch_updated_at();


--
-- Name: orders trg_orders_updated_at; Type: TRIGGER; Schema: ord; Owner: -
--

CREATE TRIGGER trg_orders_updated_at BEFORE UPDATE ON ord.orders FOR EACH ROW EXECUTE FUNCTION core.touch_updated_at();


--
-- Name: plan_orders trg_plan_orders_updated_at; Type: TRIGGER; Schema: plan; Owner: -
--

CREATE TRIGGER trg_plan_orders_updated_at BEFORE UPDATE ON plan.plan_orders FOR EACH ROW EXECUTE FUNCTION core.touch_updated_at();


--
-- Name: plan_stops trg_plan_stops_updated_at; Type: TRIGGER; Schema: plan; Owner: -
--

CREATE TRIGGER trg_plan_stops_updated_at BEFORE UPDATE ON plan.plan_stops FOR EACH ROW EXECUTE FUNCTION core.touch_updated_at();


--
-- Name: transport_plans trg_transport_plans_updated_at; Type: TRIGGER; Schema: plan; Owner: -
--

CREATE TRIGGER trg_transport_plans_updated_at BEFORE UPDATE ON plan.transport_plans FOR EACH ROW EXECUTE FUNCTION core.touch_updated_at();


--
-- Name: settlement_adjustments trg_settlement_adjustments_updated_at; Type: TRIGGER; Schema: stl; Owner: -
--

CREATE TRIGGER trg_settlement_adjustments_updated_at BEFORE UPDATE ON stl.settlement_adjustments FOR EACH ROW EXECUTE FUNCTION core.touch_updated_at();


--
-- Name: settlement_batches trg_settlement_batches_updated_at; Type: TRIGGER; Schema: stl; Owner: -
--

CREATE TRIGGER trg_settlement_batches_updated_at BEFORE UPDATE ON stl.settlement_batches FOR EACH ROW EXECUTE FUNCTION core.touch_updated_at();


--
-- Name: settlement_closings trg_settlement_closings_updated_at; Type: TRIGGER; Schema: stl; Owner: -
--

CREATE TRIGGER trg_settlement_closings_updated_at BEFORE UPDATE ON stl.settlement_closings FOR EACH ROW EXECUTE FUNCTION core.touch_updated_at();


--
-- Name: settlement_lines trg_settlement_lines_updated_at; Type: TRIGGER; Schema: stl; Owner: -
--

CREATE TRIGGER trg_settlement_lines_updated_at BEFORE UPDATE ON stl.settlement_lines FOR EACH ROW EXECUTE FUNCTION core.touch_updated_at();


--
-- Name: settlements trg_settlements_updated_at; Type: TRIGGER; Schema: stl; Owner: -
--

CREATE TRIGGER trg_settlements_updated_at BEFORE UPDATE ON stl.settlements FOR EACH ROW EXECUTE FUNCTION core.touch_updated_at();


--
-- Name: audit_logs audit_logs_actor_user_id_fkey; Type: FK CONSTRAINT; Schema: audit; Owner: -
--

ALTER TABLE ONLY audit.audit_logs
    ADD CONSTRAINT audit_logs_actor_user_id_fkey FOREIGN KEY (actor_user_id) REFERENCES core.users(user_id);


--
-- Name: audit_logs audit_logs_tenant_id_fkey; Type: FK CONSTRAINT; Schema: audit; Owner: -
--

ALTER TABLE ONLY audit.audit_logs
    ADD CONSTRAINT audit_logs_tenant_id_fkey FOREIGN KEY (tenant_id) REFERENCES core.tenants(tenant_id);


--
-- Name: audit_logs fk_audit_audit_logs_created_by; Type: FK CONSTRAINT; Schema: audit; Owner: -
--

ALTER TABLE ONLY audit.audit_logs
    ADD CONSTRAINT fk_audit_audit_logs_created_by FOREIGN KEY (created_by) REFERENCES core.users(user_id);


--
-- Name: audit_logs fk_audit_audit_logs_deleted_by; Type: FK CONSTRAINT; Schema: audit; Owner: -
--

ALTER TABLE ONLY audit.audit_logs
    ADD CONSTRAINT fk_audit_audit_logs_deleted_by FOREIGN KEY (deleted_by) REFERENCES core.users(user_id);


--
-- Name: audit_logs fk_audit_audit_logs_updated_by; Type: FK CONSTRAINT; Schema: audit; Owner: -
--

ALTER TABLE ONLY audit.audit_logs
    ADD CONSTRAINT fk_audit_audit_logs_updated_by FOREIGN KEY (updated_by) REFERENCES core.users(user_id);


--
-- Name: notifications fk_audit_notifications_created_by; Type: FK CONSTRAINT; Schema: audit; Owner: -
--

ALTER TABLE ONLY audit.notifications
    ADD CONSTRAINT fk_audit_notifications_created_by FOREIGN KEY (created_by) REFERENCES core.users(user_id);


--
-- Name: notifications fk_audit_notifications_deleted_by; Type: FK CONSTRAINT; Schema: audit; Owner: -
--

ALTER TABLE ONLY audit.notifications
    ADD CONSTRAINT fk_audit_notifications_deleted_by FOREIGN KEY (deleted_by) REFERENCES core.users(user_id);


--
-- Name: notifications fk_audit_notifications_updated_by; Type: FK CONSTRAINT; Schema: audit; Owner: -
--

ALTER TABLE ONLY audit.notifications
    ADD CONSTRAINT fk_audit_notifications_updated_by FOREIGN KEY (updated_by) REFERENCES core.users(user_id);


--
-- Name: notifications notifications_recipient_user_id_fkey; Type: FK CONSTRAINT; Schema: audit; Owner: -
--

ALTER TABLE ONLY audit.notifications
    ADD CONSTRAINT notifications_recipient_user_id_fkey FOREIGN KEY (recipient_user_id) REFERENCES core.users(user_id);


--
-- Name: notifications notifications_tenant_id_fkey; Type: FK CONSTRAINT; Schema: audit; Owner: -
--

ALTER TABLE ONLY audit.notifications
    ADD CONSTRAINT notifications_tenant_id_fkey FOREIGN KEY (tenant_id) REFERENCES core.tenants(tenant_id);


--
-- Name: branches branches_company_id_fkey; Type: FK CONSTRAINT; Schema: core; Owner: -
--

ALTER TABLE ONLY core.branches
    ADD CONSTRAINT branches_company_id_fkey FOREIGN KEY (company_id) REFERENCES core.companies(company_id);


--
-- Name: branches branches_parent_branch_id_fkey; Type: FK CONSTRAINT; Schema: core; Owner: -
--

ALTER TABLE ONLY core.branches
    ADD CONSTRAINT branches_parent_branch_id_fkey FOREIGN KEY (parent_branch_id) REFERENCES core.branches(branch_id);


--
-- Name: branches branches_tenant_id_fkey; Type: FK CONSTRAINT; Schema: core; Owner: -
--

ALTER TABLE ONLY core.branches
    ADD CONSTRAINT branches_tenant_id_fkey FOREIGN KEY (tenant_id) REFERENCES core.tenants(tenant_id);


--
-- Name: common_code_groups common_code_groups_tenant_id_fkey; Type: FK CONSTRAINT; Schema: core; Owner: -
--

ALTER TABLE ONLY core.common_code_groups
    ADD CONSTRAINT common_code_groups_tenant_id_fkey FOREIGN KEY (tenant_id) REFERENCES core.tenants(tenant_id);


--
-- Name: common_codes common_codes_code_group_id_fkey; Type: FK CONSTRAINT; Schema: core; Owner: -
--

ALTER TABLE ONLY core.common_codes
    ADD CONSTRAINT common_codes_code_group_id_fkey FOREIGN KEY (code_group_id) REFERENCES core.common_code_groups(code_group_id);


--
-- Name: companies companies_tenant_id_fkey; Type: FK CONSTRAINT; Schema: core; Owner: -
--

ALTER TABLE ONLY core.companies
    ADD CONSTRAINT companies_tenant_id_fkey FOREIGN KEY (tenant_id) REFERENCES core.tenants(tenant_id);


--
-- Name: branches fk_core_branches_created_by; Type: FK CONSTRAINT; Schema: core; Owner: -
--

ALTER TABLE ONLY core.branches
    ADD CONSTRAINT fk_core_branches_created_by FOREIGN KEY (created_by) REFERENCES core.users(user_id);


--
-- Name: branches fk_core_branches_deleted_by; Type: FK CONSTRAINT; Schema: core; Owner: -
--

ALTER TABLE ONLY core.branches
    ADD CONSTRAINT fk_core_branches_deleted_by FOREIGN KEY (deleted_by) REFERENCES core.users(user_id);


--
-- Name: branches fk_core_branches_updated_by; Type: FK CONSTRAINT; Schema: core; Owner: -
--

ALTER TABLE ONLY core.branches
    ADD CONSTRAINT fk_core_branches_updated_by FOREIGN KEY (updated_by) REFERENCES core.users(user_id);


--
-- Name: common_code_groups fk_core_common_code_groups_created_by; Type: FK CONSTRAINT; Schema: core; Owner: -
--

ALTER TABLE ONLY core.common_code_groups
    ADD CONSTRAINT fk_core_common_code_groups_created_by FOREIGN KEY (created_by) REFERENCES core.users(user_id);


--
-- Name: common_code_groups fk_core_common_code_groups_deleted_by; Type: FK CONSTRAINT; Schema: core; Owner: -
--

ALTER TABLE ONLY core.common_code_groups
    ADD CONSTRAINT fk_core_common_code_groups_deleted_by FOREIGN KEY (deleted_by) REFERENCES core.users(user_id);


--
-- Name: common_code_groups fk_core_common_code_groups_updated_by; Type: FK CONSTRAINT; Schema: core; Owner: -
--

ALTER TABLE ONLY core.common_code_groups
    ADD CONSTRAINT fk_core_common_code_groups_updated_by FOREIGN KEY (updated_by) REFERENCES core.users(user_id);


--
-- Name: common_codes fk_core_common_codes_created_by; Type: FK CONSTRAINT; Schema: core; Owner: -
--

ALTER TABLE ONLY core.common_codes
    ADD CONSTRAINT fk_core_common_codes_created_by FOREIGN KEY (created_by) REFERENCES core.users(user_id);


--
-- Name: common_codes fk_core_common_codes_deleted_by; Type: FK CONSTRAINT; Schema: core; Owner: -
--

ALTER TABLE ONLY core.common_codes
    ADD CONSTRAINT fk_core_common_codes_deleted_by FOREIGN KEY (deleted_by) REFERENCES core.users(user_id);


--
-- Name: common_codes fk_core_common_codes_updated_by; Type: FK CONSTRAINT; Schema: core; Owner: -
--

ALTER TABLE ONLY core.common_codes
    ADD CONSTRAINT fk_core_common_codes_updated_by FOREIGN KEY (updated_by) REFERENCES core.users(user_id);


--
-- Name: companies fk_core_companies_created_by; Type: FK CONSTRAINT; Schema: core; Owner: -
--

ALTER TABLE ONLY core.companies
    ADD CONSTRAINT fk_core_companies_created_by FOREIGN KEY (created_by) REFERENCES core.users(user_id);


--
-- Name: companies fk_core_companies_deleted_by; Type: FK CONSTRAINT; Schema: core; Owner: -
--

ALTER TABLE ONLY core.companies
    ADD CONSTRAINT fk_core_companies_deleted_by FOREIGN KEY (deleted_by) REFERENCES core.users(user_id);


--
-- Name: companies fk_core_companies_updated_by; Type: FK CONSTRAINT; Schema: core; Owner: -
--

ALTER TABLE ONLY core.companies
    ADD CONSTRAINT fk_core_companies_updated_by FOREIGN KEY (updated_by) REFERENCES core.users(user_id);


--
-- Name: permissions fk_core_permissions_created_by; Type: FK CONSTRAINT; Schema: core; Owner: -
--

ALTER TABLE ONLY core.permissions
    ADD CONSTRAINT fk_core_permissions_created_by FOREIGN KEY (created_by) REFERENCES core.users(user_id);


--
-- Name: permissions fk_core_permissions_deleted_by; Type: FK CONSTRAINT; Schema: core; Owner: -
--

ALTER TABLE ONLY core.permissions
    ADD CONSTRAINT fk_core_permissions_deleted_by FOREIGN KEY (deleted_by) REFERENCES core.users(user_id);


--
-- Name: permissions fk_core_permissions_updated_by; Type: FK CONSTRAINT; Schema: core; Owner: -
--

ALTER TABLE ONLY core.permissions
    ADD CONSTRAINT fk_core_permissions_updated_by FOREIGN KEY (updated_by) REFERENCES core.users(user_id);


--
-- Name: role_permissions fk_core_role_permissions_created_by; Type: FK CONSTRAINT; Schema: core; Owner: -
--

ALTER TABLE ONLY core.role_permissions
    ADD CONSTRAINT fk_core_role_permissions_created_by FOREIGN KEY (created_by) REFERENCES core.users(user_id);


--
-- Name: role_permissions fk_core_role_permissions_deleted_by; Type: FK CONSTRAINT; Schema: core; Owner: -
--

ALTER TABLE ONLY core.role_permissions
    ADD CONSTRAINT fk_core_role_permissions_deleted_by FOREIGN KEY (deleted_by) REFERENCES core.users(user_id);


--
-- Name: role_permissions fk_core_role_permissions_updated_by; Type: FK CONSTRAINT; Schema: core; Owner: -
--

ALTER TABLE ONLY core.role_permissions
    ADD CONSTRAINT fk_core_role_permissions_updated_by FOREIGN KEY (updated_by) REFERENCES core.users(user_id);


--
-- Name: roles fk_core_roles_created_by; Type: FK CONSTRAINT; Schema: core; Owner: -
--

ALTER TABLE ONLY core.roles
    ADD CONSTRAINT fk_core_roles_created_by FOREIGN KEY (created_by) REFERENCES core.users(user_id);


--
-- Name: roles fk_core_roles_deleted_by; Type: FK CONSTRAINT; Schema: core; Owner: -
--

ALTER TABLE ONLY core.roles
    ADD CONSTRAINT fk_core_roles_deleted_by FOREIGN KEY (deleted_by) REFERENCES core.users(user_id);


--
-- Name: roles fk_core_roles_updated_by; Type: FK CONSTRAINT; Schema: core; Owner: -
--

ALTER TABLE ONLY core.roles
    ADD CONSTRAINT fk_core_roles_updated_by FOREIGN KEY (updated_by) REFERENCES core.users(user_id);


--
-- Name: tenants fk_core_tenants_created_by; Type: FK CONSTRAINT; Schema: core; Owner: -
--

ALTER TABLE ONLY core.tenants
    ADD CONSTRAINT fk_core_tenants_created_by FOREIGN KEY (created_by) REFERENCES core.users(user_id);


--
-- Name: tenants fk_core_tenants_deleted_by; Type: FK CONSTRAINT; Schema: core; Owner: -
--

ALTER TABLE ONLY core.tenants
    ADD CONSTRAINT fk_core_tenants_deleted_by FOREIGN KEY (deleted_by) REFERENCES core.users(user_id);


--
-- Name: tenants fk_core_tenants_updated_by; Type: FK CONSTRAINT; Schema: core; Owner: -
--

ALTER TABLE ONLY core.tenants
    ADD CONSTRAINT fk_core_tenants_updated_by FOREIGN KEY (updated_by) REFERENCES core.users(user_id);


--
-- Name: user_data_scopes fk_core_user_data_scopes_created_by; Type: FK CONSTRAINT; Schema: core; Owner: -
--

ALTER TABLE ONLY core.user_data_scopes
    ADD CONSTRAINT fk_core_user_data_scopes_created_by FOREIGN KEY (created_by) REFERENCES core.users(user_id);


--
-- Name: user_data_scopes fk_core_user_data_scopes_deleted_by; Type: FK CONSTRAINT; Schema: core; Owner: -
--

ALTER TABLE ONLY core.user_data_scopes
    ADD CONSTRAINT fk_core_user_data_scopes_deleted_by FOREIGN KEY (deleted_by) REFERENCES core.users(user_id);


--
-- Name: user_data_scopes fk_core_user_data_scopes_updated_by; Type: FK CONSTRAINT; Schema: core; Owner: -
--

ALTER TABLE ONLY core.user_data_scopes
    ADD CONSTRAINT fk_core_user_data_scopes_updated_by FOREIGN KEY (updated_by) REFERENCES core.users(user_id);


--
-- Name: user_roles fk_core_user_roles_created_by; Type: FK CONSTRAINT; Schema: core; Owner: -
--

ALTER TABLE ONLY core.user_roles
    ADD CONSTRAINT fk_core_user_roles_created_by FOREIGN KEY (created_by) REFERENCES core.users(user_id);


--
-- Name: user_roles fk_core_user_roles_deleted_by; Type: FK CONSTRAINT; Schema: core; Owner: -
--

ALTER TABLE ONLY core.user_roles
    ADD CONSTRAINT fk_core_user_roles_deleted_by FOREIGN KEY (deleted_by) REFERENCES core.users(user_id);


--
-- Name: user_roles fk_core_user_roles_updated_by; Type: FK CONSTRAINT; Schema: core; Owner: -
--

ALTER TABLE ONLY core.user_roles
    ADD CONSTRAINT fk_core_user_roles_updated_by FOREIGN KEY (updated_by) REFERENCES core.users(user_id);


--
-- Name: users fk_core_users_created_by; Type: FK CONSTRAINT; Schema: core; Owner: -
--

ALTER TABLE ONLY core.users
    ADD CONSTRAINT fk_core_users_created_by FOREIGN KEY (created_by) REFERENCES core.users(user_id);


--
-- Name: users fk_core_users_deleted_by; Type: FK CONSTRAINT; Schema: core; Owner: -
--

ALTER TABLE ONLY core.users
    ADD CONSTRAINT fk_core_users_deleted_by FOREIGN KEY (deleted_by) REFERENCES core.users(user_id);


--
-- Name: users fk_core_users_updated_by; Type: FK CONSTRAINT; Schema: core; Owner: -
--

ALTER TABLE ONLY core.users
    ADD CONSTRAINT fk_core_users_updated_by FOREIGN KEY (updated_by) REFERENCES core.users(user_id);


--
-- Name: role_permissions role_permissions_permission_id_fkey; Type: FK CONSTRAINT; Schema: core; Owner: -
--

ALTER TABLE ONLY core.role_permissions
    ADD CONSTRAINT role_permissions_permission_id_fkey FOREIGN KEY (permission_id) REFERENCES core.permissions(permission_id);


--
-- Name: role_permissions role_permissions_role_id_fkey; Type: FK CONSTRAINT; Schema: core; Owner: -
--

ALTER TABLE ONLY core.role_permissions
    ADD CONSTRAINT role_permissions_role_id_fkey FOREIGN KEY (role_id) REFERENCES core.roles(role_id);


--
-- Name: roles roles_tenant_id_fkey; Type: FK CONSTRAINT; Schema: core; Owner: -
--

ALTER TABLE ONLY core.roles
    ADD CONSTRAINT roles_tenant_id_fkey FOREIGN KEY (tenant_id) REFERENCES core.tenants(tenant_id);


--
-- Name: user_data_scopes user_data_scopes_tenant_id_fkey; Type: FK CONSTRAINT; Schema: core; Owner: -
--

ALTER TABLE ONLY core.user_data_scopes
    ADD CONSTRAINT user_data_scopes_tenant_id_fkey FOREIGN KEY (tenant_id) REFERENCES core.tenants(tenant_id);


--
-- Name: user_data_scopes user_data_scopes_user_id_fkey; Type: FK CONSTRAINT; Schema: core; Owner: -
--

ALTER TABLE ONLY core.user_data_scopes
    ADD CONSTRAINT user_data_scopes_user_id_fkey FOREIGN KEY (user_id) REFERENCES core.users(user_id);


--
-- Name: user_roles user_roles_granted_by_fkey; Type: FK CONSTRAINT; Schema: core; Owner: -
--

ALTER TABLE ONLY core.user_roles
    ADD CONSTRAINT user_roles_granted_by_fkey FOREIGN KEY (granted_by) REFERENCES core.users(user_id);


--
-- Name: user_roles user_roles_role_id_fkey; Type: FK CONSTRAINT; Schema: core; Owner: -
--

ALTER TABLE ONLY core.user_roles
    ADD CONSTRAINT user_roles_role_id_fkey FOREIGN KEY (role_id) REFERENCES core.roles(role_id);


--
-- Name: user_roles user_roles_user_id_fkey; Type: FK CONSTRAINT; Schema: core; Owner: -
--

ALTER TABLE ONLY core.user_roles
    ADD CONSTRAINT user_roles_user_id_fkey FOREIGN KEY (user_id) REFERENCES core.users(user_id);


--
-- Name: users users_branch_id_fkey; Type: FK CONSTRAINT; Schema: core; Owner: -
--

ALTER TABLE ONLY core.users
    ADD CONSTRAINT users_branch_id_fkey FOREIGN KEY (branch_id) REFERENCES core.branches(branch_id);


--
-- Name: users users_company_id_fkey; Type: FK CONSTRAINT; Schema: core; Owner: -
--

ALTER TABLE ONLY core.users
    ADD CONSTRAINT users_company_id_fkey FOREIGN KEY (company_id) REFERENCES core.companies(company_id);


--
-- Name: users users_tenant_id_fkey; Type: FK CONSTRAINT; Schema: core; Owner: -
--

ALTER TABLE ONLY core.users
    ADD CONSTRAINT users_tenant_id_fkey FOREIGN KEY (tenant_id) REFERENCES core.tenants(tenant_id);


--
-- Name: assignment_candidates assignment_candidates_carrier_id_fkey; Type: FK CONSTRAINT; Schema: dsp; Owner: -
--

ALTER TABLE ONLY dsp.assignment_candidates
    ADD CONSTRAINT assignment_candidates_carrier_id_fkey FOREIGN KEY (carrier_id) REFERENCES mdm.carriers(carrier_id);


--
-- Name: assignment_candidates assignment_candidates_driver_id_fkey; Type: FK CONSTRAINT; Schema: dsp; Owner: -
--

ALTER TABLE ONLY dsp.assignment_candidates
    ADD CONSTRAINT assignment_candidates_driver_id_fkey FOREIGN KEY (driver_id) REFERENCES mdm.drivers(driver_id);


--
-- Name: assignment_candidates assignment_candidates_tenant_id_fkey; Type: FK CONSTRAINT; Schema: dsp; Owner: -
--

ALTER TABLE ONLY dsp.assignment_candidates
    ADD CONSTRAINT assignment_candidates_tenant_id_fkey FOREIGN KEY (tenant_id) REFERENCES core.tenants(tenant_id);


--
-- Name: assignment_candidates assignment_candidates_transport_plan_id_fkey; Type: FK CONSTRAINT; Schema: dsp; Owner: -
--

ALTER TABLE ONLY dsp.assignment_candidates
    ADD CONSTRAINT assignment_candidates_transport_plan_id_fkey FOREIGN KEY (transport_plan_id) REFERENCES plan.transport_plans(transport_plan_id);


--
-- Name: assignment_candidates assignment_candidates_vehicle_id_fkey; Type: FK CONSTRAINT; Schema: dsp; Owner: -
--

ALTER TABLE ONLY dsp.assignment_candidates
    ADD CONSTRAINT assignment_candidates_vehicle_id_fkey FOREIGN KEY (vehicle_id) REFERENCES mdm.vehicles(vehicle_id);


--
-- Name: assignments assignments_carrier_id_fkey; Type: FK CONSTRAINT; Schema: dsp; Owner: -
--

ALTER TABLE ONLY dsp.assignments
    ADD CONSTRAINT assignments_carrier_id_fkey FOREIGN KEY (carrier_id) REFERENCES mdm.carriers(carrier_id);


--
-- Name: assignments assignments_confirmed_by_fkey; Type: FK CONSTRAINT; Schema: dsp; Owner: -
--

ALTER TABLE ONLY dsp.assignments
    ADD CONSTRAINT assignments_confirmed_by_fkey FOREIGN KEY (confirmed_by) REFERENCES core.users(user_id);


--
-- Name: assignments assignments_created_by_fkey; Type: FK CONSTRAINT; Schema: dsp; Owner: -
--

ALTER TABLE ONLY dsp.assignments
    ADD CONSTRAINT assignments_created_by_fkey FOREIGN KEY (created_by) REFERENCES core.users(user_id);


--
-- Name: assignments assignments_driver_id_fkey; Type: FK CONSTRAINT; Schema: dsp; Owner: -
--

ALTER TABLE ONLY dsp.assignments
    ADD CONSTRAINT assignments_driver_id_fkey FOREIGN KEY (driver_id) REFERENCES mdm.drivers(driver_id);


--
-- Name: assignments assignments_tenant_id_fkey; Type: FK CONSTRAINT; Schema: dsp; Owner: -
--

ALTER TABLE ONLY dsp.assignments
    ADD CONSTRAINT assignments_tenant_id_fkey FOREIGN KEY (tenant_id) REFERENCES core.tenants(tenant_id);


--
-- Name: assignments assignments_transport_plan_id_fkey; Type: FK CONSTRAINT; Schema: dsp; Owner: -
--

ALTER TABLE ONLY dsp.assignments
    ADD CONSTRAINT assignments_transport_plan_id_fkey FOREIGN KEY (transport_plan_id) REFERENCES plan.transport_plans(transport_plan_id);


--
-- Name: assignments assignments_vehicle_id_fkey; Type: FK CONSTRAINT; Schema: dsp; Owner: -
--

ALTER TABLE ONLY dsp.assignments
    ADD CONSTRAINT assignments_vehicle_id_fkey FOREIGN KEY (vehicle_id) REFERENCES mdm.vehicles(vehicle_id);


--
-- Name: dispatch_events dispatch_events_created_by_fkey; Type: FK CONSTRAINT; Schema: dsp; Owner: -
--

ALTER TABLE ONLY dsp.dispatch_events
    ADD CONSTRAINT dispatch_events_created_by_fkey FOREIGN KEY (created_by) REFERENCES core.users(user_id);


--
-- Name: dispatch_events dispatch_events_dispatch_id_fkey; Type: FK CONSTRAINT; Schema: dsp; Owner: -
--

ALTER TABLE ONLY dsp.dispatch_events
    ADD CONSTRAINT dispatch_events_dispatch_id_fkey FOREIGN KEY (dispatch_id) REFERENCES dsp.dispatches(dispatch_id) ON DELETE CASCADE;


--
-- Name: dispatch_events dispatch_events_plan_stop_id_fkey; Type: FK CONSTRAINT; Schema: dsp; Owner: -
--

ALTER TABLE ONLY dsp.dispatch_events
    ADD CONSTRAINT dispatch_events_plan_stop_id_fkey FOREIGN KEY (plan_stop_id) REFERENCES plan.plan_stops(plan_stop_id);


--
-- Name: dispatch_events dispatch_events_tenant_id_fkey; Type: FK CONSTRAINT; Schema: dsp; Owner: -
--

ALTER TABLE ONLY dsp.dispatch_events
    ADD CONSTRAINT dispatch_events_tenant_id_fkey FOREIGN KEY (tenant_id) REFERENCES core.tenants(tenant_id);


--
-- Name: dispatches dispatches_assignment_id_fkey; Type: FK CONSTRAINT; Schema: dsp; Owner: -
--

ALTER TABLE ONLY dsp.dispatches
    ADD CONSTRAINT dispatches_assignment_id_fkey FOREIGN KEY (assignment_id) REFERENCES dsp.assignments(assignment_id);


--
-- Name: dispatches dispatches_carrier_id_fkey; Type: FK CONSTRAINT; Schema: dsp; Owner: -
--

ALTER TABLE ONLY dsp.dispatches
    ADD CONSTRAINT dispatches_carrier_id_fkey FOREIGN KEY (carrier_id) REFERENCES mdm.carriers(carrier_id);


--
-- Name: dispatches dispatches_created_by_fkey; Type: FK CONSTRAINT; Schema: dsp; Owner: -
--

ALTER TABLE ONLY dsp.dispatches
    ADD CONSTRAINT dispatches_created_by_fkey FOREIGN KEY (created_by) REFERENCES core.users(user_id);


--
-- Name: dispatches dispatches_driver_id_fkey; Type: FK CONSTRAINT; Schema: dsp; Owner: -
--

ALTER TABLE ONLY dsp.dispatches
    ADD CONSTRAINT dispatches_driver_id_fkey FOREIGN KEY (driver_id) REFERENCES mdm.drivers(driver_id);


--
-- Name: dispatches dispatches_tenant_id_fkey; Type: FK CONSTRAINT; Schema: dsp; Owner: -
--

ALTER TABLE ONLY dsp.dispatches
    ADD CONSTRAINT dispatches_tenant_id_fkey FOREIGN KEY (tenant_id) REFERENCES core.tenants(tenant_id);


--
-- Name: dispatches dispatches_transport_plan_id_fkey; Type: FK CONSTRAINT; Schema: dsp; Owner: -
--

ALTER TABLE ONLY dsp.dispatches
    ADD CONSTRAINT dispatches_transport_plan_id_fkey FOREIGN KEY (transport_plan_id) REFERENCES plan.transport_plans(transport_plan_id);


--
-- Name: dispatches dispatches_vehicle_id_fkey; Type: FK CONSTRAINT; Schema: dsp; Owner: -
--

ALTER TABLE ONLY dsp.dispatches
    ADD CONSTRAINT dispatches_vehicle_id_fkey FOREIGN KEY (vehicle_id) REFERENCES mdm.vehicles(vehicle_id);


--
-- Name: assignment_candidates fk_dsp_assignment_candidates_created_by; Type: FK CONSTRAINT; Schema: dsp; Owner: -
--

ALTER TABLE ONLY dsp.assignment_candidates
    ADD CONSTRAINT fk_dsp_assignment_candidates_created_by FOREIGN KEY (created_by) REFERENCES core.users(user_id);


--
-- Name: assignment_candidates fk_dsp_assignment_candidates_deleted_by; Type: FK CONSTRAINT; Schema: dsp; Owner: -
--

ALTER TABLE ONLY dsp.assignment_candidates
    ADD CONSTRAINT fk_dsp_assignment_candidates_deleted_by FOREIGN KEY (deleted_by) REFERENCES core.users(user_id);


--
-- Name: assignment_candidates fk_dsp_assignment_candidates_updated_by; Type: FK CONSTRAINT; Schema: dsp; Owner: -
--

ALTER TABLE ONLY dsp.assignment_candidates
    ADD CONSTRAINT fk_dsp_assignment_candidates_updated_by FOREIGN KEY (updated_by) REFERENCES core.users(user_id);


--
-- Name: assignments fk_dsp_assignments_deleted_by; Type: FK CONSTRAINT; Schema: dsp; Owner: -
--

ALTER TABLE ONLY dsp.assignments
    ADD CONSTRAINT fk_dsp_assignments_deleted_by FOREIGN KEY (deleted_by) REFERENCES core.users(user_id);


--
-- Name: assignments fk_dsp_assignments_updated_by; Type: FK CONSTRAINT; Schema: dsp; Owner: -
--

ALTER TABLE ONLY dsp.assignments
    ADD CONSTRAINT fk_dsp_assignments_updated_by FOREIGN KEY (updated_by) REFERENCES core.users(user_id);


--
-- Name: dispatch_events fk_dsp_dispatch_events_deleted_by; Type: FK CONSTRAINT; Schema: dsp; Owner: -
--

ALTER TABLE ONLY dsp.dispatch_events
    ADD CONSTRAINT fk_dsp_dispatch_events_deleted_by FOREIGN KEY (deleted_by) REFERENCES core.users(user_id);


--
-- Name: dispatch_events fk_dsp_dispatch_events_updated_by; Type: FK CONSTRAINT; Schema: dsp; Owner: -
--

ALTER TABLE ONLY dsp.dispatch_events
    ADD CONSTRAINT fk_dsp_dispatch_events_updated_by FOREIGN KEY (updated_by) REFERENCES core.users(user_id);


--
-- Name: dispatches fk_dsp_dispatches_deleted_by; Type: FK CONSTRAINT; Schema: dsp; Owner: -
--

ALTER TABLE ONLY dsp.dispatches
    ADD CONSTRAINT fk_dsp_dispatches_deleted_by FOREIGN KEY (deleted_by) REFERENCES core.users(user_id);


--
-- Name: dispatches fk_dsp_dispatches_updated_by; Type: FK CONSTRAINT; Schema: dsp; Owner: -
--

ALTER TABLE ONLY dsp.dispatches
    ADD CONSTRAINT fk_dsp_dispatches_updated_by FOREIGN KEY (updated_by) REFERENCES core.users(user_id);


--
-- Name: execution_results execution_results_confirmed_by_fkey; Type: FK CONSTRAINT; Schema: exec; Owner: -
--

ALTER TABLE ONLY exec.execution_results
    ADD CONSTRAINT execution_results_confirmed_by_fkey FOREIGN KEY (confirmed_by) REFERENCES core.users(user_id);


--
-- Name: execution_results execution_results_dispatch_id_fkey; Type: FK CONSTRAINT; Schema: exec; Owner: -
--

ALTER TABLE ONLY exec.execution_results
    ADD CONSTRAINT execution_results_dispatch_id_fkey FOREIGN KEY (dispatch_id) REFERENCES dsp.dispatches(dispatch_id);


--
-- Name: execution_results execution_results_tenant_id_fkey; Type: FK CONSTRAINT; Schema: exec; Owner: -
--

ALTER TABLE ONLY exec.execution_results
    ADD CONSTRAINT execution_results_tenant_id_fkey FOREIGN KEY (tenant_id) REFERENCES core.tenants(tenant_id);


--
-- Name: execution_results execution_results_transport_plan_id_fkey; Type: FK CONSTRAINT; Schema: exec; Owner: -
--

ALTER TABLE ONLY exec.execution_results
    ADD CONSTRAINT execution_results_transport_plan_id_fkey FOREIGN KEY (transport_plan_id) REFERENCES plan.transport_plans(transport_plan_id);


--
-- Name: execution_results fk_exec_execution_results_created_by; Type: FK CONSTRAINT; Schema: exec; Owner: -
--

ALTER TABLE ONLY exec.execution_results
    ADD CONSTRAINT fk_exec_execution_results_created_by FOREIGN KEY (created_by) REFERENCES core.users(user_id);


--
-- Name: execution_results fk_exec_execution_results_deleted_by; Type: FK CONSTRAINT; Schema: exec; Owner: -
--

ALTER TABLE ONLY exec.execution_results
    ADD CONSTRAINT fk_exec_execution_results_deleted_by FOREIGN KEY (deleted_by) REFERENCES core.users(user_id);


--
-- Name: execution_results fk_exec_execution_results_updated_by; Type: FK CONSTRAINT; Schema: exec; Owner: -
--

ALTER TABLE ONLY exec.execution_results
    ADD CONSTRAINT fk_exec_execution_results_updated_by FOREIGN KEY (updated_by) REFERENCES core.users(user_id);


--
-- Name: gps_positions fk_exec_gps_positions_created_by; Type: FK CONSTRAINT; Schema: exec; Owner: -
--

ALTER TABLE ONLY exec.gps_positions
    ADD CONSTRAINT fk_exec_gps_positions_created_by FOREIGN KEY (created_by) REFERENCES core.users(user_id);


--
-- Name: gps_positions fk_exec_gps_positions_deleted_by; Type: FK CONSTRAINT; Schema: exec; Owner: -
--

ALTER TABLE ONLY exec.gps_positions
    ADD CONSTRAINT fk_exec_gps_positions_deleted_by FOREIGN KEY (deleted_by) REFERENCES core.users(user_id);


--
-- Name: gps_positions fk_exec_gps_positions_updated_by; Type: FK CONSTRAINT; Schema: exec; Owner: -
--

ALTER TABLE ONLY exec.gps_positions
    ADD CONSTRAINT fk_exec_gps_positions_updated_by FOREIGN KEY (updated_by) REFERENCES core.users(user_id);


--
-- Name: incidents fk_exec_incidents_deleted_by; Type: FK CONSTRAINT; Schema: exec; Owner: -
--

ALTER TABLE ONLY exec.incidents
    ADD CONSTRAINT fk_exec_incidents_deleted_by FOREIGN KEY (deleted_by) REFERENCES core.users(user_id);


--
-- Name: incidents fk_exec_incidents_updated_by; Type: FK CONSTRAINT; Schema: exec; Owner: -
--

ALTER TABLE ONLY exec.incidents
    ADD CONSTRAINT fk_exec_incidents_updated_by FOREIGN KEY (updated_by) REFERENCES core.users(user_id);


--
-- Name: pod_documents fk_exec_pod_documents_created_by; Type: FK CONSTRAINT; Schema: exec; Owner: -
--

ALTER TABLE ONLY exec.pod_documents
    ADD CONSTRAINT fk_exec_pod_documents_created_by FOREIGN KEY (created_by) REFERENCES core.users(user_id);


--
-- Name: pod_documents fk_exec_pod_documents_deleted_by; Type: FK CONSTRAINT; Schema: exec; Owner: -
--

ALTER TABLE ONLY exec.pod_documents
    ADD CONSTRAINT fk_exec_pod_documents_deleted_by FOREIGN KEY (deleted_by) REFERENCES core.users(user_id);


--
-- Name: pod_documents fk_exec_pod_documents_updated_by; Type: FK CONSTRAINT; Schema: exec; Owner: -
--

ALTER TABLE ONLY exec.pod_documents
    ADD CONSTRAINT fk_exec_pod_documents_updated_by FOREIGN KEY (updated_by) REFERENCES core.users(user_id);


--
-- Name: stop_results fk_exec_stop_results_created_by; Type: FK CONSTRAINT; Schema: exec; Owner: -
--

ALTER TABLE ONLY exec.stop_results
    ADD CONSTRAINT fk_exec_stop_results_created_by FOREIGN KEY (created_by) REFERENCES core.users(user_id);


--
-- Name: stop_results fk_exec_stop_results_deleted_by; Type: FK CONSTRAINT; Schema: exec; Owner: -
--

ALTER TABLE ONLY exec.stop_results
    ADD CONSTRAINT fk_exec_stop_results_deleted_by FOREIGN KEY (deleted_by) REFERENCES core.users(user_id);


--
-- Name: stop_results fk_exec_stop_results_updated_by; Type: FK CONSTRAINT; Schema: exec; Owner: -
--

ALTER TABLE ONLY exec.stop_results
    ADD CONSTRAINT fk_exec_stop_results_updated_by FOREIGN KEY (updated_by) REFERENCES core.users(user_id);


--
-- Name: gps_positions gps_positions_dispatch_id_fkey; Type: FK CONSTRAINT; Schema: exec; Owner: -
--

ALTER TABLE ONLY exec.gps_positions
    ADD CONSTRAINT gps_positions_dispatch_id_fkey FOREIGN KEY (dispatch_id) REFERENCES dsp.dispatches(dispatch_id);


--
-- Name: gps_positions gps_positions_driver_id_fkey; Type: FK CONSTRAINT; Schema: exec; Owner: -
--

ALTER TABLE ONLY exec.gps_positions
    ADD CONSTRAINT gps_positions_driver_id_fkey FOREIGN KEY (driver_id) REFERENCES mdm.drivers(driver_id);


--
-- Name: gps_positions gps_positions_tenant_id_fkey; Type: FK CONSTRAINT; Schema: exec; Owner: -
--

ALTER TABLE ONLY exec.gps_positions
    ADD CONSTRAINT gps_positions_tenant_id_fkey FOREIGN KEY (tenant_id) REFERENCES core.tenants(tenant_id);


--
-- Name: gps_positions gps_positions_vehicle_id_fkey; Type: FK CONSTRAINT; Schema: exec; Owner: -
--

ALTER TABLE ONLY exec.gps_positions
    ADD CONSTRAINT gps_positions_vehicle_id_fkey FOREIGN KEY (vehicle_id) REFERENCES mdm.vehicles(vehicle_id);


--
-- Name: incidents incidents_created_by_fkey; Type: FK CONSTRAINT; Schema: exec; Owner: -
--

ALTER TABLE ONLY exec.incidents
    ADD CONSTRAINT incidents_created_by_fkey FOREIGN KEY (created_by) REFERENCES core.users(user_id);


--
-- Name: incidents incidents_dispatch_id_fkey; Type: FK CONSTRAINT; Schema: exec; Owner: -
--

ALTER TABLE ONLY exec.incidents
    ADD CONSTRAINT incidents_dispatch_id_fkey FOREIGN KEY (dispatch_id) REFERENCES dsp.dispatches(dispatch_id);


--
-- Name: incidents incidents_execution_result_id_fkey; Type: FK CONSTRAINT; Schema: exec; Owner: -
--

ALTER TABLE ONLY exec.incidents
    ADD CONSTRAINT incidents_execution_result_id_fkey FOREIGN KEY (execution_result_id) REFERENCES exec.execution_results(execution_result_id);


--
-- Name: incidents incidents_resolved_by_fkey; Type: FK CONSTRAINT; Schema: exec; Owner: -
--

ALTER TABLE ONLY exec.incidents
    ADD CONSTRAINT incidents_resolved_by_fkey FOREIGN KEY (resolved_by) REFERENCES core.users(user_id);


--
-- Name: incidents incidents_tenant_id_fkey; Type: FK CONSTRAINT; Schema: exec; Owner: -
--

ALTER TABLE ONLY exec.incidents
    ADD CONSTRAINT incidents_tenant_id_fkey FOREIGN KEY (tenant_id) REFERENCES core.tenants(tenant_id);


--
-- Name: pod_documents pod_documents_execution_result_id_fkey; Type: FK CONSTRAINT; Schema: exec; Owner: -
--

ALTER TABLE ONLY exec.pod_documents
    ADD CONSTRAINT pod_documents_execution_result_id_fkey FOREIGN KEY (execution_result_id) REFERENCES exec.execution_results(execution_result_id);


--
-- Name: pod_documents pod_documents_reviewed_by_fkey; Type: FK CONSTRAINT; Schema: exec; Owner: -
--

ALTER TABLE ONLY exec.pod_documents
    ADD CONSTRAINT pod_documents_reviewed_by_fkey FOREIGN KEY (reviewed_by) REFERENCES core.users(user_id);


--
-- Name: pod_documents pod_documents_stop_result_id_fkey; Type: FK CONSTRAINT; Schema: exec; Owner: -
--

ALTER TABLE ONLY exec.pod_documents
    ADD CONSTRAINT pod_documents_stop_result_id_fkey FOREIGN KEY (stop_result_id) REFERENCES exec.stop_results(stop_result_id);


--
-- Name: pod_documents pod_documents_submitted_by_fkey; Type: FK CONSTRAINT; Schema: exec; Owner: -
--

ALTER TABLE ONLY exec.pod_documents
    ADD CONSTRAINT pod_documents_submitted_by_fkey FOREIGN KEY (submitted_by) REFERENCES core.users(user_id);


--
-- Name: pod_documents pod_documents_tenant_id_fkey; Type: FK CONSTRAINT; Schema: exec; Owner: -
--

ALTER TABLE ONLY exec.pod_documents
    ADD CONSTRAINT pod_documents_tenant_id_fkey FOREIGN KEY (tenant_id) REFERENCES core.tenants(tenant_id);


--
-- Name: stop_results stop_results_execution_result_id_fkey; Type: FK CONSTRAINT; Schema: exec; Owner: -
--

ALTER TABLE ONLY exec.stop_results
    ADD CONSTRAINT stop_results_execution_result_id_fkey FOREIGN KEY (execution_result_id) REFERENCES exec.execution_results(execution_result_id) ON DELETE CASCADE;


--
-- Name: stop_results stop_results_plan_stop_id_fkey; Type: FK CONSTRAINT; Schema: exec; Owner: -
--

ALTER TABLE ONLY exec.stop_results
    ADD CONSTRAINT stop_results_plan_stop_id_fkey FOREIGN KEY (plan_stop_id) REFERENCES plan.plan_stops(plan_stop_id);


--
-- Name: stop_results stop_results_tenant_id_fkey; Type: FK CONSTRAINT; Schema: exec; Owner: -
--

ALTER TABLE ONLY exec.stop_results
    ADD CONSTRAINT stop_results_tenant_id_fkey FOREIGN KEY (tenant_id) REFERENCES core.tenants(tenant_id);


--
-- Name: business_partners business_partners_tenant_id_fkey; Type: FK CONSTRAINT; Schema: mdm; Owner: -
--

ALTER TABLE ONLY mdm.business_partners
    ADD CONSTRAINT business_partners_tenant_id_fkey FOREIGN KEY (tenant_id) REFERENCES core.tenants(tenant_id);


--
-- Name: carriers carriers_partner_id_fkey; Type: FK CONSTRAINT; Schema: mdm; Owner: -
--

ALTER TABLE ONLY mdm.carriers
    ADD CONSTRAINT carriers_partner_id_fkey FOREIGN KEY (partner_id) REFERENCES mdm.business_partners(partner_id);


--
-- Name: carriers carriers_settlement_partner_id_fkey; Type: FK CONSTRAINT; Schema: mdm; Owner: -
--

ALTER TABLE ONLY mdm.carriers
    ADD CONSTRAINT carriers_settlement_partner_id_fkey FOREIGN KEY (settlement_partner_id) REFERENCES mdm.business_partners(partner_id);


--
-- Name: carriers carriers_tenant_id_fkey; Type: FK CONSTRAINT; Schema: mdm; Owner: -
--

ALTER TABLE ONLY mdm.carriers
    ADD CONSTRAINT carriers_tenant_id_fkey FOREIGN KEY (tenant_id) REFERENCES core.tenants(tenant_id);


--
-- Name: contract_rates contract_rates_contract_id_fkey; Type: FK CONSTRAINT; Schema: mdm; Owner: -
--

ALTER TABLE ONLY mdm.contract_rates
    ADD CONSTRAINT contract_rates_contract_id_fkey FOREIGN KEY (contract_id) REFERENCES mdm.contracts(contract_id);


--
-- Name: contract_rates contract_rates_tenant_id_fkey; Type: FK CONSTRAINT; Schema: mdm; Owner: -
--

ALTER TABLE ONLY mdm.contract_rates
    ADD CONSTRAINT contract_rates_tenant_id_fkey FOREIGN KEY (tenant_id) REFERENCES core.tenants(tenant_id);


--
-- Name: contracts contracts_carrier_id_fkey; Type: FK CONSTRAINT; Schema: mdm; Owner: -
--

ALTER TABLE ONLY mdm.contracts
    ADD CONSTRAINT contracts_carrier_id_fkey FOREIGN KEY (carrier_id) REFERENCES mdm.carriers(carrier_id);


--
-- Name: contracts contracts_customer_id_fkey; Type: FK CONSTRAINT; Schema: mdm; Owner: -
--

ALTER TABLE ONLY mdm.contracts
    ADD CONSTRAINT contracts_customer_id_fkey FOREIGN KEY (customer_id) REFERENCES mdm.customers(customer_id);


--
-- Name: contracts contracts_tenant_id_fkey; Type: FK CONSTRAINT; Schema: mdm; Owner: -
--

ALTER TABLE ONLY mdm.contracts
    ADD CONSTRAINT contracts_tenant_id_fkey FOREIGN KEY (tenant_id) REFERENCES core.tenants(tenant_id);


--
-- Name: customers customers_billing_partner_id_fkey; Type: FK CONSTRAINT; Schema: mdm; Owner: -
--

ALTER TABLE ONLY mdm.customers
    ADD CONSTRAINT customers_billing_partner_id_fkey FOREIGN KEY (billing_partner_id) REFERENCES mdm.business_partners(partner_id);


--
-- Name: customers customers_partner_id_fkey; Type: FK CONSTRAINT; Schema: mdm; Owner: -
--

ALTER TABLE ONLY mdm.customers
    ADD CONSTRAINT customers_partner_id_fkey FOREIGN KEY (partner_id) REFERENCES mdm.business_partners(partner_id);


--
-- Name: customers customers_tenant_id_fkey; Type: FK CONSTRAINT; Schema: mdm; Owner: -
--

ALTER TABLE ONLY mdm.customers
    ADD CONSTRAINT customers_tenant_id_fkey FOREIGN KEY (tenant_id) REFERENCES core.tenants(tenant_id);


--
-- Name: drivers drivers_carrier_id_fkey; Type: FK CONSTRAINT; Schema: mdm; Owner: -
--

ALTER TABLE ONLY mdm.drivers
    ADD CONSTRAINT drivers_carrier_id_fkey FOREIGN KEY (carrier_id) REFERENCES mdm.carriers(carrier_id);


--
-- Name: drivers drivers_tenant_id_fkey; Type: FK CONSTRAINT; Schema: mdm; Owner: -
--

ALTER TABLE ONLY mdm.drivers
    ADD CONSTRAINT drivers_tenant_id_fkey FOREIGN KEY (tenant_id) REFERENCES core.tenants(tenant_id);


--
-- Name: drivers drivers_user_id_fkey; Type: FK CONSTRAINT; Schema: mdm; Owner: -
--

ALTER TABLE ONLY mdm.drivers
    ADD CONSTRAINT drivers_user_id_fkey FOREIGN KEY (user_id) REFERENCES core.users(user_id);


--
-- Name: business_partners fk_mdm_business_partners_created_by; Type: FK CONSTRAINT; Schema: mdm; Owner: -
--

ALTER TABLE ONLY mdm.business_partners
    ADD CONSTRAINT fk_mdm_business_partners_created_by FOREIGN KEY (created_by) REFERENCES core.users(user_id);


--
-- Name: business_partners fk_mdm_business_partners_deleted_by; Type: FK CONSTRAINT; Schema: mdm; Owner: -
--

ALTER TABLE ONLY mdm.business_partners
    ADD CONSTRAINT fk_mdm_business_partners_deleted_by FOREIGN KEY (deleted_by) REFERENCES core.users(user_id);


--
-- Name: business_partners fk_mdm_business_partners_updated_by; Type: FK CONSTRAINT; Schema: mdm; Owner: -
--

ALTER TABLE ONLY mdm.business_partners
    ADD CONSTRAINT fk_mdm_business_partners_updated_by FOREIGN KEY (updated_by) REFERENCES core.users(user_id);


--
-- Name: carriers fk_mdm_carriers_created_by; Type: FK CONSTRAINT; Schema: mdm; Owner: -
--

ALTER TABLE ONLY mdm.carriers
    ADD CONSTRAINT fk_mdm_carriers_created_by FOREIGN KEY (created_by) REFERENCES core.users(user_id);


--
-- Name: carriers fk_mdm_carriers_deleted_by; Type: FK CONSTRAINT; Schema: mdm; Owner: -
--

ALTER TABLE ONLY mdm.carriers
    ADD CONSTRAINT fk_mdm_carriers_deleted_by FOREIGN KEY (deleted_by) REFERENCES core.users(user_id);


--
-- Name: carriers fk_mdm_carriers_updated_by; Type: FK CONSTRAINT; Schema: mdm; Owner: -
--

ALTER TABLE ONLY mdm.carriers
    ADD CONSTRAINT fk_mdm_carriers_updated_by FOREIGN KEY (updated_by) REFERENCES core.users(user_id);


--
-- Name: contract_rates fk_mdm_contract_rates_created_by; Type: FK CONSTRAINT; Schema: mdm; Owner: -
--

ALTER TABLE ONLY mdm.contract_rates
    ADD CONSTRAINT fk_mdm_contract_rates_created_by FOREIGN KEY (created_by) REFERENCES core.users(user_id);


--
-- Name: contract_rates fk_mdm_contract_rates_deleted_by; Type: FK CONSTRAINT; Schema: mdm; Owner: -
--

ALTER TABLE ONLY mdm.contract_rates
    ADD CONSTRAINT fk_mdm_contract_rates_deleted_by FOREIGN KEY (deleted_by) REFERENCES core.users(user_id);


--
-- Name: contract_rates fk_mdm_contract_rates_updated_by; Type: FK CONSTRAINT; Schema: mdm; Owner: -
--

ALTER TABLE ONLY mdm.contract_rates
    ADD CONSTRAINT fk_mdm_contract_rates_updated_by FOREIGN KEY (updated_by) REFERENCES core.users(user_id);


--
-- Name: contracts fk_mdm_contracts_created_by; Type: FK CONSTRAINT; Schema: mdm; Owner: -
--

ALTER TABLE ONLY mdm.contracts
    ADD CONSTRAINT fk_mdm_contracts_created_by FOREIGN KEY (created_by) REFERENCES core.users(user_id);


--
-- Name: contracts fk_mdm_contracts_deleted_by; Type: FK CONSTRAINT; Schema: mdm; Owner: -
--

ALTER TABLE ONLY mdm.contracts
    ADD CONSTRAINT fk_mdm_contracts_deleted_by FOREIGN KEY (deleted_by) REFERENCES core.users(user_id);


--
-- Name: contracts fk_mdm_contracts_updated_by; Type: FK CONSTRAINT; Schema: mdm; Owner: -
--

ALTER TABLE ONLY mdm.contracts
    ADD CONSTRAINT fk_mdm_contracts_updated_by FOREIGN KEY (updated_by) REFERENCES core.users(user_id);


--
-- Name: customers fk_mdm_customers_created_by; Type: FK CONSTRAINT; Schema: mdm; Owner: -
--

ALTER TABLE ONLY mdm.customers
    ADD CONSTRAINT fk_mdm_customers_created_by FOREIGN KEY (created_by) REFERENCES core.users(user_id);


--
-- Name: customers fk_mdm_customers_deleted_by; Type: FK CONSTRAINT; Schema: mdm; Owner: -
--

ALTER TABLE ONLY mdm.customers
    ADD CONSTRAINT fk_mdm_customers_deleted_by FOREIGN KEY (deleted_by) REFERENCES core.users(user_id);


--
-- Name: customers fk_mdm_customers_updated_by; Type: FK CONSTRAINT; Schema: mdm; Owner: -
--

ALTER TABLE ONLY mdm.customers
    ADD CONSTRAINT fk_mdm_customers_updated_by FOREIGN KEY (updated_by) REFERENCES core.users(user_id);


--
-- Name: drivers fk_mdm_drivers_created_by; Type: FK CONSTRAINT; Schema: mdm; Owner: -
--

ALTER TABLE ONLY mdm.drivers
    ADD CONSTRAINT fk_mdm_drivers_created_by FOREIGN KEY (created_by) REFERENCES core.users(user_id);


--
-- Name: drivers fk_mdm_drivers_deleted_by; Type: FK CONSTRAINT; Schema: mdm; Owner: -
--

ALTER TABLE ONLY mdm.drivers
    ADD CONSTRAINT fk_mdm_drivers_deleted_by FOREIGN KEY (deleted_by) REFERENCES core.users(user_id);


--
-- Name: drivers fk_mdm_drivers_updated_by; Type: FK CONSTRAINT; Schema: mdm; Owner: -
--

ALTER TABLE ONLY mdm.drivers
    ADD CONSTRAINT fk_mdm_drivers_updated_by FOREIGN KEY (updated_by) REFERENCES core.users(user_id);


--
-- Name: locations fk_mdm_locations_created_by; Type: FK CONSTRAINT; Schema: mdm; Owner: -
--

ALTER TABLE ONLY mdm.locations
    ADD CONSTRAINT fk_mdm_locations_created_by FOREIGN KEY (created_by) REFERENCES core.users(user_id);


--
-- Name: locations fk_mdm_locations_deleted_by; Type: FK CONSTRAINT; Schema: mdm; Owner: -
--

ALTER TABLE ONLY mdm.locations
    ADD CONSTRAINT fk_mdm_locations_deleted_by FOREIGN KEY (deleted_by) REFERENCES core.users(user_id);


--
-- Name: locations fk_mdm_locations_updated_by; Type: FK CONSTRAINT; Schema: mdm; Owner: -
--

ALTER TABLE ONLY mdm.locations
    ADD CONSTRAINT fk_mdm_locations_updated_by FOREIGN KEY (updated_by) REFERENCES core.users(user_id);


--
-- Name: vehicles fk_mdm_vehicles_created_by; Type: FK CONSTRAINT; Schema: mdm; Owner: -
--

ALTER TABLE ONLY mdm.vehicles
    ADD CONSTRAINT fk_mdm_vehicles_created_by FOREIGN KEY (created_by) REFERENCES core.users(user_id);


--
-- Name: vehicles fk_mdm_vehicles_deleted_by; Type: FK CONSTRAINT; Schema: mdm; Owner: -
--

ALTER TABLE ONLY mdm.vehicles
    ADD CONSTRAINT fk_mdm_vehicles_deleted_by FOREIGN KEY (deleted_by) REFERENCES core.users(user_id);


--
-- Name: vehicles fk_mdm_vehicles_updated_by; Type: FK CONSTRAINT; Schema: mdm; Owner: -
--

ALTER TABLE ONLY mdm.vehicles
    ADD CONSTRAINT fk_mdm_vehicles_updated_by FOREIGN KEY (updated_by) REFERENCES core.users(user_id);


--
-- Name: locations locations_partner_id_fkey; Type: FK CONSTRAINT; Schema: mdm; Owner: -
--

ALTER TABLE ONLY mdm.locations
    ADD CONSTRAINT locations_partner_id_fkey FOREIGN KEY (partner_id) REFERENCES mdm.business_partners(partner_id);


--
-- Name: locations locations_tenant_id_fkey; Type: FK CONSTRAINT; Schema: mdm; Owner: -
--

ALTER TABLE ONLY mdm.locations
    ADD CONSTRAINT locations_tenant_id_fkey FOREIGN KEY (tenant_id) REFERENCES core.tenants(tenant_id);


--
-- Name: vehicles vehicles_carrier_id_fkey; Type: FK CONSTRAINT; Schema: mdm; Owner: -
--

ALTER TABLE ONLY mdm.vehicles
    ADD CONSTRAINT vehicles_carrier_id_fkey FOREIGN KEY (carrier_id) REFERENCES mdm.carriers(carrier_id);


--
-- Name: vehicles vehicles_tenant_id_fkey; Type: FK CONSTRAINT; Schema: mdm; Owner: -
--

ALTER TABLE ONLY mdm.vehicles
    ADD CONSTRAINT vehicles_tenant_id_fkey FOREIGN KEY (tenant_id) REFERENCES core.tenants(tenant_id);


--
-- Name: order_attachments fk_ord_order_attachments_created_by; Type: FK CONSTRAINT; Schema: ord; Owner: -
--

ALTER TABLE ONLY ord.order_attachments
    ADD CONSTRAINT fk_ord_order_attachments_created_by FOREIGN KEY (created_by) REFERENCES core.users(user_id);


--
-- Name: order_attachments fk_ord_order_attachments_deleted_by; Type: FK CONSTRAINT; Schema: ord; Owner: -
--

ALTER TABLE ONLY ord.order_attachments
    ADD CONSTRAINT fk_ord_order_attachments_deleted_by FOREIGN KEY (deleted_by) REFERENCES core.users(user_id);


--
-- Name: order_attachments fk_ord_order_attachments_updated_by; Type: FK CONSTRAINT; Schema: ord; Owner: -
--

ALTER TABLE ONLY ord.order_attachments
    ADD CONSTRAINT fk_ord_order_attachments_updated_by FOREIGN KEY (updated_by) REFERENCES core.users(user_id);


--
-- Name: order_items fk_ord_order_items_created_by; Type: FK CONSTRAINT; Schema: ord; Owner: -
--

ALTER TABLE ONLY ord.order_items
    ADD CONSTRAINT fk_ord_order_items_created_by FOREIGN KEY (created_by) REFERENCES core.users(user_id);


--
-- Name: order_items fk_ord_order_items_deleted_by; Type: FK CONSTRAINT; Schema: ord; Owner: -
--

ALTER TABLE ONLY ord.order_items
    ADD CONSTRAINT fk_ord_order_items_deleted_by FOREIGN KEY (deleted_by) REFERENCES core.users(user_id);


--
-- Name: order_items fk_ord_order_items_updated_by; Type: FK CONSTRAINT; Schema: ord; Owner: -
--

ALTER TABLE ONLY ord.order_items
    ADD CONSTRAINT fk_ord_order_items_updated_by FOREIGN KEY (updated_by) REFERENCES core.users(user_id);


--
-- Name: order_status_history fk_ord_order_status_history_created_by; Type: FK CONSTRAINT; Schema: ord; Owner: -
--

ALTER TABLE ONLY ord.order_status_history
    ADD CONSTRAINT fk_ord_order_status_history_created_by FOREIGN KEY (created_by) REFERENCES core.users(user_id);


--
-- Name: order_status_history fk_ord_order_status_history_deleted_by; Type: FK CONSTRAINT; Schema: ord; Owner: -
--

ALTER TABLE ONLY ord.order_status_history
    ADD CONSTRAINT fk_ord_order_status_history_deleted_by FOREIGN KEY (deleted_by) REFERENCES core.users(user_id);


--
-- Name: order_status_history fk_ord_order_status_history_updated_by; Type: FK CONSTRAINT; Schema: ord; Owner: -
--

ALTER TABLE ONLY ord.order_status_history
    ADD CONSTRAINT fk_ord_order_status_history_updated_by FOREIGN KEY (updated_by) REFERENCES core.users(user_id);


--
-- Name: order_stops fk_ord_order_stops_created_by; Type: FK CONSTRAINT; Schema: ord; Owner: -
--

ALTER TABLE ONLY ord.order_stops
    ADD CONSTRAINT fk_ord_order_stops_created_by FOREIGN KEY (created_by) REFERENCES core.users(user_id);


--
-- Name: order_stops fk_ord_order_stops_deleted_by; Type: FK CONSTRAINT; Schema: ord; Owner: -
--

ALTER TABLE ONLY ord.order_stops
    ADD CONSTRAINT fk_ord_order_stops_deleted_by FOREIGN KEY (deleted_by) REFERENCES core.users(user_id);


--
-- Name: order_stops fk_ord_order_stops_updated_by; Type: FK CONSTRAINT; Schema: ord; Owner: -
--

ALTER TABLE ONLY ord.order_stops
    ADD CONSTRAINT fk_ord_order_stops_updated_by FOREIGN KEY (updated_by) REFERENCES core.users(user_id);


--
-- Name: orders fk_ord_orders_deleted_by; Type: FK CONSTRAINT; Schema: ord; Owner: -
--

ALTER TABLE ONLY ord.orders
    ADD CONSTRAINT fk_ord_orders_deleted_by FOREIGN KEY (deleted_by) REFERENCES core.users(user_id);


--
-- Name: orders fk_ord_orders_updated_by; Type: FK CONSTRAINT; Schema: ord; Owner: -
--

ALTER TABLE ONLY ord.orders
    ADD CONSTRAINT fk_ord_orders_updated_by FOREIGN KEY (updated_by) REFERENCES core.users(user_id);


--
-- Name: order_attachments order_attachments_order_id_fkey; Type: FK CONSTRAINT; Schema: ord; Owner: -
--

ALTER TABLE ONLY ord.order_attachments
    ADD CONSTRAINT order_attachments_order_id_fkey FOREIGN KEY (order_id) REFERENCES ord.orders(order_id) ON DELETE CASCADE;


--
-- Name: order_attachments order_attachments_tenant_id_fkey; Type: FK CONSTRAINT; Schema: ord; Owner: -
--

ALTER TABLE ONLY ord.order_attachments
    ADD CONSTRAINT order_attachments_tenant_id_fkey FOREIGN KEY (tenant_id) REFERENCES core.tenants(tenant_id);


--
-- Name: order_attachments order_attachments_uploaded_by_fkey; Type: FK CONSTRAINT; Schema: ord; Owner: -
--

ALTER TABLE ONLY ord.order_attachments
    ADD CONSTRAINT order_attachments_uploaded_by_fkey FOREIGN KEY (uploaded_by) REFERENCES core.users(user_id);


--
-- Name: order_items order_items_order_id_fkey; Type: FK CONSTRAINT; Schema: ord; Owner: -
--

ALTER TABLE ONLY ord.order_items
    ADD CONSTRAINT order_items_order_id_fkey FOREIGN KEY (order_id) REFERENCES ord.orders(order_id) ON DELETE CASCADE;


--
-- Name: order_items order_items_tenant_id_fkey; Type: FK CONSTRAINT; Schema: ord; Owner: -
--

ALTER TABLE ONLY ord.order_items
    ADD CONSTRAINT order_items_tenant_id_fkey FOREIGN KEY (tenant_id) REFERENCES core.tenants(tenant_id);


--
-- Name: order_status_history order_status_history_changed_by_fkey; Type: FK CONSTRAINT; Schema: ord; Owner: -
--

ALTER TABLE ONLY ord.order_status_history
    ADD CONSTRAINT order_status_history_changed_by_fkey FOREIGN KEY (changed_by) REFERENCES core.users(user_id);


--
-- Name: order_status_history order_status_history_order_id_fkey; Type: FK CONSTRAINT; Schema: ord; Owner: -
--

ALTER TABLE ONLY ord.order_status_history
    ADD CONSTRAINT order_status_history_order_id_fkey FOREIGN KEY (order_id) REFERENCES ord.orders(order_id);


--
-- Name: order_status_history order_status_history_tenant_id_fkey; Type: FK CONSTRAINT; Schema: ord; Owner: -
--

ALTER TABLE ONLY ord.order_status_history
    ADD CONSTRAINT order_status_history_tenant_id_fkey FOREIGN KEY (tenant_id) REFERENCES core.tenants(tenant_id);


--
-- Name: order_stops order_stops_location_id_fkey; Type: FK CONSTRAINT; Schema: ord; Owner: -
--

ALTER TABLE ONLY ord.order_stops
    ADD CONSTRAINT order_stops_location_id_fkey FOREIGN KEY (location_id) REFERENCES mdm.locations(location_id);


--
-- Name: order_stops order_stops_order_id_fkey; Type: FK CONSTRAINT; Schema: ord; Owner: -
--

ALTER TABLE ONLY ord.order_stops
    ADD CONSTRAINT order_stops_order_id_fkey FOREIGN KEY (order_id) REFERENCES ord.orders(order_id) ON DELETE CASCADE;


--
-- Name: order_stops order_stops_tenant_id_fkey; Type: FK CONSTRAINT; Schema: ord; Owner: -
--

ALTER TABLE ONLY ord.order_stops
    ADD CONSTRAINT order_stops_tenant_id_fkey FOREIGN KEY (tenant_id) REFERENCES core.tenants(tenant_id);


--
-- Name: orders orders_accepted_by_fkey; Type: FK CONSTRAINT; Schema: ord; Owner: -
--

ALTER TABLE ONLY ord.orders
    ADD CONSTRAINT orders_accepted_by_fkey FOREIGN KEY (accepted_by) REFERENCES core.users(user_id);


--
-- Name: orders orders_billing_partner_id_fkey; Type: FK CONSTRAINT; Schema: ord; Owner: -
--

ALTER TABLE ONLY ord.orders
    ADD CONSTRAINT orders_billing_partner_id_fkey FOREIGN KEY (billing_partner_id) REFERENCES mdm.business_partners(partner_id);


--
-- Name: orders orders_created_by_fkey; Type: FK CONSTRAINT; Schema: ord; Owner: -
--

ALTER TABLE ONLY ord.orders
    ADD CONSTRAINT orders_created_by_fkey FOREIGN KEY (created_by) REFERENCES core.users(user_id);


--
-- Name: orders orders_customer_id_fkey; Type: FK CONSTRAINT; Schema: ord; Owner: -
--

ALTER TABLE ONLY ord.orders
    ADD CONSTRAINT orders_customer_id_fkey FOREIGN KEY (customer_id) REFERENCES mdm.customers(customer_id);


--
-- Name: orders orders_tenant_id_fkey; Type: FK CONSTRAINT; Schema: ord; Owner: -
--

ALTER TABLE ONLY ord.orders
    ADD CONSTRAINT orders_tenant_id_fkey FOREIGN KEY (tenant_id) REFERENCES core.tenants(tenant_id);


--
-- Name: plan_orders fk_plan_plan_orders_created_by; Type: FK CONSTRAINT; Schema: plan; Owner: -
--

ALTER TABLE ONLY plan.plan_orders
    ADD CONSTRAINT fk_plan_plan_orders_created_by FOREIGN KEY (created_by) REFERENCES core.users(user_id);


--
-- Name: plan_orders fk_plan_plan_orders_deleted_by; Type: FK CONSTRAINT; Schema: plan; Owner: -
--

ALTER TABLE ONLY plan.plan_orders
    ADD CONSTRAINT fk_plan_plan_orders_deleted_by FOREIGN KEY (deleted_by) REFERENCES core.users(user_id);


--
-- Name: plan_orders fk_plan_plan_orders_updated_by; Type: FK CONSTRAINT; Schema: plan; Owner: -
--

ALTER TABLE ONLY plan.plan_orders
    ADD CONSTRAINT fk_plan_plan_orders_updated_by FOREIGN KEY (updated_by) REFERENCES core.users(user_id);


--
-- Name: plan_stops fk_plan_plan_stops_created_by; Type: FK CONSTRAINT; Schema: plan; Owner: -
--

ALTER TABLE ONLY plan.plan_stops
    ADD CONSTRAINT fk_plan_plan_stops_created_by FOREIGN KEY (created_by) REFERENCES core.users(user_id);


--
-- Name: plan_stops fk_plan_plan_stops_deleted_by; Type: FK CONSTRAINT; Schema: plan; Owner: -
--

ALTER TABLE ONLY plan.plan_stops
    ADD CONSTRAINT fk_plan_plan_stops_deleted_by FOREIGN KEY (deleted_by) REFERENCES core.users(user_id);


--
-- Name: plan_stops fk_plan_plan_stops_updated_by; Type: FK CONSTRAINT; Schema: plan; Owner: -
--

ALTER TABLE ONLY plan.plan_stops
    ADD CONSTRAINT fk_plan_plan_stops_updated_by FOREIGN KEY (updated_by) REFERENCES core.users(user_id);


--
-- Name: transport_plans fk_plan_transport_plans_deleted_by; Type: FK CONSTRAINT; Schema: plan; Owner: -
--

ALTER TABLE ONLY plan.transport_plans
    ADD CONSTRAINT fk_plan_transport_plans_deleted_by FOREIGN KEY (deleted_by) REFERENCES core.users(user_id);


--
-- Name: transport_plans fk_plan_transport_plans_updated_by; Type: FK CONSTRAINT; Schema: plan; Owner: -
--

ALTER TABLE ONLY plan.transport_plans
    ADD CONSTRAINT fk_plan_transport_plans_updated_by FOREIGN KEY (updated_by) REFERENCES core.users(user_id);


--
-- Name: plan_orders plan_orders_order_id_fkey; Type: FK CONSTRAINT; Schema: plan; Owner: -
--

ALTER TABLE ONLY plan.plan_orders
    ADD CONSTRAINT plan_orders_order_id_fkey FOREIGN KEY (order_id) REFERENCES ord.orders(order_id);


--
-- Name: plan_orders plan_orders_tenant_id_fkey; Type: FK CONSTRAINT; Schema: plan; Owner: -
--

ALTER TABLE ONLY plan.plan_orders
    ADD CONSTRAINT plan_orders_tenant_id_fkey FOREIGN KEY (tenant_id) REFERENCES core.tenants(tenant_id);


--
-- Name: plan_orders plan_orders_transport_plan_id_fkey; Type: FK CONSTRAINT; Schema: plan; Owner: -
--

ALTER TABLE ONLY plan.plan_orders
    ADD CONSTRAINT plan_orders_transport_plan_id_fkey FOREIGN KEY (transport_plan_id) REFERENCES plan.transport_plans(transport_plan_id) ON DELETE CASCADE;


--
-- Name: plan_stops plan_stops_location_id_fkey; Type: FK CONSTRAINT; Schema: plan; Owner: -
--

ALTER TABLE ONLY plan.plan_stops
    ADD CONSTRAINT plan_stops_location_id_fkey FOREIGN KEY (location_id) REFERENCES mdm.locations(location_id);


--
-- Name: plan_stops plan_stops_tenant_id_fkey; Type: FK CONSTRAINT; Schema: plan; Owner: -
--

ALTER TABLE ONLY plan.plan_stops
    ADD CONSTRAINT plan_stops_tenant_id_fkey FOREIGN KEY (tenant_id) REFERENCES core.tenants(tenant_id);


--
-- Name: plan_stops plan_stops_transport_plan_id_fkey; Type: FK CONSTRAINT; Schema: plan; Owner: -
--

ALTER TABLE ONLY plan.plan_stops
    ADD CONSTRAINT plan_stops_transport_plan_id_fkey FOREIGN KEY (transport_plan_id) REFERENCES plan.transport_plans(transport_plan_id) ON DELETE CASCADE;


--
-- Name: transport_plans transport_plans_confirmed_by_fkey; Type: FK CONSTRAINT; Schema: plan; Owner: -
--

ALTER TABLE ONLY plan.transport_plans
    ADD CONSTRAINT transport_plans_confirmed_by_fkey FOREIGN KEY (confirmed_by) REFERENCES core.users(user_id);


--
-- Name: transport_plans transport_plans_created_by_fkey; Type: FK CONSTRAINT; Schema: plan; Owner: -
--

ALTER TABLE ONLY plan.transport_plans
    ADD CONSTRAINT transport_plans_created_by_fkey FOREIGN KEY (created_by) REFERENCES core.users(user_id);


--
-- Name: transport_plans transport_plans_tenant_id_fkey; Type: FK CONSTRAINT; Schema: plan; Owner: -
--

ALTER TABLE ONLY plan.transport_plans
    ADD CONSTRAINT transport_plans_tenant_id_fkey FOREIGN KEY (tenant_id) REFERENCES core.tenants(tenant_id);


--
-- Name: settlement_adjustments fk_stl_settlement_adjustments_created_by; Type: FK CONSTRAINT; Schema: stl; Owner: -
--

ALTER TABLE ONLY stl.settlement_adjustments
    ADD CONSTRAINT fk_stl_settlement_adjustments_created_by FOREIGN KEY (created_by) REFERENCES core.users(user_id);


--
-- Name: settlement_adjustments fk_stl_settlement_adjustments_deleted_by; Type: FK CONSTRAINT; Schema: stl; Owner: -
--

ALTER TABLE ONLY stl.settlement_adjustments
    ADD CONSTRAINT fk_stl_settlement_adjustments_deleted_by FOREIGN KEY (deleted_by) REFERENCES core.users(user_id);


--
-- Name: settlement_adjustments fk_stl_settlement_adjustments_updated_by; Type: FK CONSTRAINT; Schema: stl; Owner: -
--

ALTER TABLE ONLY stl.settlement_adjustments
    ADD CONSTRAINT fk_stl_settlement_adjustments_updated_by FOREIGN KEY (updated_by) REFERENCES core.users(user_id);


--
-- Name: settlement_batches fk_stl_settlement_batches_deleted_by; Type: FK CONSTRAINT; Schema: stl; Owner: -
--

ALTER TABLE ONLY stl.settlement_batches
    ADD CONSTRAINT fk_stl_settlement_batches_deleted_by FOREIGN KEY (deleted_by) REFERENCES core.users(user_id);


--
-- Name: settlement_batches fk_stl_settlement_batches_updated_by; Type: FK CONSTRAINT; Schema: stl; Owner: -
--

ALTER TABLE ONLY stl.settlement_batches
    ADD CONSTRAINT fk_stl_settlement_batches_updated_by FOREIGN KEY (updated_by) REFERENCES core.users(user_id);


--
-- Name: settlement_closings fk_stl_settlement_closings_created_by; Type: FK CONSTRAINT; Schema: stl; Owner: -
--

ALTER TABLE ONLY stl.settlement_closings
    ADD CONSTRAINT fk_stl_settlement_closings_created_by FOREIGN KEY (created_by) REFERENCES core.users(user_id);


--
-- Name: settlement_closings fk_stl_settlement_closings_deleted_by; Type: FK CONSTRAINT; Schema: stl; Owner: -
--

ALTER TABLE ONLY stl.settlement_closings
    ADD CONSTRAINT fk_stl_settlement_closings_deleted_by FOREIGN KEY (deleted_by) REFERENCES core.users(user_id);


--
-- Name: settlement_closings fk_stl_settlement_closings_updated_by; Type: FK CONSTRAINT; Schema: stl; Owner: -
--

ALTER TABLE ONLY stl.settlement_closings
    ADD CONSTRAINT fk_stl_settlement_closings_updated_by FOREIGN KEY (updated_by) REFERENCES core.users(user_id);


--
-- Name: settlement_lines fk_stl_settlement_lines_deleted_by; Type: FK CONSTRAINT; Schema: stl; Owner: -
--

ALTER TABLE ONLY stl.settlement_lines
    ADD CONSTRAINT fk_stl_settlement_lines_deleted_by FOREIGN KEY (deleted_by) REFERENCES core.users(user_id);


--
-- Name: settlement_lines fk_stl_settlement_lines_updated_by; Type: FK CONSTRAINT; Schema: stl; Owner: -
--

ALTER TABLE ONLY stl.settlement_lines
    ADD CONSTRAINT fk_stl_settlement_lines_updated_by FOREIGN KEY (updated_by) REFERENCES core.users(user_id);


--
-- Name: settlements fk_stl_settlements_deleted_by; Type: FK CONSTRAINT; Schema: stl; Owner: -
--

ALTER TABLE ONLY stl.settlements
    ADD CONSTRAINT fk_stl_settlements_deleted_by FOREIGN KEY (deleted_by) REFERENCES core.users(user_id);


--
-- Name: settlements fk_stl_settlements_updated_by; Type: FK CONSTRAINT; Schema: stl; Owner: -
--

ALTER TABLE ONLY stl.settlements
    ADD CONSTRAINT fk_stl_settlements_updated_by FOREIGN KEY (updated_by) REFERENCES core.users(user_id);


--
-- Name: settlement_adjustments settlement_adjustments_approved_by_fkey; Type: FK CONSTRAINT; Schema: stl; Owner: -
--

ALTER TABLE ONLY stl.settlement_adjustments
    ADD CONSTRAINT settlement_adjustments_approved_by_fkey FOREIGN KEY (approved_by) REFERENCES core.users(user_id);


--
-- Name: settlement_adjustments settlement_adjustments_requested_by_fkey; Type: FK CONSTRAINT; Schema: stl; Owner: -
--

ALTER TABLE ONLY stl.settlement_adjustments
    ADD CONSTRAINT settlement_adjustments_requested_by_fkey FOREIGN KEY (requested_by) REFERENCES core.users(user_id);


--
-- Name: settlement_adjustments settlement_adjustments_settlement_id_fkey; Type: FK CONSTRAINT; Schema: stl; Owner: -
--

ALTER TABLE ONLY stl.settlement_adjustments
    ADD CONSTRAINT settlement_adjustments_settlement_id_fkey FOREIGN KEY (settlement_id) REFERENCES stl.settlements(settlement_id);


--
-- Name: settlement_adjustments settlement_adjustments_tenant_id_fkey; Type: FK CONSTRAINT; Schema: stl; Owner: -
--

ALTER TABLE ONLY stl.settlement_adjustments
    ADD CONSTRAINT settlement_adjustments_tenant_id_fkey FOREIGN KEY (tenant_id) REFERENCES core.tenants(tenant_id);


--
-- Name: settlement_batches settlement_batches_closed_by_fkey; Type: FK CONSTRAINT; Schema: stl; Owner: -
--

ALTER TABLE ONLY stl.settlement_batches
    ADD CONSTRAINT settlement_batches_closed_by_fkey FOREIGN KEY (closed_by) REFERENCES core.users(user_id);


--
-- Name: settlement_batches settlement_batches_created_by_fkey; Type: FK CONSTRAINT; Schema: stl; Owner: -
--

ALTER TABLE ONLY stl.settlement_batches
    ADD CONSTRAINT settlement_batches_created_by_fkey FOREIGN KEY (created_by) REFERENCES core.users(user_id);


--
-- Name: settlement_batches settlement_batches_partner_id_fkey; Type: FK CONSTRAINT; Schema: stl; Owner: -
--

ALTER TABLE ONLY stl.settlement_batches
    ADD CONSTRAINT settlement_batches_partner_id_fkey FOREIGN KEY (partner_id) REFERENCES mdm.business_partners(partner_id);


--
-- Name: settlement_batches settlement_batches_tenant_id_fkey; Type: FK CONSTRAINT; Schema: stl; Owner: -
--

ALTER TABLE ONLY stl.settlement_batches
    ADD CONSTRAINT settlement_batches_tenant_id_fkey FOREIGN KEY (tenant_id) REFERENCES core.tenants(tenant_id);


--
-- Name: settlement_closings settlement_closings_closed_by_fkey; Type: FK CONSTRAINT; Schema: stl; Owner: -
--

ALTER TABLE ONLY stl.settlement_closings
    ADD CONSTRAINT settlement_closings_closed_by_fkey FOREIGN KEY (closed_by) REFERENCES core.users(user_id);


--
-- Name: settlement_closings settlement_closings_reopened_by_fkey; Type: FK CONSTRAINT; Schema: stl; Owner: -
--

ALTER TABLE ONLY stl.settlement_closings
    ADD CONSTRAINT settlement_closings_reopened_by_fkey FOREIGN KEY (reopened_by) REFERENCES core.users(user_id);


--
-- Name: settlement_closings settlement_closings_tenant_id_fkey; Type: FK CONSTRAINT; Schema: stl; Owner: -
--

ALTER TABLE ONLY stl.settlement_closings
    ADD CONSTRAINT settlement_closings_tenant_id_fkey FOREIGN KEY (tenant_id) REFERENCES core.tenants(tenant_id);


--
-- Name: settlement_lines settlement_lines_created_by_fkey; Type: FK CONSTRAINT; Schema: stl; Owner: -
--

ALTER TABLE ONLY stl.settlement_lines
    ADD CONSTRAINT settlement_lines_created_by_fkey FOREIGN KEY (created_by) REFERENCES core.users(user_id);


--
-- Name: settlement_lines settlement_lines_settlement_id_fkey; Type: FK CONSTRAINT; Schema: stl; Owner: -
--

ALTER TABLE ONLY stl.settlement_lines
    ADD CONSTRAINT settlement_lines_settlement_id_fkey FOREIGN KEY (settlement_id) REFERENCES stl.settlements(settlement_id) ON DELETE CASCADE;


--
-- Name: settlement_lines settlement_lines_tenant_id_fkey; Type: FK CONSTRAINT; Schema: stl; Owner: -
--

ALTER TABLE ONLY stl.settlement_lines
    ADD CONSTRAINT settlement_lines_tenant_id_fkey FOREIGN KEY (tenant_id) REFERENCES core.tenants(tenant_id);


--
-- Name: settlements settlements_approved_by_fkey; Type: FK CONSTRAINT; Schema: stl; Owner: -
--

ALTER TABLE ONLY stl.settlements
    ADD CONSTRAINT settlements_approved_by_fkey FOREIGN KEY (approved_by) REFERENCES core.users(user_id);


--
-- Name: settlements settlements_contract_id_fkey; Type: FK CONSTRAINT; Schema: stl; Owner: -
--

ALTER TABLE ONLY stl.settlements
    ADD CONSTRAINT settlements_contract_id_fkey FOREIGN KEY (contract_id) REFERENCES mdm.contracts(contract_id);


--
-- Name: settlements settlements_created_by_fkey; Type: FK CONSTRAINT; Schema: stl; Owner: -
--

ALTER TABLE ONLY stl.settlements
    ADD CONSTRAINT settlements_created_by_fkey FOREIGN KEY (created_by) REFERENCES core.users(user_id);


--
-- Name: settlements settlements_dispatch_id_fkey; Type: FK CONSTRAINT; Schema: stl; Owner: -
--

ALTER TABLE ONLY stl.settlements
    ADD CONSTRAINT settlements_dispatch_id_fkey FOREIGN KEY (dispatch_id) REFERENCES dsp.dispatches(dispatch_id);


--
-- Name: settlements settlements_execution_result_id_fkey; Type: FK CONSTRAINT; Schema: stl; Owner: -
--

ALTER TABLE ONLY stl.settlements
    ADD CONSTRAINT settlements_execution_result_id_fkey FOREIGN KEY (execution_result_id) REFERENCES exec.execution_results(execution_result_id);


--
-- Name: settlements settlements_order_id_fkey; Type: FK CONSTRAINT; Schema: stl; Owner: -
--

ALTER TABLE ONLY stl.settlements
    ADD CONSTRAINT settlements_order_id_fkey FOREIGN KEY (order_id) REFERENCES ord.orders(order_id);


--
-- Name: settlements settlements_partner_id_fkey; Type: FK CONSTRAINT; Schema: stl; Owner: -
--

ALTER TABLE ONLY stl.settlements
    ADD CONSTRAINT settlements_partner_id_fkey FOREIGN KEY (partner_id) REFERENCES mdm.business_partners(partner_id);


--
-- Name: settlements settlements_settlement_batch_id_fkey; Type: FK CONSTRAINT; Schema: stl; Owner: -
--

ALTER TABLE ONLY stl.settlements
    ADD CONSTRAINT settlements_settlement_batch_id_fkey FOREIGN KEY (settlement_batch_id) REFERENCES stl.settlement_batches(settlement_batch_id);


--
-- Name: settlements settlements_tenant_id_fkey; Type: FK CONSTRAINT; Schema: stl; Owner: -
--

ALTER TABLE ONLY stl.settlements
    ADD CONSTRAINT settlements_tenant_id_fkey FOREIGN KEY (tenant_id) REFERENCES core.tenants(tenant_id);


--
-- Name: settlements settlements_transport_plan_id_fkey; Type: FK CONSTRAINT; Schema: stl; Owner: -
--

ALTER TABLE ONLY stl.settlements
    ADD CONSTRAINT settlements_transport_plan_id_fkey FOREIGN KEY (transport_plan_id) REFERENCES plan.transport_plans(transport_plan_id);


--
-- PostgreSQL database dump complete
--


